date,Skew,Trend,50% skew / 50% trend
1990-01-02,0.0,0.0,0.0
1990-01-03,0.0,0.0,0.0
1990-01-04,0.0,0.0,0.0
1990-01-05,0.0,0.0,0.0
1990-01-08,0.0,0.0,0.0
1990-01-09,0.0,0.0,0.0
1990-01-10,0.0,0.0,0.0
1990-01-11,0.0,0.0,0.0
1990-01-12,0.0,0.0,0.0
1990-01-15,0.0,0.0,0.0
1990-01-16,0.0,0.0,0.0
1990-01-17,0.0,0.0,0.0
1990-01-18,0.0,0.0,0.0
1990-01-19,0.0,0.0,0.0
1990-01-22,0.0,0.0,0.0
1990-01-23,0.0,0.0,0.0
1990-01-24,0.0,0.0,0.0
1990-01-25,0.0,0.0,0.0
1990-01-26,0.0,0.0,0.0
1990-01-29,0.0,0.0,0.0
1990-01-30,0.0,0.0,0.0
1990-01-31,0.0,0.0,0.0
1990-02-01,0.0,0.0,0.0
1990-02-02,0.0,0.0,0.0
1990-02-05,0.0,0.0,0.0
1990-02-06,0.0,0.0,0.0
1990-02-07,0.0,0.0,0.0
1990-02-08,0.0,0.0,0.0
1990-02-09,0.0,0.0,0.0
1990-02-12,0.0,0.0,0.0
1990-02-13,0.0,0.0,0.0
1990-02-14,0.0,0.0,0.0
1990-02-15,0.0,0.0,0.0
1990-02-16,0.0,0.0,0.0
1990-02-20,0.0,0.0,0.0
1990-02-21,0.0,0.0,0.0
1990-02-22,0.0,0.0,0.0
1990-02-23,0.0,0.0,0.0
1990-02-26,0.0,0.0,0.0
1990-02-27,0.0,0.0,0.0
1990-02-28,0.0,0.0,0.0
1990-03-01,0.0,0.0,0.0
1990-03-02,0.0,0.0,0.0
1990-03-05,0.0,0.0,0.0
1990-03-06,0.0,0.0,0.0
1990-03-07,0.0,0.0,0.0
1990-03-08,0.0,0.0,0.0
1990-03-09,0.0,0.0,0.0
1990-03-12,0.0,0.0,0.0
1990-03-13,0.0,0.0,0.0
1990-03-14,0.0,0.0,0.0
1990-03-15,0.0,0.0,0.0
1990-03-16,0.0,0.0,0.0
1990-03-19,0.0,0.0,0.0
1990-03-20,0.0,0.0,0.0
1990-03-21,0.0,0.0,0.0
1990-03-22,0.0,0.0,0.0
1990-03-23,0.0,0.0,0.0
1990-03-26,0.0,0.0,0.0
1990-03-27,0.0,0.0,0.0
1990-03-28,0.0,0.0,0.0
1990-03-29,0.0,0.0,0.0
1990-03-30,0.0,0.0,0.0
1990-04-02,0.0,0.0,0.0
1990-04-03,0.0,0.0,0.0
1990-04-04,0.0,0.0,0.0
1990-04-05,0.0,0.0,0.0
1990-04-06,0.0,0.0,0.0
1990-04-09,0.0,0.0,0.0
1990-04-10,0.0,0.0,0.0
1990-04-11,0.0,0.0,0.0
1990-04-12,0.0,0.0,0.0
1990-04-16,0.0,0.0,0.0
1990-04-17,0.0,0.0,0.0
1990-04-18,0.0,0.0,0.0
1990-04-19,0.0,0.0,0.0
1990-04-20,0.0,0.0,0.0
1990-04-23,0.0,0.0,0.0
1990-04-24,0.0,0.0,0.0
1990-04-25,0.0,0.0,0.0
1990-04-26,0.0,0.0,0.0
1990-04-27,0.0,0.0,0.0
1990-04-30,0.0,0.0,0.0
1990-05-01,0.0,0.0,0.0
1990-05-02,0.0,0.0,0.0
1990-05-03,0.0,0.0,0.0
1990-05-04,0.0,0.0,0.0
1990-05-07,0.0,0.0,0.0
1990-05-08,0.0,0.0,0.0
1990-05-09,0.0,0.0,0.0
1990-05-10,0.0,0.0,0.0
1990-05-11,0.0,0.0,0.0
1990-05-14,0.0,0.0,0.0
1990-05-15,0.0,0.0,0.0
1990-05-16,0.0,0.0,0.0
1990-05-17,0.0,0.0,0.0
1990-05-18,0.0,0.0,0.0
1990-05-21,0.0,0.0,0.0
1990-05-22,0.0,0.0,0.0
1990-05-23,0.0,0.0,0.0
1990-05-24,0.0,0.0,0.0
1990-05-25,0.0,0.0,0.0
1990-05-29,0.0,0.0,0.0
1990-05-30,0.0,0.0,0.0
1990-05-31,0.0,0.0,0.0
1990-06-01,0.0,0.0,0.0
1990-06-04,0.0,0.0,0.0
1990-06-05,0.0,0.0,0.0
1990-06-06,0.0,0.0,0.0
1990-06-07,0.0,0.0,0.0
1990-06-08,0.0,0.0,0.0
1990-06-11,0.0,0.0,0.0
1990-06-12,0.0,0.0,0.0
1990-06-13,-0.004773329066104504,0.0,-0.002386664533052252
1990-06-14,-0.010961160415129179,0.0,-0.0054879997623497045
1990-06-15,-0.00592126726101927,0.0,-0.0029541082602819735
1990-06-18,-0.006112934207820331,0.0,-0.0030502277805958267
1990-06-19,-0.005927959441125896,0.0,-0.002957455393335029
1990-06-20,-0.002369235267641545,0.0,-0.0011727761846284102
1990-06-21,-0.0020844902197895143,0.0,-0.0010302329132619858
1990-06-22,-0.0031628134384598106,0.0,-0.0015699641249937724
1990-06-25,0.0,0.0,0.0
1990-06-26,-0.005217690038215372,0.0,-0.0026088450191077417
1990-06-27,-0.0059859018453902735,0.0,-0.0029939582513976992
1990-06-28,-0.00966123535654817,0.0,-0.004837156312103352
1990-06-29,-0.008003253230448815,0.0,-0.0040041271172972515
1990-07-02,-0.007002710547492463,0.0,-0.003501838986760153
1990-07-03,-0.006824592089769821,0.0,-0.0034124657742405917
1990-07-05,-0.005298181473993746,0.0,-0.0026466384190338976
1990-07-06,0.0,0.0,0.0
1990-07-09,0.0,0.0,0.0
1990-07-10,-0.0067065731807576245,0.0,-0.0033532865903787012
1990-07-11,-0.007972153307793328,0.0,-0.003988212907270805
1990-07-12,-0.00944295964816999,0.0,-0.004726569424394089
1990-07-13,-0.007575588096189856,0.0,-0.0037884380422585906
1990-07-16,-0.00613210030151401,0.0,-0.0030639399276655155
1990-07-17,-0.00965596270189828,0.0,-0.0048313103693218284
1990-07-18,-0.008103798106263604,0.0,-0.004051447236635419
1990-07-19,-0.0071769115087049196,0.0,-0.0035861105594449105
1990-07-20,-0.008298609624944664,0.0,-0.004148988072939841
1990-07-23,-0.007723182656718119,0.0,-0.003860070696116602
1990-07-24,-0.005663364154935846,0.0,-0.002826151823438816
1990-07-25,-0.0035088490655017512,0.0,-0.0017458204621891849
1990-07-26,-0.00380323350848788,0.0,-0.001893273101545856
1990-07-27,-0.010174813137538319,0.0,-0.0050851708784889205
1990-07-30,-0.017869960876040425,0.0,-0.008952528821553951
1990-07-31,-0.019225220023846412,0.0,-0.009636311058996982
1990-08-01,-0.021658028199301627,0.0,-0.010864607773145907
1990-08-02,-0.010435437978106976,0.0,-0.005191406837172896
1990-08-03,-0.009611042494681254,0.0,-0.004777024722780743
1990-08-06,0.0,0.0,0.0
1990-08-07,0.0,0.0,0.0
1990-08-08,-0.0009141835534002274,0.0,-0.0004570917767000582
1990-08-09,-0.002102425999529256,0.0,-0.001051484816180226
1990-08-10,0.0,0.0,0.0
1990-08-13,-0.0007399659001505743,0.0,-0.00036998295007528714
1990-08-14,-0.0006107953345667605,0.0,-0.00030537375413497436
1990-08-15,-0.0038882358871379363,0.0,-0.001944594836847502
1990-08-16,-0.0013210224927797665,0.0,-0.0006584835304881409
1990-08-17,-0.0013049192209585447,0.0,-0.0006504265529987396
1990-08-20,-0.002240641041533542,0.0,-0.0011185940749250944
1990-08-21,-0.003105508083470321,0.0,-0.0015515138962384212
1990-08-22,-0.004185729524041171,0.0,-0.0020924665601060877
1990-08-23,-0.007780960411323812,0.0,-0.0038938607021886673
1990-08-24,-0.0029506095873419458,0.0,-0.0014692236418449856
1990-08-27,-0.017056215985049805,0.0,-0.00853250568320707
1990-08-28,-0.018613371500137754,0.0,-0.00931783496750227
1990-08-29,-0.018917043483905993,0.0,-0.009471109125516186
1990-08-30,-0.017794256213432447,0.0,-0.008904310353646916
1990-08-31,-0.018767678577583435,0.0,-0.009395426759460257
1990-09-04,-0.019114784026613374,0.0,-0.009570637174821983
1990-09-05,-0.023179286111115194,0.0,-0.011622662296721598
1990-09-06,-0.02553431978045051,0.0,-0.012814110161822878
1990-09-07,-0.026422520977808728,0.0,-0.013264007837630265
1990-09-10,-0.027906185209146117,0.0,-0.01401586628181628
1990-09-11,-0.027022281544705318,0.0,-0.013567599367855232
1990-09-12,-0.031840300120616005,0.0,-0.01600992129361889
1990-09-13,-0.035468715921645244,0.0,-0.017853793306716992
1990-09-14,-0.03331696553524999,0.0,-0.01675826975313499
1990-09-17,-0.031372355973338095,0.0,-0.015769309979279278
1990-09-18,-0.030039821281937718,0.0,-0.015092310129604658
1990-09-19,-0.0307476566930035,0.0,-0.01545168186197965
1990-09-20,-0.029673425023814093,0.0,-0.014906089689572743
1990-09-21,-0.030701662232975324,0.0,-0.015428032630857347
1990-09-24,-0.02475990399975081,0.0,-0.012410340159211053
1990-09-25,-0.026170377763567454,0.0,-0.013124507526988016
1990-09-26,-0.025698176862941957,0.0,-0.012885244166277676
1990-09-27,-0.028928156327372,0.0,-0.014521472445165995
1990-09-28,-0.03138955524883369,0.0,-0.015770430388212464
1990-10-01,-0.03697489395423903,0.0,-0.018608132345664163
1990-10-02,-0.03762892784087313,0.0,-0.018941386138054073
1990-10-03,-0.03842197025658711,0.0,-0.019345607085462957
1990-10-04,-0.04256820693644725,0.0,-0.021459853193630196
1990-10-05,-0.04515662207524529,0.0,-0.02278259396130977
1990-10-08,-0.04630049482690379,0.0,-0.02336793203300669
1990-10-09,-0.04303331929474252,0.0,-0.021695063179097085
1990-10-10,-0.04392713914334467,0.0,-0.022151938213592404
1990-10-11,-0.044360595405501524,0.0,-0.022373602473280352
1990-10-12,-0.04911558714906705,0.0,-0.024805798878211882
1990-10-15,-0.055732037990348315,0.0,-0.028198600571679222
1990-10-16,-0.06211924741449926,0.0,-0.03148532600691556
1990-10-17,-0.06337995512705275,-0.0037754883582266086,-0.033964576997251306
1990-10-18,-0.06549639513735483,-0.007088359766470487,-0.03666227124064825
1990-10-19,-0.0630638303230644,-0.024774025416976042,-0.04398790912881134
1990-10-22,-0.06289991721557364,-0.028574764717678613,-0.045767212551742764
1990-10-23,-0.059852906859270694,-0.03189729108271533,-0.045847715476107775
1990-10-24,-0.06230571927984441,-0.02851725599761379,-0.04542672694766747
1990-10-25,-0.060789401169154544,-0.033183162566918,-0.0469472669073423
1990-10-26,-0.061355973133584096,-0.02379947507580471,-0.04260967974065921
1990-10-29,-0.0594551317806401,-0.01902572473774533,-0.03929939460301912
1990-10-30,-0.05673596625460353,-0.021054553174666535,-0.038904125632387876
1990-10-31,-0.055023536199354295,-0.030200481101781307,-0.04252130733559123
1990-11-01,-0.05492373400415573,-0.042441981387041694,-0.048513735056824325
1990-11-02,-0.05993578918877407,-0.04008564423691885,-0.04986606187422182
1990-11-05,-0.06188807241319705,-0.04354842034744277,-0.05256640687808123
1990-11-06,-0.05715116354655436,-0.04720818097442647,-0.051987045132012466
1990-11-07,-0.05773421064204065,-0.03983610029734763,-0.04861261292204355
1990-11-08,-0.056501955862604314,-0.04432146543627136,-0.05021270413049983
1990-11-09,-0.05526840920600817,-0.051720392503017076,-0.05326847781221966
1990-11-12,-0.05804222737154652,-0.06252928773076527,-0.06005394763124494
1990-11-13,-0.05413805360613744,-0.06339252152042019,-0.0585387863368253
1990-11-14,-0.05561068334355457,-0.050682214448163565,-0.0528835878770999
1990-11-15,-0.054613764368719675,-0.04545853867206684,-0.04977790770146551
1990-11-16,-0.05672907966477525,-0.056678077727830956,-0.05642536041465629
1990-11-19,-0.05897140601673334,-0.05419886002704466,-0.05630694364514932
1990-11-20,-0.058408896493245765,-0.04670514477164511,-0.05228638622208548
1990-11-21,-0.06540249964779843,-0.05386105116537676,-0.05936293046791352
1990-11-23,-0.0640777606141546,-0.055063662319426165,-0.059294089510851244
1990-11-26,-0.05740362597283333,-0.05742215067316325,-0.057113930590496076
1990-11-27,-0.06408687244563394,-0.05090004096220424,-0.05719445962315384
1990-11-28,-0.05656195340930481,-0.05524803900968134,-0.05556387304220145
1990-11-29,-0.04083845757948834,-0.06929810678896142,-0.05471649343550722
1990-11-30,-0.04760353073012069,-0.07474851529511073,-0.060817989271226836
1990-12-03,-0.04288366042895897,-0.08457460558713337,-0.06347781374900519
1990-12-04,-0.049644668030639494,-0.08555957389389446,-0.067289413558132
1990-12-05,-0.04909208457960579,-0.08758096851569841,-0.06804914224112868
1990-12-06,-0.058482174766426254,-0.08222964764797203,-0.0699176507779713
1990-12-07,-0.06432255138667287,-0.09586319255718878,-0.079710591355864
1990-12-10,-0.0568124632060103,-0.10706430225223251,-0.08171791225477931
1990-12-11,-0.05783725622423408,-0.10860583533707424,-0.0830094237226342
1990-12-12,-0.061833922185509094,-0.10858284046887001,-0.08494253879773161
1990-12-13,-0.05702235605475492,-0.10823879169517947,-0.08241942777872913
1990-12-14,-0.05095814578854929,-0.10945839229764176,-0.0800964418536646
1990-12-17,-0.049819299228808345,-0.1129152714539311,-0.08132992926656224
1990-12-18,-0.05138405455958517,-0.11309459532590871,-0.08217921553544472
1990-12-19,-0.04314934556480032,-0.1077590027163331,-0.07543473452645366
1990-12-20,-0.03310867792493433,-0.1100385190083053,-0.07176484282709228
1990-12-21,-0.028461959045530727,-0.10840351247630386,-0.06868171013220137
1990-12-24,-0.01941103722480786,-0.1119863271613929,-0.06621481125051987
1990-12-26,-0.022304303402972847,-0.12379148251024885,-0.0737992145587888
1990-12-27,-0.022362598701682557,-0.12295701052285413,-0.07338578552676522
1990-12-28,-0.027992103576965355,-0.11384261066522694,-0.07123885840424293
1990-12-31,-0.030445250326417872,-0.11679516700912063,-0.07395811198660729
1991-01-02,-0.0369358047445989,-0.1138464016084072,-0.07551185071664912
1991-01-03,-0.04510030807670684,-0.1040510686485403,-0.07432104860809075
1991-01-04,-0.037044818100109955,-0.11268499224689754,-0.07487676635466889
1991-01-07,-0.019819534239196024,-0.1175363783875375,-0.06913154334482607
1991-01-08,-0.02101748037532547,-0.10804212180961814,-0.06469286515992756
1991-01-09,-0.01770197313134092,-0.10457650997503387,-0.06129204847753911
1991-01-10,-0.02844527272667352,-0.11130824652577298,-0.06995390121463607
1991-01-11,-0.028295455013070292,-0.10629919460211723,-0.06726112128861728
1991-01-14,-0.01890486684171755,-0.10593770407550573,-0.062565469549559
1991-01-15,-0.020662128211189956,-0.10947929689246616,-0.06526169975746077
1991-01-16,-0.011213312334732661,-0.12626953774033867,-0.06956441262569457
1991-01-17,-0.05142232707945227,-0.127292221009776,-0.08902702384809624
1991-01-18,-0.05704246049980821,-0.12116752566952727,-0.08852906944442751
1991-01-21,-0.05826929255510904,-0.1186042370392395,-0.08779276012364368
1991-01-22,-0.051721928477619805,-0.12696431461481894,-0.08894787164105034
1991-01-23,-0.05756119803064896,-0.12144620953398089,-0.08887369637832732
1991-01-24,-0.059154579198499646,-0.1200440972474699,-0.08891686903908014
1991-01-25,-0.05015755675092015,-0.13205225998221115,-0.09077712921598635
1991-01-28,-0.05324467684061707,-0.12965401375646457,-0.09099853238875266
1991-01-29,-0.05104053902138017,-0.12919489894934788,-0.08970065784104653
1991-01-30,-0.05820788610929872,-0.1284627198615096,-0.09275564131129521
1991-01-31,-0.060660275293782484,-0.12871851291620662,-0.09406999189056853
1991-02-01,-0.06608217150842177,-0.11675034253192296,-0.09046246290661619
1991-02-04,-0.07171679881170412,-0.11570373197587125,-0.09266734923265518
1991-02-05,-0.08437366709147787,-0.1052041911560857,-0.09346642638824587
1991-02-06,-0.09704619849608487,-0.09103205545656079,-0.09256074732248842
1991-02-07,-0.09112561455772594,-0.10004303517005941,-0.09408366258618872
1991-02-08,-0.09130773144442317,-0.09586474018813695,-0.09207144317318305
1991-02-11,-0.09654650494901396,-0.09033672979017959,-0.09191302688285419
1991-02-12,-0.09500868399730811,-0.09166026428903018,-0.09180079346564107
1991-02-13,-0.08682852297006849,-0.1000577154504938,-0.09189429098528157
1991-02-14,-0.08331911434202877,-0.10528297860711455,-0.09278565169463082
1991-02-15,-0.08145761342576407,-0.10518518443128422,-0.0918149329918817
1991-02-19,-0.07445855492775166,-0.11155928641389179,-0.09158953546083304
1991-02-20,-0.07376326685032386,-0.11641700864987459,-0.09373178138077365
1991-02-21,-0.07509602453474074,-0.1177404917992384,-0.09506252513800972
1991-02-22,-0.07019770080885934,-0.12308383522925281,-0.09540658039695027
1991-02-25,-0.061729410890000724,-0.1324685681640797,-0.09612769901986062
1991-02-26,-0.05222083117631915,-0.1432433409812458,-0.09716077184254879
1991-02-27,-0.05716365702752946,-0.1402246008033704,-0.09792444521118837
1991-02-28,-0.037075694050489716,-0.16099500746533635,-0.09921083180507284
1991-03-01,-0.011366818751086805,-0.18643381649097535,-0.10084191856643943
1991-03-04,-0.00708133748686679,-0.18645352369162593,-0.09890399444730802
1991-03-05,-0.0076361299220102374,-0.18234826645826374,-0.09688221619828663
1991-03-06,-0.009893223346287283,-0.1831794035481794,-0.09836827587323893
1991-03-07,-0.015411546913800866,-0.17926730190419993,-0.09872173231372583
1991-03-08,0.0,-0.1967080925429744,-0.1001361524066835
1991-03-11,-0.012295658900697726,-0.18438431208101846,-0.0987656877610692
1991-03-12,-0.008759686264984357,-0.1909041327191595,-0.10075459928177066
1991-03-13,-0.016717318684531857,-0.183042856842365,-0.0999955600236665
1991-03-14,-0.021816613306046895,-0.18437252225039114,-0.1030616831318032
1991-03-15,-0.014297239738313872,-0.18869948100723455,-0.10199342412787649
1991-03-18,-0.007997943093193127,-0.19650905449917055,-0.10344609701062601
1991-03-19,0.0,-0.2120008146678174,-0.10553884078643472
1991-03-20,-0.008532101926165936,-0.20302753393048556,-0.10426185349583983
1991-03-21,-0.018679803132034767,-0.19547591877509085,-0.10460207713657976
1991-03-22,-0.014573194440357429,-0.19941066346394554,-0.10491814969022961
1991-03-25,-0.011791366962341732,-0.2013264232821137,-0.10472569359430028
1991-03-26,-0.020265610659879085,-0.1916630126183767,-0.10314823572761711
1991-03-27,-0.020767140115833138,-0.19303225813113067,-0.10413737704069703
1991-03-28,-0.016055637513264664,-0.19642564609646895,-0.10386579078955627
1991-04-01,-0.00724625374008836,-0.21124817777366867,-0.10811912066659823
1991-04-02,-0.021962017001456946,-0.19667660907423512,-0.10649097577681543
1991-04-03,-0.020130294478192035,-0.20098174633763943,-0.10804849789887006
1991-04-04,-0.030925228014547668,-0.18886658538034362,-0.1061995469154331
1991-04-05,-0.029431517423255893,-0.19388708028879387,-0.10827678520031125
1991-04-08,-0.028920986407415028,-0.19235464734708663,-0.10719466677650724
1991-04-09,-0.02631705400893669,-0.18921682286476182,-0.10426330341978662
1991-04-10,-0.009119572041926371,-0.2075858377899592,-0.10649977380562381
1991-04-11,-0.016363844679351813,-0.2026311367093958,-0.10697256022131829
1991-04-12,-0.028232933355842205,-0.19165780340767324,-0.10621554764874042
1991-04-15,-0.034880508856828696,-0.17960402929038743,-0.10260867458109868
1991-04-16,-0.03695095170179441,-0.1789456421591955,-0.10321115950868331
1991-04-17,-0.03521934822762052,-0.17419918968356918,-0.0998127932536006
1991-04-18,-0.033105854904489584,-0.18317539597468002,-0.10371917931020724
1991-04-19,-0.029446072362341202,-0.19883636499259028,-0.11061511806302693
1991-04-22,-0.02158307934881709,-0.2039318577201502,-0.10984071416920971
1991-04-23,-0.02852867049328145,-0.20268660429543295,-0.11230402988748345
1991-04-24,-0.03562308152804883,-0.1951597147852685,-0.11135527546849266
1991-04-25,-0.03661707646980861,-0.19344682255089474,-0.1108676198534494
1991-04-26,-0.03909887557784042,-0.18902376772187313,-0.10957492455246387
1991-04-29,-0.038652879215978264,-0.17912794217263905,-0.1039356373378928
1991-04-30,-0.03690727846513586,-0.1749152211841022,-0.10082280252085507
1991-05-01,-0.036998933145825696,-0.1749179815981986,-0.10086709268499361
1991-05-02,-0.03989342508384186,-0.17146408694356619,-0.10033641401787818
1991-05-03,-0.034005742810750306,-0.1820900133075607,-0.10334696818337463
1991-05-06,-0.0300680418170568,-0.18354589875135763,-0.102317470477581
1991-05-07,-0.0243381815595749,-0.18163097311248266,-0.09861322651941495
1991-05-08,-0.02539253910997341,-0.17741119766423386,-0.09677635140023078
1991-05-09,-0.02754818983600993,-0.17707693908509992,-0.09759172063878319
1991-05-10,-0.010368864666107536,-0.19020800130761284,-0.09682044067618312
1991-05-13,-0.012647450189364973,-0.18253318462240187,-0.09358025841916029
1991-05-14,-0.0042844600871454475,-0.18472395187593005,-0.0909560966475691
1991-05-15,-0.00627865082779,-0.17693511235189452,-0.08752406917101763
1991-05-16,-0.013350590318089717,-0.1752265372072368,-0.08982385204632204
1991-05-17,-0.018036603886420144,-0.17500176927610656,-0.09186123599739482
1991-05-20,-0.010971782012674569,-0.1800065870168034,-0.09134898713783979
1991-05-21,-0.020318207154429113,-0.1772620809022093,-0.09412179209570781
1991-05-22,-0.022182655301338117,-0.1811210391410727,-0.09710824690926034
1991-05-23,-0.02142096194602927,-0.18325996207334627,-0.09793576548126148
1991-05-24,-0.01784919990053735,-0.1814978486001373,-0.09531642191510603
1991-05-28,-0.016345834016968652,-0.17479778130396129,-0.09092126386922306
1991-05-29,-0.021483462402974052,-0.17059173477043066,-0.09097854212053635
1991-05-30,-0.025863511415286533,-0.1673401540989965,-0.0912311826124158
1991-05-31,-0.028448365957304933,-0.1791187376099006,-0.09886448421791938
1991-06-03,-0.019328000980017523,-0.19780565375692116,-0.10489174495179354
1991-06-04,-0.019904850838573185,-0.19174170972012505,-0.10177185554560175
1991-06-05,-0.017455419141348183,-0.1970916984779716,-0.10362219647027682
1991-06-06,-0.013832115184115312,-0.20296566132028637,-0.10524830818435316
1991-06-07,-0.003839662642314612,-0.214232654723582,-0.10703939419903574
1991-06-10,0.0,-0.21117283745843618,-0.09897007384545886
1991-06-11,-0.00922494753777725,-0.21339859401045647,-0.10439722480990887
1991-06-12,-0.0034154722333464838,-0.22155672922880243,-0.10641582608446232
1991-06-13,-0.005727774635427174,-0.21823670222098301,-0.10554693618148847
1991-06-14,-0.013354737788195958,-0.21409900735049892,-0.10661049828489166
1991-06-17,-0.0105955684529222,-0.2093069518839883,-0.10263757425614817
1991-06-18,-0.010426179553013282,-0.21237226734527426,-0.10430018146328113
1991-06-19,-0.0106863468514945,-0.21731405718270091,-0.10722785667493362
1991-06-20,-0.020756360902542403,-0.20167814144308593,-0.10285395805971598
1991-06-21,-0.01776928469342398,-0.19742839515292776,-0.09909772387022009
1991-06-24,-0.01884223949168573,-0.2071950006040576,-0.10507138361598978
1991-06-25,-0.01678698186315597,-0.20931632378065623,-0.10533135668393812
1991-06-26,-0.016351059651043442,-0.2106614955536774,-0.10589406380614097
1991-06-27,-0.01637670701935967,-0.19918161959122427,-0.09940393085673804
1991-06-28,-0.007537222363844687,-0.17572277994568397,-0.08216641427623328
1991-07-01,-0.008933149081048586,-0.1874319212318445,-0.08933096442157984
1991-07-02,-0.007434622794744383,-0.1846581201825087,-0.08708814300987566
1991-07-03,-0.0002766521564079305,-0.1825625939269614,-0.08262322540905331
1991-07-05,-0.004769558561285803,-0.18777120578869677,-0.08760734638629897
1991-07-08,-0.005387386292972973,-0.18119577616388383,-0.08419739286244066
1991-07-09,-0.002655345035335155,-0.18267611753823654,-0.08376746532432189
1991-07-10,-0.0012329289757534445,-0.18530344193034087,-0.08458673382638815
1991-07-11,-0.008926668105377344,-0.1718830454719561,-0.08057281113021464
1991-07-12,-0.023127135255420206,-0.17543091997480453,-0.08912929440196882
1991-07-15,-0.020932185875074172,-0.17968606967500533,-0.09045622287828903
1991-07-16,-0.013685077801747658,-0.18967241518990408,-0.09262628534643447
1991-07-17,-0.009646639879867691,-0.1925833704736507,-0.09239846560723097
1991-07-18,-0.014696547839217478,-0.191067870657883,-0.09386066766310097
1991-07-19,-0.02106217877056804,-0.18694434249917935,-0.09447823936265498
1991-07-22,-0.01470324861926442,-0.19382669807361375,-0.09536975171818196
1991-07-23,-0.009158501210716596,-0.2114974452620254,-0.10273877979768498
1991-07-24,-0.011838734720597488,-0.1959427744510961,-0.09510226059376414
1991-07-25,-0.003997639654714447,-0.19228342762533623,-0.08945292142347616
1991-07-26,-0.00923544543973498,-0.1965358292266669,-0.09424401468487764
1991-07-29,-0.01588698544748235,-0.2000359157509537,-0.0992572777136943
1991-07-30,-0.017370235665175704,-0.19368304327003838,-0.09635947482524154
1991-07-31,-0.01751314272878035,-0.1930904709946909,-0.09609313624220228
1991-08-01,-0.024770615097249427,-0.1996421424102982,-0.10310126234479489
1991-08-02,-0.02118566641223696,-0.17433986993061867,-0.08727561654513927
1991-08-05,-0.015978011632548306,-0.1737034917033372,-0.08449585912531932
1991-08-06,-0.014029053232906374,-0.1572392776678151,-0.07446838142266377
1991-08-07,-0.00916240357957887,-0.15423597910537745,-0.07053508544868692
1991-08-08,-0.006538056785114543,-0.1607397372516397,-0.07287788907510662
1991-08-09,-9.821710721535926e-05,-0.16376529998201583,-0.07154413784653013
1991-08-12,-0.0017379200827900565,-0.16265612034487054,-0.07168965775704939
1991-08-13,-0.00018459111570290343,-0.1560485087230007,-0.06730469577915077
1991-08-14,0.0,-0.13836248774250048,-0.05490679300446011
1991-08-15,0.0,-0.14465558695968384,-0.05589864114133414
1991-08-16,0.0,-0.14256275745969127,-0.05141787468430692
1991-08-19,0.0,-0.14285873798837367,-0.04147796377599311
1991-08-20,-0.00952196576718689,-0.13185717668916785,-0.039890069955737184
1991-08-21,-0.028383545101170138,-0.13732003245475755,-0.052052494101592295
1991-08-22,-0.028193619600411668,-0.13904705737853928,-0.052908706964412744
1991-08-23,-0.02928826485410152,-0.1473718636083251,-0.058020961609324906
1991-08-26,-0.0298337262763525,-0.1585457768388563,-0.06445805960231543
1991-08-27,-0.029983956169163162,-0.15292903669975488,-0.06140810408410313
1991-08-28,-0.031819401514204926,-0.14188060962253457,-0.05617502502866056
1991-08-29,-0.031058777425433504,-0.13361438851368046,-0.051258370786140595
1991-08-30,-0.03611873097744023,-0.1418972974867746,-0.05827073366746571
1991-09-03,-0.03911851557429458,-0.14095389809216163,-0.05921848602938751
1991-09-04,-0.038296376301953816,-0.13998660256341744,-0.0582863499965629
1991-09-05,-0.03760275771620125,-0.13921600470152518,-0.05752484761010601
1991-09-06,-0.037980570544647874,-0.1340290467154458,-0.05487023511697586
1991-09-09,-0.04015288700394726,-0.13058287715498174,-0.05405673147366952
1991-09-10,-0.03721294850611312,-0.13189520808219923,-0.05332197661817262
1991-09-11,-0.039582628452817126,-0.1331405701345143,-0.05516603289984234
1991-09-12,-0.04514325793224594,-0.1232995355801505,-0.0525381143783088
1991-09-13,-0.04056396071643542,-0.12708151949634416,-0.052309818110087614
1991-09-16,-0.043210032367186346,-0.12310165214182422,-0.05145627101532957
1991-09-17,-0.04182748998134034,-0.1242324383477087,-0.05138254516328278
1991-09-18,-0.037375099273536105,-0.12688026787743767,-0.050612593156350694
1991-09-19,-0.03820178725924073,-0.1254869379420862,-0.050262733883407074
1991-09-20,-0.03912265554736882,-0.12466172073903081,-0.05026929365633448
1991-09-23,-0.04501821147796181,-0.12673967952788,-0.05431015518206617
1991-09-24,-0.039028518111894894,-0.13146986016066053,-0.05390570273028572
1991-09-25,-0.03980580325052141,-0.13114015360987918,-0.054108753057174885
1991-09-26,-0.03771439071023408,-0.126517704901827,-0.0505624905680927
1991-09-27,-0.03827814808220964,-0.11957634630395064,-0.04706812728748433
1991-09-30,-0.0366624246884919,-0.12006358677867135,-0.04653133315244873
1991-10-01,-0.032677394421112615,-0.11356471438598226,-0.04103825364487068
1991-10-02,-0.03377015240418446,-0.11841114563612687,-0.04420138866947909
1991-10-03,-0.03671898734559831,-0.1204833221535555,-0.0467831919618269
1991-10-04,-0.026485467272512442,-0.1105845297974889,-0.03635575438070637
1991-10-07,-0.027074617047542104,-0.11083930087246519,-0.036785359497870096
1991-10-08,-0.020295268702551605,-0.1090386613960539,-0.03245421451084762
1991-10-09,-0.023246624686592554,-0.12648560190639102,-0.04338489252034483
1991-10-10,-0.027534373944670953,-0.12949872812271113,-0.047134453815042554
1991-10-11,-0.024201861888092258,-0.11559256384533623,-0.037890818882838295
1991-10-14,-0.030290705662598505,-0.1159439964313792,-0.04108368645353455
1991-10-15,-0.02859237183975072,-0.10844583582453038,-0.03617742503159227
1991-10-16,-0.029337094786903828,-0.10647908817200047,-0.0354837939518613
1991-10-17,-0.032214559483534355,-0.1207106523720517,-0.04459458682944262
1991-10-18,-0.032003234311070994,-0.1188582764882784,-0.043483912086999865
1991-10-21,-0.02464983267174259,-0.12609170340694298,-0.043776911127097695
1991-10-22,-0.01750489521807619,-0.13224297981682964,-0.04363983759142953
1991-10-23,-0.018390855692483554,-0.13178942719020648,-0.043821102775256526
1991-10-24,-0.016200853174718755,-0.13182498103841256,-0.04277404748541758
1991-10-25,-0.019912625875432077,-0.13169187609328636,-0.044506425945241346
1991-10-28,-0.020567640816246402,-0.12278001654297799,-0.03992237245372554
1991-10-29,-0.03210239761357714,-0.11788461176094633,-0.04289688104640155
1991-10-30,-0.035232796383403375,-0.11425906851974355,-0.042477751046655854
1991-10-31,-0.03616429271800159,-0.1122414733799394,-0.04184945014247421
1991-11-01,-0.04487195984596015,-0.11486256448189369,-0.04759206388638881
1991-11-04,-0.046542855482503365,-0.11806548362124758,-0.050148303034664554
1991-11-05,-0.04371084210454357,-0.12001543697962003,-0.049787709873571395
1991-11-06,-0.04538736723598713,-0.11689996885964149,-0.048938595571065835
1991-11-07,-0.052815070918293294,-0.10500869529321011,-0.04623543212331682
1991-11-08,-0.0494535838712874,-0.10334974061439273,-0.04365906492157656
1991-11-11,-0.05411325578572368,-0.09933191668578656,-0.043860456799140746
1991-11-12,-0.057707202480731246,-0.096854390196906,-0.04436185044528329
1991-11-13,-0.05422451584010346,-0.1020336674590564,-0.04533599846072289
1991-11-14,-0.056278769674383944,-0.09687275818043384,-0.04362939368620067
1991-11-15,-0.03711250598976612,-0.11137697406291514,-0.04159746415271248
1991-11-18,-0.04205525175853586,-0.10993535689178968,-0.04327991542961129
1991-11-19,-0.03810423023057441,-0.11639098048728425,-0.044776467399263775
1991-11-20,-0.03142464876198203,-0.12048362191297668,-0.043672013666797294
1991-11-21,-0.02963120193373514,-0.12020611525122038,-0.04263575786746732
1991-11-22,-0.028125367429881032,-0.12526071599601185,-0.044643060333229845
1991-11-25,-0.034480697903512936,-0.1210596114589797,-0.04547257570683627
1991-11-26,-0.018203217027850993,-0.11864632223211502,-0.03611607658568716
1991-11-27,-0.016445285615161453,-0.12475252337699283,-0.03859214149343104
1991-11-29,-0.02103190578543468,-0.11904802139455906,-0.03770078285174272
1991-12-02,-0.025784017382687874,-0.11191090196984899,-0.03613830052475131
1991-12-03,-0.03131228411947207,-0.09436479640440643,-0.029351477847827545
1991-12-04,-0.038632066818943045,-0.08973224381276335,-0.030536221445888856
1991-12-05,-0.03829902942932051,-0.09416052847987355,-0.032726431664797384
1991-12-06,-0.042120898214858316,-0.09753115372660048,-0.03644804965389281
1991-12-09,-0.04256939543485416,-0.08969960564835,-0.032492815295296906
1991-12-10,-0.04280272371825955,-0.08748850443952072,-0.03143567960956262
1991-12-11,-0.04134790666886812,-0.08750216744057449,-0.030706883999521706
1991-12-12,-0.05744804362912592,-0.07503227633166565,-0.03222328985200085
1991-12-13,-0.05435709667963273,-0.08504635000928618,-0.0358752266402208
1991-12-16,-0.05845604169907315,-0.07831441689710084,-0.03441789535922324
1991-12-17,-0.06161470997332319,-0.07479211813738573,-0.03419252428511155
1991-12-18,-0.06182570092309214,-0.0787720369436592,-0.0363783846141692
1991-12-19,-0.07226830303077858,-0.06636680231679204,-0.035253256488770535
1991-12-20,-0.08487029002013846,-0.04796876158493035,-0.03230006990569423
1991-12-23,-0.09476329953536089,-0.036611467866142444,-0.03175862284635933
1991-12-24,-0.09257403855107371,-0.03900378818478989,-0.03178999136441418
1991-12-26,-0.10358267656002895,-0.02315308310988029,-0.029678173054426105
1991-12-27,-0.10336632144241131,-0.021044034544316026,-0.028513596544219144
1991-12-30,-0.1093014347964203,-0.007146390837735717,-0.02483308919525118
1991-12-31,-0.11131451711186435,-0.004230299691745709,-0.024503012550864067
1992-01-02,-0.10833292222148005,-0.007542163930823964,-0.024488805383469647
1992-01-03,-0.1040931988194258,-0.010142173929264642,-0.02344741837259756
1992-01-06,-0.11640831432169207,-0.009728667809915326,-0.029955279726481265
1992-01-07,-0.12028733683098847,-0.0021402342508108907,-0.028367839407271278
1992-01-08,-0.11995643344424489,-0.008163174827454989,-0.031117417210759557
1992-01-09,-0.10198975793216358,-0.030524703576378598,-0.032149231723564875
1992-01-10,-0.08858532711012712,-0.03840930318780711,-0.028861461862258353
1992-01-13,-0.08265903920580175,-0.03572439215988943,-0.02434836174342414
1992-01-14,-0.07136995357021991,-0.03234668928519946,-0.016636248538313914
1992-01-15,-0.06996983320393035,-0.04287061409584336,-0.021242320188653685
1992-01-16,-0.06116343960011117,-0.04917604346586124,-0.01983238131613485
1992-01-17,-0.07102706410274051,-0.03916785011892521,-0.019822780590538658
1992-01-20,-0.06973864818433428,-0.033910804178573284,-0.016461619614691614
1992-01-21,-0.07277636213861172,-0.03702800820729213,-0.019654216069993735
1992-01-22,-0.07046228953863298,-0.035571715725284725,-0.01768960794062402
1992-01-23,-0.06668745061988857,-0.042567298466477,-0.019257680193136673
1992-01-24,-0.06970603555302846,-0.04901664951835516,-0.024146856352791124
1992-01-27,-0.0654239276182631,-0.04935433380593357,-0.022074206442112665
1992-01-28,-0.06729569572282357,-0.04552728864089561,-0.021085067055052753
1992-01-29,-0.0605742501306038,-0.061651546424435266,-0.02582642259185941
1992-01-30,-0.06215018431888086,-0.05970741578126948,-0.025634357585907264
1992-01-31,-0.05650909957037098,-0.06048394094214815,-0.023106327374737168
1992-02-03,-0.05672274728622739,-0.06634245872821454,-0.026262729396760998
1992-02-04,-0.06142291691004553,-0.05597094195111951,-0.02328033158362519
1992-02-05,-0.0655844383830233,-0.049659614851305434,-0.022180711355804683
1992-02-06,-0.06499408280199359,-0.04754466855666484,-0.020783772744332296
1992-02-07,-0.06747487755334747,-0.04457443859294852,-0.020555978512567408
1992-02-10,-0.06876718116781344,-0.04726968416146904,-0.0226161413813164
1992-02-11,-0.05608512552265088,-0.0630695708409158,-0.024065226088005653
1992-02-12,-0.05599743823725045,-0.07360004576905255,-0.029504324073660326
1992-02-13,-0.062107631844303235,-0.08288579726661605,-0.03750903318373178
1992-02-14,-0.06489715338088264,-0.08296426143934599,-0.03898154828203826
1992-02-18,-0.06259387484291057,-0.10061440122437249,-0.047046328683060135
1992-02-19,-0.06441089987098658,-0.0936174049201306,-0.04426303822840172
1992-02-20,-0.06534800045875377,-0.09097072215041846,-0.043346278726493104
1992-02-21,-0.06737110037315974,-0.09397096519025505,-0.045960354130190395
1992-02-24,-0.06928693020117305,-0.09741691498355098,-0.04875453588030354
1992-02-25,-0.06339602885422468,-0.09237044832441299,-0.04308483346058645
1992-02-26,-0.06244938286918189,-0.07621569634682224,-0.034085256641738115
1992-02-27,-0.06053396783435738,-0.08450353771094077,-0.03743148500398563
1992-02-28,-0.06298737230166351,-0.08331840635617116,-0.03806531956029635
1992-03-02,-0.06950708179140952,-0.09794693595241855,-0.04908722005878219
1992-03-03,-0.062144585335836,-0.10082687620300357,-0.04684315219435842
1992-03-04,-0.06310187209515628,-0.10490917693799229,-0.04949329986971707
1992-03-05,-0.06036199189947289,-0.11149252475034144,-0.051598925601551326
1992-03-06,-0.06429948779700712,-0.11106597649969419,-0.053358383329825454
1992-03-09,-0.061422381169942586,-0.10201760186361819,-0.04708512171507184
1992-03-10,-0.05448777700183938,-0.09876080219899186,-0.04183684049188452
1992-03-11,-0.051581016071717944,-0.11154233666523983,-0.04715843392607266
1992-03-12,-0.0440117586570401,-0.11488931727073914,-0.045150920280590756
1992-03-13,-0.04721028298212837,-0.11665040432421991,-0.047698198827040184
1992-03-16,-0.04429201364624569,-0.1155741936578899,-0.04565970279187259
1992-03-17,-0.05278438051998047,-0.10676102071542604,-0.04514487934964495
1992-03-18,-0.057265491803491275,-0.10334433989320357,-0.045577322842131784
1992-03-19,-0.0517542503154379,-0.1029239297560327,-0.04256378995927834
1992-03-20,-0.045025141524679624,-0.11531275058645407,-0.0457778299999132
1992-03-23,-0.04766455295689864,-0.11619020807574376,-0.04756970763684132
1992-03-24,-0.04561949347527072,-0.10864105791087753,-0.04247943652686503
1992-03-25,-0.047519613386851955,-0.10750958325016935,-0.042824892820810256
1992-03-26,-0.043719490743233,-0.11593654491808203,-0.04543432589796359
1992-03-27,-0.047961278771609495,-0.11075706156971432,-0.044755148473723194
1992-03-30,-0.04676368676083009,-0.10492536668148456,-0.04102206674438991
1992-03-31,-0.0471521081001921,-0.10590908980997482,-0.041744424917973144
1992-04-01,-0.0350254062245563,-0.09985206676979652,-0.03240080930574152
1992-04-02,-0.039082770801358246,-0.10188702540712369,-0.03552873195871242
1992-04-03,-0.03566124652027203,-0.0869814460448084,-0.025808193270330904
1992-04-06,-0.033338660301480916,-0.07916861324423774,-0.020466884123470974
1992-04-07,-0.03222730461574774,-0.07635551447191335,-0.018407592072074208
1992-04-08,-0.026323636972743536,-0.07199591792322968,-0.013097051111238045
1992-04-09,-0.03718647159930233,-0.05745670211995402,-0.010871251968864293
1992-04-10,-0.03141362227256139,-0.06494564698328142,-0.011835480710400526
1992-04-13,-0.033690248149283786,-0.06177361505729195,-0.011320702384160275
1992-04-14,-0.03754683450822616,-0.05999283434767888,-0.012355363607380099
1992-04-15,-0.0332038381717189,-0.05975261992521419,-0.01000083416841735
1992-04-16,-0.024533575749478564,-0.06893470721709283,-0.010395632137283006
1992-04-20,-0.018447513432063745,-0.08139043822449032,-0.013927928216628471
1992-04-21,-0.021999969073492776,-0.08733937728185515,-0.018905248727126955
1992-04-22,-0.025191607754457945,-0.07844064628475911,-0.015723125030598473
1992-04-23,-0.01872444377438398,-0.07993686099261721,-0.013257155147596067
1992-04-24,-0.017475263590352674,-0.0658191545136958,-0.005058655800776579
1992-04-27,-0.022902308444124886,-0.06277570077029004,-0.006185768003486913
1992-04-28,-0.023553533851520925,-0.06340805220657875,-0.006852217926190174
1992-04-29,-0.01842625365682049,-0.06295093697079246,-0.004002369864021693
1992-04-30,-0.020061942877001138,-0.061671727588390346,-0.004152391004923706
1992-05-01,-0.02906884104058971,-0.05964612750812015,-0.00765407028473053
1992-05-04,-0.015388177851933027,-0.059197697500083746,-0.00042625712313448805
1992-05-05,-0.022200243017721055,-0.057741844566873146,-0.003110647283132262
1992-05-06,-0.02838663775555239,-0.04689652107373199,-0.0005271708600791403
1992-05-07,-0.025415685467698457,-0.04975723028352719,-0.0004990437077823096
1992-05-08,-0.02394450150670746,-0.04736803788866284,0.0
1992-05-11,-0.023839135725646998,-0.04572417311220922,0.0
1992-05-12,-0.043910508189780706,-0.027253930522155745,-0.0006031483400866788
1992-05-13,-0.05499470014085628,-0.020684736977918283,-0.0030216945923740024
1992-05-14,-0.054091846051803505,-0.03263489522468821,-0.008628286488027936
1992-05-15,-0.055999103425881325,-0.02625687761313078,-0.006359600991222347
1992-05-18,-0.06202384318447263,-0.01598403510658941,-0.0042889959554274215
1992-05-19,-0.06393313684207147,-0.020287994198253445,-0.007479959597544217
1992-05-20,-0.05974106910801302,-0.031182855265830645,-0.010776162437694858
1992-05-21,-0.04415167700891642,-0.04679497928613907,-0.010546035042282798
1992-05-22,-0.04925526098832411,-0.03981276064174566,-0.009563671813019647
1992-05-26,-0.03255853040450152,-0.041224525130064804,-0.0015948997447707836
1992-05-27,-0.03092130195698184,-0.04153642240472266,-0.0009124797621017366
1992-05-28,-0.0389013217336609,-0.029304234696488463,0.0
1992-05-29,-0.04706556791220007,-0.01280063964854583,0.0
1992-06-01,-0.05044688283085119,-0.014071454896626423,-0.0024178059867627777
1992-06-02,-0.046228010505436457,-0.009388291008201932,0.0
1992-06-03,-0.04463175594919144,-0.0073621470827685,0.0
1992-06-04,-0.044925422979702034,-0.007157013147317537,-5.036542725478377e-05
1992-06-05,-0.04827826468564467,-0.00611772674630473,-0.0012821917136205396
1992-06-08,-0.04808172499037067,0.0,0.0
1992-06-09,-0.04434723215375691,-0.004131854569404347,-0.00010436559676418877
1992-06-10,-0.039338809484478876,-0.006261890872126252,0.0
1992-06-11,-0.04401291969394738,-0.008462154581488912,-0.0035398210332102664
1992-06-12,-0.040007638507104426,-0.010634449267848511,-0.00254393509830797
1992-06-15,-0.03852638137891595,-0.02296971208825227,-0.007992470578379152
1992-06-16,-0.03817671113904697,-0.01598218380846883,-0.004264761866748401
1992-06-17,-0.02940000669628684,-0.017256882214510938,-0.000366623784366249
1992-06-18,-0.02989764114539939,-0.014443883027325244,0.0
1992-06-19,-0.03101034450508655,-0.014284122590590864,-0.0004924470064904263
1992-06-22,-0.028608178665851414,-0.021392893382830458,-0.0028576532097868146
1992-06-23,-0.02651140420546827,-0.022654016763119733,-0.002423979190994019
1992-06-24,-0.02893440593544483,-0.009136453994131766,0.0
1992-06-25,-0.037070515242445534,0.0,0.0
1992-06-26,-0.0371107958888115,-0.001041070135864075,-0.0005414507460806961
1992-06-29,-0.044986372010451525,0.0,-0.0015389252357689287
1992-06-30,-0.04823095997015603,-0.008496478284769404,-0.007476725374359394
1992-07-01,-0.04867473502359221,-0.0027980985284887794,-0.004855993759131261
1992-07-02,-0.051851251089639394,0.0,0.0
1992-07-06,-0.05717945341555952,-0.010078646171771677,-0.007849115500864756
1992-07-07,-0.056835154679312994,-0.00812529061868339,-0.006689081439030686
1992-07-08,-0.056920397677194035,-0.011606589618156637,-0.008477138948256746
1992-07-09,-0.05252118977131637,-0.0211673740590983,-0.01096007562764012
1992-07-10,-0.05496712380745705,-0.01995852736691406,-0.011625961744949675
1992-07-13,-0.057200566782132034,-0.021652686377978902,-0.013648179983297481
1992-07-14,-0.05781171778884575,-0.021149847716890657,-0.01371439511314565
1992-07-15,-0.0579376029687062,-0.013096700006876794,-0.009723123461224947
1992-07-16,-0.05808578539043596,-0.008638999918920698,-0.007564537615012412
1992-07-17,-0.060911453732404364,-0.017442270982912178,-0.013459557801707378
1992-07-20,-0.05603888194062112,-0.028902934000230585,-0.01665372593788783
1992-07-21,-0.05756790513421173,-0.02708753562650612,-0.016530986759882405
1992-07-22,-0.04872711012265318,-0.026401061303326645,-0.011571147639133916
1992-07-23,-0.05391961890368102,-0.011308230467852787,-0.0066074468203902725
1992-07-24,-0.04849644093720906,-0.018945096015541174,-0.007596842720634878
1992-07-27,-0.050165376172796705,-0.011205640562982788,-0.004552688832888618
1992-07-28,-0.06006143062591107,-0.0002136285010250205,-0.004205343743759582
1992-07-29,-0.06305569654120702,0.0,-0.005396698298961056
1992-07-30,-0.06482854660192994,-0.01027075598321614,-0.011445337307316117
1992-07-31,-0.06812672529112207,-0.010757500640572792,-0.013431646561677058
1992-08-03,-0.07027441162131831,-0.008776728641575748,-0.013580808779440345
1992-08-04,-0.0742029964690023,-0.007580964219725095,-0.015069897003794575
1992-08-05,-0.07517203180849552,-0.0062401526335001956,-0.014920015279349719
1992-08-06,-0.07225102025786057,-0.0018766096276129351,-0.011201643271625317
1992-08-07,-0.07990033138492292,0.0,-0.0074068248165132244
1992-08-10,-0.08095113941474974,-0.0005979197416688953,-0.008270370286622253
1992-08-11,-0.0798634769983464,0.0,-0.0063205079944620435
1992-08-12,-0.08089619059827258,0.0,-0.0018370363025645986
1992-08-13,-0.07467635710129683,-0.006918234176578109,-0.001912374373056136
1992-08-14,-0.0827745709410791,-0.0013443500203514924,-0.003478897574782036
1992-08-17,-0.0783421749801132,-0.005420083541893939,-0.00310461655153349
1992-08-18,-0.0812348106317562,0.0,-0.0006217700171362583
1992-08-19,-0.07876475797679616,-0.002419607439987592,-0.0004874331964495049
1992-08-20,-0.0803504483719607,0.0,0.0
1992-08-21,-0.07879967460733273,-0.00567883761990684,-0.0019962858133230066
1992-08-24,-0.07339785658569242,-0.011489166395159067,-0.001986117371390317
1992-08-25,-0.07280430092725687,-0.01944366789615548,-0.005681953402544404
1992-08-26,-0.07575840957303226,-0.012890085620792302,-0.003943156324902608
1992-08-27,-0.08055079242843621,-0.0056222761399216115,-0.0028586945984432344
1992-08-28,-0.09040266558652177,0.0,-0.002754234095760588
1992-08-31,-0.09115159224682312,0.0,-0.0005724242586930828
1992-09-01,-0.0960152001999326,0.0,0.0
1992-09-02,-0.10161360314198076,0.0,0.0
1992-09-03,-0.09817283655588893,-0.008600273489290378,-0.002385166416663087
1992-09-04,-0.1018117059647452,0.0,0.0
1992-09-08,-0.10142802539579043,0.0,0.0
1992-09-09,-0.10882114054122183,-0.001767831023194777,-0.004997729070432277
1992-09-10,-0.11189809405557616,0.0,-0.005009049156781242
1992-09-11,-0.1083205007317235,-0.014889866498773219,-0.01041259998352606
1992-09-14,-0.11288398997813665,-0.011670194281843016,-0.011327731266494112
1992-09-15,-0.10828629268838375,-0.03303190406077783,-0.019450268334006204
1992-09-16,-0.11779617884544291,-0.041026388144874915,-0.02873230318897091
1992-09-17,-0.12403526039590962,-0.03366184936901928,-0.028437304452405887
1992-09-18,-0.12747690441981796,-0.035230777159008464,-0.03113463260865046
1992-09-21,-0.13392074544725507,-0.036134161026815326,-0.03516592089662962
1992-09-22,-0.14010834182720355,-0.03927501705966807,-0.04018449548805303
1992-09-23,-0.14436365711232169,-0.03572679924203237,-0.040786968490354236
1992-09-24,-0.144289448646007,-0.03310108357160524,-0.03943940429152515
1992-09-25,-0.14424602642639572,-0.029749900277028285,-0.03775042529667483
1992-09-28,-0.1523277877914373,-0.015068481727178673,-0.03501400052801362
1992-09-29,-0.1462756573833076,-0.014058175337179013,-0.031074218839988066
1992-09-30,-0.14488910718707004,-0.015388621747115638,-0.030941135638958728
1992-10-01,-0.15566625147554491,-0.00402148641206912,-0.031453970648017915
1992-10-02,-0.15660017459136466,-0.005983967542752433,-0.03294384222864566
1992-10-05,-0.15534185791303834,-0.0124606194762511,-0.035372934424471536
1992-10-06,-0.15198255304592723,-0.01866061179249967,-0.03648278857333975
1992-10-07,-0.14147663033953572,-0.034446212471077264,-0.038263833807849035
1992-10-08,-0.14385316087572486,-0.030088868300603977,-0.037424895854319185
1992-10-09,-0.13908899101020655,-0.03604215301411917,-0.03770082033196043
1992-10-12,-0.14661443944784047,-0.030275912999559118,-0.039028515750422765
1992-10-13,-0.1449463035481251,-0.03345542782284583,-0.03966470570834746
1992-10-14,-0.14834655563334598,-0.03508535333587148,-0.04238389322744096
1992-10-15,-0.1549130234136743,-0.024916796369394922,-0.04102980545689816
1992-10-16,-0.16044549566902,-0.02554969094027726,-0.0444800353361835
1992-10-19,-0.1586157751652688,-0.038148007370540804,-0.049615594257849116
1992-10-20,-0.14216912852866914,-0.05892861325805088,-0.05059337616537518
1992-10-21,-0.1440279830972948,-0.053792098316953196,-0.049031017326695236
1992-10-22,-0.1472878607212934,-0.05355710703052308,-0.0507237621647445
1992-10-23,-0.1403439580605389,-0.05697321574451231,-0.048571802669874375
1992-10-26,-0.1473138049989967,-0.046478586256266,-0.0471346944183183
1992-10-27,-0.15189332614228246,-0.040978717668072484,-0.046945428836139946
1992-10-28,-0.14769580263357962,-0.04377658992263589,-0.04597719085155971
1992-10-29,-0.14456624288342645,-0.04555970986020608,-0.04511516982867303
1992-10-30,-0.14422050060982816,-0.05266842240396297,-0.04847821277663755
1992-11-02,-0.1470329344659762,-0.06369364810066314,-0.055578749516214776
1992-11-03,-0.14893226319933928,-0.0601732925932692,-0.05485480276009147
1992-11-04,-0.14795596348162288,-0.057654739625862095,-0.053046289824196347
1992-11-05,-0.15459164069519393,-0.05048425684065738,-0.05313092970094191
1992-11-06,-0.14611493090950134,-0.0699364143730532,-0.05808288189414079
1992-11-09,-0.1518700202895774,-0.07017705671092489,-0.061378944287185266
1992-11-10,-0.15704499479572231,-0.06260417353264636,-0.06042023360882487
1992-11-11,-0.15415648948322336,-0.0648487002424295,-0.059935309701855344
1992-11-12,-0.15447774390865388,-0.06207049547316734,-0.05871742880161124
1992-11-13,-0.14757139544614783,-0.07700971399226708,-0.06236947535997128
1992-11-16,-0.15312623123135027,-0.07375284224957379,-0.06377023593868669
1992-11-17,-0.15264395751756465,-0.07574018075304023,-0.06450803456264165
1992-11-18,-0.15783855145156012,-0.06684104001929492,-0.06287183965808807
1992-11-19,-0.15829169591612258,-0.06622659178615753,-0.06281543051209226
1992-11-20,-0.16320796054343734,-0.061119808182610647,-0.06298967296866997
1992-11-23,-0.15638823552018932,-0.07061494932047052,-0.06390954407869764
1992-11-24,-0.16225686603048906,-0.06277580780506553,-0.06321767581802484
1992-11-25,-0.16377069812273148,-0.06266986402064012,-0.06401112864271075
1992-11-27,-0.16117908443105455,-0.06834678148034423,-0.06539513310911305
1992-11-30,-0.15844994093896414,-0.07231131938209023,-0.06586329169953609
1992-12-01,-0.15416718068360036,-0.07576312133819318,-0.06522421577154536
1992-12-02,-0.15032365108415013,-0.07929613289504356,-0.06488701804746488
1992-12-03,-0.14946415696479987,-0.0813224128851604,-0.06544305481845969
1992-12-04,-0.15509480005716525,-0.06852594094197362,-0.06202766135355553
1992-12-07,-0.16120242131352946,-0.05767148206990136,-0.059952760592757226
1992-12-08,-0.16502312332476532,-0.05315735730663407,-0.05984210816536639
1992-12-09,-0.16529830331619688,-0.05421434574049511,-0.060521793228862086
1992-12-10,-0.16549372212231261,-0.055157953084285394,-0.061100424884318216
1992-12-11,-0.16131759450177052,-0.06731927072421995,-0.06479356813284687
1992-12-14,-0.15877592058999157,-0.06815572862909958,-0.06379583196604732
1992-12-15,-0.15713474326479537,-0.0661185625679781,-0.061859244338856145
1992-12-16,-0.1604321231068584,-0.05725876356659776,-0.05924419454983654
1992-12-17,-0.16665644712085537,-0.04698943634678421,-0.057607596303018926
1992-12-18,-0.16896394930994973,-0.038669574109278626,-0.054798741418479735
1992-12-21,-0.17414254547894825,-0.030267588460334283,-0.053613240689376784
1992-12-22,-0.17786441527878138,-0.024207694057336693,-0.05278876542255739
1992-12-23,-0.17834810935955192,-0.030363747487641923,-0.05605527682870848
1992-12-24,-0.17815944905988235,-0.03394841917174185,-0.05769175281436745
1992-12-28,-0.17298615150000474,-0.03470257310541336,-0.05509375507045222
1992-12-29,-0.17584822511052567,-0.02771019726708579,-0.0533064553135032
1992-12-30,-0.17719280411026728,-0.028686538835276054,-0.05455402575384882
1992-12-31,-0.17298751659907996,-0.03379198933243488,-0.054622727038144414
1993-01-04,-0.18229823249220234,-0.017394258041838362,-0.051922271265588016
1993-01-05,-0.17832959829533734,-0.0267709908769167,-0.054145191599401676
1993-01-06,-0.17399941596563062,-0.028961524153990226,-0.05271733594799577
1993-01-07,-0.1663281295317246,-0.048266610242086894,-0.05773490329906772
1993-01-08,-0.16543853769251438,-0.04756632733950161,-0.0568855106491748
1993-01-11,-0.16601411294008528,-0.04332305966293959,-0.05510985686895509
1993-01-12,-0.16271079054646587,-0.05367169711246955,-0.0583491243684795
1993-01-13,-0.17218506055698068,-0.051757291140934636,-0.06272423504361602
1993-01-14,-0.1780309966643978,-0.04269353452640812,-0.061554238460022725
1993-01-15,-0.1781466853037027,-0.03229376291119557,-0.05652284112210215
1993-01-18,-0.17741673683791226,-0.03979631913477155,-0.05976121031117643
1993-01-19,-0.1748714426584258,-0.0502356521528623,-0.06341767165177314
1993-01-20,-0.17670441118495728,-0.05719427388823839,-0.06788897013864248
1993-01-21,-0.1792975253108401,-0.04518760722944459,-0.06342165922952436
1993-01-22,-0.17804562822701664,-0.03838062886791571,-0.059368839590175915
1993-01-25,-0.19386557183921338,-0.02557657894153731,-0.06215858716399347
1993-01-26,-0.18877620107716364,-0.02861842566205841,-0.060661973280630166
1993-01-27,-0.18887482492257368,-0.02725427488911103,-0.06005949753673967
1993-01-28,-0.19127798115368155,-0.010378604121941137,-0.05329862424686105
1993-01-29,-0.19166229163946447,-0.00732572677111154,-0.05206332706440209
1993-02-01,-0.1963562248011297,-0.00014723908849145761,-0.05138812731165643
1993-02-02,-0.19634756397717068,-0.0010027796141975909,-0.051788863449914846
1993-02-03,-0.20320234920721003,0.0,-0.053139882101923
1993-02-04,-0.203914812024231,0.0,-0.046694912499855135
1993-02-05,-0.20191549916049234,0.0,-0.03780764160447936
1993-02-08,-0.20572981742388385,-0.006479869968966656,-0.04322440515547743
1993-02-09,-0.21668658768701665,-0.01061619492579724,-0.05181532541667344
1993-02-10,-0.21529851034751768,-0.024583692962512727,-0.057668143287914586
1993-02-11,-0.21712991752854216,-0.011900365766321697,-0.05264122763774104
1993-02-12,-0.2167422811862335,-0.012412666483569978,-0.05265227525295069
1993-02-16,-0.20236150242907824,-0.028706054528787495,-0.05177027610410867
1993-02-17,-0.2055080004166977,-0.02323922829627667,-0.05097204290597823
1993-02-18,-0.2030539872786259,-0.0004116135883792671,-0.03841663308328769
1993-02-19,-0.20912030005595994,0.0,-0.03792311746712429
1993-02-22,-0.21872368567638045,0.0,-0.03333212354894133
1993-02-23,-0.2123120182522824,0.0,-0.025917153209701227
1993-02-24,-0.2164761422733431,-0.002962048647886406,-0.02993454519819816
1993-02-25,-0.21644181979462884,-0.0009379185610055574,-0.02892861218122167
1993-02-26,-0.2121483158201778,-0.003906721751409159,-0.027710934409628796
1993-03-01,-0.2032399292728141,-0.011014915904342781,-0.025683169907968817
1993-03-02,-0.2061457021280635,-0.01117623312963334,-0.027539292161461892
1993-03-03,-0.208136123635004,0.0,-0.021192828195217728
1993-03-04,-0.21336360733769077,0.0,-0.02221355844886741
1993-03-05,-0.2103924534164101,-0.008385688834147365,-0.02446669760915232
1993-03-08,-0.21030235789382967,0.0,-0.01708203891094362
1993-03-09,-0.2065607562742401,-0.0045980415929223195,-0.017013246263100745
1993-03-10,-0.20302524072336792,-0.010584202781797392,-0.01777893180927448
1993-03-11,-0.2026104251466445,-0.007440180647609651,-0.015962734922798316
1993-03-12,-0.20359011619566458,-0.01824338657638569,-0.02192246268591147
1993-03-15,-0.2030043371460627,-0.028964213220147084,-0.02690308813142761
1993-03-16,-0.2034214145525315,-0.02227035867281346,-0.0238036733073127
1993-03-17,-0.1999103024966017,-0.028819583976807617,-0.024921740315852592
1993-03-18,-0.20067616802866095,-0.02863125213398643,-0.02529388090175233
1993-03-19,-0.1996843767492832,-0.03744511323521105,-0.029111250780399556
1993-03-22,-0.1948351532993151,-0.036928164007730246,-0.025909163428336712
1993-03-23,-0.1948099859494098,-0.03167614623627013,-0.023237885255763757
1993-03-24,-0.1915097894401505,-0.04287419447654883,-0.026883995206239297
1993-03-25,-0.1953194310572023,-0.03484490531251805,-0.025094962879937066
1993-03-26,-0.1991596882817379,-0.045169190171637674,-0.03263557118581595
1993-03-29,-0.19853736995873905,-0.04459142478915523,-0.031967035885532846
1993-03-30,-0.19430406624048258,-0.0458481810806759,-0.030047155333869036
1993-03-31,-0.20245416126103633,-0.04794491414477442,-0.036018708946343514
1993-04-01,-0.20422158835530835,-0.05756836515755781,-0.04195884084798551
1993-04-02,-0.20832686703386183,-0.0748710566767321,-0.05322466071916143
1993-04-05,-0.20849761101967668,-0.06622614324934184,-0.048903163909207015
1993-04-06,-0.20261901318998055,-0.058233629538968934,-0.041300806237385856
1993-04-07,-0.20400232058226453,-0.06290203959618357,-0.0445085621422574
1993-04-08,-0.20072469360890666,-0.05447356720433205,-0.0382444264501377
1993-04-12,-0.20567448282539913,-0.04779953091414013,-0.03782813356253256
1993-04-13,-0.20450880302097318,-0.05032228388082316,-0.03839672120755788
1993-04-14,-0.20012504109016427,-0.04263867355563511,-0.03185708967490741
1993-04-15,-0.2023897301507227,-0.03346715702137315,-0.02859024102964569
1993-04-16,-0.20479701972470388,-0.023691836613229267,-0.02514383805270337
1993-04-19,-0.20527175608901227,-0.030291977840500972,-0.028729995357634097
1993-04-20,-0.20827262033353755,-0.03290165056737515,-0.0318706731986067
1993-04-21,-0.20767966890386103,-0.024402197860570518,-0.027253884005878026
1993-04-22,-0.20523929423554976,-0.026431159002762827,-0.02676735299946642
1993-04-23,-0.2030331244090019,-0.03596203724959668,-0.030180352191892634
1993-04-26,-0.19822927899758325,-0.048620552840600184,-0.03362469725823247
1993-04-27,-0.19797948938371523,-0.051399336971877485,-0.03488545335750581
1993-04-28,-0.19754508206006693,-0.050261766537387564,-0.03404539345783497
1993-04-29,-0.20211957496496014,-0.03298540461928334,-0.02801299075237318
1993-04-30,-0.2026515426644192,-0.045936580388332815,-0.03484590082715644
1993-05-03,-0.19753004736432622,-0.03161858020003594,-0.024504010921601038
1993-05-04,-0.19515701842344335,-0.018995262900125653,-0.016703634383676724
1993-05-05,-0.1957492103957882,-0.022945574721370487,-0.019045151973392627
1993-05-06,-0.19542239546016982,-0.024127678572154698,-0.019439253238284104
1993-05-07,-0.19337439457000838,-0.030893634142672877,-0.02159050664129669
1993-05-10,-0.18801674257334033,-0.021230554182008365,-0.013463260288326562
1993-05-11,-0.18708651206220195,-0.023976359934472335,-0.014281956304859955
1993-05-12,-0.18798238149517577,-0.028602227306944172,-0.017161017468021678
1993-05-13,-0.1877792921559006,-0.03182483919490686,-0.018668395243663927
1993-05-14,-0.18973099277566652,-0.03772610888414907,-0.022838156204657012
1993-05-17,-0.19140248825781725,-0.039495281384794634,-0.024744316939484645
1993-05-18,-0.19275142989083305,-0.04780132204973042,-0.02977460178241198
1993-05-19,-0.19220211411068822,-0.03257369505776908,-0.021686536956248337
1993-05-20,-0.19398681593665246,-0.03171572938121703,-0.022333440988498432
1993-05-21,-0.1981784561304908,-0.03796020738527661,-0.028028091685956324
1993-05-24,-0.19356286166605396,-0.03582258749340461,-0.024150724490849096
1993-05-25,-0.20171515544325147,-0.0273321850731707,-0.024786575653801934
1993-05-26,-0.19939623216896352,-0.021025346733640315,-0.020208463579155733
1993-05-27,-0.20913258556362802,-0.016686139500384112,-0.023994801119996523
1993-05-28,-0.20946123890640345,-0.023437648914433673,-0.02754825956400042
1993-06-01,-0.21165526219327602,0.0,-0.013627997871167197
1993-06-02,-0.20791227653200972,0.0,-0.00935187832282669
1993-06-03,-0.20528822596479923,0.0,-0.003406352214751718
1993-06-04,-0.2064160901331128,-0.009471365131226483,-0.008833092010247068
1993-06-07,-0.2014006770878043,-0.013131301140045681,-0.007532175044886014
1993-06-08,-0.20957403365756055,-0.013062497654844574,-0.012576341139188374
1993-06-09,-0.20925622883827444,-0.01068629000221033,-0.011189146440831022
1993-06-10,-0.2065681204142128,-0.003373567474622363,-0.005853928061097302
1993-06-11,-0.20264021683614863,0.0,0.0
1993-06-14,-0.20608871699773113,0.0,-0.0007183153568274259
1993-06-15,-0.20182174524076502,0.0,0.0
1993-06-16,-0.2004716303724733,-0.003526683335602243,-0.0009175939540283506
1993-06-17,-0.18698998726551597,-0.012188604837638284,0.0
1993-06-18,-0.1723163448109294,-0.027810552632007046,0.0
1993-06-21,-0.16078501160374525,-0.033198100043361545,0.0
1993-06-22,-0.1593921913468349,-0.03500120302396237,-0.0001026738290326179
1993-06-23,-0.16602491730950475,-0.03670197556843935,-0.004928605173701528
1993-06-24,-0.16632446109874333,-0.02705150839573789,-0.00012291919619389358
1993-06-25,-0.17342232611290354,-0.008937530379016123,0.0
1993-06-28,-0.17337623976198868,-0.004141818261503838,0.0
1993-06-29,-0.17398295055142465,-0.008317083843067286,-0.002463296566405093
1993-06-30,-0.16144405728300737,-0.018511508954393463,-1.9321286913176472e-05
1993-07-01,-0.14921429588805335,-0.025185480566443763,0.0
1993-07-02,-0.1324926029847111,-0.025975071221343793,0.0
1993-07-06,-0.13631956081920116,-0.04022440774407121,-0.009520387842613443
1993-07-07,-0.13837106092522244,-0.024320378916691587,-0.0024903249581039733
1993-07-08,-0.1297670757530328,-0.014681795884150306,0.0
1993-07-09,-0.12686444758362891,-0.008528823125863116,0.0
1993-07-12,-0.13011289828920747,-0.004263365235180228,0.0
1993-07-13,-0.13061794245147174,-0.00394778884897562,-0.00013182915436427134
1993-07-14,-0.11663668277602635,0.0,0.0
1993-07-15,-0.12079967161719496,-0.00015564517220878482,-0.002434151380835803
1993-07-16,-0.12225606636274966,0.0,-0.0018474139169822879
1993-07-19,-0.12680051650894686,-0.012381819817146589,-0.01061081488703386
1993-07-20,-0.12651817293015621,-0.018038807996161532,-0.013284424659880112
1993-07-21,-0.1318584321943792,-0.03604163091928636,-0.0253456901333885
1993-07-22,-0.1465305911698196,-0.041205233131970775,-0.03619228543538877
1993-07-23,-0.14727436100587865,-0.04666330655715578,-0.03935555357730769
1993-07-26,-0.14353664656476706,-0.04344098593016288,-0.035626667918377874
1993-07-27,-0.14791749796573483,-0.048878430585713284,-0.040834008097247465
1993-07-28,-0.13868707764903176,-0.040634558556119194,-0.031481993478999826
1993-07-29,-0.131702805040956,-0.016447768141306218,-0.015346432292940415
1993-07-30,-0.13697911839493804,-0.008464659091369175,-0.014342091703496207
1993-08-02,-0.14368270412141948,-0.016513964809312887,-0.022170977461133057
1993-08-03,-0.14237864587172466,-0.01644965755554384,-0.02139445649404037
1993-08-04,-0.13835388968435347,-0.02341200877666849,-0.02256186729206011
1993-08-05,-0.12152243435307442,-0.03533468423503916,-0.018981722103669108
1993-08-06,-0.11991642760560706,-0.03558786165758876,-0.018213722415978628
1993-08-09,-0.11416765903176784,-0.03195792703167655,-0.013159509044127105
1993-08-10,-0.12465800830430074,-0.029313088912735763,-0.017654672206638744
1993-08-11,-0.13105850695706867,-0.0307805482196587,-0.02198866770766006
1993-08-12,-0.12462831331624225,-0.04367777430420827,-0.024877119828828564
1993-08-13,-0.12407554707785684,-0.03528621217853034,-0.020290974727047772
1993-08-16,-0.11150453137893646,-0.027268443434226075,-0.009189526384923874
1993-08-17,-0.11808446300956421,-0.02647157011764001,-0.012452507468260099
1993-08-18,-0.10757477381601777,-0.02742185590990187,-0.007050245826456636
1993-08-19,-0.0982093807397223,-0.029309440185238178,-0.0028036419614452246
1993-08-20,-0.1005817997324665,-0.020698131765885197,0.0
1993-08-23,-0.1094611615480292,-0.021037424558548734,-0.0051094017190319585
1993-08-24,-0.10489160518563145,-0.004475338052628675,0.0
1993-08-25,-0.10404610070888032,0.0,0.0
1993-08-26,-0.09422793085791359,0.0,0.0
1993-08-27,-0.10473446000465325,-0.006577086598449244,-0.009088307668582485
1993-08-30,-0.10212902079015873,0.0,-0.004003971464568878
1993-08-31,-0.09391285365025459,0.0,0.0
1993-09-01,-0.09120623311339271,-0.0030052633148245356,-9.055378482725196e-06
1993-09-02,-0.0898612086048789,0.0,0.0
1993-09-03,-0.08305039486458132,0.0,0.0
1993-09-07,-0.0694695797985142,0.0,0.0
1993-09-08,-0.07197881250862181,-0.010037335618862664,-0.006366948669268457
1993-09-09,-0.07646733476726586,-0.025914247242739052,-0.01673776935432636
1993-09-10,-0.07378178789388057,-0.014508477394344577,-0.009551542359370724
1993-09-13,-0.0867020610324466,-0.013261818960910277,-0.01583320405541
1993-09-14,-0.08250744118462705,-0.02617297861684653,-0.020011906859702444
1993-09-15,-0.08418422237518697,-0.028114149718568848,-0.021884131028419573
1993-09-16,-0.07583573687279754,-0.02441993239339546,-0.015566978493410821
1993-09-17,-0.08513173807739283,-0.03155647013257379,-0.024118744684475724
1993-09-20,-0.08789048541184852,-0.043796008192397484,-0.03175687878454836
1993-09-21,-0.08044291137967108,-0.05344651088085739,-0.03268992405840976
1993-09-22,-0.08873055604053393,-0.04922523672134105,-0.03489201644699991
1993-09-23,-0.09100256477335356,-0.0457786908861777,-0.03434588509118808
1993-09-24,-0.09051350102395239,-0.04398067288650265,-0.033176331558107175
1993-09-27,-0.09026404147691314,-0.030746341480265893,-0.026351789556612104
1993-09-28,-0.08575655066462795,-0.03196271678549967,-0.024550655506048402
1993-09-29,-0.09007695873658994,-0.04372868573246802,-0.03278350808262043
1993-09-30,-0.0949174271339539,-0.05425167989626056,-0.0406778512228021
1993-10-01,-0.0923909212961227,-0.04683822842534713,-0.035578967957422214
1993-10-04,-0.08543377585761347,-0.04931415086337032,-0.03313523803788021
1993-10-05,-0.084403662779715,-0.053482824265447815,-0.03471053676771285
1993-10-06,-0.08574335274513345,-0.05579717563897546,-0.03659686292114994
1993-10-07,-0.08604632830813763,-0.05966865813389288,-0.03873159847140106
1993-10-08,-0.08956705873119875,-0.05404751831262822,-0.03770994754435919
1993-10-11,-0.0950103099206665,-0.05522457362592004,-0.041185285631377244
1993-10-12,-0.08991652574113962,-0.0513264041865753,-0.03650886702456002
1993-10-13,-0.09467066014596603,-0.04634935380334726,-0.036498036872377515
1993-10-14,-0.10266175562925961,-0.03700906369758861,-0.03603193339494548
1993-10-15,-0.1043325954181974,-0.029917167869644712,-0.03337983957839552
1993-10-18,-0.10467283646413572,-0.02887067904613516,-0.03304205995444853
1993-10-19,-0.1044460604713856,-0.030994846279597144,-0.03397712188685387
1993-10-20,-0.10324656571327007,-0.029207738892027102,-0.0324393782278003
1993-10-21,-0.10094715617871597,-0.0417901543136574,-0.03746915847708465
1993-10-22,-0.09269279691032817,-0.0482235294494886,-0.03628177066640914
1993-10-25,-0.09661827186366656,-0.048187202455629796,-0.03834814822613575
1993-10-26,-0.09539255057039775,-0.04379521748565607,-0.03547706386873073
1993-10-27,-0.09829305064668004,-0.046789767192700116,-0.03853366916226775
1993-10-28,-0.09635906274404904,-0.03832829928530257,-0.033235211155481115
1993-10-29,-0.09539785391163602,-0.041318182935205616,-0.03422389326351816
1993-11-01,-0.10738889792344086,-0.05954930299981098,-0.049807879636236785
1993-11-02,-0.10210859469113831,-0.06175499239671256,-0.04811168399462995
1993-11-03,-0.09444359765393995,-0.06814908182360402,-0.04729224266128229
1993-11-04,-0.08667193463953438,-0.07596284650838925,-0.04719840687635135
1993-11-05,-0.08249264060060713,-0.07484447099015168,-0.044441851714784875
1993-11-08,-0.08082294405914836,-0.06651007255476638,-0.03926823825468562
1993-11-09,-0.0803525013804357,-0.06723290103150148,-0.0393943442001915
1993-11-10,-0.08669697673334342,-0.05674292274330295,-0.037306336657789374
1993-11-11,-0.08158025397480795,-0.06553571930441515,-0.03909661097555428
1993-11-12,-0.08498604780672803,-0.05763176790979807,-0.036814489093316194
1993-11-15,-0.08465591931389305,-0.06148299475589358,-0.03860888589104927
1993-11-16,-0.08460776651391877,-0.058492393391293085,-0.03705185324814686
1993-11-17,-0.0821242680684452,-0.0626423852887179,-0.0378678423299631
1993-11-18,-0.08213167169433522,-0.06828434850941245,-0.04076726332967984
1993-11-19,-0.08408979702475483,-0.07975638138215035,-0.047695870855389066
1993-11-22,-0.08403233552315814,-0.08554074591311855,-0.05065894193402454
1993-11-23,-0.0817555707820754,-0.07647995943243435,-0.04477587858259979
1993-11-24,-0.08126090761650129,-0.07489487583550491,-0.04369883697359789
1993-11-26,-0.08176908983883546,-0.06784000207293228,-0.0403169286903764
1993-11-29,-0.08012949760984323,-0.06567988516366774,-0.03834817570990878
1993-11-30,-0.07858943906341487,-0.07420739887316197,-0.04193165576520108
1993-12-01,-0.07523517627536502,-0.06368425494624819,-0.03474279546124781
1993-12-02,-0.07851500468466821,-0.05866689354262378,-0.033868292202320904
1993-12-03,-0.07713404117929523,-0.06106062321327288,-0.03437275123354022
1993-12-06,-0.07670859083593717,-0.04811437570872801,-0.027493057279828093
1993-12-07,-0.07498781897157292,-0.04367220811268324,-0.024317608372085298
1993-12-08,-0.07797830296813946,-0.0440537206707079,-0.0260893734560822
1993-12-09,-0.07695438224654938,-0.04254274232704669,-0.024778914841302124
1993-12-10,-0.0815584036829301,-0.05391741667689176,-0.03300390257014729
1993-12-13,-0.07424194561375597,-0.053011248711647974,-0.02868917735573251
1993-12-14,-0.07381467740604142,-0.06243112372007986,-0.033295936801866044
1993-12-15,-0.07248785794936163,-0.059081203424562245,-0.030876494282848443
1993-12-16,-0.07559748534850841,-0.06137543211577845,-0.033682562149988216
1993-12-17,-0.07905255991530324,-0.051121774986930824,-0.030210341845437805
1993-12-20,-0.07998299622803196,-0.0476054240124395,-0.02890331047062844
1993-12-21,-0.0854045295757958,-0.050638870412186954,-0.03331108691685636
1993-12-22,-0.08876283215276026,-0.03780969885333085,-0.028554214048830517
1993-12-23,-0.08932653734124818,-0.03161265178705963,-0.025726360828357553
1993-12-27,-0.09191124578564103,-0.027719479320089224,-0.025150552829702688
1993-12-28,-0.0944702105385844,-0.025375650238343095,-0.0253490890098641
1993-12-29,-0.08255525916662876,-0.034974019149925595,-0.02373618107859521
1993-12-30,-0.0810362108907926,-0.04217479344137154,-0.026570276510720525
1993-12-31,-0.07969379128327869,-0.046389877977737415,-0.028001162398128776
1994-01-03,-0.08227678362220892,-0.058026041687614494,-0.03529547400736144
1994-01-04,-0.08567159191012863,-0.05504256261940166,-0.03555203755106151
1994-01-05,-0.09384724876557327,-0.06093029797187177,-0.04286853053788442
1994-01-06,-0.09595340577544775,-0.05235723420492133,-0.03961187589927939
1994-01-07,-0.10221860457902932,-0.0350702409973096,-0.03417995591203338
1994-01-10,-0.09959634895512004,-0.03389719192240093,-0.03218239817188806
1994-01-11,-0.10085478150095006,-0.030547011950570746,-0.031180661173412116
1994-01-12,-0.09701501616939912,-0.03380852287405056,-0.030741697747239116
1994-01-13,-0.08999379910262584,-0.026390735238803642,-0.02325276665791598
1994-01-14,-0.08669737494045482,-0.028135508556786926,-0.02235887095421396
1994-01-17,-0.08623349183562212,-0.033286409712293796,-0.024701348775341136
1994-01-18,-0.08581754607571446,-0.032260624649357195,-0.023961923846074762
1994-01-19,-0.0864234222622654,-0.03174218315020538,-0.024023915748471847
1994-01-20,-0.0956009176330389,-0.025944764580596802,-0.02600427033512298
1994-01-21,-0.10443677464813617,-0.03590966127214623,-0.03574431773412645
1994-01-24,-0.10578353933648599,-0.037622110200260295,-0.03732572188588046
1994-01-25,-0.10138313605564342,-0.03668843768067975,-0.034490101126971595
1994-01-26,-0.09548670003244886,-0.027210348737024104,-0.026572558516741784
1994-01-27,-0.10332637161119385,-0.019497338435605194,-0.0269320098534368
1994-01-28,-0.10498086886693758,-0.02839248649745829,-0.03224358826132534
1994-01-31,-0.09268317908685564,-0.020777130778337538,-0.02180244749846283
1994-02-01,-0.07804171868782306,-0.03338537592409063,-0.020207334348669503
1994-02-02,-0.0795116459349664,-0.02916803921312039,-0.0188509859601399
1994-02-03,-0.07341727383961127,-0.036537759038355766,-0.01932700777382912
1994-02-04,-0.061068423759513046,-0.06630484633250644,-0.027941558968799685
1994-02-07,-0.06784413399210887,-0.06587414280253556,-0.031224742465491895
1994-02-08,-0.06430858921778104,-0.06555999051416028,-0.0292246212592866
1994-02-09,-0.06987807026434167,-0.05093954940221668,-0.02451930038215988
1994-02-10,-0.07029206402873456,-0.056042212345696174,-0.027358748028105007
1994-02-11,-0.07305869956969169,-0.04932357173492219,-0.025344548621762164
1994-02-14,-0.05440081588187895,-0.026586588934047306,-0.003880160838014124
1994-02-15,-0.052653819364805066,-0.03309674161717546,-0.006291000285089221
1994-02-16,-0.05783076037285517,-0.029354984806246653,-0.0070834043939547175
1994-02-17,-0.04174184429381245,-0.0498460172234757,-0.009086254693026263
1994-02-18,-0.03854618595323345,-0.057652928228748346,-0.011504880757466251
1994-02-22,-0.042919214297865604,-0.057502752150867975,-0.013674126383772855
1994-02-23,-0.037020137500080375,-0.061961717652624926,-0.012967619885549064
1994-02-24,-0.03366361512125249,-0.0769694667528682,-0.0191432452548016
1994-02-25,-0.032360348109742754,-0.07424683513540498,-0.017035220346219182
1994-02-28,-0.03368924091947245,-0.06956186449133739,-0.015222938923530216
1994-03-01,-0.030339150131733494,-0.08687762164105839,-0.022679394371129424
1994-03-02,-0.030841254635342152,-0.08392029205987872,-0.021349805594808813
1994-03-03,-0.024833651668321077,-0.09755067006002927,-0.02559726949481933
1994-03-04,-0.017008822001944424,-0.10453118055467348,-0.025456455945887746
1994-03-07,-0.02201584892227182,-0.09754889515406606,-0.024139025278007598
1994-03-08,-0.015243790591367379,-0.10798579729679902,-0.026403292973171677
1994-03-09,-0.007291696548922588,-0.10437885633586941,-0.020503889869069925
1994-03-10,0.0,-0.10720816569958891,-0.0167711854748277
1994-03-11,-0.003308260866899615,-0.1053588791076856,-0.017379267451792968
1994-03-14,-0.015262316373618745,-0.09565231127744078,-0.017941354119757724
1994-03-15,-0.011934982441561437,-0.09821235167379538,-0.01767222610291097
1994-03-16,-0.013644791992691974,-0.08953918659852067,-0.013798277039229978
1994-03-17,-0.016579776619503717,-0.09055403248545413,-0.015815176275387532
1994-03-18,-0.008808149753096961,-0.09984093307239117,-0.016951393690973093
1994-03-21,-0.005256360524709569,-0.10977170873465614,-0.020612705829216038
1994-03-22,-0.0020375569660729953,-0.11758676329939344,-0.023327026899838565
1994-03-23,-0.004479374594990704,-0.11191493730690794,-0.021383043781810884
1994-03-24,-0.006238231394037896,-0.12299049492338943,-0.028349842838241046
1994-03-25,-0.006269514609180016,-0.13153728853775126,-0.03309968792671247
1994-03-28,-0.017379803074627387,-0.11819557999321051,-0.031077871072365593
1994-03-29,-0.023846866183507398,-0.13611029832229016,-0.04410862592060194
1994-03-30,-0.027892996541737713,-0.13158867063117452,-0.04358811508965932
1994-03-31,-0.014348755421831005,-0.14020337320322696,-0.041669170750108675
1994-04-01,-0.005517659625890015,-0.14071264909757042,-0.037659833512488916
1994-04-04,0.0,-0.15045152078179058,-0.03765061496429167
1994-04-05,-0.003623117763483008,-0.16235283986924698,-0.04613474065963574
1994-04-06,-0.006443623142185828,-0.1621588888353328,-0.04737439297534185
1994-04-07,0.0,-0.1712434804992775,-0.04865086954443587
1994-04-08,0.0,-0.1694506432236762,-0.04638504157384349
1994-04-11,-0.006534269095544998,-0.17666535433133512,-0.053642500855386244
1994-04-12,-0.010386320696751272,-0.17851852140593893,-0.05654223208571563
1994-04-13,-0.010358351960560008,-0.17443731364395332,-0.05418530045287817
1994-04-14,0.0,-0.1823445622071025,-0.05264710953615559
1994-04-15,-0.0067612768779838905,-0.181176060355269,-0.055172841648397086
1994-04-18,0.0,-0.17636225398168504,-0.04816256364477911
1994-04-19,-0.001893196202186198,-0.18062235474807398,-0.05152516510877958
1994-04-20,-0.00500692772188005,-0.18314011825034915,-0.05446183907811941
1994-04-21,-0.004746556072818264,-0.18791040587024366,-0.05709899465360768
1994-04-22,-0.004865598228574464,-0.19236994848588695,-0.05974432772009142
1994-04-25,-0.005455914279240748,-0.18966520667465026,-0.0584487570647757
1994-04-26,-0.005127010827805756,-0.19085708790201972,-0.05898550840650196
1994-04-28,-0.01168040099655776,-0.17390513788714557,-0.05222745326231115
1994-04-29,-0.011923888220397694,-0.16973243808128324,-0.04995054832310264
1994-05-02,-0.008309678406244636,-0.16938275850046725,-0.04801292709989424
1994-05-03,-0.0006434017313131646,-0.1749215569175817,-0.04750731599210145
1994-05-04,-0.0016698946348193688,-0.16832633207342507,-0.04418964199575959
1994-05-05,0.0,-0.18412401495879294,-0.05066521650924305
1994-05-06,0.0,-0.1671440334401615,-0.037279711116400716
1994-05-09,-0.00014989379475971454,-0.1621852236993957,-0.034485854201978916
1994-05-10,0.0,-0.17724981929458317,-0.03969950904764297
1994-05-11,-0.0028504138344982444,-0.17049440990038323,-0.03712573453217516
1994-05-12,-0.004429825099154128,-0.16836356696830346,-0.03665157446285516
1994-05-13,-0.0006295184212915528,-0.17615140616048663,-0.03932354629160384
1994-05-16,-0.0050629320984209025,-0.167880260035145,-0.036632001258983915
1994-05-17,-0.001469536988450315,-0.17562719975746954,-0.03937673541378095
1994-05-18,0.0,-0.17727260350795782,-0.03946676080896139
1994-05-19,0.0,-0.18526007771754538,-0.04279021737970223
1994-05-20,-0.002149945151463384,-0.1851739893038904,-0.043768620493965016
1994-05-23,-0.003332960093221038,-0.1648758268179138,-0.032425098598860336
1994-05-24,0.0,-0.18030247576151426,-0.03884941965812172
1994-05-25,-0.0008737514639776123,-0.18512796778274643,-0.042098430295482325
1994-05-26,0.0,-0.19013624704849807,-0.04198122867076459
1994-05-27,-0.0015694069821896584,-0.19059830700957214,-0.0430062835348165
1994-05-31,-0.005118387919090361,-0.181038264819662,-0.03905548516759172
1994-06-01,-0.005891519812670332,-0.1825567375681877,-0.040319729308086805
1994-06-02,-0.005389209103701775,-0.1862357015292061,-0.0422368281046388
1994-06-03,0.0,-0.1940923090426755,-0.04372847181966033
1994-06-06,0.0,-0.20480710794467472,-0.048672831305333064
1994-06-07,-0.006776217600308665,-0.2018404861682589,-0.05012147572293735
1994-06-08,-0.012782686736183324,-0.20100899200753108,-0.05249887138278053
1994-06-09,-0.012399592852211705,-0.2037026722987889,-0.05391221058315532
1994-06-10,-0.01441505699619261,-0.19413694607498777,-0.04919502251290897
1994-06-13,-0.019241178780857626,-0.18809389908294138,-0.04795795729318786
1994-06-14,-0.015739411798961878,-0.19340839881925243,-0.04937423425748699
1994-06-15,-0.026379536796664493,-0.18899071478551432,-0.05190921800657611
1994-06-16,-0.019245743373221047,-0.19260552437315337,-0.05054875312507956
1994-06-17,-0.0268448423944343,-0.1888890487295244,-0.052041846443616535
1994-06-20,-0.026326453206553246,-0.20176984145909704,-0.059316355680590016
1994-06-21,-0.03847991855042532,-0.1919244052449668,-0.05938596255617801
1994-06-22,-0.028426442020312526,-0.21111383282082075,-0.06563693277486815
1994-06-23,-0.02932298150736523,-0.21159758623134994,-0.06635451484400423
1994-06-24,-0.0392672436166801,-0.19434724314761387,-0.060922818253670186
1994-06-27,-0.03197739569771274,-0.2030579254795557,-0.062436684063771564
1994-06-28,-0.037270572748116515,-0.19975460124553346,-0.06305689685006288
1994-06-29,-0.039876848383443186,-0.203516832143102,-0.06652757772577034
1994-06-30,-0.04598390533718422,-0.19892883629557545,-0.06680779881663357
1994-07-01,-0.046225878486843563,-0.19966449709617673,-0.06735464138173208
1994-07-05,-0.04630707852703653,-0.19635467565161024,-0.06546584476333983
1994-07-06,-0.04500291280196733,-0.19362853165549776,-0.06324178757678967
1994-07-07,-0.0405451928552214,-0.19738466357535045,-0.06323723618762322
1994-07-08,-0.048606152662021396,-0.18641194195846755,-0.06076905177072178
1994-07-11,-0.06252035360870156,-0.18074147227871318,-0.06436412877172182
1994-07-12,-0.06472510899975259,-0.181766884226908,-0.06604987528373052
1994-07-13,-0.05765271906833613,-0.18494836240832357,-0.06433439538452612
1994-07-14,-0.05260016973797077,-0.20114428592312728,-0.07112235739634065
1994-07-15,-0.054128767289073676,-0.19770189139138683,-0.06987037400600504
1994-07-18,-0.050733570551569684,-0.19787061292046915,-0.06829882992703395
1994-07-19,-0.04724750542803868,-0.20403874883878337,-0.0701703026568995
1994-07-20,-0.04998613706617083,-0.1984499537537473,-0.0682423011011205
1994-07-21,-0.0432419276563869,-0.20279902253580562,-0.06746277347441643
1994-07-22,-0.04577638099317083,-0.20297682332590916,-0.06880191212380316
1994-07-25,-0.04561568276027872,-0.20642639387090556,-0.07073864618678793
1994-07-26,-0.04537682196870918,-0.2062002051564562,-0.07048992805420196
1994-07-27,-0.04765270119516718,-0.20162868638840115,-0.06892139275968279
1994-07-28,-0.037914026722181915,-0.21159112970267835,-0.06997001490532928
1994-07-29,-0.04223814657037028,-0.22204709264720157,-0.07822711527720161
1994-08-01,-0.046773671033348285,-0.2187251712531454,-0.07844164169226375
1994-08-02,-0.039061139081422724,-0.2192021702804564,-0.07499481194282054
1994-08-03,-0.04124001829730772,-0.21743293837416244,-0.07499551495650536
1994-08-04,-0.042399218619594836,-0.21901364364777165,-0.07648891600898255
1994-08-05,-0.03604486082044722,-0.21326642836679977,-0.0700268201254105
1994-08-08,-0.02867370670687852,-0.21979929418420352,-0.07033231768176362
1994-08-09,-0.029504149672023416,-0.21884570266383085,-0.07016159306368319
1994-08-10,-0.02569032167998475,-0.2165094781538297,-0.06694411677470014
1994-08-11,-0.03203136856640043,-0.21287160843533282,-0.06781423269093345
1994-08-12,-0.028141126200065147,-0.20619001757384192,-0.061984556793663326
1994-08-15,-0.030151573539334175,-0.20481456485181004,-0.062142114745107224
1994-08-16,-0.025332347337042593,-0.20812982255389345,-0.06176702415963087
1994-08-17,-0.0266566364032077,-0.2147207074772045,-0.06630896170059919
1994-08-18,-0.03254693913859208,-0.20354256828692918,-0.06248877193853841
1994-08-19,-0.02807600397054122,-0.2024973328004066,-0.059707316013292044
1994-08-22,-0.030607759559465264,-0.19355660146890719,-0.05566122701316023
1994-08-23,-0.030487885001321158,-0.20108944852050847,-0.06001329062369165
1994-08-24,-0.02401473009463506,-0.21819421951318974,-0.06693789376205683
1994-08-25,-0.022344213101207377,-0.21081449592230883,-0.0617356282992233
1994-08-26,-0.007580616556204345,-0.2131519744215541,-0.05604077188956391
1994-08-29,-0.01681809301596493,-0.21516839421260203,-0.06164349643343192
1994-08-30,-0.016791390924932204,-0.21413450798123135,-0.061012689106247686
1994-08-31,-0.01290173091949065,-0.21904614569881753,-0.062089653219859264
1994-09-01,-0.015780652307658127,-0.21529095827819855,-0.06120243097399369
1994-09-02,-0.01710514328328694,-0.21388305409402564,-0.06099193092516075
1994-09-06,-0.01496192461731205,-0.21037315163688808,-0.057871899536520166
1994-09-07,-0.012026922069513057,-0.20946865403572723,-0.05592873320923375
1994-09-08,-0.014217279957242979,-0.2076983468558531,-0.055918175123284786
1994-09-09,-0.01139294419060033,-0.19310751329270037,-0.04587275516508715
1994-09-12,-0.007157753827537805,-0.18892866230065342,-0.041358329920530124
1994-09-13,-0.01128495180710054,-0.187595641029079,-0.04256306494773332
1994-09-14,-0.011228229763347475,-0.18827590407366956,-0.042936453831780796
1994-09-15,-0.020163096518602597,-0.18807338347622204,-0.04714123325483244
1994-09-16,-0.021752205853355133,-0.16931597906176354,-0.036907277811818684
1994-09-19,-0.02823487952505843,-0.1750585345180159,-0.04342735100656869
1994-09-20,-0.03469586847946515,-0.1700900078576293,-0.04372667728290869
1994-09-21,-0.03458588101388782,-0.16769934794001717,-0.042294865361265144
1994-09-22,-0.040278237511772286,-0.1701366433172813,-0.04652058031543338
1994-09-23,-0.04268497242189573,-0.16888926722256148,-0.046999528345439745
1994-09-26,-0.03310469427265483,-0.1739482486538575,-0.0451314410114767
1994-09-27,-0.0409255765466211,-0.1643161843396933,-0.04342618444088053
1994-09-28,-0.0378210429106437,-0.17402049564257394,-0.047432033236225024
1994-09-29,-0.04349442681394522,-0.16670988669881637,-0.04602487878910244
1994-09-30,-0.04490361231619022,-0.17171436703157916,-0.04959224593890521
1994-10-03,-0.03720286542387341,-0.1687856327322903,-0.0440805013504012
1994-10-04,-0.033268919504957806,-0.16390481834505277,-0.0393210435169421
1994-10-05,-0.031245147976843746,-0.15887376022044863,-0.035425132843990736
1994-10-06,-0.03613873050355354,-0.15716182967029002,-0.03687977492235206
1994-10-07,-0.03365833681459918,-0.1660982660286261,-0.040746412456595604
1994-10-10,-0.03226306746792351,-0.16809430125410108,-0.04120193421938401
1994-10-11,-0.023315207920569292,-0.17603395139009792,-0.0413446806147979
1994-10-12,-0.01906147223214749,-0.17042174197612858,-0.03599227101383462
1994-10-13,-0.019871803401118493,-0.1753585296416692,-0.039258829609517876
1994-10-14,-0.022648381091058156,-0.17271782110500977,-0.039081391040397095
1994-10-17,-0.0312041906397037,-0.16712307203720933,-0.040038114738113584
1994-10-18,-0.0300403993005095,-0.16693668741922807,-0.039354112954149256
1994-10-19,-0.03265239065445569,-0.16010343822202644,-0.036707691983196455
1994-10-20,-0.02489998783944003,-0.1493873062356903,-0.026702479129146917
1994-10-21,-0.026412922956414953,-0.1506817661029104,-0.028198128978768944
1994-10-24,-0.021554350407140266,-0.14526725564300247,-0.02267561761669834
1994-10-25,-0.026606341816011403,-0.14103788569220832,-0.02278073099928668
1994-10-26,-0.02580461933128675,-0.1429481329936192,-0.023464914094744604
1994-10-27,-0.01877003707878222,-0.1491796986389501,-0.023489335550506363
1994-10-28,-0.01638791381178417,-0.1626455581260029,-0.03003157742502638
1994-10-31,-0.019004268682126013,-0.16020510254667386,-0.02990813074804266
1994-11-01,-0.021105728536145674,-0.15156764727769567,-0.02595838911806725
1994-11-02,-0.013863697408091569,-0.15289563462654332,-0.023117621006761846
1994-11-03,-0.011572499268309833,-0.15035101410469298,-0.020515541629060663
1994-11-04,-0.009629889773123956,-0.14906617795036492,-0.01881243855601633
1994-11-07,-0.002261526934115632,-0.1502158596750509,-0.015825248891563892
1994-11-08,-0.007474901797810518,-0.16069353551967402,-0.02446384297922022
1994-11-09,-0.0018321335334873234,-0.17422335962827507,-0.029553692087933903
1994-11-10,-0.002313724507154169,-0.1707854931997238,-0.02776772310471598
1994-11-11,-0.010605654681425047,-0.1593222154777575,-0.025087715717706294
1994-11-14,-0.010543852891785166,-0.16949054438076216,-0.030953241151320143
1994-11-15,-0.016622552098594867,-0.1776136385708068,-0.038668952338725915
1994-11-16,-0.0171684664948617,-0.17058697484529028,-0.03482887008644697
1994-11-17,-0.01132022411569411,-0.16600262199770333,-0.029289932889143055
1994-11-18,-0.007498255792627417,-0.16501892742278257,-0.0268412085831663
1994-11-21,-0.011175596835042545,-0.15846911758176152,-0.024827189097473168
1994-11-22,-0.02186292107231469,-0.15692825656277176,-0.029204296129419438
1994-11-23,-0.041488862801835835,-0.1703160349382501,-0.04665161828509379
1994-11-25,-0.034931631426196375,-0.17760113971040348,-0.04757613686938478
1994-11-28,-0.023703963356068947,-0.1708946740956716,-0.03815246215707846
1994-11-29,-0.01956213710538246,-0.16636614109698888,-0.03348541484342882
1994-11-30,-0.0235612016837754,-0.16188227413113054,-0.032857255305913435
1994-12-01,-0.021899349864690443,-0.15472422845907274,-0.02790424039921824
1994-12-02,-0.0058238441001581265,-0.16448931936952227,-0.025530926602984505
1994-12-05,-0.0017593360091825438,-0.1654891673974559,-0.024122026101733196
1994-12-06,-0.017341006446299212,-0.17043048160973107,-0.03462751962693611
1994-12-07,-0.006004171652901458,-0.16365943053412213,-0.025119072591452407
1994-12-08,-0.0015723505392825077,-0.16486008344348335,-0.023645545721166616
1994-12-09,-0.003982054049166295,-0.16724479421055038,-0.026217732462235577
1994-12-12,0.0,-0.16312649140868152,-0.02011269940800553
1994-12-13,-0.0069280281357905205,-0.16777003513272348,-0.026225583584190693
1994-12-14,-0.01690234750132047,-0.17460626815574654,-0.035115296625007675
1994-12-15,-0.01618429962049106,-0.17726779477304466,-0.03631858538224608
1994-12-16,-0.008153654482573325,-0.17584425318912045,-0.03155172815636842
1994-12-19,-0.015496431483528417,-0.1732595725787609,-0.03361790484745697
1994-12-20,-0.015260532346197953,-0.17835763112812397,-0.03648170272387308
1994-12-21,-0.010013494732178607,-0.18839428325692642,-0.03979957922600008
1994-12-22,-0.006648970621472072,-0.18221187747882017,-0.03451076910409545
1994-12-23,-0.0027645087972665294,-0.18437733560365654,-0.0339012957314071
1994-12-27,-0.011064906467589064,-0.19035819316173475,-0.04146405211618065
1994-12-28,-0.017203165176885693,-0.173921860731873,-0.03470934140442461
1994-12-29,-0.014945887220813137,-0.17499774410313274,-0.03422940324279278
1994-12-30,-0.02041999607187328,-0.1679484627904695,-0.032786834395390985
1995-01-03,-0.010378139246834173,-0.165861992091202,-0.026616590880034874
1995-01-04,-0.00601414259323696,-0.17106063186696507,-0.02750362931103789
1995-01-05,0.0,-0.16824309833861806,-0.022323366441687864
1995-01-06,0.0,-0.1688605841760219,-0.02016786118132685
1995-01-09,-0.004669562314506215,-0.16437262484939397,-0.019810122091389437
1995-01-10,-0.008204086023363755,-0.1689968126785828,-0.024262584384076802
1995-01-11,-0.013861893325046393,-0.17175760229970338,-0.028666499834773207
1995-01-12,-0.018000573869814573,-0.16653894488545018,-0.02764464493376073
1995-01-13,-0.02756791011811277,-0.17849052846758107,-0.03935297662280046
1995-01-16,-0.026302790365405615,-0.17643883343839661,-0.03752848941911324
1995-01-17,-0.021717217417163925,-0.17818404578519043,-0.03628192530372476
1995-01-18,-0.02391569902757784,-0.17785517646652715,-0.03717197315000409
1995-01-19,-0.03280554304356109,-0.17100487980615486,-0.03754527787040851
1995-01-20,-0.02848315685520242,-0.1649141132508074,-0.03185901735244401
1995-01-23,-0.02417910216048913,-0.16701644313084718,-0.030933116078925904
1995-01-24,-0.022504389325506358,-0.16697013493058122,-0.030074618559749577
1995-01-25,-0.026590777710861713,-0.17662564443601236,-0.03772311044705956
1995-01-26,-0.029295656430862627,-0.18089350857012454,-0.04155400726151437
1995-01-27,-0.03906092184105381,-0.18888233736146198,-0.05104889113879807
1995-01-30,-0.046445022947781744,-0.1792710213909533,-0.04907259762360727
1995-01-31,-0.038412727608051145,-0.1849787209499233,-0.04837409415548044
1995-02-01,-0.038279357279228154,-0.18508031301774208,-0.04836740969161368
1995-02-02,-0.02953400219061586,-0.1872674019053231,-0.04531759984124861
1995-02-03,-0.03367469192024808,-0.207915426013231,-0.05948145040775421
1995-02-06,-0.023482337362704553,-0.2080158047077959,-0.05458096669547652
1995-02-07,-0.023963531130575255,-0.2061823318069318,-0.0537195612887742
1995-02-08,-0.024610326511398717,-0.210817231056334,-0.0567956449580701
1995-02-09,-0.020350821508691497,-0.20726093639182175,-0.052610987638096796
1995-02-10,-0.013792167729121618,-0.20270276264043052,-0.04671595197112577
1995-02-13,-0.018419144296938472,-0.20374228873108724,-0.049573658062246784
1995-02-14,-0.021002952341185988,-0.21180680674442687,-0.055637529066187574
1995-02-15,-0.02388123625454741,-0.21757667363901034,-0.06048229962129004
1995-02-16,-0.03618399298362418,-0.2125999510086899,-0.06341505001141867
1995-02-17,-0.03730673623707814,-0.2119141661944891,-0.06355270241128119
1995-02-21,-0.03603261217392861,-0.21122319799872402,-0.06252248527459481
1995-02-22,-0.04241568866132972,-0.2177894621044728,-0.06952839011449441
1995-02-23,-0.039862146423445544,-0.21779742279675418,-0.06829250382415941
1995-02-24,-0.03960064570079447,-0.2165638757160614,-0.06743096560279527
1995-02-27,-0.048536672176290985,-0.22398780654941974,-0.07618807109203563
1995-02-28,-0.05386905715863022,-0.22355410590238722,-0.07851862701363177
1995-03-01,-0.05603100726585253,-0.22402714242616217,-0.07985213786853063
1995-03-02,-0.06382623820171884,-0.2127618537180439,-0.07697221249476449
1995-03-03,-0.07126562553600546,-0.2007226481947294,-0.07358175745399553
1995-03-06,-0.060175235575847585,-0.20492509157522865,-0.07048585401455543
1995-03-07,-0.06832870867937746,-0.2000221017617123,-0.07165184730684804
1995-03-08,-0.060306686051832314,-0.21074409315518827,-0.07387640263899253
1995-03-09,-0.0694482815687314,-0.21651653025714823,-0.08176792346209516
1995-03-10,-0.0603595309331999,-0.2232219448576167,-0.08121303926971912
1995-03-13,-0.06495092469573338,-0.2253417814182589,-0.08471147786277478
1995-03-14,-0.06922738809054718,-0.2329736112528802,-0.09131317239072345
1995-03-15,-0.0679248711478424,-0.23248802839825977,-0.09038973521946259
1995-03-16,-0.06735389155383675,-0.2314824382793722,-0.08951524301939018
1995-03-17,-0.06270926896241802,-0.226629718616303,-0.08437353606733689
1995-03-20,-0.05843697646680923,-0.21807799224001545,-0.07722438506137541
1995-03-21,-0.06048456854925055,-0.21077357665197372,-0.07391764487377195
1995-03-22,-0.0588469973016601,-0.20271255547555944,-0.06838114423714681
1995-03-23,-0.060756469920366096,-0.20542088583229334,-0.07090853123604002
1995-03-24,-0.06516760525690124,-0.21156951822952363,-0.07668501911240422
1995-03-27,-0.06511190072603112,-0.2113484748686154,-0.07652808029195057
1995-03-28,-0.05641477426973718,-0.20825103622329166,-0.0704191448748469
1995-03-29,-0.0628335419411915,-0.20391653357316453,-0.0710363581093224
1995-03-30,-0.0575590285319415,-0.21294272045118856,-0.07368859196713518
1995-03-31,-0.06696181472129425,-0.21552620847064674,-0.07982981469960981
1995-04-03,-0.07107907135136493,-0.2158241835025806,-0.0820348104526708
1995-04-04,-0.07106416593618048,-0.2118721785927734,-0.07971431454388545
1995-04-05,-0.0694387232980953,-0.20505900524777743,-0.07493133822704356
1995-04-06,-0.07371293159133985,-0.19794688105273184,-0.07291765737741596
1995-04-07,-0.07552493808626082,-0.200729356743924,-0.07543255147642025
1995-04-10,-0.07292440558207935,-0.1988550766704178,-0.07304810549371099
1995-04-11,-0.07385172116076555,-0.19476754936276996,-0.07114699743449027
1995-04-12,-0.07890241843565793,-0.19299565216886239,-0.07265776028231707
1995-04-13,-0.09031896212194346,-0.17801366125207718,-0.06979670323266163
1995-04-17,-0.09467624094650962,-0.17559553424347107,-0.07065625207408321
1995-04-18,-0.10405697432009253,-0.17022089254246975,-0.07244167060094597
1995-04-19,-0.10318667500850631,-0.17333572603405112,-0.07373210481923431
1995-04-20,-0.09531750481846946,-0.17915392009419562,-0.07292790387909098
1995-04-21,-0.09583831690473321,-0.17635560938648576,-0.07161453399804485
1995-04-24,-0.09360359355822201,-0.17735108689601542,-0.07102827172509651
1995-04-25,-0.0933398458833411,-0.1751010542138569,-0.06962269487725248
1995-04-26,-0.0855300264593819,-0.17446123908975042,-0.06525482380039038
1995-04-27,-0.08298682742995334,-0.17484876658656157,-0.06417442676366691
1995-04-28,-0.07705610159658183,-0.17808002093525488,-0.06298055482084675
1995-05-01,-0.07206570109967758,-0.1838847891428148,-0.06375612718262835
1995-05-02,-0.07565014852036067,-0.1823951159940963,-0.0647099267797101
1995-05-03,-0.08792840100684396,-0.16624460166391508,-0.061684111967489796
1995-05-04,-0.09943260880972937,-0.15646428942981028,-0.06209830300493935
1995-05-05,-0.12436399394893449,-0.14020097859843894,-0.06603943834239434
1995-05-08,-0.12124591410308128,-0.13435546316514002,-0.06120169480447801
1995-05-09,-0.13080858559231368,-0.12999135140427132,-0.06394327676573774
1995-05-10,-0.1232909372346318,-0.13510060600731433,-0.06264385895468738
1995-05-11,-0.12011819158751713,-0.1424842890967698,-0.06494887219001222
1995-05-12,-0.11536073190231877,-0.13950543308169883,-0.060796893928575235
1995-05-15,-0.12091967445118856,-0.12972685784352023,-0.05841129510370746
1995-05-16,-0.12432320701517963,-0.1290044658884848,-0.05984327352528784
1995-05-17,-0.12294359628898466,-0.1326480316094878,-0.06106911585298158
1995-05-18,-0.11758464133492008,-0.14878114801432418,-0.06693286426599276
1995-05-19,-0.1208621045609557,-0.14320217888199116,-0.06560795590679147
1995-05-22,-0.109728396278295,-0.14718099453701294,-0.061860797546751334
1995-05-23,-0.11215894779891067,-0.1431423230343979,-0.06092005553153035
1995-05-24,-0.12568438355243472,-0.13553318609037823,-0.06390341503932873
1995-05-25,-0.12958223680358494,-0.12105477955382371,-0.058151012816015535
1995-05-26,-0.13569726417836914,-0.12646154646334806,-0.06435630013817484
1995-05-30,-0.14723046478439206,-0.1120662308735626,-0.06288950131677906
1995-05-31,-0.1430900110557486,-0.10997292745105869,-0.059509905254187534
1995-06-01,-0.1492523262972032,-0.10365574371879804,-0.05955390992538079
1995-06-02,-0.1610635794408567,-0.09432053905418014,-0.06118493789139967
1995-06-05,-0.16080881330354313,-0.08896952965976723,-0.058268997442961656
1995-06-06,-0.15925132026149824,-0.0952401015877875,-0.06063603776067272
1995-06-07,-0.14873894964895917,-0.10822907214753807,-0.06150620807732887
1995-06-08,-0.14254225265963727,-0.11440709816835448,-0.06134121391676561
1995-06-09,-0.12868677819791097,-0.12883427802336012,-0.06140325933121571
1995-06-12,-0.13421205741767772,-0.1212474034390314,-0.060292170733555306
1995-06-13,-0.14936857270879067,-0.10497336138222013,-0.0598159998280865
1995-06-14,-0.14306131714696357,-0.10671947648691738,-0.05724747166577604
1995-06-15,-0.1380722990315355,-0.11428641373419046,-0.058496168589356246
1995-06-16,-0.13811688282090595,-0.11018928040761433,-0.05634291464545216
1995-06-19,-0.13671646695447037,-0.10399085377704687,-0.05228951184046904
1995-06-20,-0.13549752852077446,-0.10399137069370379,-0.05162071144116964
1995-06-21,-0.13947592265680253,-0.0941543240017162,-0.04859690152375851
1995-06-22,-0.147767140299353,-0.08494666831678677,-0.04834495686530693
1995-06-23,-0.1444419248222597,-0.08362382062725926,-0.04580050745256736
1995-06-26,-0.1491875753203442,-0.09756368228155166,-0.055704521027944764
1995-06-27,-0.14803658953243992,-0.09809884940294089,-0.05534579114696714
1995-06-28,-0.1465926030141096,-0.09685838610241815,-0.05389561475671456
1995-06-29,-0.13707379015155963,-0.09690198043606546,-0.04864207635186002
1995-06-30,-0.14442875688281787,-0.09138603102604148,-0.04979106828194191
1995-07-03,-0.1411623679878129,-0.09080326491675417,-0.047672498432067
1995-07-05,-0.14078481692591038,-0.09009498754372425,-0.047092235067932475
1995-07-06,-0.15121759199114915,-0.0787139527845726,-0.04691798507072387
1995-07-07,-0.14794545275596271,-0.08479541462261997,-0.04822654727683884
1995-07-10,-0.14593195522800229,-0.08748724459030832,-0.04850166896980124
1995-07-11,-0.13990756145553496,-0.09303042201040845,-0.04803584718304854
1995-07-12,-0.13642834953176053,-0.09191517785464909,-0.045525137713362196
1995-07-13,-0.13832094213371127,-0.08636925583887989,-0.043656425843217495
1995-07-14,-0.13133441565589754,-0.09280273621038593,-0.043146515736588564
1995-07-17,-0.11508822951422515,-0.08790124411304456,-0.03161386745238748
1995-07-18,-0.11236968872083408,-0.0961459995058257,-0.034503153693803745
1995-07-19,-0.10957704554775072,-0.11094374259556627,-0.04088781571669686
1995-07-20,-0.11358454720575084,-0.10508106876435785,-0.03988381975337951
1995-07-21,-0.10351816286873372,-0.10657845636495267,-0.03523538259796888
1995-07-24,-0.11018723900894112,-0.1011632736611201,-0.03590010138153987
1995-07-25,-0.10995594629706362,-0.09961293484984157,-0.034943346862893576
1995-07-26,-0.10043939473190722,-0.10706296751097233,-0.03377660795176585
1995-07-27,-0.10971164248740817,-0.10018067211754655,-0.03503272184443851
1995-07-28,-0.10582659246249815,-0.10636318474203288,-0.03624232129955007
1995-07-31,-0.11500652990433857,-0.10870915969466854,-0.042454507934259644
1995-08-01,-0.1077887378574669,-0.11244587136004192,-0.04055699477607566
1995-08-02,-0.10210232319580304,-0.1263280965470257,-0.045002859413547314
1995-08-03,-0.09502977664177126,-0.1306513436959661,-0.04360454308739692
1995-08-04,-0.09687105835000265,-0.13374719833517423,-0.046280419022358465
1995-08-07,-0.09958993701916163,-0.1366265539811532,-0.04930105431210907
1995-08-08,-0.09750307221118615,-0.1330772865770803,-0.04624521688172667
1995-08-09,-0.09468893813435031,-0.1366741160570102,-0.04673678084834265
1995-08-10,-0.08985763165371696,-0.14773472574272095,-0.05029960290917401
1995-08-11,-0.08430475446118091,-0.15774422915236785,-0.05297940973236248
1995-08-14,-0.08951015929395167,-0.15156563949447954,-0.052197589092262686
1995-08-15,-0.08658718791864739,-0.1628446131734662,-0.0569761902733692
1995-08-16,-0.0906452586558899,-0.1597948598128781,-0.05735328709080312
1995-08-17,-0.08556077180562527,-0.1677277357672553,-0.0591680146066178
1995-08-18,-0.08624565337714651,-0.16526909232734532,-0.058130667319219564
1995-08-21,-0.08729135785650033,-0.16424730118082864,-0.058093137559052654
1995-08-22,-0.08689090999294558,-0.1621301295305485,-0.056693464902387025
1995-08-23,-0.08344233412656554,-0.16737431081385556,-0.05786420479027832
1995-08-24,-0.09618532628446641,-0.15498937709000526,-0.05740658478428318
1995-08-25,-0.10873395316554968,-0.1403118256261905,-0.05576383568099308
1995-08-28,-0.10920722543838002,-0.13924280366569286,-0.0554274570018054
1995-08-29,-0.10541781440000086,-0.14159178609676837,-0.054707218651515954
1995-08-30,-0.1058474783988923,-0.13618885349817078,-0.05195933102639305
1995-08-31,-0.1093207862056883,-0.13198133634362585,-0.05149175398499428
1995-09-01,-0.11198028149587946,-0.12554119788244134,-0.04938917839424006
1995-09-05,-0.11212150091669582,-0.1227739825174059,-0.04796066615213668
1995-09-06,-0.11469155311959722,-0.12018308308364167,-0.047932621386997165
1995-09-07,-0.10992525347823612,-0.123036445060548,-0.04691360396529143
1995-09-08,-0.10519944869391651,-0.12225484591781688,-0.04395870101746813
1995-09-11,-0.1053003994656575,-0.12401948300996124,-0.04497365361666994
1995-09-12,-0.10678291525105887,-0.11550541866220909,-0.04112371830233408
1995-09-13,-0.1043247270664911,-0.11081667128874173,-0.03726275100948784
1995-09-14,-0.11390995560610173,-0.09769634940044347,-0.0353113806829457
1995-09-15,-0.1063667054974281,-0.09357681567197784,-0.029003023874463296
1995-09-18,-0.08907787504523823,-0.08576528570100395,-0.015426231189803241
1995-09-19,-0.09575992651919873,-0.08032962550417377,-0.016110458513145298
1995-09-20,-0.10632498014115488,-0.07353800134701127,-0.018225357256785424
1995-09-21,-0.10530779414362446,-0.10158059145165443,-0.03252503620454428
1995-09-22,-0.1043714816465211,-0.10686800964028886,-0.03486570920163856
1995-09-25,-0.1022924351629082,-0.11226305811084436,-0.036660505750269134
1995-09-26,-0.0992826004403593,-0.11238208585064768,-0.03511014525707523
1995-09-27,-0.09888889963671532,-0.11385295009606233,-0.035698725530885045
1995-09-28,-0.09827242609152065,-0.1108277011820662,-0.03372284253760849
1995-09-29,-0.10919711196408588,-0.09759093033831812,-0.032383902931982345
1995-10-02,-0.11262756721314848,-0.09695843696128559,-0.033907934934950146
1995-10-03,-0.11449827641595833,-0.09283458942844902,-0.03272037810768458
1995-10-04,-0.12066980026264651,-0.08931419883162262,-0.03421428008926919
1995-10-05,-0.13030118783381495,-0.08442152589217644,-0.03690910262125546
1995-10-06,-0.12571060078462548,-0.08311272961154581,-0.03367897333423564
1995-10-09,-0.12259497110386453,-0.08956400193075853,-0.03535672146564883
1995-10-10,-0.12014138422409859,-0.0840266041677108,-0.031074403962441655
1995-10-11,-0.1179260053657587,-0.07638466480427242,-0.025812725512772805
1995-10-12,-0.12252995958459212,-0.07315458348308557,-0.026651622505203698
1995-10-13,-0.12554040144970025,-0.0608174382717761,-0.021843243400403
1995-10-16,-0.12676993142834758,-0.05936368270969161,-0.021773868097839544
1995-10-17,-0.12702593979169863,-0.058421171534802085,-0.021427175381739216
1995-10-18,-0.12321861988199612,-0.05591156059133884,-0.017989134452954803
1995-10-19,-0.12939102412677306,-0.047006148037360806,-0.016814172251197856
1995-10-20,-0.12482919122088021,-0.05610987609207452,-0.018934387149650234
1995-10-23,-0.12457875689805009,-0.0625081344894921,-0.022119147013268114
1995-10-24,-0.12947078960930514,-0.05398184532488515,-0.020404636773992624
1995-10-25,-0.13107798755337696,-0.05309232274329545,-0.02084836910699317
1995-10-26,-0.12930610562270906,-0.0616492204666409,-0.024274177474623126
1995-10-27,-0.12898755343086965,-0.05744308440817236,-0.02190885346070004
1995-10-30,-0.12914163173376914,-0.05589603637900653,-0.02119267775494027
1995-10-31,-0.12999599347812807,-0.0571817752072431,-0.022339310666369294
1995-11-01,-0.1326931757645442,-0.04597549478526142,-0.018044572253230418
1995-11-02,-0.13301168459884105,-0.03728930937844699,-0.01375463319826431
1995-11-03,-0.13455236078643895,-0.04234451126226202,-0.01722032512496552
1995-11-06,-0.13417219101879274,-0.04135895710246673,-0.016498764573652513
1995-11-07,-0.12791372434665904,-0.05019042739540336,-0.017474488858726822
1995-11-08,-0.13305971889620571,-0.041425520703502805,-0.015839919496991706
1995-11-09,-0.13440348379874578,-0.05451018356588111,-0.02331960257477761
1995-11-10,-0.12219117312874705,-0.05514575320062198,-0.01675809922083682
1995-11-13,-0.12269158692625037,-0.046389716543500104,-0.012482469322016243
1995-11-14,-0.12848546041807263,-0.052579956852752185,-0.01894849711388147
1995-11-15,-0.12465434230245254,-0.05417300617062748,-0.017616979212155437
1995-11-16,-0.12427983891576944,-0.04275689137274141,-0.011478157668428413
1995-11-17,-0.12010641391810384,-0.03967521869422386,-0.007531470855247968
1995-11-20,-0.1253366886161148,-0.04733614513515794,-0.014439868426957325
1995-11-21,-0.12366384160440025,-0.048696892677840165,-0.01420126409431699
1995-11-22,-0.12800993860343435,-0.04627043950841114,-0.015388526725464202
1995-11-24,-0.12700841714547595,-0.04016667839606558,-0.011672389583946119
1995-11-27,-0.12227251689715635,-0.04354395218686802,-0.01073036267048022
1995-11-28,-0.1206707478897926,-0.040878890780982724,-0.00844945480283732
1995-11-29,-0.12201844521488658,-0.029528988629994757,-0.003342470673285858
1995-11-30,-0.1265114609193302,-0.01755397581374074,0.0
1995-12-01,-0.1295728025718037,-0.01266417626199745,0.0
1995-12-04,-0.1323677787210482,0.0,0.0
1995-12-05,-0.1293509553264227,0.0,0.0
1995-12-06,-0.12670035783761224,-0.0010474216863899377,0.0
1995-12-07,-0.11964301670512867,-0.00517842876944985,0.0
1995-12-08,-0.11550038342683977,-0.003374848799123753,0.0
1995-12-11,-0.11994235317970325,0.0,0.0
1995-12-12,-0.11739027942364155,-0.00015412072036824487,0.0
1995-12-13,-0.116689584612378,0.0,0.0
1995-12-14,-0.11971807665563294,-0.005895234756811529,-0.004661902634470416
1995-12-15,-0.11607667163645508,-0.006339805647740504,-0.0028257886493485707
1995-12-18,-0.11482695168549795,-0.018635779194547508,-0.008290598500632518
1995-12-19,-0.11774922816176725,0.0,0.0
1995-12-20,-0.1192746818738083,-0.011763465063956424,-0.006746256407011542
1995-12-21,-0.11889120332070546,-0.014549761101460446,-0.00793023994056552
1995-12-22,-0.118747755822049,0.0,-0.00014830254651077013
1995-12-26,-0.12185268184068476,0.0,0.0
1995-12-27,-0.12079197854557266,0.0,0.0
1995-12-28,-0.1201044789332798,0.0,0.0
1995-12-29,-0.12081928968562827,0.0,0.0
1996-01-02,-0.11445268224894678,0.0,0.0
1996-01-03,-0.11013709123473925,0.0,0.0
1996-01-04,-0.11112956503185334,-0.010757719187552639,-0.00593651504122672
1996-01-05,-0.10854382209607272,-0.017522230180001763,-0.007889378536616198
1996-01-08,-0.1044280448491467,-0.026738000093822434,-0.010252197077367353
1996-01-09,-0.11467338534736982,-0.030213709049328297,-0.01768084452662999
1996-01-10,-0.11421983528937751,-0.04709391744291813,-0.02597840342583002
1996-01-11,-0.1199740357401834,-0.05999622114200964,-0.03573622379883734
1996-01-12,-0.12463009487883914,-0.05299326053334874,-0.034695249003384054
1996-01-15,-0.12571264830258677,-0.051552609870285204,-0.03455789266014864
1996-01-16,-0.12156644941703387,-0.04122445102093364,-0.0270120364005747
1996-01-17,-0.11631336014704474,-0.03227539486381903,-0.019561914752311393
1996-01-18,-0.1157942708222307,-0.024045095743739475,-0.015104741215476336
1996-01-19,-0.11302188045588468,-0.019134424332494016,-0.011082864002421089
1996-01-22,-0.10893124858870795,-0.03596392292874295,-0.017286305930335644
1996-01-23,-0.10804706802841757,-0.03320852966707588,-0.015394358727043977
1996-01-24,-0.09917874732228771,-0.02296428137305706,-0.005283089722038614
1996-01-25,-0.09889394518834171,-0.03280711359596955,-0.010136323560162142
1996-01-26,-0.09651023732518271,-0.02024560491632843,-0.002399099918622527
1996-01-29,-0.09433546423292272,-0.016333134310405617,0.0
1996-01-30,-0.09309838174784546,-0.0002915757827522958,0.0
1996-01-31,-0.09750247865616757,0.0,-0.0005140428091782168
1996-02-01,-0.1028548956081613,0.0,-0.000371066734513148
1996-02-02,-0.10839742357488746,-0.0013260046463819952,-0.004121657600500539
1996-02-05,-0.11576251961991635,-0.020297723838120785,-0.017694196576664933
1996-02-06,-0.1119517680971499,-0.012270464568040373,-0.011553205155037105
1996-02-07,-0.10623400075694833,-0.010187136059930602,-0.007328688842898723
1996-02-08,-0.1007671742021623,-0.0021799305904024457,-0.00027762788070506694
1996-02-09,-0.09692101791599694,-9.00083266514029e-05,0.0
1996-02-12,-0.0939359020404722,0.0,0.0
1996-02-13,-0.09074061056969185,-0.005246681393204278,-0.0008600595567932467
1996-02-14,-0.10106481165799897,-0.004961725219265967,-0.0063893288369963885
1996-02-15,-0.10412473965792535,-0.017310605178492366,-0.014246009386425174
1996-02-16,-0.10916727541201199,-0.02333335105439227,-0.020040987735534754
1996-02-20,-0.09169361681143917,-0.061599045853306666,-0.029627398254809312
1996-02-21,-0.09543471798363568,-0.05650651581291122,-0.028992749789865324
1996-02-22,-0.0927997756512019,-0.05191014733092014,-0.025213305028379707
1996-02-23,-0.09624604500978651,-0.05531815741424062,-0.028816800708688417
1996-02-26,-0.10391684902686726,-0.055717154966077986,-0.03314345810407637
1996-02-27,-0.10472150762725518,-0.05949319327283176,-0.03551071718807752
1996-02-28,-0.10326813822090375,-0.06008537040210837,-0.03503149376177883
1996-02-29,-0.10051803164261497,-0.06439215140821775,-0.03576259621090494
1996-03-01,-0.08838649341748439,-0.05522448713493511,-0.024536043543667563
1996-03-04,-0.08478836995147565,-0.0549352468864428,-0.02246165576201986
1996-03-05,-0.08225515342733569,-0.061268182625836,-0.024384061980232907
1996-03-06,-0.08825768840611337,-0.06823234091225427,-0.031193478219891713
1996-03-07,-0.08886478677898524,-0.06274193716245624,-0.028661699085133496
1996-03-08,-0.09974596455820328,-0.09384097713520867,-0.05057669985939073
1996-03-11,-0.09855554571164882,-0.08681989920807509,-0.04627083328229009
1996-03-12,-0.10257722330306751,-0.09668591328380982,-0.05355035626494575
1996-03-13,-0.10360794155087938,-0.10009418243076118,-0.055879381193319366
1996-03-14,-0.10176392616298857,-0.0949031923707564,-0.05218526232494314
1996-03-15,-0.10450318027980854,-0.11098157905966777,-0.062049106575362556
1996-03-18,-0.10181555177515889,-0.10376860330232374,-0.05683659161916721
1996-03-19,-0.09788221137240016,-0.10476635008749924,-0.05529643258301109
1996-03-20,-0.09908381781381614,-0.09972757304938695,-0.05326698961567822
1996-03-21,-0.0955655090107751,-0.10088829039120473,-0.05202868136584682
1996-03-22,-0.09632283598285274,-0.10292037662977394,-0.053496829628583376
1996-03-25,-0.093179423871249,-0.08887359328420863,-0.04444030194770443
1996-03-26,-0.09232696160701581,-0.07917629606325516,-0.038906057327863564
1996-03-27,-0.09738825697710374,-0.08776805777565799,-0.04606939768644802
1996-03-28,-0.10194840519320159,-0.10128675082256411,-0.0555474278416942
1996-03-29,-0.09660655416125286,-0.0811078679585967,-0.042135563783438745
1996-04-01,-0.09537526908780547,-0.06385527466420493,-0.032490642980937845
1996-04-02,-0.08957882457446309,-0.06052314395760072,-0.027669066688102317
1996-04-03,-0.09667804233672939,-0.05561531155470101,-0.028920322187846015
1996-04-04,-0.10242114671738212,-0.054617914243408006,-0.03149447263989025
1996-04-05,-0.1120961781979225,-0.06815542925245621,-0.04364856582374688
1996-04-08,-0.11864388055339081,-0.06812138179470317,-0.04715732345412105
1996-04-09,-0.10890230194225636,-0.058600405210658124,-0.037023882864444246
1996-04-10,-0.11953748106310902,-0.05082829635404784,-0.03879528266593224
1996-04-11,-0.12378901860844038,-0.05437508405745883,-0.04291186942010938
1996-04-12,-0.11123346060980166,-0.03978548337432042,-0.028671400209609343
1996-04-15,-0.10342269416956595,-0.039943808527489466,-0.024483304858259114
1996-04-16,-0.09645859395617706,-0.04796240254609241,-0.024768538437102805
1996-04-17,-0.10119276274028632,-0.04655386264415673,-0.026602007759403357
1996-04-18,-0.12319973054840672,-0.047935304414046365,-0.03922383033613741
1996-04-19,-0.1153545794829226,-0.043098277788674366,-0.03248492562814098
1996-04-22,-0.11969759739756847,-0.03621950283442288,-0.031382316899678964
1996-04-23,-0.12480597216503819,-0.03546045972362233,-0.03381132369987572
1996-04-24,-0.12724392790129135,-0.04047679430849849,-0.037669495376570605
1996-04-25,-0.12468384131085952,-0.0355316565741588,-0.03377827322027971
1996-04-26,-0.1284713660305915,-0.04227810341655802,-0.0392480672939598
1996-04-29,-0.12638567055564365,-0.05670726380522895,-0.04533586300536718
1996-04-30,-0.12337023481429166,-0.06591025586731003,-0.048345233297437784
1996-05-01,-0.11965192210522735,-0.05099327803884901,-0.03872822239822904
1996-05-02,-0.13860638005481907,-0.08338395949955024,-0.06548127181184149
1996-05-03,-0.14318886426633293,-0.07598352115749107,-0.0641945319936511
1996-05-06,-0.1420217860326809,-0.0813219802484565,-0.06626047775289401
1996-05-07,-0.1474621760067263,-0.0804272296234626,-0.06876616184369211
1996-05-08,-0.1458089533914032,-0.07880726853455955,-0.06704299586797036
1996-05-09,-0.14745209339864107,-0.07925882098986459,-0.06816898335180877
1996-05-10,-0.13449199745382734,-0.07834379653643941,-0.060623297427010114
1996-05-13,-0.13131535554829799,-0.07121603747004313,-0.05526701616918128
1996-05-14,-0.12164457998638212,-0.0671559379494765,-0.04794340837618882
1996-05-15,-0.11453232050193296,-0.062009402898204335,-0.04146262475105689
1996-05-16,-0.1147386155957143,-0.06004036130060486,-0.040568197313004095
1996-05-17,-0.10047505085024866,-0.05714002906720095,-0.03135868057995195
1996-05-20,-0.10129226663435797,-0.06704936321364663,-0.036888830844262754
1996-05-21,-0.09664672829708998,-0.06904981803831334,-0.0354321696412957
1996-05-22,-0.09422571947906799,-0.07370503762918468,-0.036551299355321976
1996-05-23,-0.100680823042814,-0.06776727515306813,-0.03689639958258606
1996-05-24,-0.09085101682165031,-0.06301652147564851,-0.0291788684022386
1996-05-28,-0.08988781201720397,-0.06434472569211602,-0.02935268157568094
1996-05-29,-0.10647010889715658,-0.07732122183150014,-0.04492620521186186
1996-05-30,-0.10534401311652897,-0.08040341606251322,-0.04591958075964053
1996-05-31,-0.1184201432571016,-0.07748095524337484,-0.051375889306504385
1996-06-03,-0.1160380767946001,-0.083470418870628,-0.05317375336244912
1996-06-04,-0.11002197156378768,-0.08073622335996411,-0.048539490083608916
1996-06-05,-0.098294940219957,-0.0854167053945214,-0.044693111042039546
1996-06-06,-0.0934891701099545,-0.08772340855165628,-0.04335209335350565
1996-06-07,-0.10800067332885621,-0.0644105431074824,-0.03878576590040672
1996-06-10,-0.11254505385288083,-0.055240631501102366,-0.036523734571641486
1996-06-11,-0.10784832291561375,-0.05721053929644693,-0.03497867011342459
1996-06-12,-0.11004567762183093,-0.06066644083558381,-0.03793578332319103
1996-06-13,-0.11074487111111064,-0.062029011819621505,-0.039011478392523835
1996-06-14,-0.1117558776332942,-0.07057557215442811,-0.0439359042110391
1996-06-17,-0.11846908255581445,-0.07324005722901605,-0.048919220845322076
1996-06-18,-0.12504825386140117,-0.0739497214463225,-0.05283248780089034
1996-06-19,-0.12051957800146496,-0.07386526205946509,-0.05033806585747813
1996-06-20,-0.12015822892651351,-0.07082929302159369,-0.04858642684693881
1996-06-21,-0.11333455368666157,-0.06257051738405617,-0.040668810350795725
1996-06-24,-0.11433402911657053,-0.06493517752518119,-0.04241945708142003
1996-06-25,-0.11071609785481051,-0.06386708571984745,-0.039916701152652445
1996-06-26,-0.112058432710614,-0.06704516336686728,-0.04227099626900388
1996-06-27,-0.10545409110877768,-0.0798199271327853,-0.04526628832273394
1996-06-28,-0.09337774140068478,-0.08037827246687901,-0.03911150234158556
1996-07-01,-0.10104906525196378,-0.07473877092329151,-0.04023046611089309
1996-07-02,-0.10051855756682881,-0.07666481950877768,-0.04094620749693956
1996-07-03,-0.10092603009631285,-0.0765137090938669,-0.041084959134430554
1996-07-04,-0.10096211165265279,-0.07656061890760923,-0.041128555414875145
1996-07-05,-0.11808187270542603,-0.06416097158635403,-0.043820411757269584
1996-07-08,-0.11709493540265048,-0.0651042532708348,-0.04376728283827225
1996-07-09,-0.12188179649773645,-0.061258215286116746,-0.04439258652787492
1996-07-10,-0.12269869592910676,-0.06083047956909837,-0.044619369482186144
1996-07-11,-0.13193095631847052,-0.05633539388153441,-0.04735999475589314
1996-07-12,-0.12639100561682626,-0.05242886780356393,-0.042348315730374675
1996-07-15,-0.14117260906457252,-0.05757599643065703,-0.05305106798869097
1996-07-16,-0.14002426651295363,-0.07303234102387834,-0.06018326095692217
1996-07-17,-0.13035843422252547,-0.07678200520612943,-0.05680247196242272
1996-07-18,-0.11885141427498391,-0.08894426387406973,-0.056775051200254945
1996-07-19,-0.12161639591433449,-0.09878378637748109,-0.0633484147562321
1996-07-22,-0.12909971065162362,-0.10312702565453846,-0.06959528332929077
1996-07-23,-0.1271461075978202,-0.10837764593373844,-0.07127520529436615
1996-07-24,-0.12400877525887977,-0.10953624210873214,-0.07020953366041993
1996-07-25,-0.12506188618044267,-0.11207862330911411,-0.07209575951248814
1996-07-26,-0.11631577837230167,-0.11658042831486637,-0.06981023409869769
1996-07-29,-0.1276124344911732,-0.10900367579252879,-0.07176687473164134
1996-07-30,-0.12332644499866507,-0.11260106060059683,-0.07136056091558773
1996-07-31,-0.1255569156396361,-0.123975252079909,-0.07849329791669923
1996-08-01,-0.11867124156914088,-0.11897535347208865,-0.07223541999460525
1996-08-02,-0.10887612716823158,-0.11179726007422264,-0.06330036618703194
1996-08-05,-0.11286630347355542,-0.11995701793842672,-0.0697001364272477
1996-08-06,-0.10864649899648182,-0.11627316634293139,-0.06554045731541669
1996-08-07,-0.10896995363667894,-0.11087415118294097,-0.06285552574986886
1996-08-08,-0.11539735446413868,-0.10693754986791215,-0.06416094642884984
1996-08-09,-0.11313414075407446,-0.10009120424885487,-0.05937665800273473
1996-08-12,-0.12516313656104994,-0.08735816929921159,-0.0591011678026816
1996-08-13,-0.12951511773291913,-0.09647052371647313,-0.06613871948691052
1996-08-14,-0.12289803321224202,-0.09442002998224197,-0.06152963120319155
1996-08-15,-0.12468753843819269,-0.09724359545452121,-0.06395004545598248
1996-08-16,-0.1266556150491136,-0.09156946769610708,-0.062060671224920205
1996-08-19,-0.12659586161245306,-0.0960210469118089,-0.06432667528070557
1996-08-20,-0.12587214532713176,-0.09468972535069153,-0.06325001904094074
1996-08-21,-0.12463492168243995,-0.09663739630588852,-0.06359474507997287
1996-08-22,-0.13213147100067324,-0.09182436367861391,-0.06510985067065189
1996-08-23,-0.1388053751319155,-0.08706191650983242,-0.06625323202187361
1996-08-26,-0.14799838271776078,-0.08016326502845461,-0.06770902600699624
1996-08-27,-0.14496351441562705,-0.08113857923996726,-0.06654285449284936
1996-08-28,-0.14308909957118376,-0.0782705923339515,-0.06406291817618981
1996-08-29,-0.150627433683314,-0.07168998165926077,-0.06483866339825928
1996-08-30,-0.14959433075544382,-0.06601013123977362,-0.06140905388245854
1996-09-02,-0.14965404744100053,-0.06614978813451555,-0.06151218091298882
1996-09-03,-0.15389912735152123,-0.05879295991769862,-0.060158049357641796
1996-09-04,-0.15516120570205638,-0.06290248971056422,-0.06291078727509225
1996-09-05,-0.165624034814711,-0.05129958679260782,-0.06291203519471533
1996-09-06,-0.1582514277643461,-0.05201605808223242,-0.059125797005635916
1996-09-09,-0.1523310178435271,-0.052930171690146466,-0.05627062261663218
1996-09-10,-0.15487047600769366,-0.041551616744398445,-0.05201503063582813
1996-09-11,-0.1564265612758945,-0.04110359330269875,-0.052666197810981585
1996-09-12,-0.15480052005147082,-0.03901228472332352,-0.05072012932537673
1996-09-13,-0.1367294718260682,-0.05643274975523149,-0.049176058324726935
1996-09-16,-0.12781486353341487,-0.06418830168687484,-0.04817429049729671
1996-09-17,-0.13109491456414946,-0.05819929748149799,-0.046918323970492004
1996-09-18,-0.14275832365633168,-0.06496074359088222,-0.056736202020215676
1996-09-19,-0.13364071870361605,-0.056940874050628976,-0.04767472889682234
1996-09-20,-0.1340115082013631,-0.05048129907450993,-0.044616997590365304
1996-09-23,-0.13491613497156918,-0.054778529631589024,-0.04727788780638742
1996-09-24,-0.14139048617382277,-0.06887432035480778,-0.05794683166645731
1996-09-25,-0.12888037347881054,-0.06452055593449091,-0.048881450307321384
1996-09-26,-0.11954043294137728,-0.0675940865998822,-0.04534507176484559
1996-09-27,-0.121310162334758,-0.06362354277233162,-0.044271858683224585
1996-09-30,-0.1174421555749855,-0.060391762618211664,-0.0405190084062057
1996-10-01,-0.1133287789922639,-0.06448317160517858,-0.04037203177948523
1996-10-02,-0.10528532705802418,-0.07006670825550532,-0.03888311243517206
1996-10-03,-0.1123559272455269,-0.07161309223913082,-0.043479908196636274
1996-10-04,-0.09669683856972644,-0.07863596188452715,-0.03866067961559472
1996-10-07,-0.1078978662160962,-0.07076394338345471,-0.04051423867964099
1996-10-08,-0.10612357234199732,-0.07165782583510183,-0.04002157303841403
1996-10-09,-0.10936687184246663,-0.07297424873485037,-0.042443785620105645
1996-10-10,-0.10836987716938296,-0.08054346794288192,-0.04581708179074828
1996-10-11,-0.10516013371531485,-0.08746007442317916,-0.047688537176652446
1996-10-14,-0.11477814900356909,-0.08492846889740391,-0.0514854353824733
1996-10-15,-0.11315883260617998,-0.078583614976654,-0.047329517864647674
1996-10-16,-0.11204621986546237,-0.07686618943532164,-0.04584407745541552
1996-10-17,-0.1047712473654665,-0.08001604006221408,-0.043563246372808395
1996-10-18,-0.10016380492184329,-0.07599588752118014,-0.039012294503447786
1996-10-21,-0.10095589321622389,-0.07526377206301837,-0.03905454389365626
1996-10-22,-0.11281680567643904,-0.07536857209478398,-0.0454477781058259
1996-10-23,-0.10625012061348182,-0.07483286419131951,-0.04163859047844609
1996-10-24,-0.10045352185816891,-0.07752209493113549,-0.03992362453209852
1996-10-25,-0.09872724314179426,-0.07193585646638112,-0.036095443550891115
1996-10-28,-0.10156693094290004,-0.06656287068720901,-0.034823714993235555
1996-10-29,-0.08981285332270406,-0.07269544350638546,-0.031680627656717864
1996-10-30,-0.09893113685231514,-0.06879539706432125,-0.03449468162355773
1996-10-31,-0.08647142010668585,-0.06931781873322629,-0.028090151498392335
1996-11-01,-0.09057655887064475,-0.06993992523746895,-0.030598727717349394
1996-11-04,-0.08699267445969239,-0.06558285511182838,-0.02641791796204973
1996-11-05,-0.07919347513341568,-0.06276259954708319,-0.020790362327129053
1996-11-06,-0.07834231166373051,-0.056400675255197985,-0.017014372675385414
1996-11-07,-0.0857929198515599,-0.067001941688144,-0.0265094461533939
1996-11-08,-0.09513913847678868,-0.06370689480363179,-0.029766565378542387
1996-11-11,-0.0973382057654989,-0.07491627490519004,-0.03675339422026902
1996-11-12,-0.08798774661813635,-0.08249334325333635,-0.035709197029288986
1996-11-13,-0.09926388871809377,-0.07603707073159482,-0.03827771409658698
1996-11-14,-0.10009836713677378,-0.07371863235205123,-0.03751661063334932
1996-11-15,-0.09219784761463012,-0.07461736000715535,-0.033758564803807456
1996-11-18,-0.08634781411162917,-0.07192215540766389,-0.029238148117030294
1996-11-19,-0.08336268696178695,-0.0677598014684484,-0.02547539472953053
1996-11-20,-0.07942087755718885,-0.07533100605840926,-0.0273373329146962
1996-11-21,-0.08698877706980235,-0.06897742263634543,-0.027993688230036673
1996-11-22,-0.08119036649343692,-0.06690250428126188,-0.023824019768885596
1996-11-25,-0.06531348254645086,-0.06736430397849247,-0.01563149697831212
1996-11-26,-0.06407883375170598,-0.06765111433938897,-0.015132719335208433
1996-11-27,-0.059581531757917916,-0.06414568176111657,-0.010915024787578664
1996-11-29,-0.04844501917736377,-0.0652603207052389,-0.005647631480044768
1996-12-02,-0.04469110544617916,-0.04978136563990643,0.0
1996-12-03,-0.03790942578936485,-0.06793060578672705,-0.006000564251597451
1996-12-04,-0.043060493015043666,-0.06340488414520984,-0.00624830502628404
1996-12-05,-0.059278530939274154,-0.05272020196250726,-0.009000904770657736
1996-12-06,-0.06304456481136755,-0.04468281326503443,-0.006780394085890484
1996-12-09,-0.04980269123561765,-0.042434411399052685,0.0
1996-12-10,-0.04469361189819021,-0.04535659994103147,0.0
1996-12-11,-0.059304802422852854,-0.03923614376518081,-0.004441760189892396
1996-12-12,-0.0701039120475897,-0.037690012533246886,-0.009355164342001898
1996-12-13,-0.06412132608845511,-0.038271144939524326,-0.0064675763923539575
1996-12-16,-0.07655365616694432,-0.03231392290666535,-0.009989570074250498
1996-12-17,-0.08031074808240812,-0.03286302572784705,-0.012284411107781668
1996-12-18,-0.08468314363132001,-0.03376794385039228,-0.015094401043556194
1996-12-19,-0.07034216098966761,-0.03670515535995533,-0.008875747432411152
1996-12-20,-0.06329421090375353,-0.03326217046370661,-0.003347550831008017
1996-12-23,-0.060374250449380384,-0.03368712267790164,-0.0020131867244307378
1996-12-24,-0.0627402999806721,-0.030185054681196366,-0.0014612606712272047
1996-12-26,-0.057666967872924024,-0.03190229949188039,0.0
1996-12-27,-0.04760214251335737,-0.026643789347693847,0.0
1996-12-30,-0.03921061089393163,-0.020150093552266712,0.0
1996-12-31,-0.050667296904677195,-0.006626826366667005,0.0
1997-01-02,-0.06656375385211777,-0.005594018097502262,-0.00785258815282408
1997-01-03,-0.05753620647697277,0.0,0.0
1997-01-06,-0.0683460988935437,0.0,-0.004809647874919665
1997-01-07,-0.07082235861899322,-0.0026664708633589163,-0.007459038116543026
1997-01-08,-0.0689793558589844,0.0,-0.003548377432045835
1997-01-09,-0.05796172176063086,-0.0020377417313303114,0.0
1997-01-10,-0.07533028992541324,0.0,-0.0071140844986193885
1997-01-13,-0.07361985383467895,-0.00467451039448219,-0.008516401712836852
1997-01-14,-0.07428314333273278,-0.005526711747284696,-0.009295809499522023
1997-01-15,-0.07964563938644675,-0.0020911372514658133,-0.010454010202811337
1997-01-16,-0.08160841477975522,-0.002454133112834378,-0.01168915488016875
1997-01-17,-0.07545429472820975,-0.001812011526024948,-0.008059742714499163
1997-01-20,-0.07195623495921033,0.0,-0.003666070245900377
1997-01-21,-0.06700098367329277,0.0,0.0
1997-01-22,-0.0636353752032992,0.0,0.0
1997-01-23,-0.06204337583818331,0.0,0.0
1997-01-24,-0.06781249155075075,-0.0020791068504498744,-0.004114917234144588
1997-01-27,-0.06460414935179082,0.0,-0.0012523712750319715
1997-01-28,-0.05819566672374743,0.0,0.0
1997-01-29,-0.05942289558710723,0.0,0.0
1997-01-30,-0.06247249611543726,0.0,0.0
1997-01-31,-0.05802605806837191,-0.012323008030840299,-0.0037901399601567576
1997-02-03,-0.054071610966422545,-0.01446139416976333,-0.0027775042331976696
1997-02-04,-0.05268465957817947,-0.013413279858696225,-0.001516153955464783
1997-02-05,-0.045089433172166626,-0.015776711892238504,0.0
1997-02-06,-0.04170303887581295,-0.0155285903720227,0.0
1997-02-07,-0.04756330413645837,-0.02242125489460345,-0.0065583388402070675
1997-02-10,-0.0515052210018605,-0.02041401056009029,-0.0075942446593759705
1997-02-11,-0.054034480011715624,-0.01850308647700949,-0.007949454635414188
1997-02-12,-0.04475587236376588,-0.017585916920790368,-0.0026206200205953767
1997-02-13,-0.0450630539923097,-0.022334989559463447,-0.005191693708484046
1997-02-14,-0.04497091679432541,-0.031247129177497723,-0.009677908332322849
1997-02-18,-0.052204033787195736,-0.04053439796005065,-0.018175141016875784
1997-02-19,-0.047322545180889075,-0.03984706114789949,-0.015295089014177421
1997-02-20,-0.056101939687655866,-0.052397221502403224,-0.02626790030939341
1997-02-21,-0.050562413018104824,-0.05556703854239875,-0.025039203313240388
1997-02-24,-0.0479917182464884,-0.05192323133107002,-0.02183850785161401
1997-02-25,-0.054654304852311486,-0.0524242102089868,-0.025519755243189945
1997-02-26,-0.04667160265738346,-0.03387212859001765,-0.011865980141486876
1997-02-27,-0.05363400092571191,-0.04841810108196687,-0.02291292438175696
1997-02-28,-0.05466114582681558,-0.05705048497909959,-0.027875047009601195
1997-03-03,-0.05311630811339574,-0.05360973708594696,-0.02530713835338061
1997-03-04,-0.053242725057480955,-0.04023878154384797,-0.018486790584108848
1997-03-05,-0.05397637002461819,-0.034444017038389285,-0.01590403089353809
1997-03-06,-0.05826622742317311,-0.03470175382500318,-0.018266624223997274
1997-03-07,-0.05894347997852445,-0.03172178747853638,-0.01710428189151625
1997-03-10,-0.0665847910848496,-0.02874105005904548,-0.019581935183791144
1997-03-11,-0.06172522184213991,-0.03479710297818717,-0.02008637804443547
1997-03-12,-0.058267007087989486,-0.03808522781979928,-0.019949655873534256
1997-03-13,-0.05997352010688639,-0.04880003248652964,-0.026296038532707233
1997-03-14,-0.06277436061612085,-0.055689865974411945,-0.03127304879542159
1997-03-17,-0.05788401313782132,-0.05688411255998416,-0.029358252722529232
1997-03-18,-0.06668284738830543,-0.056203455378744716,-0.033540615689693465
1997-03-19,-0.069114582120958,-0.058302732333658014,-0.03587450152623739
1997-03-20,-0.06893873683883933,-0.058584624704072885,-0.03592774241584029
1997-03-21,-0.06597961743810654,-0.05642999486313116,-0.03329248210713176
1997-03-24,-0.05748184126309597,-0.054853768649613,-0.02808746059068712
1997-03-25,-0.06036282418196304,-0.04857792986340981,-0.026346092263405785
1997-03-26,-0.06072839465663815,-0.05063141254512926,-0.02758622784989373
1997-03-27,-0.07836098207361708,-0.044180338843628264,-0.03340976993231626
1997-03-31,-0.06906340480722972,-0.04780220159809534,-0.03036558306109549
1997-04-01,-0.07268839750002198,-0.05331934323569565,-0.035062508207718834
1997-04-02,-0.06331425172497751,-0.055784803505000924,-0.03144175968428453
1997-04-03,-0.059735294763680336,-0.05515640639676622,-0.029269091852815454
1997-04-04,-0.05110388079649386,-0.05845860664991942,-0.026509886321387732
1997-04-07,-0.05414727645843631,-0.07485150329731516,-0.03654559747497588
1997-04-08,-0.05349945235720843,-0.07523850001026533,-0.036417167823939556
1997-04-09,-0.053654269270169475,-0.07856591467052365,-0.03822952281931724
1997-04-10,-0.06344047896260396,-0.08317897988542533,-0.0456098843234658
1997-04-11,-0.07162121617376893,-0.07749140328486293,-0.04681780717375106
1997-04-14,-0.07823355091349937,-0.08017349320247014,-0.0515979400805362
1997-04-15,-0.0641549398665695,-0.08174088591935602,-0.045163267753807745
1997-04-16,-0.057734164569636204,-0.07518420480862287,-0.038478800912157496
1997-04-17,-0.05813530741691053,-0.08204570748252071,-0.042250386919963745
1997-04-18,-0.05974082856387075,-0.08531528780713937,-0.04477234824915055
1997-04-21,-0.06828718173919002,-0.08481876159072965,-0.0488542845370078
1997-04-22,-0.05498716558837813,-0.08964662305849647,-0.04457436863245612
1997-04-23,-0.05656723807587327,-0.0854788045970224,-0.04318602495054569
1997-04-24,-0.05661996070684572,-0.07416686339733725,-0.037295224582784336
1997-04-25,-0.06025838675056616,-0.0781010731391697,-0.041197148936724104
1997-04-28,-0.047865404087306884,-0.06969768932512577,-0.03050508409934871
1997-04-29,-0.03330809228601206,-0.08006183802606615,-0.0284941054833745
1997-04-30,-0.02945622096635936,-0.0818945104236346,-0.027526280961623018
1997-05-01,-0.027363471241414805,-0.07935672597858645,-0.025133792081261763
1997-05-02,-0.020218460093721746,-0.07614999211574958,-0.019855296771826625
1997-05-05,-0.013694337201913709,-0.07235048876032157,-0.014576513388049883
1997-05-06,-0.011389843093942753,-0.06180807491406304,-0.007825799447665038
1997-05-07,-0.024840982453147142,-0.08380672527705058,-0.02620782676680078
1997-05-08,-0.030113283860677686,-0.08229310336122486,-0.028035892607536583
1997-05-09,-0.04259928258374035,-0.09093461331202546,-0.03886847300128615
1997-05-12,-0.041222859620166696,-0.079695064584266,-0.03223593633263744
1997-05-13,-0.046294369379049294,-0.08702450147794305,-0.03864916365557258
1997-05-14,-0.04242201047624161,-0.07775657941405056,-0.03181796496471079
1997-05-15,-0.04383243086345434,-0.0756411801426119,-0.03142059895900817
1997-05-16,-0.05415599635910917,-0.0768586731047014,-0.03728725426292301
1997-05-19,-0.051167202223320274,-0.07263482572277458,-0.03356375172308734
1997-05-20,-0.04582299305511661,-0.062038157671327476,-0.025320512695491404
1997-05-21,-0.04964738811945646,-0.06658039073781252,-0.0296338198971674
1997-05-22,-0.046140750873938985,-0.06736303573504832,-0.028250389774006623
1997-05-23,-0.035987904508206436,-0.05648508025924681,-0.01741167844900504
1997-05-27,-0.026067552181055054,-0.0567365002795438,-0.012486837155540442
1997-05-28,-0.03177387794269859,-0.060419527323999134,-0.01730768633864277
1997-05-29,-0.025981622038444563,-0.05555498418361249,-0.011824413305836279
1997-05-30,-0.019123920335094025,-0.045185167923057934,-0.002920740064100813
1997-06-02,-0.02442048537127106,-0.05041602425151681,-0.008343968656946643
1997-06-03,-0.02101040072984328,-0.05245601484488038,-0.0076760160259242705
1997-06-04,-0.014494534697466532,-0.051107649619150375,-0.0036676643223372274
1997-06-05,-0.017174031759579544,-0.05573844257506322,-0.00745328647541843
1997-06-06,-0.0074653371230885,-0.046711699598879886,0.0
1997-06-09,-0.018996040334342212,-0.054517113769687375,-0.009902657703950157
1997-06-10,-0.015460967772537249,-0.04659992300436977,-0.003973347870937616
1997-06-11,-0.01793858970479323,-0.048451249417375775,-0.006193662971141212
1997-06-12,0.0,-0.02510910880436612,0.0
1997-06-13,0.0,-0.015917818609639478,0.0
1997-06-16,0.0,-0.005429020567881415,0.0
1997-06-17,-0.003198998988519497,-0.009351974163081422,-0.003571683318404517
1997-06-18,0.0,0.0,0.0
1997-06-19,0.0,0.0,0.0
1997-06-20,0.0,0.0,0.0
1997-06-23,-0.0047660068791356425,-0.0023516683464405164,-0.0035588376127880794
1997-06-24,-0.003268120918911266,-0.009100754197506666,-0.006179445880724721
1997-06-25,-0.010948103329461834,-0.012397384107763476,-0.011661395384196527
1997-06-26,-0.011662609071101615,-0.01818077564481202,-0.01491224134865421
1997-06-27,0.0,-0.00097806543613288,-0.00041721163155716834
1997-06-30,-0.006959346470859495,0.0,-0.0023156776400883317
1997-07-01,0.0,0.0,0.0
1997-07-02,0.0,0.0,0.0
1997-07-03,0.0,0.0,0.0
1997-07-07,0.0,0.0,0.0
1997-07-08,-0.005035505805293328,-0.007884611522210427,-0.0064600586637518775
1997-07-09,-0.01726713222119114,-0.02173576327906368,-0.019502635613583008
1997-07-10,-0.007969110244323674,-0.01477456741205585,-0.011375656862765315
1997-07-11,-0.006259714168664221,-0.010723606715538292,-0.008491425768119676
1997-07-14,-0.011762113054863188,-0.02688777119275554,-0.01933676511822724
1997-07-15,-0.018546835327485467,-0.027437139493714402,-0.022979940065401938
1997-07-16,-0.01358583942068925,-0.01275129873805736,-0.013134073662081525
1997-07-17,-0.00984103290376026,-0.01256493768293454,-0.011167668465849268
1997-07-18,-0.011567122685644748,-0.03135543099577942,-0.021438098424208074
1997-07-21,-0.008861525192419228,-0.025806403388861088,-0.01729588911291291
1997-07-22,-0.017593944886245216,-0.015325102601435159,-0.01633851100792738
1997-07-23,-0.021358858113004642,-0.014955659392497545,-0.018038841752976653
1997-07-24,-0.01716182900994645,-0.010365903451734937,-0.013645513024377331
1997-07-25,-0.011699744072113272,-0.012055965675733304,-0.011746930371936304
1997-07-28,-0.0187696347833618,-0.026249568329098416,-0.022380728204119738
1997-07-29,-0.02131485768580621,-0.022310718711003208,-0.021671406634273027
1997-07-30,-0.027929384575441363,-0.017864012609972946,-0.022752658292397143
1997-07-31,-0.024961228593913587,-0.013815579778463927,-0.01924653615187788
1997-08-01,-0.023424557920449063,-0.04083260172999137,-0.03190781668419851
1997-08-04,-0.021453155270730218,-0.035017032954937855,-0.02799583738227185
1997-08-05,-0.013857081984819719,-0.025833837814385086,-0.019598188933271365
1997-08-06,-0.024636548718560136,-0.03696871132579782,-0.03055961844197186
1997-08-07,-0.02272989161343475,-0.04099643993402746,-0.031639345969536214
1997-08-08,-0.04296966243191935,-0.07923327166713867,-0.06097192783697669
1997-08-11,-0.03491847313267871,-0.06799196090226378,-0.051289928348766556
1997-08-12,-0.04506149427190542,-0.07483686995292993,-0.05975919335734825
1997-08-13,-0.047493502139030586,-0.0720238773723727,-0.059527063062205565
1997-08-14,-0.03862518489508271,-0.05862246979102392,-0.04835798327475793
1997-08-15,-0.038141353105498266,-0.062199550374762325,-0.04992655847265737
1997-08-18,-0.04055388792960479,-0.055211807420367465,-0.04757845028914243
1997-08-19,-0.042264591505785876,-0.05680114308173845,-0.049228627938780356
1997-08-20,-0.044708371285651416,-0.05808814883201896,-0.051090302298033796
1997-08-21,-0.052896837776923666,-0.07886242950218103,-0.06562149419579588
1997-08-22,-0.04773700696949623,-0.08000117647217608,-0.06365379881293842
1997-08-25,-0.04315594120253108,-0.08167162979800446,-0.062251619234832245
1997-08-26,-0.040619594712936746,-0.08004654791507393,-0.06017903099409494
1997-08-27,-0.04466790629669948,-0.08066868101811042,-0.062479703578858015
1997-08-28,-0.04732886456094465,-0.0768212871240892,-0.06182361913593826
1997-08-29,-0.03909369421916442,-0.07569500846676236,-0.05719639452113234
1997-09-01,-0.03892226850307734,-0.07546058146898371,-0.05699273706843455
1997-09-02,-0.0460512094541532,-0.07708088588267747,-0.06131652245858277
1997-09-03,-0.04452170919225307,-0.07933638543427723,-0.061711022886938416
1997-09-04,-0.03969628836057737,-0.07841592879622095,-0.05887267876700231
1997-09-05,-0.036827348459071874,-0.07656342754385792,-0.056520961038670325
1997-09-08,-0.03456150340785913,-0.07347833216281718,-0.05383517545634786
1997-09-09,-0.04046840326543999,-0.07953399494835833,-0.05982168810808908
1997-09-10,-0.04307141896699651,-0.0832025432751261,-0.06297050137504667
1997-09-11,-0.04452867803647376,-0.09091075021287831,-0.0676231357254693
1997-09-12,-0.0330161376490139,-0.06803482553829876,-0.05027503687964918
1997-09-15,-0.0319535475833026,-0.0663630127593321,-0.04890138883952688
1997-09-16,-0.03242298572600588,-0.04361384992972217,-0.03754468071035588
1997-09-17,-0.03220750442986675,-0.04257223882279182,-0.0369133998137281
1997-09-18,-0.024828496683311996,-0.03586661823402304,-0.029869209222359028
1997-09-19,-0.01994364209983257,-0.03275490520947055,-0.025873872219476235
1997-09-22,-0.024832757329482202,-0.028483459932766575,-0.026152721760247855
1997-09-23,-0.02365281079154824,-0.030998003736646962,-0.026823835253631745
1997-09-24,-0.02859434482190837,-0.030520449745862988,-0.029046772025492107
1997-09-25,-0.022588878739372764,-0.03403822921734534,-0.02780700086471144
1997-09-26,-0.024296706191815898,-0.023216583210925568,-0.023210628634197872
1997-09-29,-0.02005000150930547,-0.01610028082600401,-0.017526739857759877
1997-09-30,-0.022693400252605467,-0.025639711457404513,-0.023614642634003702
1997-10-01,-0.02301694713511948,-0.012928227837594064,-0.01740731226979808
1997-10-02,-0.025351222978117538,-0.005501653826272546,-0.014884714616696937
1997-10-03,-0.03155425428086134,-0.008835070102895859,-0.019670519464632052
1997-10-06,-0.03232682772048945,-0.007724277691698145,-0.019512221688651743
1997-10-07,-0.037546752329257194,-0.010804763345992785,-0.023678692137195312
1997-10-08,-0.03992415261074633,-0.0325420454991282,-0.03561171097304017
1997-10-09,-0.037127559446278435,-0.031778547173065386,-0.033826595657662106
1997-10-10,-0.040475308364893325,-0.047683893837636826,-0.04344205986243865
1997-10-13,-0.03818717195072008,-0.056548667887085124,-0.04675365888774119
1997-10-14,-0.02728751842820043,-0.04577036429717052,-0.035907269056215
1997-10-15,-0.030190551196784154,-0.0501250255930048,-0.03954575868309085
1997-10-16,-0.03605792549864051,-0.05739818012080855,-0.04612822597529831
1997-10-17,-0.0292831125065518,-0.06546949483795461,-0.04686011626986042
1997-10-20,-0.023863240621123882,-0.06080500589417848,-0.04182056315066485
1997-10-21,-0.02932278129766086,-0.06195368283613045,-0.04508606364168766
1997-10-22,-0.03198081237899719,-0.05921650389679922,-0.04500029771152414
1997-10-23,-0.03091638499398608,-0.05983865512477626,-0.0447910183746959
1997-10-24,-0.02701151522223011,-0.05083127584044522,-0.03829076413677901
1997-10-27,-0.02247421550198081,-0.05094354696962422,-0.03610529055339906
1997-10-28,-0.017590668463297154,-0.051588309223920326,-0.03402498773597029
1997-10-29,-0.015198740671032884,-0.04055170361443994,-0.027228536201259534
1997-10-30,-0.021740903692684665,-0.040106701159211555,-0.030234069020982357
1997-10-31,-0.01966542885255751,-0.033478793180310995,-0.02585730269865516
1997-11-03,-0.013950869681459976,-0.03394339668225688,-0.02325220348958834
1997-11-04,-0.006574875449971929,-0.03856217426008768,-0.021933941421203862
1997-11-05,-0.0006230963961072478,-0.040070070571266436,-0.019771049102680238
1997-11-06,-0.003138484810052189,-0.036297324145895704,-0.019078382890496348
1997-11-07,-0.002363907632674911,-0.031347277512200566,-0.01617804132428924
1997-11-10,0.0,-0.032715241737296674,-0.011137461154949735
1997-11-11,-0.00037341278137903444,-0.032968268327391415,-0.011451423610761124
1997-11-12,0.0,-0.02519423975547197,-0.0037520563235228233
1997-11-13,0.0,-0.025646319621452363,-0.0030894965039706124
1997-11-14,-0.001091510293129594,-0.022434635793337043,-0.001990547505124507
1997-11-17,-0.003036473859617028,-0.016246338725409815,0.0
1997-11-18,-0.0048095632597280336,-0.013506304697997407,0.0
1997-11-19,0.0,-0.00036360269578072923,0.0
1997-11-20,0.0,0.0,0.0
1997-11-21,-0.0015447790886663482,0.0,0.0
1997-11-24,-0.0038703341812745817,-0.007297340399107233,-0.0048132467593744455
1997-11-25,-0.0028184253007169646,-0.007814214610726067,-0.004546873982000266
1997-11-26,-0.009605058856806625,-0.009630419187735773,-0.008845401744864367
1997-11-27,-0.009195538283593319,-0.009376443385949673,-0.008513395844136018
1997-11-28,-0.0046948717344243995,-0.013785485433726818,-0.008467954914002651
1997-12-01,-0.005535088689757717,-0.0022951606550912773,-0.0031103313102998076
1997-12-02,-0.004229696523460613,-0.005310391597103781,-0.003962427468711005
1997-12-03,-0.006710711354176224,0.0,-0.0020034744873106414
1997-12-04,-0.0075722357874659085,0.0,-0.0017642994879524254
1997-12-05,-0.0068074422735281415,-0.009559940060046568,-0.006151201580556376
1997-12-08,-0.01249694283413516,-0.019948706242945646,-0.014210091787187906
1997-12-09,-0.01943823802629796,-0.02125884771924491,-0.018333624857257314
1997-12-10,-0.01793755449127299,-0.019662862869060937,-0.016782060388524367
1997-12-11,-0.014880170128762416,-0.004979224555674566,-0.00788817584402246
1997-12-12,-0.007715269800268376,0.0,0.0
1997-12-15,-0.0038490463522403706,0.0,0.0
1997-12-16,-0.004626878827583392,0.0,0.0
1997-12-17,-0.015725844142213563,-0.023690078438140527,-0.0174203180158079
1997-12-18,-0.00035969562198845395,-0.01561848308397884,-0.005688755377871613
1997-12-19,0.0,-0.011795009979643445,-0.0023055518965348076
1997-12-22,0.0,-0.010568836526648084,0.0
1997-12-23,-0.006768060617310279,-0.01379941210793778,-0.005016572167327205
1997-12-24,-0.008029853607116721,-0.017035343356243793,-0.007280955995227489
1997-12-26,-0.004134705880169953,-0.01379223085067982,-0.0036942641284208877
1997-12-29,-0.004799709441909883,-0.002936006859934781,0.0
1997-12-30,0.0,-0.004116490838024456,0.0
1997-12-31,0.0,0.0,0.0
1998-01-02,0.0,0.0,0.0
1998-01-05,-0.008418992335012199,0.0,0.0
1998-01-06,-0.005464726252232821,0.0,0.0
1998-01-07,-0.009852172803684778,-0.011383942231913635,-0.007897748360497503
1998-01-08,-0.0031032667809428593,0.0,0.0
1998-01-09,-0.014930847275310133,0.0,-0.0023887962252181483
1998-01-12,-0.008275901235334282,0.0,0.0
1998-01-13,-0.016442907607087665,-0.02890553435610721,-0.01857034704826488
1998-01-14,-0.017699168644414676,-0.030675082874586423,-0.020091309672934377
1998-01-15,-0.021727643490536908,-0.040219827787498885,-0.026925122524151468
1998-01-16,-0.01687192812962235,-0.05042421428091359,-0.029683031773583224
1998-01-19,-0.01635793618720538,-0.0499973060595732,-0.02921126820829023
1998-01-20,-0.016650545519069748,-0.051622709803450295,-0.030186144869931875
1998-01-21,-0.0140537651973619,-0.048835202146008894,-0.02748036935365472
1998-01-22,-0.015662245097754934,-0.04646567020586467,-0.027062291733988886
1998-01-23,-0.0062852463366012135,-0.06477972344785177,-0.03177145399409309
1998-01-26,-0.0205485554379502,-0.07060086273958688,-0.041733497265116104
1998-01-27,-0.01806842876078274,-0.08599143722334679,-0.0484545604995279
1998-01-28,-0.01781324620582103,-0.0890291952626947,-0.04991217453102692
1998-01-29,-0.01792273101839137,-0.0766408302557322,-0.04350496764213563
1998-01-30,-0.011863250370558576,-0.06550283410399071,-0.03478530103083366
1998-02-02,-0.014453079698442672,-0.06758858998597073,-0.03712733526258649
1998-02-03,-0.020877621215027897,-0.05695781093744767,-0.03477666230138232
1998-02-04,-0.02332111056171604,-0.06053527127667935,-0.037811866425011664
1998-02-05,-0.0207581236256561,-0.0660854126628394,-0.03939157919128955
1998-02-06,-0.013601253253100354,-0.06634632389534456,-0.03601542047640194
1998-02-09,-0.02234377368081142,-0.07139456255107035,-0.04289347002221988
1998-02-10,-0.021690832516951697,-0.0728002434189261,-0.04329827390468666
1998-02-11,-0.014828411723290524,-0.05976541043226935,-0.03321805703778602
1998-02-12,-0.01275611740237037,-0.054359706090154614,-0.02942208434232685
1998-02-13,-0.012295820199118901,-0.047314210274701285,-0.025580174129734012
1998-02-17,-0.0021687100287766103,-0.033490282339122324,-0.013515072875847522
1998-02-18,-0.0026742372766729305,-0.03791819934166074,-0.016024677509255403
1998-02-19,0.0,-0.039976565502098604,-0.015027965267772614
1998-02-20,0.0,-0.03228595798263045,-0.007614480259773293
1998-02-23,-0.0007492195583861383,-0.0266917910617519,-0.0051178436093317625
1998-02-24,0.0,-0.029514618879038723,-0.003711801152533445
1998-02-25,0.0,-0.02914053816397666,-0.000628294745973812
1998-02-26,0.0,-0.035611313435145786,-0.002764834850807585
1998-02-27,-0.004596719219840284,-0.043205078072563796,-0.008983041643895184
1998-03-02,-0.007889996025936097,-0.06161528405012007,-0.020156769304285005
1998-03-03,-0.004086496980702514,-0.05919602268244595,-0.017015460594689724
1998-03-04,-0.006045385907746059,-0.057211528636335496,-0.016945455882819593
1998-03-05,-0.006590351998033928,-0.06017680801759984,-0.018760913346019148
1998-03-06,-0.003631791006229901,-0.05565388813291372,-0.014938638565216489
1998-03-09,-0.0050944171143338934,-0.04979903263631735,-0.012608009560631683
1998-03-10,-0.0026308634822255206,-0.05106144841125859,-0.012041448672788446
1998-03-11,0.0,-0.042938956505752746,-0.005307813174762255
1998-03-12,0.0,-0.034822652257497366,0.0
1998-03-13,0.0,-0.023674892619150678,0.0
1998-03-16,0.0,-0.003317806821351743,0.0
1998-03-17,-0.004146876693209234,-0.004419752110128239,-0.002626245097000157
1998-03-18,-0.005989577603671359,-0.0064980413516282365,-0.004590019028588799
1998-03-19,0.0,-4.705541050065154e-05,0.0
1998-03-20,0.0,0.0,0.0
1998-03-23,-0.003527335460305814,-0.017848027035124225,-0.01068768124771502
1998-03-24,0.0,-0.011706055037586927,-0.003883874071412774
1998-03-25,-0.007445237623582068,-0.02196065308793327,-0.012759915438299907
1998-03-26,0.0,-0.018621565322696765,-0.0064374570285475885
1998-03-27,0.0,-0.0205526512211488,-0.00580100130241934
1998-03-30,-0.004123066498050831,-0.026560043683782286,-0.010899511087739788
1998-03-31,0.0,-0.009526028560127853,0.0
1998-04-01,0.0,0.0,0.0
1998-04-02,0.0,0.0,0.0
1998-04-03,0.0,0.0,0.0
1998-04-06,0.0,0.0,0.0
1998-04-07,-0.003009001075571782,-0.0051567850036384755,-0.004082893039605184
1998-04-08,-0.01404331312684981,-0.01671812713246046,-0.015381017413023668
1998-04-09,-0.015336341381373186,-0.019552456249275152,-0.017445746058081135
1998-04-13,-0.008395036411004253,-0.027750324209453114,-0.018090270063566116
1998-04-14,-0.0060148963717947534,-0.0172194232204671,-0.011594068906348398
1998-04-15,-0.011929766554348853,-0.02699350742120976,-0.019449919233439972
1998-04-16,-0.013309577610879364,-0.02351444169986916,-0.018381554701077385
1998-04-17,-0.005981018374219271,-0.019361281128990826,-0.01264861511223836
1998-04-20,-0.005270420995806546,-0.022574996343498688,-0.01391355653106885
1998-04-21,-0.004933483737293409,-0.03715010769831173,-0.021098685977548493
1998-04-22,0.0,-0.030943309800061103,-0.01396239853764214
1998-04-23,-0.004323281396822698,-0.03902255175647151,-0.020204265349321515
1998-04-24,-0.008531139817906874,-0.03586294910617738,-0.020663899320079282
1998-04-27,-0.009845260018154556,-0.051978968970477823,-0.02949795856095061
1998-04-28,-0.01793205181302182,-0.057069846850337114,-0.03606690121008038
1998-04-29,-0.009828566483586876,-0.05083089953131181,-0.028901020743050898
1998-04-30,-0.006708305616352939,-0.023005756883564432,-0.013136929767124883
1998-05-01,-0.011263077642914676,-0.02041010406127841,-0.014088640413337572
1998-05-04,-0.013165123572391968,-0.02695044691533721,-0.018328220003286932
1998-05-05,-0.01813064083195115,-0.039037107089020195,-0.02689486915040873
1998-05-06,-0.01808766112435689,-0.0382261120556433,-0.02646294993952103
1998-05-07,-0.019358544681225887,-0.03754485812954156,-0.026748178606408213
1998-05-08,-0.015229698456073137,-0.03636628141114184,-0.02410341306683883
1998-05-11,-0.012038945729796469,-0.03220370536755657,-0.020414638787172867
1998-05-12,-0.006726626545402348,-0.018263257534836264,-0.01072586680669596
1998-05-13,-0.0038780906924148484,-0.019756888313271492,-0.010059882589785407
1998-05-14,-0.006381506396059611,-0.025575614028519156,-0.014241966102937376
1998-05-15,-0.002918692294992087,-0.022815663253402674,-0.011128230067407818
1998-05-18,0.0,-0.006179228111974688,-0.0006491660046571424
1998-05-19,0.0,-0.0017984529492263146,0.0
1998-05-20,0.0,0.0,0.0
1998-05-21,-0.006386177108766433,-0.0066495588074939604,-0.006517867958130141
1998-05-22,-0.004815357303096457,-0.004789442551268341,-0.004802380723219812
1998-05-26,-0.006956483757164178,0.0,0.0
1998-05-27,-0.009516548889497378,0.0,0.0
1998-05-28,-0.003151996571355231,0.0,0.0
1998-05-29,-0.010310620637617007,-0.0018473393750516598,-0.004514299373114761
1998-06-01,-0.007975066436345712,0.0,0.0
1998-06-02,-0.009213043094070894,-0.009520532666939308,-0.005384230820570712
1998-06-03,-0.012174640526875335,-0.012217603791001008,-0.008224919085856874
1998-06-04,-0.01021714325385692,-0.013031014103350502,-0.00765060610680135
1998-06-05,-0.004141783699641355,-0.0024671216546963137,0.0
1998-06-08,0.0,0.0,0.0
1998-06-09,0.0,0.0,0.0
1998-06-10,0.0,0.0,0.0
1998-06-11,0.0,0.0,0.0
1998-06-12,0.0,0.0,0.0
1998-06-15,0.0,0.0,0.0
1998-06-16,-0.000748146897466162,-0.014908045647337498,-0.007828096272401774
1998-06-17,-0.012177830281562718,-0.04564587461939695,-0.028981819214472293
1998-06-18,-0.0070177700571537605,-0.03533810529784798,-0.021201801313661006
1998-06-19,-0.008740623633594957,-0.04392851588388902,-0.0264090711376751
1998-06-22,-0.005695923822359172,-0.03950839755262925,-0.022663298772622964
1998-06-23,-0.008620969804642997,-0.04114495309031252,-0.02493349315458826
1998-06-24,-0.003089815495710635,-0.0394730761532841,-0.021363350081218258
1998-06-25,0.0,-0.03425498539895444,-0.015401617742803908
1998-06-26,0.0,-0.03280744348533904,-0.013228745016716559
1998-06-29,0.0,-0.03637969485412196,-0.011531955038268982
1998-06-30,-0.008997524124718548,-0.04006727889073569,-0.01787017328635676
1998-07-01,-0.00975300239744048,-0.036499781769813056,-0.016419535187886636
1998-07-02,-0.0023487177281860117,-0.02989387473723648,-0.009370526225990328
1998-07-06,0.0,-0.01682896214417584,0.0
1998-07-07,-0.0006622721749401927,-0.028944253876616588,-0.006492470822707319
1998-07-08,-8.424004489970827e-05,-0.026603919059713488,-0.005007918042545079
1998-07-09,0.0,-0.02027350227578273,-0.00014167577500678874
1998-07-10,0.0,-0.01262039385407765,0.0
1998-07-13,0.0,-0.026687640042230343,-0.006528161107520303
1998-07-14,-0.002537505015004604,-0.02784064728065383,-0.008377075294627945
1998-07-15,-0.0022692403204367384,-0.029139423927560415,-0.008906117921994361
1998-07-16,0.0,-0.03162757383429071,-0.007943052530206218
1998-07-17,0.0,-0.03984375177199728,-0.011362752045034896
1998-07-20,0.0,-0.03261963599381701,-0.002617222062358593
1998-07-21,-0.00600500759066025,-0.02596058376563637,-0.002179079328509692
1998-07-22,-0.004257762439924928,-0.024571646306986494,-0.0005906697232188618
1998-07-23,-0.006192515584374836,-0.023244358933501297,-0.0008816495090991916
1998-07-24,-0.004240254652572717,-0.02413803411548565,-0.0003573705292471141
1998-07-27,-0.005626755008509954,-0.0213993948527047,0.0
1998-07-28,-0.013867650020253808,-0.027764060304804605,-0.007395685334134816
1998-07-29,-0.011735311181783392,-0.02712179223425837,-0.005994656864814485
1998-07-30,-0.005725979734320097,-0.02479545942697403,-0.001784111711325198
1998-07-31,-0.009185895336229266,-0.02093292809409797,-0.0015440914038771236
1998-08-03,-0.004263770664238331,-0.0035049550933027307,0.0
1998-08-04,-0.018193846658921764,-0.004686695735952262,-0.007587811066281702
1998-08-05,-0.016159112713459378,-0.0002957686948947824,-0.004370389673350017
1998-08-06,-0.014232115620102959,-0.0029386995051474685,-0.0047114254940539
1998-08-07,-0.00887400771186464,0.0,0.0
1998-08-10,-0.0016695530052945884,0.0,0.0
1998-08-11,0.0,0.0,0.0
1998-08-12,0.0,-0.0016651769347811873,0.0
1998-08-13,-0.010377245062240581,-0.009846398031585712,-0.009286056031278966
1998-08-14,-0.009519091785151201,-0.009099805577710618,-0.008482998798820085
1998-08-17,-0.004775400556623066,-0.01160242166655745,-0.007360759061990962
1998-08-18,-0.0014915136132575002,-0.008009156512082671,-0.003918738228683494
1998-08-19,-0.006844435946324667,-0.008835875677372318,-0.007003757366455643
1998-08-20,-0.01236352040516997,-0.004919135727281088,-0.007800866985795629
1998-08-21,-0.004467038605353246,0.0,0.0
1998-08-24,-0.007961144062591852,0.0,-0.0014362227643861525
1998-08-25,-0.007803299678428743,0.0,0.0
1998-08-26,-0.006228195953598137,0.0,0.0
1998-08-27,-0.01660154369494138,0.0,0.0
1998-08-28,-0.02149183414085709,0.0,0.0
1998-08-31,-0.0341884248837252,0.0,-0.005706738830812297
1998-09-01,-0.04000565884838092,-0.027635147392133796,-0.022439851046638593
1998-09-02,-0.037360410714809666,-0.03393281887235711,-0.024258685647630895
1998-09-03,-0.05141691974570739,-0.04217208388867377,-0.035543482406310556
1998-09-04,-0.05185547037214322,-0.042442692958382655,-0.03590266794080399
1998-09-08,-0.04793579678727855,-0.059320304431919046,-0.042406298309302315
1998-09-09,-0.03849073955975779,-0.0318230949741779,-0.02366052850294087
1998-09-10,-0.05020644013469289,-0.014369243876138027,-0.020808228557275488
1998-09-11,-0.048361839940360585,-0.0319946645765512,-0.028612519406647552
1998-09-14,-0.04296587336807345,-0.029289948202020688,-0.02450146171234857
1998-09-15,-0.03967966470709139,-0.03687317668787571,-0.026636974538906677
1998-09-16,-0.03819657403909704,-0.02331485584679105,-0.01903414785721602
1998-09-17,-0.04784865233864166,-0.022709872411127763,-0.023652520767841967
1998-09-18,-0.05516352218784748,-0.018118609185563628,-0.02510948131119961
1998-09-21,-0.05117067126698249,-0.017675517618051084,-0.022829583702649647
1998-09-22,-0.046844418091132156,-0.022513710402145004,-0.023008249399217973
1998-09-23,-0.04658835759249569,-0.015166399044796441,-0.019205220347446317
1998-09-24,-0.05290380593252719,-0.018729419591163032,-0.024227842446317704
1998-09-25,-0.05152539466620465,-0.01576754271339964,-0.022045129009738318
1998-09-28,-0.05159061695716427,-0.016645538759217038,-0.022514951793070948
1998-09-29,-0.05685537038846289,-0.013586899547885278,-0.023707838601024767
1998-09-30,-0.05952087024940311,0.0,-0.016906125908207725
1998-10-01,-0.06661209437186,0.0,-0.009452242979474335
1998-10-02,-0.05971637498653193,-0.007531769167839597,-0.009523527930630049
1998-10-05,-0.059963003395957615,-0.00014221228759070392,-0.0059660612290416415
1998-10-06,-0.0627980992008984,-0.010893517616785808,-0.012809376140998863
1998-10-07,-0.07357179301585604,-0.03825345095621735,-0.03213701725234219
1998-10-08,-0.0651644809346652,-0.05537104412882288,-0.03635857954223165
1998-10-09,-0.058354069770131245,-0.08392010598391397,-0.04741027955955757
1998-10-12,-0.05846855132251216,-0.08020186560301601,-0.045534971252596645
1998-10-13,-0.05417149132158783,-0.08122695576216354,-0.04388879017528324
1998-10-14,-0.05310711150830261,-0.07039715617421904,-0.037715857716859924
1998-10-15,-0.04928674566289626,-0.0762310223088496,-0.0387941070932567
1998-10-16,-0.054533493499151486,-0.0748471573686863,-0.0407264602154338
1998-10-19,-0.05213850695548605,-0.06525927736819814,-0.03454073345881503
1998-10-20,-0.053622422968413797,-0.06288185686923453,-0.03406869144578262
1998-10-21,-0.05185520465995186,-0.06662275937637363,-0.03509478666748278
1998-10-22,-0.04648115893054605,-0.06841840634894292,-0.03328841563334051
1998-10-23,-0.047086947123994416,-0.0720006411653995,-0.035454161066793555
1998-10-26,-0.032746237054882665,-0.07526375568735655,-0.029892084436422994
1998-10-27,-0.03843231750847842,-0.06572148858569193,-0.027738287274276963
1998-10-28,-0.03943543853279219,-0.06565027825707404,-0.028208373171933476
1998-10-29,-0.03940439337082857,-0.06171499122972679,-0.02614617688451959
1998-10-30,-0.04137189348652259,-0.0723166608188649,-0.03264528530844002
1998-11-02,-0.04234290300423815,-0.07243606523460389,-0.03319746503505072
1998-11-03,-0.03946250177367916,-0.07050219336052055,-0.030735670700341666
1998-11-04,-0.04060883595662346,-0.07716965534346454,-0.034790402574153556
1998-11-05,-0.03744998620009832,-0.08097123360903224,-0.03518947824382279
1998-11-06,-0.03495065985826418,-0.08651996532166306,-0.036849452201748734
1998-11-09,-0.024777237165002464,-0.07911141689572854,-0.027867054993945373
1998-11-10,-0.021482975177445574,-0.07948069310832573,-0.026420055236134
1998-11-11,-0.024240484463427525,-0.08409719368822932,-0.03023315602505805
1998-11-12,-0.026858469630130055,-0.0858552648601505,-0.0324648408414675
1998-11-13,-0.021901469871468793,-0.07528963399210908,-0.024409262743844473
1998-11-16,-0.02504201470806,-0.07637433298182172,-0.02654770027709219
1998-11-17,-0.025322046265488618,-0.08026722697888022,-0.02873895137196425
1998-11-18,-0.022726155760075417,-0.088368766425447,-0.03172327147965748
1998-11-19,-0.0214587618578006,-0.08696946304060593,-0.030352283019368653
1998-11-20,-0.021355893203675813,-0.08209955379790834,-0.027715369581183813
1998-11-23,-0.017522941988201035,-0.06658893063305071,-0.017596545895954163
1998-11-24,-0.015297903099184551,-0.06244158923278664,-0.014301597370598218
1998-11-25,-0.010349612114549989,-0.060078478210223274,-0.010582724768805063
1998-11-27,-0.0033221862345388375,-0.06166694758333158,-0.007905898136582046
1998-11-30,0.0,-0.054518726966092945,-0.00023654923682248086
1998-12-01,-0.00031257624248171023,-0.04319913425707356,0.0
1998-12-02,-0.001124800888857469,-0.04104973807857337,0.0
1998-12-03,-0.0008844990882392878,-0.03368350583345714,0.0
1998-12-04,0.0,-0.03622324595750026,-6.541012244731803e-06
1998-12-07,-5.746139496143332e-05,-0.04510577570528029,-0.0046434297958933834
1998-12-08,0.0,-0.029908886129065837,0.0
1998-12-09,-0.003455468875830925,-0.017888098296146238,0.0
1998-12-10,-0.00677271841036009,-0.010452904075478942,0.0
1998-12-11,-0.010433353388377586,-0.0021416222178138877,0.0
1998-12-14,-0.01644770679378904,-0.0020487717533288485,-0.0029923575661376933
1998-12-15,-0.01619032041050783,-0.009911092585172643,-0.00678934721877078
1998-12-16,-0.01986379802258842,-0.0195106065409828,-0.013458527905767292
1998-12-17,-0.0018817833935645956,0.0,0.0
1998-12-18,-0.0012760365386318417,0.0,0.0
1998-12-21,-0.000813994605656787,-0.00450035592240039,-0.002018861826873275
1998-12-22,-0.004468089266816411,-0.008619531197455843,-0.005908427611399647
1998-12-23,-0.003972018596236859,-0.01178677422434582,-0.007248703338255336
1998-12-24,-0.0027422409180065666,-0.023334174418550013,-0.01243605140239179
1998-12-28,-0.004917728125049425,-0.014702605492348475,-0.00914927949827371
1998-12-29,-0.002853443830667879,-0.007195111975612178,-0.0043466228997453005
1998-12-30,-0.0008672561579389226,0.0,0.0
1998-12-31,-0.007867923570081481,-0.0005985922707170133,-0.0038026681623938297
1999-01-04,-0.008095655552920356,-0.000597752935764917,-0.0039165823970259694
1999-01-05,-0.009292131726826303,-0.002906992234031014,-0.005668126341167423
1999-01-06,-0.0008522252216460746,-0.01829334208914457,-0.00910460762644194
1999-01-07,-0.016742065334967804,-0.021108511775184358,-0.01840466702122956
1999-01-08,-0.02364920602172149,-0.0361322657765063,-0.029385023613299754
1999-01-11,-0.038503734482493335,-0.03898336380438694,-0.03820418262287428
1999-01-12,-0.01985154230406161,-0.025867795808033556,-0.022312080037099502
1999-01-13,-0.01275252043956343,-0.005213240948314546,-0.008406506294607374
1999-01-14,-0.007941600260376158,0.0,-0.001450165064536435
1999-01-15,-0.007473906801487629,-0.004726274303364586,-0.003574498395083059
1999-01-19,-0.0087802820093551,0.0,0.0
1999-01-20,-0.00875214320659301,-0.004092204802178312,-0.002031908372130964
1999-01-21,-0.009477803641430027,-0.005458145228938616,-0.0030815815389878543
1999-01-22,-0.00014022397569835032,0.0,0.0
1999-01-25,-0.00222971879681344,0.0,0.0
1999-01-26,0.0,0.0,0.0
1999-01-27,0.0,-0.0022471364652619785,0.0
1999-01-28,0.0,-0.0019423320502243158,0.0
1999-01-29,0.0,-0.0024915241716780834,0.0
1999-02-01,-0.016280639581964906,-0.012017616762860173,-0.012915262972929664
1999-02-02,-0.031356723612305015,-0.019513683917373403,-0.024223721431887557
1999-02-03,-0.026981655792094883,-0.017650401826202478,-0.02109291306848149
1999-02-04,-0.04307831884697366,-0.027936448392491764,-0.034314953647620716
1999-02-05,-0.046682584255393955,-0.0399041062681782,-0.04207815418480787
1999-02-08,-0.050975040925724135,-0.04429938995616589,-0.04642741408164641
1999-02-09,-0.04306327193971882,-0.0338656884443701,-0.037247338827934184
1999-02-10,-0.04223371390557329,-0.03881911338741073,-0.03929808244198829
1999-02-11,-0.03577862726426306,-0.03160062439816469,-0.03245320047818323
1999-02-12,-0.05186827248100323,-0.0426735017071771,-0.04605733262812184
1999-02-16,-0.024705347388746746,-0.025605504216315023,-0.023888797685989616
1999-02-17,-0.021268301474543172,-0.02387118775071495,-0.021300149914818434
1999-02-18,-0.021375842320937366,-0.031528178382909,-0.025192497825890503
1999-02-19,-0.018965660530203654,-0.029803152746970873,-0.023123951489714023
1999-02-22,-0.01040911190322491,-0.01662127536622038,-0.012227498213613353
1999-02-23,-0.015600192778135846,-0.030174710140614014,-0.021625265354377476
1999-02-24,-0.015315813866019323,-0.020442198467831685,-0.016574792113070558
1999-02-25,-0.030620992577787387,-0.0348201739970998,-0.03143496788236544
1999-02-26,-0.0279452032232802,-0.02571218281664367,-0.025528228653559637
1999-03-01,-0.02933050896673184,-0.036907519415255385,-0.031821328966999074
1999-03-02,-0.03179437207630187,-0.05235060660111335,-0.040812421140072
1999-03-03,-0.03230907864724131,-0.05233629297726883,-0.041060133438413526
1999-03-04,-0.030426845579002992,-0.05612854526052957,-0.042046215605392234
1999-03-05,-0.022665733829619117,-0.04736700870229327,-0.0337660360707106
1999-03-08,-0.0314927679463759,-0.05866444220730971,-0.04385879043184293
1999-03-09,-0.03134792760434124,-0.055570913767433616,-0.04221620266724224
1999-03-10,-0.035428947611174655,-0.07108691387862065,-0.05210152030164572
1999-03-11,-0.03921150839594312,-0.06687005093076714,-0.05180858578234049
1999-03-12,-0.03313440945198631,-0.05645575401820224,-0.04351867929492981
1999-03-15,-0.02106010045001283,-0.04058965657115976,-0.029504544738236937
1999-03-16,-0.020333388456083568,-0.04325656056865068,-0.03049318191134942
1999-03-17,-0.023369200078415253,-0.05299361104949363,-0.03692881954140104
1999-03-18,-0.022087160918180304,-0.04517699471230263,-0.03232209214765103
1999-03-19,-0.03245016922307076,-0.06120137203789511,-0.045569423941308806
1999-03-22,-0.03589439208387968,-0.08017148621505332,-0.05691117772081955
1999-03-23,-0.03495550617553311,-0.08063606625655573,-0.056690132365368906
1999-03-24,-0.02940596472325252,-0.07097222133611669,-0.049020079057794264
1999-03-25,-0.0338806937912135,-0.08223407119830806,-0.05697620905683165
1999-03-26,-0.02415497092003105,-0.08700191538681323,-0.05467912658636376
1999-03-29,-0.025399623926324777,-0.08680830495927738,-0.055181754493028534
1999-03-30,-0.018234203369460578,-0.08109253277729556,-0.04875166254452257
1999-03-31,-0.017003650536236092,-0.07168469739000027,-0.04328603986024149
1999-04-01,-0.01203876708304441,-0.07029670431607615,-0.04015474421157095
1999-04-02,-0.004564922024708151,-0.06730967210230154,-0.03498223173160775
1999-04-05,0.0,-0.0644082060546799,-0.029172849465455952
1999-04-06,0.0,-0.05710338751136612,-0.02275456882001714
1999-04-07,-0.004871367303037832,-0.059612011465348,-0.02643483489880849
1999-04-08,0.0,-0.04765036909901332,-0.016013921230751182
1999-04-09,-0.0022010795869688016,-0.05525038931670023,-0.021023081089832085
1999-04-12,0.0,-0.04835989913620364,-0.016141502514185446
1999-04-13,-0.006396602373646365,-0.06249197758680736,-0.026593442908686704
1999-04-14,-0.011869743976935632,-0.06676626371951233,-0.03149336516698986
1999-04-15,-0.016164616527961306,-0.0797410452898143,-0.04033074572316264
1999-04-16,-0.016288612010147197,-0.08655500944540473,-0.04394410746446964
1999-04-19,-0.016996345827246073,-0.08721465867534262,-0.044633236423930356
1999-04-20,-0.019959694178774856,-0.08817640848188923,-0.046576561428005925
1999-04-21,-0.015528664258862235,-0.08532348867855366,-0.04292967868896225
1999-04-22,-0.015199336319291934,-0.0895233671737472,-0.04496686596011634
1999-04-23,-0.015251389356657374,-0.08708956166594184,-0.04371565077569739
1999-04-26,-0.008584891342063083,-0.07388003937260401,-0.03356018521780879
1999-04-27,-0.0039899466148541896,-0.07350119952151468,-0.031122923196806762
1999-04-28,-0.005823849835720596,-0.07985861666722527,-0.03533899897648074
1999-04-29,-0.004261858681644304,-0.07560639437414551,-0.03235220988751908
1999-04-30,-0.009530171649257735,-0.10037199764200955,-0.04787427242454878
1999-05-03,-0.008119731600310764,-0.10095329245803641,-0.047503961728915245
1999-05-04,-0.015259371318869452,-0.11408681022301048,-0.057889196076730154
1999-05-05,-0.013275654054364372,-0.11227817576320032,-0.055978593112190556
1999-05-06,-0.022184386221732133,-0.12277369306925534,-0.06582075854596958
1999-05-07,-0.016971771305389738,-0.11510949762675615,-0.05924986878829697
1999-05-10,-0.014653124051372202,-0.11420046245608328,-0.05765719589640117
1999-05-11,-0.01786563334104163,-0.11896546595620516,-0.061727931877977094
1999-05-12,-0.01668710204638546,-0.11700017909243843,-0.060118500823268084
1999-05-13,-0.01127012822535478,-0.12128233518809262,-0.05980864701818511
1999-05-14,-0.015534331734232243,-0.13949781150372542,-0.07158098109411248
1999-05-17,-0.017495966349365344,-0.13951861989449732,-0.0725171848242726
1999-05-18,-0.022665987606789506,-0.13163416547094497,-0.07070824327250269
1999-05-19,-0.00996624419318981,-0.12879521214964695,-0.0631514392290835
1999-05-20,-0.0029695967532540335,-0.12928479817746352,-0.060104285258549384
1999-05-21,0.0,-0.12566508192990633,-0.053195749823625293
1999-05-24,0.0,-0.11459426294381692,-0.04311142924043754
1999-05-25,-0.00833472034293814,-0.12190709013811063,-0.051050741062094396
1999-05-26,-0.005262515425323522,-0.10854246409673951,-0.042359274343500064
1999-05-27,-0.007724402391937613,-0.09966654726901425,-0.038776872906301496
1999-05-28,-0.012065147438381496,-0.10444540075318098,-0.0434303493577477
1999-06-01,-0.023660867014788978,-0.08832476148853441,-0.04043465979026317
1999-06-02,-0.018977889332401743,-0.08644045239520648,-0.0371417526946044
1999-06-03,-0.02821714937534514,-0.09895277803127123,-0.048269615230458585
1999-06-04,-0.021204514335266822,-0.09670062765902088,-0.043646233600217244
1999-06-07,-0.020648076460971554,-0.09960979012820115,-0.04491440826027426
1999-06-08,-0.02962951476595166,-0.09194669347791351,-0.045229555860142656
1999-06-09,-0.02959392841671815,-0.0886177284543892,-0.04346193264012532
1999-06-10,-0.03589803555310411,-0.08494009657382895,-0.04463901761236744
1999-06-11,-0.03941612984795406,-0.0837556682370657,-0.045763819975433884
1999-06-14,-0.0357600879267832,-0.09728324570077618,-0.050992126452202746
1999-06-15,-0.020144759249355215,-0.08332638163715844,-0.03597151479444349
1999-06-16,-0.019432045231894457,-0.0770495241500212,-0.032320355425712655
1999-06-17,-0.010068104880820328,-0.08995580612661191,-0.03446580485000239
1999-06-18,-0.021094833977471694,-0.09825824338103273,-0.044247627356218455
1999-06-21,-0.021468152469029556,-0.09348137945599355,-0.041898382592626904
1999-06-22,-0.017578868723649554,-0.08332126386788219,-0.0346252170518585
1999-06-23,-0.014687156126913181,-0.0821093103720435,-0.03256628073217305
1999-06-24,-0.013113804024986186,-0.07681287872991716,-0.029002726492769804
1999-06-25,-0.01574452154618644,-0.08073764768261604,-0.03236092064050489
1999-06-28,-0.011011456435619293,-0.08365022665976496,-0.03156726795163234
1999-06-29,-0.008331669065737901,-0.08628695232894001,-0.03164851870895835
1999-06-30,-0.007854209171650695,-0.10933379756355899,-0.043627904987071586
1999-07-01,0.0,-0.09119100132333768,-0.027504654503681225
1999-07-02,0.0,-0.07931332737252272,-0.015220344881486714
1999-07-06,0.0,-0.0502011604132484,0.0
1999-07-07,-0.005348120037254267,-0.05199103141393491,-0.003616296904000338
1999-07-08,0.0,-0.05125666759567715,0.0
1999-07-09,0.0,-0.04118720226200967,0.0
1999-07-12,-0.0011436195612782862,-0.05357698212213502,-0.007032810243583931
1999-07-13,0.0,-0.050549181815686794,-0.003361943661306932
1999-07-14,-0.008653985202864312,-0.05182140588456652,-0.008342115646720272
1999-07-15,-0.012684818623444727,-0.05737011122801172,-0.013259738645434949
1999-07-16,-0.0055910247918474765,-0.04782407956922785,-0.00471853797041677
1999-07-19,-0.015960269440672747,-0.05360066011479314,-0.01292675404717225
1999-07-20,-0.012642633645000512,-0.06965960201917865,-0.019637380265547844
1999-07-21,-0.012608821767074008,-0.08193409940395047,-0.026087828257576162
1999-07-22,-0.019779242462780067,-0.07268832984844975,-0.024719999946417825
1999-07-23,-0.024678183535471465,-0.07343993054283582,-0.027552363929720824
1999-07-26,-0.02487024601729304,-0.06699860688911452,-0.02426794818705813
1999-07-27,-0.01897049121764738,-0.058109015897135574,-0.01666788547420406
1999-07-28,-0.02052413443036305,-0.057108749080715504,-0.016924392205908023
1999-07-29,-0.022617996276853236,-0.05912547198734264,-0.019026506814692423
1999-07-30,-0.037804033559025174,-0.06638448975024624,-0.030431621052939728
1999-08-02,-0.04551330561175404,-0.07778117147393959,-0.04023357148101281
1999-08-03,-0.043437722974071336,-0.0799920233276864,-0.04034047232597482
1999-08-04,-0.04821094907120105,-0.08654537507315785,-0.046152710762330296
1999-08-05,-0.044647325779909486,-0.0907664735345266,-0.04657092298567467
1999-08-06,-0.05007186696418586,-0.08007034289935644,-0.04366971114020479
1999-08-09,-0.05076589747076965,-0.07292891198961005,-0.040307060301849496
1999-08-10,-0.05255361671377434,-0.07674377762170015,-0.043185320348961165
1999-08-11,-0.043766968119074545,-0.0757993883542295,-0.038259197175267046
1999-08-12,-0.032842054772210916,-0.06637311271188362,-0.027860696293926734
1999-08-13,-0.027614929253824694,-0.07421693566406962,-0.029317363964154186
1999-08-16,-0.0309980539659227,-0.07422839024464778,-0.031011969820785357
1999-08-17,-0.024748198116559816,-0.0778129285565794,-0.02976302176703416
1999-08-18,-0.026763738269765747,-0.07133490402136089,-0.027357831091574858
1999-08-19,-0.035065652346040976,-0.07116947822698594,-0.031419624481446085
1999-08-20,-0.031498957100421165,-0.06609294104330876,-0.026982643132814288
1999-08-23,-0.03239138579467449,-0.05467356535583212,-0.021482139271098544
1999-08-24,-0.03449641865952169,-0.05661284878896178,-0.02355020911656247
1999-08-25,-0.03236127407999878,-0.07116818701045036,-0.030003261085964184
1999-08-26,-0.0267934189783976,-0.06705617470131764,-0.02506542310130111
1999-08-27,-0.029669117041024262,-0.060394870528480804,-0.023025264145069557
1999-08-30,-0.03268708078792948,-0.04846499992765896,-0.018342407647528147
1999-08-31,-0.049383936211393364,-0.05949387759327107,-0.03250364610509582
1999-09-01,-0.05844627418103232,-0.058941721757306054,-0.03683127533326669
1999-09-02,-0.0644135344409893,-0.06350546260957513,-0.04221888352383263
1999-09-03,-0.054967053360877594,-0.06833508462985294,-0.0398532947099951
1999-09-07,-0.05779855108363585,-0.07358062776253038,-0.04399463734012721
1999-09-08,-0.05232368554620792,-0.07286006994612926,-0.040845314535009836
1999-09-09,-0.06513109406007822,-0.06481918775942397,-0.04316731165307586
1999-09-10,-0.05657890443473135,-0.06760777962019715,-0.04021733191494603
1999-09-13,-0.0588289435494318,-0.0565858619411338,-0.035689010787111064
1999-09-14,-0.06054574168385418,-0.049786660216001866,-0.033093611885213314
1999-09-15,-0.06003778823599604,-0.04627405602403212,-0.03104505735894314
1999-09-16,-0.05662118841628261,-0.05254351022638626,-0.03246884777579684
1999-09-17,-0.055442559475778364,-0.054111302402376604,-0.03266495094430644
1999-09-20,-0.05602964336881311,-0.05132305244157065,-0.031539837236433166
1999-09-21,-0.050558827474494805,-0.05881206395820482,-0.03255605522266003
1999-09-22,-0.0415033202307985,-0.06399361685244676,-0.030605499351414434
1999-09-23,-0.031022137016451734,-0.07264074530136233,-0.029783113099636327
1999-09-24,-0.022106095629771172,-0.08337348220420593,-0.030933765546085845
1999-09-27,-0.007512939343501612,-0.0946803638849163,-0.029679926458360817
1999-09-28,0.0,-0.11727283788313314,-0.03655149299099236
1999-09-29,-5.4733738159451484e-05,-0.1065006309915395,-0.030699221690883793
1999-09-30,0.0,-0.10671046700866849,-0.030751616019251804
1999-10-01,-0.005901217368948997,-0.09502460428274262,-0.027271716928772283
1999-10-04,-0.004040600901375702,-0.10577809436365637,-0.03214069423842014
1999-10-05,-0.013649796287927951,-0.0971799725009238,-0.032156654483483926
1999-10-06,-0.012142540817423386,-0.09912379261613091,-0.032459076451440416
1999-10-07,-0.01531857959156413,-0.10010519653199934,-0.03454145005096221
1999-10-08,-0.018679093081515385,-0.10877678950890712,-0.040840595107653144
1999-10-11,-0.01321512117958945,-0.10631826327805638,-0.03684733909201143
1999-10-12,-0.018426300695215003,-0.11053841361650418,-0.04166463157345235
1999-10-13,-0.016843454910908995,-0.10615749101307126,-0.03853186972902167
1999-10-14,-0.018091740345183682,-0.1079015740485898,-0.040080261606699974
1999-10-15,-0.014022919540445544,-0.11403884249218987,-0.04139333462284456
1999-10-18,-0.01693742646344032,-0.11245347663454686,-0.04195245521433999
1999-10-19,-0.02125320731699243,-0.10881909646416033,-0.04209389987306922
1999-10-20,-0.01758283853254239,-0.10393268784992415,-0.03767165868765254
1999-10-21,-0.021108054415910793,-0.10325951533879096,-0.03903674856046713
1999-10-22,-0.01611713145692595,-0.09353284948550411,-0.03137535705179295
1999-10-25,-0.018192813120422424,-0.09904356452953444,-0.03534139841684425
1999-10-26,-0.007901346245683616,-0.09488399618878907,-0.028058706741170947
1999-10-27,-0.00620720141689135,-0.09826910626746566,-0.029046362511672474
1999-10-28,-0.008034917322540358,-0.10388962172229688,-0.032965209787926164
1999-10-29,0.0,-0.11223551146975475,-0.033402904138278844
1999-11-01,0.0,-0.10187975659580961,-0.02392720018900729
1999-11-02,-0.004229861651169786,-0.10994014420277709,-0.03037152205781013
1999-11-03,-0.005160444425429178,-0.11445090368250088,-0.03328160206058994
1999-11-04,0.0,-0.11636621433140848,-0.03159285626424757
1999-11-05,0.0,-0.1171130513208124,-0.027459020109127596
1999-11-08,-0.002935204370850375,-0.1158767947795839,-0.0282054263774163
1999-11-09,-0.001856476078487379,-0.11306549354595885,-0.026134694554270088
1999-11-10,-0.00020157459586056525,-0.10565917138272785,-0.02126125250426303
1999-11-11,0.0,-0.10077602579666511,-0.015363118491319327
1999-11-12,0.0,-0.09844097479853353,-0.007567854334504576
1999-11-15,-0.006259516664110065,-0.10403654865908585,-0.013753718460289943
1999-11-16,-0.008076356751254177,-0.1012686669648859,-0.013131892434264048
1999-11-17,-0.009497927500691561,-0.09166921974385311,-0.008568632297258572
1999-11-18,-0.010137079906476054,-0.08595668193306472,-0.005770927543034876
1999-11-19,-0.008098010455537819,-0.08704639360613742,-0.005339549879144423
1999-11-22,-0.01223708978114435,-0.08617351093775927,-0.006939343255877417
1999-11-23,-0.01629320811119095,-0.091770841470601,-0.012019605787048082
1999-11-24,-0.018652879069746886,-0.08565239129531255,-0.009876712520106357
1999-11-26,-0.01937253503375258,-0.07461959848998301,-0.004266195986533217
1999-11-29,-0.021426611979333154,-0.06145412470040801,0.0
1999-11-30,-0.026587321959949506,-0.06828657437384045,-0.0062767663059085654
1999-12-01,-0.020883483092650423,-0.06904795570298328,-0.003771368070865755
1999-12-02,-0.010676826263155026,-0.05743605129889395,0.0
1999-12-03,-0.007881915570326137,-0.05620293582857472,0.0
1999-12-06,-0.0008328614868612361,-0.06834322396358916,-0.0028790922276198394
1999-12-07,-0.0019281057498825582,-0.07906978214386295,-0.009165730060872956
1999-12-08,0.0,-0.06886273862174241,-0.0002200102931082526
1999-12-09,-0.00227609276072005,-0.05883742481377008,0.0
1999-12-10,0.0,-0.07016077389717434,-0.004451160404804533
1999-12-13,0.0,-0.058907077355594306,0.0
1999-12-14,-0.005514901544076634,-0.048624392596496646,0.0
1999-12-15,-0.01809969627633312,-0.03745234853917956,-0.00045577057757406614
1999-12-16,-0.018313239508139678,-0.030576979182279085,0.0
1999-12-17,-0.02081510010089871,-0.029235116900546143,-0.0005821729770804085
1999-12-20,-0.02355938597532614,-0.03051072525227272,-0.0026392980490083096
1999-12-21,-0.021223521934749634,-0.026064364500222093,0.0
1999-12-22,-0.029432240197331816,-0.02694714253277264,-0.004646558357529362
1999-12-23,-0.02729443840346435,-0.025623876840941917,-0.0028735643603051697
1999-12-27,-0.024593345315405135,-0.027751522466383793,-0.0025777723963623655
1999-12-28,-0.026927016840172846,-0.024976679132987623,-0.0023475992072745644
1999-12-29,-0.0312676479704308,-0.027001976601537914,-0.005608887091522963
1999-12-30,-0.03516453083829996,-0.03508289060599723,-0.011738230412207451
1999-12-31,-0.03592834825468283,-0.026692659338151792,-0.007832802006603967
2000-01-03,-0.036173728979498554,-0.013989285869927537,-0.00148430398761501
2000-01-04,-0.0171819234853674,-0.03602232109994352,-0.00280286421385767
2000-01-05,-0.02342994047122504,-0.034325721824868816,-0.005095045585638447
2000-01-06,-0.01972244494271569,-0.04121256181459432,-0.006754145406746237
2000-01-07,-0.019164457045898198,-0.04911732235724742,-0.010565887740648261
2000-01-10,-0.015913808950317465,-0.04565112027553864,-0.00712294937753144
2000-01-11,-0.01211941027999186,-0.04246568027516551,-0.0035517823732763576
2000-01-12,-0.016617752053319723,-0.040543904696704436,-0.004820521754968388
2000-01-13,-0.012263765201232846,-0.06147863890553473,-0.013474509922315248
2000-01-14,-0.010281747205692082,-0.054071150727602935,-0.008591529969936063
2000-01-18,-0.015874732165960914,-0.05383254017898076,-0.011267756841863097
2000-01-19,-0.019803408936590716,-0.056924704621458044,-0.014856925947163147
2000-01-20,-0.0164259316820764,-0.05937791427742645,-0.014440985250937954
2000-01-21,-0.015430089465289343,-0.0609228608330159,-0.01475143641850829
2000-01-24,-0.003266518858526135,-0.08083836096027586,-0.019112799847104345
2000-01-25,0.0,-0.07987354604960706,-0.0134584463196612
2000-01-26,-0.000578349139932266,-0.07770718661665987,-0.01258236498253651
2000-01-27,-0.0026733267562029095,-0.08684056198089507,-0.018506422487969965
2000-01-28,0.0,-0.08946934789380023,-0.010102713484812287
2000-01-31,-0.0018706759177543608,-0.06925083186622061,-3.8167948807843466e-05
2000-02-01,0.0,-0.07265046673560738,0.0
2000-02-02,0.0,-0.07715805478838056,-0.0016628942692858972
2000-02-03,-0.00041179184636030985,-0.07728543024580004,-0.0019373456558865465
2000-02-04,-0.026862909284962044,-0.08944944025502832,-0.02172137610651781
2000-02-07,-0.016953792142932023,-0.09829932277113107,-0.021494715083864913
2000-02-08,-0.012945543555407668,-0.10325236995424103,-0.022187315989200096
2000-02-09,-0.019456165700493355,-0.10641990697062487,-0.027139087180664934
2000-02-10,-0.029494623117950036,-0.10130395460594033,-0.029334061704769487
2000-02-11,-0.027898915579383066,-0.10064457395770576,-0.028179983163712286
2000-02-14,-0.020587530201496174,-0.10342244339754847,-0.02602619409306617
2000-02-15,-0.014027615751917466,-0.10661407649074761,-0.024498024396705675
2000-02-16,-0.011544550967694467,-0.10954454277251446,-0.02486958714068377
2000-02-17,-0.01226485152679746,-0.11029055348410899,-0.025633357437960358
2000-02-18,-0.012787364850750937,-0.1224331935661529,-0.03254009342252462
2000-02-22,-0.014134289629885943,-0.13251148020013936,-0.03875540612829631
2000-02-23,-0.01582041955224056,-0.12173825801220473,-0.03360863322085783
2000-02-24,-0.014971298698415403,-0.13263558771273432,-0.03918716028287961
2000-02-25,-0.01012254112962896,-0.12415570862212133,-0.03212563850161099
2000-02-28,-0.005327503882053386,-0.1214402179912577,-0.02828100062896932
2000-02-29,0.0,-0.12360890744660724,-0.024723954629163436
2000-03-01,-0.005332035286965908,-0.11141068863898829,-0.020536773705608913
2000-03-02,0.0,-0.11052545289876137,-0.016599449627986873
2000-03-03,0.0,-0.11266785251504219,-0.016775627562716777
2000-03-06,0.0,-0.1110768415284955,-0.01371002160562329
2000-03-07,-0.0030982708844113915,-0.10910388352398137,-0.014143386917173872
2000-03-08,-0.012809801341008509,-0.1259975899263348,-0.02829255511256412
2000-03-09,-0.010924977363290234,-0.12942753780027083,-0.029271615063957257
2000-03-10,-0.010602825606118582,-0.12205158556645801,-0.02500126382780321
2000-03-13,-0.012320995613556374,-0.1327544557555269,-0.03179084112777075
2000-03-14,-0.010595841437086695,-0.1430911900070313,-0.036715329586996415
2000-03-15,-0.011403193078200813,-0.14473387477114297,-0.03803165174408263
2000-03-16,-0.008559834048129655,-0.14776397905711847,-0.03835233470373811
2000-03-17,0.0,-0.16008962428225004,-0.040553169501351904
2000-03-20,-0.0074496812705645565,-0.15483202735822466,-0.04112402570027851
2000-03-21,-0.008218404289059511,-0.15291912841565403,-0.0404102177742256
2000-03-22,-0.005954004167042504,-0.1569190247599258,-0.04158034772253594
2000-03-23,-0.005354544917433035,-0.15413674338258532,-0.039709903012986936
2000-03-24,0.0,-0.1457838755191012,-0.032322353030372675
2000-03-27,0.0,-0.14675733118359635,-0.030764074588372825
2000-03-28,-0.00708301993277316,-0.14158438540351925,-0.03125854481061485
2000-03-29,-0.0015684783516228817,-0.14286508067695391,-0.029291054805148486
2000-03-30,-0.000570550916223378,-0.1605486970707678,-0.03881933080244526
2000-03-31,-0.009764982677816225,-0.15928517420702004,-0.04251723484506864
2000-04-03,-0.0011184681680105335,-0.16531371967562203,-0.041769899188373816
2000-04-04,-0.012452870022045315,-0.18404621196619564,-0.05795902793089669
2000-04-05,-0.007118353267696276,-0.1817487539172663,-0.054088437695391844
2000-04-06,-0.00786733259663619,-0.18231587394533866,-0.05477301136404955
2000-04-07,-0.007338828698856492,-0.18582282280950724,-0.056548235050739026
2000-04-10,-0.015337343242460832,-0.19536957546904632,-0.06588052657971422
2000-04-11,-0.014491022854866809,-0.18499067254206558,-0.05945449831250127
2000-04-12,-0.00886640831295149,-0.18116133015598146,-0.054560912827921526
2000-04-13,-0.008364643557574714,-0.190804293800644,-0.059888526725510816
2000-04-14,-0.011924386209011373,-0.20285381077440345,-0.06857539294605419
2000-04-17,-0.013941858179921773,-0.1914560472433735,-0.06286744110202047
2000-04-18,-0.01107404071393503,-0.18924572241431026,-0.060223754702472654
2000-04-19,-0.004270030609366038,-0.1947669850377789,-0.06019078280405088
2000-04-20,0.0,-0.19332785908383476,-0.05728262049563415
2000-04-24,0.0,-0.1916143568360963,-0.055315124145013606
2000-04-25,0.0,-0.18868781349373964,-0.052474671189394084
2000-04-26,0.0,-0.18592929159002203,-0.04871198644572716
2000-04-27,0.0,-0.1733144326024454,-0.039944516647609674
2000-04-28,0.0,-0.1672803782673541,-0.03172610198418435
2000-05-01,0.0,-0.1726823576286678,-0.03270556290005522
2000-05-02,-0.005373017179562289,-0.17421390616182353,-0.0361995460343022
2000-05-03,-0.01115436944217807,-0.174500645529299,-0.039167962466843176
2000-05-04,-0.022119458297532035,-0.16485151961219857,-0.03887968497538874
2000-05-05,-0.020285055831124166,-0.15675402757574897,-0.03331875461032674
2000-05-08,-0.011771559191090408,-0.1485954068616575,-0.02444219191259156
2000-05-09,-0.008337941382629777,-0.1529754519001444,-0.02525677037791818
2000-05-10,-0.015398657682343941,-0.1551179656514039,-0.029959683244444313
2000-05-11,-0.011366328602955278,-0.1517806667717846,-0.02605749711609362
2000-05-12,-0.012773927889567438,-0.1507867832486034,-0.02618023971720329
2000-05-15,-0.002948057187159181,-0.15392235429966228,-0.023131850385256114
2000-05-16,-0.0021508710984138313,-0.1494853130331093,-0.02017985667499711
2000-05-17,0.0,-0.14397505588806836,-0.014765863519983213
2000-05-18,-0.0009651015952703013,-0.131404924865559,-0.00800754995837094
2000-05-19,-0.013969088839183463,-0.13853247060044216,-0.01853377135619405
2000-05-22,-0.02137754193612207,-0.15486502634451693,-0.03152465478612787
2000-05-23,-0.024185690349133426,-0.14699122449173263,-0.02840271182194032
2000-05-24,-0.013710264908374903,-0.14289020458787982,-0.020852054475043014
2000-05-25,-0.009040895371700497,-0.149133252521373,-0.022100252270088494
2000-05-26,-0.018061018151149022,-0.16190708291416656,-0.03389134889281975
2000-05-30,-0.004385046905404644,-0.16168569950433997,-0.027036002393216574
2000-05-31,-0.006023768118862849,-0.17289138563266926,-0.03433949136322689
2000-06-01,0.0,-0.1734484240871682,-0.02984341175561578
2000-06-02,-0.011451708034740049,-0.18741334466499981,-0.0435939791994886
2000-06-05,-0.01995285956637849,-0.1900655656243625,-0.049267167321112026
2000-06-06,-0.030544149786891128,-0.18712917026407638,-0.05268098568390123
2000-06-07,-0.025821814898960516,-0.18559621303757745,-0.049480480259418536
2000-06-08,-0.024610129589496155,-0.1871261450676508,-0.04978216990302564
2000-06-09,-0.023062714173113008,-0.18995250689857957,-0.05068038276051279
2000-06-12,-0.021899091851759978,-0.17821888535966635,-0.043239522878461445
2000-06-13,-0.018972700604514836,-0.17768286352617224,-0.04149621929260128
2000-06-14,-0.029034601656754977,-0.16462168954033207,-0.03879952467321923
2000-06-15,-0.026122921869589533,-0.16725899513942533,-0.03887559035978427
2000-06-16,-0.03520165428147404,-0.17283131333735435,-0.04657121506317663
2000-06-19,-0.03402748412793122,-0.17197381122987299,-0.04549685225722988
2000-06-20,-0.03111728987815565,-0.1726316600753911,-0.044438198090518854
2000-06-21,-0.03075315087913766,-0.16844108600056995,-0.0418386984433472
2000-06-22,-0.028253254627139346,-0.16804876574693406,-0.04037702139749133
2000-06-23,-0.02506086938061114,-0.16707111869476177,-0.03823690460838536
2000-06-26,-0.028955608605758187,-0.1625882573138563,-0.037569829543836586
2000-06-27,-0.029457346322040667,-0.16470296121096595,-0.03903367849445183
2000-06-28,-0.037742044249300166,-0.16154586340879462,-0.041319115555706554
2000-06-29,-0.033365361449337105,-0.1662679112354759,-0.04183848244690713
2000-06-30,-0.031241227881841027,-0.15778474198030834,-0.035911110041881966
2000-07-03,-0.027936690196082692,-0.14695610175343932,-0.028069001009854544
2000-07-05,-0.025794161969139084,-0.15414944647967066,-0.03109581643872994
2000-07-06,-0.02208248964938475,-0.1589770842172692,-0.03201505900534907
2000-07-07,-0.01686846533692521,-0.15975974064569753,-0.02988492958408684
2000-07-10,-0.025796718286041465,-0.16129655404547394,-0.035177130213789765
2000-07-11,-0.021301555109916825,-0.16316214139799234,-0.03402425199748749
2000-07-12,-0.010781109354975782,-0.16206062569590596,-0.02819666108450869
2000-07-13,-0.006771349220442535,-0.15983665238541211,-0.02493744694353428
2000-07-14,-0.006931398313370307,-0.15712580437275192,-0.023442952801016936
2000-07-17,-0.011978766289288068,-0.1544753167928531,-0.024389243817904527
2000-07-18,-0.004950161294517308,-0.15119709899437428,-0.01902779439549318
2000-07-19,-0.0011350505122915688,-0.1561665354526407,-0.020018846620553976
2000-07-20,-0.007530682041324566,-0.1762262595935693,-0.034804329643080445
2000-07-21,-0.011568432953326768,-0.18425075615007203,-0.041468778992441946
2000-07-24,-0.014078166222071253,-0.18291196948713462,-0.04189912715707622
2000-07-25,-0.01391817242582094,-0.1827751559014572,-0.041741175209594084
2000-07-26,-0.01815176793432549,-0.18489916651158766,-0.04504352869802064
2000-07-27,-0.015299681223839401,-0.18049395047082428,-0.04107600990204441
2000-07-28,-0.012473629794752972,-0.18029432035923632,-0.03958317668735467
2000-07-31,-0.0174604096239922,-0.18136981815484132,-0.042638177310036385
2000-08-01,-0.017144108128353985,-0.17562561147349998,-0.03912524618187907
2000-08-02,-0.013724105880357551,-0.17294264154917016,-0.03588987969694091
2000-08-03,-0.008968539877947546,-0.16473803421647093,-0.02878343369720593
2000-08-04,-0.004815411563657501,-0.15448526482853542,-0.02078758854886975
2000-08-07,-0.0035138587199288196,-0.15769146012100121,-0.022003845448888226
2000-08-08,-0.00216914626336262,-0.15652939680435052,-0.020669334776966863
2000-08-09,-0.0008016416830907147,-0.14990330800032814,-0.016151574222163845
2000-08-10,0.0,-0.15248992293833918,-0.016983787508458414
2000-08-11,-0.001591228095712327,-0.16192199643123073,-0.02323596035351483
2000-08-14,0.0,-0.1593376496935005,-0.018572168408308443
2000-08-15,-0.0012290570991803085,-0.16630836598215437,-0.02324425097812377
2000-08-16,-0.004185590529825811,-0.17738442359080986,-0.03117830533873156
2000-08-17,-0.00488681977933314,-0.17115637555011576,-0.027851926595685028
2000-08-18,-0.00359560940317194,-0.1609037220543833,-0.021208568132442318
2000-08-21,0.0,-0.15846245711778273,-0.01793437557416977
2000-08-22,-0.0017657014913933233,-0.15354414728366272,-0.015931584543369515
2000-08-23,-0.0033202183553476816,-0.15175101480787645,-0.015655487450910832
2000-08-24,-0.0063779707190090296,-0.1568314683189439,-0.02011322981230501
2000-08-25,-0.007960611900404313,-0.1560114970802331,-0.020417147603319474
2000-08-28,-0.0027979941448350587,-0.16379179394503707,-0.022383386704678876
2000-08-29,0.0,-0.16885558571326098,-0.023224025859809427
2000-08-30,-0.00023066354681156032,-0.16301142010806746,-0.01990259451393661
2000-08-31,-0.006965110109219963,-0.15886964797398495,-0.020778595279643097
2000-09-01,-0.013315005408989555,-0.159324389266426,-0.02417407703563479
2000-09-05,-0.006946236888436541,-0.15732734980674679,-0.019865693188622968
2000-09-06,-0.0005353076239388299,-0.14394008704756833,-0.0089163956880417
2000-09-07,0.0,-0.14429787312660136,-0.00856995667248206
2000-09-08,-0.00589074644333154,-0.14305141602641214,-0.010768005699670624
2000-09-11,0.0,-0.1379850950818331,-0.004026595551221868
2000-09-12,-0.005352240052110324,-0.13302903181022063,-0.003828818195688477
2000-09-13,-0.010703316908297733,-0.12477932866416686,-0.0017688975937029117
2000-09-14,-0.009344672263225884,-0.1247740681377455,-0.001080440314480069
2000-09-15,-0.009108115479181444,-0.12317555913092726,-4.8963954534353427e-05
2000-09-18,-0.006515983370625755,-0.1302853871781161,-0.002795155555184059
2000-09-19,-0.009010716862428492,-0.12437364444747723,-0.0006580256219380631
2000-09-20,-0.0005842724386705411,-0.13177518921307863,-0.0006329393077710854
2000-09-21,-0.005434207206847175,-0.135819518894994,-0.00538539420924955
2000-09-22,-0.0072364782664309235,-0.14681018562461945,-0.012611339392063603
2000-09-25,-0.0132390424123624,-0.14892120854533686,-0.016817906030106577
2000-09-26,-0.018290857399311133,-0.15166864813147207,-0.020921599087304843
2000-09-27,-0.023388153438515413,-0.15977465089226817,-0.028141077914887958
2000-09-28,-0.014922564549606276,-0.1564422929908087,-0.022001673198481564
2000-09-29,-0.011679757578769823,-0.15581614922483245,-0.020028954483202077
2000-10-02,-0.0029999931275218605,-0.15479137470768256,-0.0151309301167033
2000-10-03,0.0,-0.1580317059453501,-0.013489704425737492
2000-10-04,0.0,-0.1594926180587768,-0.012023335824402404
2000-10-05,-0.0020671559695712993,-0.1517208414620621,-0.008476808895510501
2000-10-06,-0.004635934606051828,-0.14872867194107242,-0.008004228664105217
2000-10-09,-0.005985826704159036,-0.14585792756019367,-0.007004235825394445
2000-10-10,-0.01004626162663258,-0.14483294862343865,-0.008436570873633031
2000-10-11,-0.008260145301764221,-0.14040510027324238,-0.004975022657453976
2000-10-12,-0.016608238439154044,-0.13354592175243252,-0.005192971045825834
2000-10-13,-0.00965184301384947,-0.1300034498532957,0.0
2000-10-16,-0.004420628040093244,-0.13077354672089359,0.0
2000-10-17,-0.00947861390537763,-0.12917395219671768,-0.0016200969979656143
2000-10-18,-0.008130716657953396,-0.12027818231276777,0.0
2000-10-19,-0.007861694263372576,-0.12694127826826207,-0.0036514332869450605
2000-10-20,-0.005538382195190206,-0.12040146508715266,0.0
2000-10-23,-0.007319640281931328,-0.11202340003502165,0.0
2000-10-24,-0.00778545340046366,-0.11802893550277982,-0.003616208227235962
2000-10-25,0.0,-0.11330267079414746,0.0
2000-10-26,0.0,-0.10711268219470671,0.0
2000-10-27,-0.0034468327888997896,-0.12040632362587844,-0.00916760401257366
2000-10-30,-0.004551029736013512,-0.12022235980426388,-0.009612918635008683
2000-10-31,-0.002911826968441722,-0.13324960003185815,-0.0161300254904877
2000-11-01,-0.008953214212647165,-0.13132615241564694,-0.018018997724895902
2000-11-02,-0.004796339494164359,-0.14073528495827559,-0.021277788734212155
2000-11-03,-0.0018840533045673125,-0.15830809542696433,-0.02985367766435132
2000-11-06,0.0,-0.15557102077972607,-0.02497644917235975
2000-11-07,0.0,-0.15661627567576575,-0.02542279910677947
2000-11-08,0.0,-0.14913207599690836,-0.0196078917176139
2000-11-09,-0.00971207245153849,-0.14134550235149002,-0.01988276517449661
2000-11-10,-0.009350519006347091,-0.12868317417765207,-0.012477093190011113
2000-11-13,-0.012788021266043392,-0.12210215396940804,-0.010461059811624596
2000-11-14,-0.010740363978315903,-0.12266163493393767,-0.009750132602020845
2000-11-15,-0.010536030783777628,-0.11691388510084666,-0.006404127491504985
2000-11-16,-0.011014150877224016,-0.10900391588230773,-0.0021942728283464996
2000-11-17,-0.004190370988257253,-0.11585940411524354,-0.0025906059614647647
2000-11-20,-0.007169411381876767,-0.10973161858203218,-0.0006261056399028408
2000-11-21,-0.0038003904125116783,-0.1042057989772881,0.0
2000-11-22,-0.006986011738360776,-0.09180927992990895,0.0
2000-11-24,0.0,-0.0980715674816135,0.0
2000-11-27,-0.013782600734771555,-0.11228203731548159,-0.014769125991636933
2000-11-28,-0.02207640775736619,-0.10545089085999937,-0.015121118542583245
2000-11-29,-0.02285564814681451,-0.09183015426313534,-0.008015444223894996
2000-11-30,-0.03572224729589246,-0.09121055768266717,-0.014208058900287424
2000-12-01,-0.031129665062480383,-0.10567909194257152,-0.01970776749411396
2000-12-04,-0.03929048782378852,-0.11249385875384599,-0.027571218507108308
2000-12-05,-0.040123316230915695,-0.1076777687952426,-0.025354249217474867
2000-12-06,-0.051826606816387955,-0.1022871581374375,-0.028351962623381466
2000-12-07,-0.055742344302361024,-0.09152211752788908,-0.024532481726217248
2000-12-08,-0.04585163122321034,-0.09845388172207348,-0.023145120339906233
2000-12-11,-0.04457921705509482,-0.101729376090399,-0.0242683259629618
2000-12-12,-0.044959910494261734,-0.09833829214606615,-0.022620964635919116
2000-12-13,-0.045160164328318486,-0.09009487135212102,-0.018255601246982778
2000-12-14,-0.05369642023303545,-0.08814698241995034,-0.021593152623111345
2000-12-15,-0.0583509110082141,-0.07730059356105345,-0.018180330029301195
2000-12-18,-0.051850787749591065,-0.08001543293141566,-0.016236015203918153
2000-12-19,-0.04676600082545257,-0.0810554889139341,-0.01415420308058768
2000-12-20,-0.06370470961208707,-0.07680816050578143,-0.020635036990014455
2000-12-21,-0.06570372910435474,-0.0746473440098453,-0.020534376817727185
2000-12-22,-0.0674604013609792,-0.07996514569475244,-0.02426956546238146
2000-12-26,-0.06930535329317833,-0.08190209666183468,-0.02626186964853361
2000-12-27,-0.0723029724320402,-0.08663012923362035,-0.03033728198833152
2000-12-28,-0.06603037124815991,-0.08671334971417044,-0.02710328115630145
2000-12-29,-0.060253242663294904,-0.08703938785571685,-0.02426798316570289
2001-01-02,-0.07112765291793544,-0.05576941718494288,-0.013203410094711043
2001-01-03,-0.055133090484871694,-0.08082893327646745,-0.017802021224595843
2001-01-04,-0.060178816400125346,-0.06688903125901868,-0.012976685200253968
2001-01-05,-0.0649413733410883,-0.05412190443432041,-0.008725175887497216
2001-01-08,-0.0678479107573825,-0.05453605646034787,-0.010482830320291625
2001-01-09,-0.060097258176703416,-0.05711219267972678,-0.00771709935269671
2001-01-10,-0.048441438869557873,-0.0628496920382895,-0.004583439103821529
2001-01-11,-0.050697756271310124,-0.058564372804230325,-0.0034877183903311293
2001-01-12,-0.045036625232740324,-0.05872686010283501,-0.0006023817916935847
2001-01-16,-0.04789151867325492,-0.04699086356523019,0.0
2001-01-17,-0.04686888651366028,-0.039541505934081234,0.0
2001-01-18,-0.044458688004816116,-0.04468941962058204,-0.0014155667971296193
2001-01-19,-0.04243458638163966,-0.039624547191039916,0.0
2001-01-22,-0.05318164688949234,-0.05359255035635502,-0.012883816200399911
2001-01-23,-0.05169064228016318,-0.05522224300903977,-0.012956480435386442
2001-01-24,-0.04697702957322214,-0.04897902015229838,-0.007242148720007613
2001-01-25,-0.04568667070975774,-0.0428443160178561,-0.0033681024313456653
2001-01-26,-0.04499368046769103,-0.03009832450344352,0.0
2001-01-29,-0.05011673885736179,-0.027802327606265442,-0.001498588240558374
2001-01-30,-0.05315127993136992,-0.03204525524961288,-0.005272379733452848
2001-01-31,-0.05292352370680664,-0.02522696840498806,-0.0016493055163834258
2001-02-01,-0.05477394479551767,-0.030872723124911072,-0.005515763160233722
2001-02-02,-0.04950971594236231,-0.02617003144449015,-0.00033361423837574566
2001-02-05,-0.0479211895778513,-0.025468302601693305,0.0
2001-02-06,-0.043268167360887344,-0.023314519785547216,0.0
2001-02-07,-0.038684644621280295,-0.011993031014944311,0.0
2001-02-08,-0.026824192766671584,0.0,0.0
2001-02-09,-0.026219889860897738,0.0,0.0
2001-02-12,-0.032993162080289906,-0.0030860424904238792,-0.005020845524465467
2001-02-13,-0.026928928604289748,-0.003693104399853042,-0.0022039615198116147
2001-02-14,-0.026376501388338358,-0.015162625056843182,-0.007664061403871769
2001-02-15,-0.020988261194848867,-0.01717614268882206,-0.005932586279014829
2001-02-16,-0.02085597616171464,-0.010389568249493775,-0.002433319990411076
2001-02-20,-0.018738547080679346,-0.0012961370454170895,0.0
2001-02-21,-0.025563896284851007,0.0,0.0
2001-02-22,-0.02759243434598746,0.0,0.0
2001-02-23,-0.029510572921764844,0.0,0.0
2001-02-26,-0.03516383726898464,0.0,-0.0020588431909227545
2001-02-27,-0.031228349780446307,0.0,0.0
2001-02-28,-0.02458409869711231,-0.0034999060929241654,0.0
2001-03-01,-0.02319474739465799,-0.0082233370227075,-0.0016578262239963504
2001-03-02,-0.017776071954235362,-0.01179817359750368,-0.0006880030461046127
2001-03-05,-0.015439833673041359,-0.014752211310143926,-0.000993186463592921
2001-03-06,-0.016725160721463683,-0.02044840037214679,-0.0045331482028057035
2001-03-07,-0.01599287453882181,-0.005098871789815829,0.0
2001-03-08,-0.021319158929387405,-0.0070965401398946915,-0.0037103789260165554
2001-03-09,-0.021031194570707012,-0.00910005460830876,-0.0045689797571852875
2001-03-12,-0.012399993470485149,0.0,0.0
2001-03-13,-0.012308035299432252,0.0,0.0
2001-03-14,-0.0062104274808609805,0.0,0.0
2001-03-15,-0.006085237813401534,0.0,0.0
2001-03-16,-0.002714619661275397,0.0,0.0
2001-03-19,-0.007401777026812217,-0.011636429100810863,-0.008168172475159663
2001-03-20,-0.004051364868780771,-0.012711270483481418,-0.007033566389099022
2001-03-21,-0.00408504973314483,0.0,0.0
2001-03-22,-0.006431410292886741,0.0,0.0
2001-03-23,-0.010067255488686477,-0.013035402197927537,-0.008347391184512776
2001-03-26,-0.011189798166429288,-0.025633406106539636,-0.01523855941234431
2001-03-27,-0.014635176666781047,-0.0433362152239436,-0.02590002907868849
2001-03-28,-0.011735521011694727,-0.032296784265738676,-0.018846457922785387
2001-03-29,-0.009389507292410948,-0.01960310766056228,-0.011246836844612917
2001-03-30,-0.010675654720586847,0.0,0.0
2001-04-02,-0.0038719908890328947,-0.006378269212320875,0.0
2001-04-03,-0.0017115575281566597,-0.007574903097960384,0.0
2001-04-04,-0.002922216525234056,-0.009665188735572094,-0.0016594874326344433
2001-04-05,-0.008081181403103543,-0.020367389940150193,-0.009636594611518667
2001-04-06,-0.008434679223335295,-0.006651076033637682,-0.0028797858618125893
2001-04-09,-0.009396493248198245,-0.010709916753421256,-0.005400512123392764
2001-04-10,-0.015298117697563063,-0.01955052988180561,-0.012807257421310725
2001-04-11,-0.016886173300820984,-0.027687154972577455,-0.017699587086507762
2001-04-12,-0.020028587803852305,-0.04181176036435752,-0.026404340798232062
2001-04-16,-0.021889491971709862,-0.04889143997731771,-0.030925498821762987
2001-04-17,-0.019054782904372236,-0.03606379303875962,-0.02298626090500555
2001-04-18,-0.024232426314340194,-0.039697104726826526,-0.02740600906465951
2001-04-19,-0.04390251143800672,-0.058178593653694266,-0.04656808264480494
2001-04-20,-0.04784901565658073,-0.05782523215255386,-0.04835697456474797
2001-04-23,-0.0405763770543488,-0.037812031206113095,-0.034615434739915574
2001-04-24,-0.04183473647268077,-0.03583389774972645,-0.0342561709493302
2001-04-25,-0.039972656865207234,-0.04413580972863407,-0.03747551559252149
2001-04-26,-0.037753493781763514,-0.044347300011162494,-0.03646952985677043
2001-04-27,-0.04493376469778132,-0.04569138289359731,-0.04074203708316504
2001-04-30,-0.04156306775472407,-0.05418555640005063,-0.04331840520584951
2001-05-01,-0.043217582679456856,-0.05779149273688622,-0.04596783136373417
2001-05-02,-0.04465005078442219,-0.06292941489748971,-0.049283205282479536
2001-05-03,-0.038430077656606554,-0.04852842819671266,-0.0388829497494968
2001-05-04,-0.04282563167038189,-0.052681634916363906,-0.043177346451273135
2001-05-07,-0.04357413441763325,-0.04594133016330704,-0.04014749574793752
2001-05-08,-0.04443984196674222,-0.03583948693707972,-0.03550030533868642
2001-05-09,-0.04635287481722328,-0.029893371022031934,-0.03349166639844481
2001-05-10,-0.05159391215707865,-0.031517732672423415,-0.0369566945757992
2001-05-11,-0.05582397911832593,-0.04591757214967851,-0.046263855654236186
2001-05-14,-0.05077928707399604,-0.04594810480437428,-0.04373123075339347
2001-05-15,-0.05666955668186646,-0.04983863192462845,-0.04864801712452238
2001-05-16,-0.06891039259258891,-0.05926026189500344,-0.0595371975409309
2001-05-17,-0.06871059975864258,-0.06612692988126745,-0.06286861876152572
2001-05-18,-0.0855427213575427,-0.07264477938666192,-0.07460776877256536
2001-05-21,-0.09016260075915195,-0.06996033164249604,-0.07560594770520457
2001-05-22,-0.0885877899099562,-0.05898112298572045,-0.06934966363356576
2001-05-23,-0.07877188585825301,-0.05591599955948512,-0.06282243904983542
2001-05-24,-0.0794849318123495,-0.06567442713527394,-0.06802865453173979
2001-05-25,-0.08236943882008863,-0.060911265451369045,-0.06711327765833508
2001-05-29,-0.07662080158737594,-0.05122800452522358,-0.05938151682013548
2001-05-30,-0.06781486290781791,-0.042925694072306175,-0.05078086379636959
2001-05-31,-0.053673454187834646,-0.03812732284929399,-0.04120146074969955
2001-06-01,-0.05262143373944428,-0.04189983670480513,-0.04254874650362617
2001-06-04,-0.050668907986759604,-0.031944126439465315,-0.03658762014640149
2001-06-05,-0.05370892920660464,-0.02566388969029243,-0.035005120745559726
2001-06-06,-0.04700038066167711,-0.02272634015547137,-0.030129854731171912
2001-06-07,-0.05323902426517546,-0.03015215270127869,-0.036989174966626126
2001-06-08,-0.05781312547396056,-0.027223512301724595,-0.03786148229345987
2001-06-11,-0.04536052696749637,-0.012524969965645782,-0.02423443371985523
2001-06-12,-0.046566876439006255,-0.010944074945837823,-0.02406988226758533
2001-06-13,-0.050018399130299374,-0.012849874942395978,-0.02677661830888145
2001-06-14,-0.051566933756165056,-0.007298062569367381,-0.02483308484426594
2001-06-15,-0.054469874303849086,0.0,-0.021127805595419047
2001-06-18,-0.0535234137094569,-0.004386849273943616,-0.022784970246042424
2001-06-19,-0.050880925255098464,-0.0043572473351927155,-0.02140628889675733
2001-06-20,-0.054510237742165346,0.0,-0.020641393837111388
2001-06-21,-0.05845019369845317,-0.00180457922849675,-0.023565604443665955
2001-06-22,-0.053432609750153515,0.0,-0.01355740366521685
2001-06-25,-0.05937073750133359,0.0,-0.016170975582582847
2001-06-26,-0.06554057213133302,-0.014388735406761444,-0.02647559995445503
2001-06-27,-0.06093692856383215,-0.021566978302596795,-0.02762265767730543
2001-06-28,-0.05896949554568354,-0.022616075730365504,-0.027125344966200893
2001-06-29,-0.070130598932725,-0.03659741679334372,-0.039853158918263576
2001-07-02,-0.06407327297151622,-0.039422222525194894,-0.03813350952785055
2001-07-03,-0.06253083552124339,-0.042579338205049666,-0.03892159165524134
2001-07-05,-0.051590176560813994,-0.03390373377852918,-0.028959122849908536
2001-07-06,-0.047082704609826886,-0.025676586308272187,-0.02251698043243977
2001-07-09,-0.04578154225945541,-0.031048178588053643,-0.024544133437115923
2001-07-10,-0.038487918100269414,-0.031077674180223558,-0.020831003464103937
2001-07-11,-0.042769801417562925,-0.04214238978031182,-0.028602125016915725
2001-07-12,-0.03887950164516074,-0.047815921331598066,-0.02950505181781593
2001-07-13,-0.03826689140687756,-0.05062682414580599,-0.030628237883692178
2001-07-16,-0.027994369585136125,-0.040987190344788704,-0.020529835200736257
2001-07-17,-0.03365205001390115,-0.04997266791280752,-0.027968975997137102
2001-07-18,-0.028307601293179774,-0.04966717166841983,-0.025124750396896878
2001-07-19,-0.03424575841763833,-0.05612265660404869,-0.031414653572422124
2001-07-20,-0.02915761859035426,-0.0603362944189173,-0.031025095114413315
2001-07-23,-0.02325635020505956,-0.048358758532383916,-0.021904559354363307
2001-07-24,-0.022180249071077518,-0.04834421469165184,-0.02135829006886003
2001-07-25,-0.03007367879415712,-0.05780925219487176,-0.030175040452200097
2001-07-26,-0.026874563777808502,-0.05457227951809285,-0.02690969397951204
2001-07-27,-0.023126004465719885,-0.04728870182265121,-0.021287136821353858
2001-07-30,-0.01410826353839112,-0.041330021661678984,-0.013709126103643943
2001-07-31,-0.012791773433263653,-0.039935599565949165,-0.012333315689538549
2001-08-01,-0.019602455523036855,-0.047353190260639666,-0.01955566305257994
2001-08-02,-0.025321816383825912,-0.05273870330930008,-0.02518680913211435
2001-08-03,-0.023882083010059896,-0.04885820970613919,-0.022470162216000955
2001-08-06,-0.020215268404243036,-0.04208071350489484,-0.01715133895816101
2001-08-07,-0.022347026708816164,-0.041994822975407575,-0.018176488375708066
2001-08-08,-0.009229233574718276,-0.028351350199170566,-0.004598271106102558
2001-08-09,-0.024343201310873308,-0.04342847973993513,-0.019913430815444833
2001-08-10,-0.02097161254444979,-0.037378157911268084,-0.015120455084881468
2001-08-13,-0.022841357606886548,-0.034450661042687125,-0.014563321710674204
2001-08-14,-0.02231545688555736,-0.042497911366848995,-0.01840464319071089
2001-08-15,-0.027708341705029893,-0.050757742617758894,-0.025345706731412343
2001-08-16,-0.021041566286101765,-0.05304741138229041,-0.023179701593974977
2001-08-17,-0.010686751877359457,-0.049577551525892716,-0.016223951193493957
2001-08-20,-0.011599242507930874,-0.04967784215342097,-0.016729547983425852
2001-08-21,-0.009224502752429253,-0.04836763416019263,-0.014870524279662067
2001-08-22,-0.011666313416149765,-0.05153965509520775,-0.01772630962849364
2001-08-23,-0.009558084552724555,-0.05175407139309307,-0.016789688731948527
2001-08-24,-0.010199025858950272,-0.056410902243672734,-0.019522089879847382
2001-08-27,-0.010791774309328539,-0.06041733919356507,-0.021897205113285745
2001-08-28,0.0,-0.04715252286498994,-0.008213246539349073
2001-08-29,0.0,-0.04516938643933255,-0.00565042155025941
2001-08-30,-0.0022541081054389123,-0.03894809015159828,-0.003531714204599856
2001-08-31,-0.004626981461157698,-0.04754242161793398,-0.009172155162205042
2001-09-03,-0.004696209232925352,-0.04762365049698847,-0.009248861604731262
2001-09-04,-0.015323427938594314,-0.048561579009179456,-0.015026026371197432
2001-09-05,-0.01474821870687204,-0.04550550177793522,-0.013156437172091029
2001-09-06,0.0,-0.02331539753537759,0.0
2001-09-07,0.0,-0.011448530132845192,0.0
2001-09-10,-0.0026116495998111944,-0.016616573532389656,-0.003919772357051321
2001-09-11,0.0,-0.00399477426614514,0.0
2001-09-13,-0.005787157225853656,0.0,0.0
2001-09-14,-0.0192022195060364,0.0,-0.004784760726763926
2001-09-17,-0.01421250323904244,0.0,0.0
2001-09-18,-0.021252043411720822,0.0,-0.0033216626746628286
2001-09-19,-0.019101799982521595,0.0,0.0
2001-09-20,-0.022657357396265065,-0.007999485261194761,-0.0058121414165671625
2001-09-21,-0.018070513779494424,-0.0035943258434131264,-0.0012717544454904361
2001-09-24,-0.019315547040690384,0.0,0.0
2001-09-25,-0.020697485352608624,0.0,0.0
2001-09-26,-0.014795546044743979,0.0,0.0
2001-09-27,-0.007357799995739267,0.0,0.0
2001-09-28,-0.0061780071837174155,-0.0025117383975412633,-0.0006616002809184396
2001-10-01,-0.00189294310230681,0.0,0.0
2001-10-02,0.0,0.0,0.0
2001-10-03,-0.0071281765950181875,-0.005820732802550133,-0.006474454698784049
2001-10-04,-0.00811694100519611,-0.00887693414031443,-0.008496258279963365
2001-10-05,-0.010037326066166474,-0.006592048873782397,-0.008313202183552026
2001-10-08,-0.007940481021168844,-0.006249178440950853,-0.007091815531082402
2001-10-09,-0.005015535059148535,-0.014356016342018774,-0.009678073376219176
2001-10-10,-0.0008218794739212054,-0.022581983082599177,-0.011723575314375623
2001-10-11,-0.0014814757852483762,-0.03324509302824252,-0.0174405598488222
2001-10-12,-0.0053688907435578415,-0.022363979076781004,-0.013823702177660602
2001-10-15,0.0,-0.010967866513095892,-0.004822442935275673
2001-10-16,-0.00030191180523608807,-0.011944811933148003,-0.005464178732643155
2001-10-17,-0.0012682353726513051,-0.009057471935824846,-0.004491706553171659
2001-10-18,0.0,-0.0029156423734228998,-0.00012002367822683269
2001-10-19,-0.004209272472349923,-0.010135746465017026,-0.0058445811946737924
2001-10-22,0.0,-0.005960050151828655,0.0
2001-10-23,-0.004270657977795134,-0.009009887733557154,-0.003669390865482458
2001-10-24,-0.0007981236401463088,-0.003387928557834985,0.0
2001-10-25,-0.006789968972630622,-0.004276706334796154,-0.0034442152572256024
2001-10-26,-0.011789696592877319,-0.008528026723127358,-0.008079937562886275
2001-10-29,-0.009902013048337377,0.0,0.0
2001-10-30,-0.012865643714429664,0.0,0.0
2001-10-31,-0.005101574323461255,0.0,0.0
2001-11-01,-0.003854702926236242,-2.674861292373265e-05,0.0
2001-11-02,-0.009802864781107812,-0.005345062497793762,-0.005644817561069049
2001-11-05,-0.008313561037036954,-0.004446148167119968,-0.004447717024030573
2001-11-06,-0.011118563663599534,-0.0037590303108279155,-0.005512127254639121
2001-11-07,-0.011759427521673804,0.0,-0.0025534383073044786
2001-11-08,-0.00498611991152087,-0.01638921229475032,-0.0073089177377623216
2001-11-09,-0.004535212842079583,-0.02803893507278732,-0.012962624649455745
2001-11-12,-0.008051153251785959,-0.030361208457604483,-0.015884859568796483
2001-11-13,-0.004564450692312372,-0.0430061872482993,-0.02057215786318567
2001-11-14,-0.011125054567567516,-0.05500772780798402,-0.029941150377215675
2001-11-15,-0.011849103673293282,-0.06796420361883204,-0.036946364078839
2001-11-16,-0.011764998865240295,-0.0807344744221995,-0.043503010302489487
2001-11-19,-0.0075177784477961085,-0.08094458511226232,-0.04155691187491717
2001-11-20,-0.007810722247923452,-0.08224894780149028,-0.042378491911038374
2001-11-21,-0.01181656889450522,-0.08866716547950904,-0.04766015783884414
2001-11-23,-0.009197379121747784,-0.0923791640592756,-0.048337578052086605
2001-11-26,-0.002128091356005224,-0.0811178334550191,-0.039038676172421405
2001-11-27,-0.004050152523050632,-0.08051354276765343,-0.03964817716207458
2001-11-28,-0.004316955092480423,-0.07229772992135253,-0.03548633339451779
2001-11-29,-0.0020158629930837613,-0.06287923455869182,-0.029475693140347703
2001-11-30,-0.006380464595017066,-0.0733444009325328,-0.03701704518458249
2001-12-03,-0.0038602801861906677,-0.06755737061811407,-0.03278885717440749
2001-12-04,0.0,-0.06349004853368256,-0.02702378523818183
2001-12-05,-0.0038311588678071606,-0.07904115535023426,-0.03696592001500931
2001-12-06,-0.007759633761554419,-0.08524118573833939,-0.04210646614527136
2001-12-07,-0.012254534804591266,-0.08971919076537993,-0.046620701072908055
2001-12-10,-0.011217012844374263,-0.07960534949933107,-0.04082364164552721
2001-12-11,-0.012138544618044644,-0.07635125787516428,-0.03957500811079884
2001-12-12,-0.008918147614518035,-0.071624878431364,-0.03555224748209629
2001-12-13,-0.01194923304444151,-0.07438488572150415,-0.03846068646148215
2001-12-14,-0.019782322637251215,-0.08259817163131278,-0.046538168774501454
2001-12-17,-0.021599677652927918,-0.08479339957694598,-0.04856280069723529
2001-12-18,-0.020371701956179322,-0.08446651450779241,-0.047795820565788794
2001-12-19,-0.006752089794546223,-0.07799391371454323,-0.03781072413023856
2001-12-20,-0.00549897899606977,-0.0690720314369484,-0.03254840154925509
2001-12-21,-0.007731434781911961,-0.06357915896579436,-0.03078008043117808
2001-12-24,-0.013739858870763788,-0.06192567270512683,-0.03285880930047458
2001-12-26,-0.00907200380179296,-0.06649858756745075,-0.03292743050661928
2001-12-27,-0.003738667397795936,-0.06127291106416766,-0.02761815644480703
2001-12-28,-0.002184791633986549,-0.05692881025801522,-0.024609919443159378
2001-12-31,0.0,-0.0470346485416786,-0.016654596781587205
2002-01-02,0.0,-0.05483201336069332,-0.019389457330770576
2002-01-03,-0.005878015967637706,-0.05991089540847583,-0.02490614626607468
2002-01-04,-0.014546930140580727,-0.07184926619575394,-0.035349090458491994
2002-01-07,-0.017526851688594913,-0.07363225651350613,-0.03773415312908657
2002-01-08,-0.016586219122929458,-0.07048018465059169,-0.03563640058659312
2002-01-09,-0.028049347217565468,-0.07179703867344434,-0.04194004441705834
2002-01-10,-0.024498020684464605,-0.06408964372491999,-0.03621210091797311
2002-01-11,-0.03445967527296512,-0.06464491724274146,-0.04141902374976525
2002-01-14,-0.037522845829062956,-0.06377862277795321,-0.04249566702970031
2002-01-15,-0.03110627115041198,-0.06112347428980347,-0.03794620216121625
2002-01-16,-0.03643336593669755,-0.05629884381457351,-0.03811908009216114
2002-01-17,-0.03717176478194595,-0.06168799582086859,-0.0412341188030414
2002-01-18,-0.029847600917698225,-0.05353860836236135,-0.03342397158561261
2002-01-22,-0.02072050804977632,-0.04466016533370265,-0.02434368230295947
2002-01-23,-0.020926556964361853,-0.05117739866505444,-0.027774240765505942
2002-01-24,-0.021729000158859035,-0.056906213979000975,-0.031107715826438898
2002-01-25,-0.020045396687987216,-0.051260334838698185,-0.02737382288755197
2002-01-28,-0.014234646854415556,-0.04655329205809344,-0.022077399099914796
2002-01-29,-0.02032439876358394,-0.02769754054492024,-0.015428151627331355
2002-01-30,-0.02041064426799144,-0.029299635072034036,-0.016282645499535064
2002-01-31,-0.022195671627021962,-0.03779610875007844,-0.0214841254873277
2002-02-01,-0.02884549796610636,-0.035086889269244304,-0.023433884114853698
2002-02-04,-0.03459333692345179,-0.02526925548926051,-0.02135571868459407
2002-02-05,-0.04288564435131348,-0.011778208681040181,-0.018786117664168045
2002-02-06,-0.04263084607641887,-0.0063294957587722855,-0.015950473829179468
2002-02-07,-0.04939881839980853,-0.007585786149616802,-0.02005082969085281
2002-02-08,-0.04311634705166234,-0.004225555306837769,-0.015153601760414803
2002-02-11,-0.036547540207331086,-0.01763571536656583,-0.01840471479806316
2002-02-12,-0.05179260429075372,-0.02808647076912818,-0.03139207440393743
2002-02-13,-0.05360314512340747,-0.03875269248607005,-0.03763179382650983
2002-02-14,-0.05060381473112607,-0.03568417112514033,-0.03457077058414437
2002-02-15,-0.040666293107964546,-0.018586748788617657,-0.020959517693562746
2002-02-19,-0.0350801795711273,-0.014036009941095662,-0.015839217289402963
2002-02-20,-0.03641104079929569,-0.017657477888534223,-0.01832533927100366
2002-02-21,-0.03648094751217701,-0.010040854889593276,-0.014555226313060055
2002-02-22,-0.029802842964172904,-0.00825224934412394,-0.010249966366072782
2002-02-25,-0.027453267822585503,-0.007131870191031564,-0.00849244153969475
2002-02-26,-0.02762838901121134,-0.0036580119427549462,-0.006847160287400844
2002-02-27,-0.02718616456723033,-0.002539383884704871,-0.006063798777882989
2002-02-28,-0.02528756543066324,-0.005125295464582846,-0.006382274676936195
2002-03-01,-0.033071201767157055,-0.029450008752159418,-0.02249656768154773
2002-03-04,-0.03298680074602578,-0.0398942826637767,-0.027713456262904668
2002-03-05,-0.02965847315239878,-0.05011714147943169,-0.0312164953269769
2002-03-06,-0.03176783431781727,-0.057444844575711196,-0.036006236861032326
2002-03-07,-0.03973540855612634,-0.0778451645761874,-0.050404749794200066
2002-03-08,-0.039425744306664456,-0.0805843144102566,-0.05166196712365767
2002-03-11,-0.03499995925486166,-0.08044223396327443,-0.04940398845056326
2002-03-12,-0.035191096651115084,-0.07539104927653995,-0.0468872908529161
2002-03-13,-0.033660839732323256,-0.06431577513067288,-0.04042308706811171
2002-03-14,-0.04256714604569445,-0.0780921637933919,-0.051909162263665265
2002-03-15,-0.03985522535226915,-0.08214078089397348,-0.052648233220472185
2002-03-18,-0.034564191038852665,-0.08531829194937857,-0.05167777028051168
2002-03-19,-0.03765536058115171,-0.08656834909501054,-0.05384397371138705
2002-03-20,-0.04267008434793074,-0.08238922828361939,-0.05414473614107651
2002-03-21,-0.038032520857324226,-0.08770085004098815,-0.054591305534461454
2002-03-22,-0.039819751618111576,-0.07922819746988363,-0.05107946588490131
2002-03-25,-0.03916580921480728,-0.07397767179719172,-0.048050809741516876
2002-03-26,-0.037281386119308646,-0.07903567907451026,-0.04971712191283473
2002-03-27,-0.04756784003129211,-0.07864992393891168,-0.05459489445286558
2002-03-28,-0.052752676774720064,-0.07519144464379712,-0.05539379850701731
2002-04-01,-0.05410812349824834,-0.07525918415435218,-0.05610422705067286
2002-04-02,-0.046050845888479186,-0.07113452616295379,-0.04997904202920367
2002-04-03,-0.03026329166595132,-0.06628945740994163,-0.03964006102326034
2002-04-04,-0.026913565606336065,-0.06496799772494422,-0.037301804918882686
2002-04-05,-0.018897947206096388,-0.058281917411783346,-0.02989482561818635
2002-04-08,-0.01813762719585399,-0.05924140703228564,-0.030013132920669094
2002-04-09,-0.016843045979856086,-0.0542795733206044,-0.026815675159782004
2002-04-10,-0.020661251769740208,-0.05547107518327066,-0.029318464764775287
2002-04-11,-0.019739071567363764,-0.04350220681818706,-0.02271131631018586
2002-04-12,-0.014908555666984569,-0.032977900572218055,-0.014926847869187965
2002-04-15,-0.007691878758692816,-0.03395127921487229,-0.011814350593750689
2002-04-16,-0.01580200886870653,-0.04747314905303113,-0.022768430374408677
2002-04-17,-0.0284720326336364,-0.0527696437374362,-0.031775533552909185
2002-04-18,-0.02605684769900618,-0.04327513814452211,-0.02571957789340129
2002-04-19,-0.020879265740334718,-0.04067121044746824,-0.021804036012434858
2002-04-22,-0.02480000871783805,-0.039558717775897034,-0.02319536988442028
2002-04-23,-0.02180808138578927,-0.03564695901152004,-0.019707742361063207
2002-04-24,-0.01726160246460462,-0.02645883577707886,-0.012759627757670033
2002-04-25,-0.018824716743586434,-0.020627229093691524,-0.010587932111385978
2002-04-26,-0.02352677975732065,-0.013339944010922422,-0.00927770751323398
2002-04-29,-0.022731541915585796,-0.011196703657386009,-0.00779825417676161
2002-04-30,-0.018127942487148663,-0.014915121686317478,-0.007326880478201958
2002-05-01,-0.019103242542330978,-0.012437814078542608,-0.00657169956860626
2002-05-02,-0.020165275474696376,-0.009676460904075479,-0.005720622288519217
2002-05-03,-0.017671931683327258,0.0,0.0
2002-05-06,-0.018312906308624588,0.0,0.0
2002-05-07,-0.02047060574431414,-0.0013223407746127958,-0.001760145534048907
2002-05-08,-0.025269903265116134,-0.029844661339128664,-0.01846053954629867
2002-05-09,-0.02378830550820743,-0.019483594870274623,-0.012473242208350221
2002-05-10,-0.022386731529127624,-0.010976906393347474,-0.007480578368538104
2002-05-13,-0.03514308835294366,-0.03326418856416302,-0.0251390433592249
2002-05-14,-0.03805794639670268,-0.054332757016261946,-0.037234405572878826
2002-05-15,-0.04606212127357556,-0.044254698154672756,-0.036109780543573944
2002-05-16,-0.03185668458613167,-0.033471022776124015,-0.023495172986176538
2002-05-17,-0.038220039948323015,-0.0355872620758958,-0.0277733705285943
2002-05-20,-0.04019493999008972,-0.025981189691961393,-0.023929594557587586
2002-05-21,-0.039878961863393014,-0.02029820863318421,-0.020921452513862904
2002-05-22,-0.03261816326529077,-0.009251744179634813,-0.01169965269975759
2002-05-23,-0.04262091303175253,-0.0158046206096516,-0.02007751941406144
2002-05-24,-0.038717557937056446,-0.011364809128900921,-0.01586961775269302
2002-05-28,-0.050300667209434824,-0.007999760757567476,-0.020123969531526953
2002-05-29,-0.04647798284963511,-0.0021508835006618376,-0.015263198258043897
2002-05-30,-0.04822171199353076,0.0,-0.012248549417497423
2002-05-31,-0.050918954166053854,-0.006559343112375049,-0.016887642969727
2002-06-03,-0.0538615861273789,-0.0017507328715390402,-0.01603240732475686
2002-06-04,-0.05208466650742871,0.0,-0.013722319326932242
2002-06-05,-0.04810596791936772,-0.006477154396921092,-0.014846597026605957
2002-06-06,-0.04288148717140616,0.0,-0.005821617029275639
2002-06-07,-0.04397530678099637,-0.0017818270580076678,-0.007275430291240559
2002-06-10,-0.03883925696399304,-0.003603325347437236,-0.005514560960379722
2002-06-11,-0.02721175447315094,0.0,0.0
2002-06-12,-0.025382722028960747,-0.002762661967457336,-0.00044123304740983915
2002-06-13,-0.025865367333605227,-0.009529808091550906,-0.004080180948613621
2002-06-14,-0.01445390412218206,0.0,0.0
2002-06-17,-0.01708025853807804,-0.0061789755459010776,-0.004421923884706747
2002-06-18,-0.017741868941205774,0.0,-0.0011919617924802672
2002-06-19,-0.004682312688165768,0.0,0.0
2002-06-20,-0.017168499080011834,-0.00539967271063746,-0.008972299183528376
2002-06-21,-0.011051589412682028,0.0,-0.00026594911540767097
2002-06-24,-0.023286360230554748,-0.009624811872680716,-0.011261177855819704
2002-06-25,-0.024917220855812938,-0.007034906274915764,-0.010793834460819496
2002-06-26,-0.020069851806083894,0.0,-0.0005278049849282151
2002-06-27,-0.03751009204531386,-0.018285370566508696,-0.01855968395826768
2002-06-28,-0.03723807415234315,-0.018959012557095534,-0.018757724019355493
2002-07-01,-0.041136290165390776,-0.011504240728611004,-0.01701609473353627
2002-07-02,-0.02520840072328434,-0.009177732911104353,-0.007695049555997868
2002-07-03,-0.020578577180304425,-0.010256444534677445,-0.005878710410131993
2002-07-05,-0.03529783538232656,-0.03264012231891866,-0.02459013966823065
2002-07-08,-0.03258020233791925,-0.012390540304643594,-0.013007195509290637
2002-07-09,-0.03229730129920838,0.0,-0.003141583492027422
2002-07-10,-0.019050674565064707,0.0,0.0
2002-07-11,-0.017784661634349996,0.0,0.0
2002-07-12,-0.007261585165818207,0.0,0.0
2002-07-15,-0.019088344369284194,0.0,-0.003103794937553972
2002-07-16,-0.030981280584393422,-0.018385561112801763,-0.018311412394526605
2002-07-17,-0.022892015664892296,-0.012921967458630279,-0.011481893400362986
2002-07-18,-0.015499885877098607,-0.005164078889387191,-0.0038580645430550398
2002-07-19,-0.013093639969041448,0.0,0.0
2002-07-22,-0.008876348800781808,0.0,0.0
2002-07-23,0.0,-0.012457996771748525,0.0
2002-07-24,-0.009366064191914769,-0.012177027146687003,-0.004540775045551948
2002-07-25,0.0,-0.004976416843762932,0.0
2002-07-26,0.0,-0.017568853442773147,-0.0009295576260835992
2002-07-29,-0.009829835021122113,-0.04102052861253025,-0.017764342856552928
2002-07-30,-0.011288407801739342,-0.04817893272791851,-0.0221537864649618
2002-07-31,-0.0028842715138753805,-0.03735087202295173,-0.012435833306115862
2002-08-01,0.0,-0.02435004801157481,-0.003628845924996571
2002-08-02,0.0,-0.00634714501314404,0.0
2002-08-05,0.0,0.0,0.0
2002-08-06,-0.00835375465014121,-0.028243720542761475,-0.01829873759645151
2002-08-07,-0.00798210749740158,-0.012279085732623374,-0.010050768919165676
2002-08-08,-0.009539612448436596,-0.030019252176201716,-0.019717991752088326
2002-08-09,-0.006921975017689874,-0.022196567872315387,-0.014469742130225338
2002-08-12,-0.009667413075234554,-0.018690692566113443,-0.014065238210981268
2002-08-13,-0.004944538701331713,-0.005726646641779465,-0.005201711262752595
2002-08-14,-0.012208834814432468,-0.009537410118259926,-0.010739308290215188
2002-08-15,-0.019793558186529725,-0.025672117449729415,-0.022594875994441543
2002-08-16,-0.024716259087716796,-0.03498385024145467,-0.029719763309607905
2002-08-19,-0.016589287836950906,-0.04273654460405951,-0.029574616958949695
2002-08-20,-0.003434916474056915,-0.03941073758799185,-0.021398511280657284
2002-08-21,-0.004548938406157443,-0.03903205651420949,-0.021752590935369964
2002-08-22,-0.011404329498443944,-0.051074633563413796,-0.0312506073262393
2002-08-23,-0.0064963401718324265,-0.040867734382608156,-0.023635811253450822
2002-08-26,-0.006680707213466031,-0.03503417558275468,-0.020757221742859766
2002-08-27,-0.01299663323707867,-0.035408945763285016,-0.024060590174767027
2002-08-28,-0.0045735006417497726,-0.02786051955105384,-0.016077617542686662
2002-08-29,0.0,-0.021350268668009265,-0.010080468269343279
2002-08-30,-0.0005142497835927129,-0.017670927302271155,-0.008474145511535025
2002-09-03,0.0,0.0,0.0
2002-09-04,-0.0017302161858077092,0.0,0.0
2002-09-05,0.0,0.0,0.0
2002-09-06,-0.016859978184734614,-0.009708583398833515,-0.013284280791784009
2002-09-09,-0.02745297042323136,-0.007977595693724915,-0.017737671591421256
2002-09-10,-0.02499359073946339,-0.011198380725250034,-0.0180902462778898
2002-09-11,-0.02880104016650864,-0.012602777985766589,-0.0207047543102018
2002-09-12,-0.01901016695240587,-0.01002216489825225,-0.014488788392654994
2002-09-13,0.0,-0.019582646272207183,-0.009473369371764795
2002-09-16,0.0,-0.014871352298319818,-0.004996448992299896
2002-09-17,0.0,-0.011817243891497187,-0.0018055734879045549
2002-09-18,0.0,-0.00393327158481227,0.0
2002-09-19,0.0,0.0,0.0
2002-09-20,0.0,-0.0004537728001432484,0.0
2002-09-23,0.0,0.0,0.0
2002-09-24,-0.0006191843689868914,0.0,0.0
2002-09-25,-0.01613001438614714,-0.02174402111510887,-0.018632230573068065
2002-09-26,-0.01918709408414032,-0.023359866200840407,-0.020967375490435702
2002-09-27,-0.003663841771158194,-0.007822989396231383,-0.005432368655951203
2002-09-30,0.0,0.0,0.0
2002-10-01,-0.014975015108445122,-0.01976394090537925,-0.01736947800691213
2002-10-02,-0.010258143277820375,-0.015870125311314043,-0.01306511154254797
2002-10-03,-0.005096681686535431,-0.014876162040714735,-0.009993301700836676
2002-10-04,-0.002752074576838015,-0.010637703229257278,-0.006697034308948857
2002-10-07,0.0,-0.0018497327653740347,0.0
2002-10-08,-0.004080114573512428,-0.012670894889633244,-0.0074606650246267225
2002-10-09,0.0,-0.00014700045274296247,0.0
2002-10-10,-0.012940128594767009,-0.01870182280555388,-0.01574883945793837
2002-10-11,-0.02999273699372773,-0.03574904932580414,-0.032800144828300626
2002-10-14,-0.023883514830639108,-0.02994480092602725,-0.02684337486935029
2002-10-15,-0.059296827714529154,-0.057636817937039675,-0.05838661621563457
2002-10-16,-0.056201723818914306,-0.055378792854858805,-0.05570945264390825
2002-10-17,-0.07198813468787968,-0.07075043697480932,-0.07128990673475422
2002-10-18,-0.06861052258097777,-0.07376673481398299,-0.07110710341209348
2002-10-21,-0.08250728884497793,-0.08374715225805773,-0.08304139931864285
2002-10-22,-0.0758690184256926,-0.0848931940261215,-0.08029765857406512
2002-10-23,-0.07664494237284436,-0.08939806197129407,-0.08294750672175133
2002-10-24,-0.07046103683244165,-0.07719831368214003,-0.07373357410393411
2002-10-25,-0.07028301217942268,-0.07765854406612649,-0.0738758543340432
2002-10-28,-0.06358155479732885,-0.07024629233641289,-0.0668167489971474
2002-10-29,-0.04984038404225988,-0.05910398553971297,-0.05437819704982938
2002-10-30,-0.05377158539966431,-0.061228518957200606,-0.05740201242796583
2002-10-31,-0.054509565732724585,-0.047649026153490315,-0.05095216493406041
2002-11-01,-0.06522230805659823,-0.05233741295532446,-0.058664752192110536
2002-11-04,-0.07212628131369314,-0.06185188501164973,-0.06686642782708374
2002-11-05,-0.07476006281985914,-0.06529390492743836,-0.0699025945618641
2002-11-06,-0.07613651760708862,-0.06497102133563981,-0.07043378933230626
2002-11-07,-0.05799436508137157,-0.05210187634662522,-0.054909740614770164
2002-11-08,-0.05137433477929687,-0.05011309287001342,-0.050597440573564634
2002-11-11,-0.05187176989970399,-0.04269523655239382,-0.04713932485062988
2002-11-12,-0.04976096064538804,-0.04432648542387596,-0.046890490392691886
2002-11-13,-0.05107378049142908,-0.04995869326110758,-0.050357431700071786
2002-11-14,-0.06783968241334648,-0.0650635710857177,-0.06629598009465831
2002-11-15,-0.06870852323713272,-0.06715463165769531,-0.06777527202266631
2002-11-18,-0.06523536091823212,-0.061864190491696114,-0.06339348996199368
2002-11-19,-0.06473863035563421,-0.0588146248786362,-0.06162233811280282
2002-11-20,-0.07996134156664836,-0.07212995453424409,-0.07589685866745965
2002-11-21,-0.08917887621066478,-0.07831671131309315,-0.0836068063825135
2002-11-22,-0.09015761198810446,-0.07861529479281182,-0.0842476029093473
2002-11-25,-0.09515858396970567,-0.0878197004154797,-0.09133840128614246
2002-11-26,-0.08031412480169775,-0.08117697707255778,-0.08057628587782717
2002-11-27,-0.10481739408824453,-0.10015007294349654,-0.1023171780072073
2002-11-29,-0.0979235643551647,-0.09300499546627772,-0.09529670101134569
2002-12-02,-0.09427308258516942,-0.09047829809167407,-0.09220598840856398
2002-12-03,-0.08319698651074958,-0.08795993774140787,-0.08539851287998257
2002-12-04,-0.08081491317360368,-0.08118315791695008,-0.08081243019925821
2002-12-05,-0.06133506986343884,-0.07931229788537231,-0.07013667478728769
2002-12-06,-0.058213833839918516,-0.07411037192718817,-0.06596380594892637
2002-12-09,-0.04812779898228481,-0.06638392872160048,-0.05706507489999513
2002-12-10,-0.05153963111945048,-0.06908446779163147,-0.06011872105745586
2002-12-11,-0.04964231217181436,-0.0629202987509514,-0.05606687406960398
2002-12-12,-0.044029505464633134,-0.05187745763532681,-0.04771764041687565
2002-12-13,-0.04483252931991366,-0.04402752898892481,-0.04417541849858686
2002-12-16,-0.050499144283206565,-0.05057910302902213,-0.05028595541793068
2002-12-17,-0.04560800686392741,-0.04553499017242568,-0.04531700246117809
2002-12-18,-0.03307462318301857,-0.03620513472238551,-0.03438240670346626
2002-12-19,-0.019502787496026963,-0.02341374194375745,-0.02119787500798187
2002-12-20,-0.020838061358858573,-0.030174501963775024,-0.02525240779303317
2002-12-23,-0.02398195662938407,-0.028964254220094188,-0.026209073612902145
2002-12-24,-0.01190686036360511,-0.019158473953948096,-0.015268500787999906
2002-12-26,-0.0029614012503357268,-0.012386366134858662,-0.0074115052789544
2002-12-27,0.0,0.0,0.0
2002-12-30,0.0,0.0,0.0
2002-12-31,0.0,0.0,0.0
2003-01-02,-0.044472232439078496,-0.02904183346142819,-0.03675703295025334
2003-01-03,-0.04840293364210757,-0.018236128851401134,-0.03337833091399678
2003-01-06,-0.05851315489072151,-0.019815665806489635,-0.03929084332216348
2003-01-07,-0.05848570747422954,-0.019757088677914925,-0.039248132784393985
2003-01-08,-0.0586742457875028,0.0,-0.02945131775043297
2003-01-09,-0.07732400942511353,-0.01960744541833881,-0.04858067543156197
2003-01-10,-0.06531476791093982,-0.024633577223902026,-0.044827795936383086
2003-01-13,-0.05854076266744879,-0.03149313803457965,-0.04472532444553601
2003-01-14,-0.05562492104340866,-0.029413590107235876,-0.04222044128953106
2003-01-15,-0.05627543584190775,-0.024260132258849376,-0.04000758631622425
2003-01-16,-0.051138393145129024,-0.015315546151554726,-0.0329946742300925
2003-01-17,-0.040609534481898524,-0.0025078669919906815,-0.021340716399145476
2003-01-21,-0.03984511534541002,0.0,-0.015242795980747514
2003-01-22,-0.03357864812039135,0.0,-0.007459370517326924
2003-01-23,-0.03829856026204981,0.0,-0.009531220424172537
2003-01-24,-0.026289310060398474,0.0,0.0
2003-01-27,-0.020463420501361074,-0.007400797512441493,-0.000708807095971653
2003-01-28,-0.027259048323352575,-0.004502956684241388,-0.0027164568880081452
2003-01-29,-0.03270462462803958,-0.010983311925141681,-0.008753934310079092
2003-01-30,-0.03321181116344318,0.0,-0.0010784931582239476
2003-01-31,-0.037196906294414855,-0.0034471220783006684,-0.0048589695863682225
2003-02-03,-0.03801972159456202,-0.00586539016897869,-0.006491616327682803
2003-02-04,-0.028520161534108412,0.0,0.0
2003-02-05,-0.03422092426784529,-0.009008147417609247,-0.00743813497699275
2003-02-06,-0.02639817473214978,-0.004825747289676996,-0.0013237776394614542
2003-02-07,-0.017749721658815276,0.0,0.0
2003-02-10,-0.03433760702226385,-0.011110450398387983,-0.01399904330198043
2003-02-11,-0.03208546503703802,-0.00919455663882951,-0.011894106583998032
2003-02-12,-0.01698845596781684,-0.013122260952948106,-0.0061466365304853054
2003-02-13,-0.004517041386653875,0.0,0.0
2003-02-14,-0.023672377707475767,-0.012054025959214343,-0.015648140169722047
2003-02-18,-0.028855099181899768,-0.021466399774859646,-0.022949864730353875
2003-02-19,-0.01746828688035862,-0.016647081648542783,-0.014815832721735811
2003-02-20,-0.013927362769381113,-0.012900160398303995,-0.01116364162899508
2003-02-21,-0.022453086453316895,-0.02483289505637487,-0.021415314672566743
2003-02-24,-0.011741332944859462,-0.016078230071517985,-0.011661078740231257
2003-02-25,-0.012838327982474418,-0.017627205509773147,-0.012987585452761907
2003-02-26,-0.00638848011928983,-0.0055793164560579145,-0.0037107542849504904
2003-02-27,-0.0032857919674639247,-0.015354827774410107,-0.007052169402795183
2003-02-28,0.0,-0.01363232807944914,-0.0012195222974257236
2003-03-03,-0.0011946248886203215,-0.0023744320517786743,0.0
2003-03-04,0.0,0.0,0.0
2003-03-05,0.0,0.0,0.0
2003-03-06,-0.0004878850266647472,0.0,0.0
2003-03-07,0.0,0.0,0.0
2003-03-10,0.0,0.0,0.0
2003-03-11,-0.0017613719382695292,-0.0040665498361700525,-0.0029139608872198464
2003-03-12,-0.004789563254785634,-0.008673379168195994,-0.006732388732936134
2003-03-13,-0.03492049190745006,-0.04154055622149688,-0.03823420767214747
2003-03-14,-0.028606387921508047,-0.04667804144676524,-0.03766559966700522
2003-03-17,-0.047102024683723265,-0.07485041245666424,-0.06104652534389454
2003-03-18,-0.05846011628556391,-0.08668512124402594,-0.07264811074243516
2003-03-19,-0.06197064210367953,-0.09813339805724008,-0.08018903813317746
2003-03-20,-0.06944561858936193,-0.09813809359025327,-0.08385633139965487
2003-03-21,-0.08235672582240638,-0.12101362220929912,-0.10183080447421922
2003-03-24,-0.053930966926156954,-0.10194751572074034,-0.07817844784276051
2003-03-25,-0.059740243788943825,-0.10424103396504036,-0.0821857520104401
2003-03-26,-0.05275341102243403,-0.09799308827935183,-0.07557483810864951
2003-03-27,-0.04586261024585048,-0.08883014996704985,-0.06751710979986214
2003-03-28,-0.036209161883173024,-0.0788375617439121,-0.05768676820844665
2003-03-31,-0.02932447265181104,-0.051995475192802676,-0.04059193095543323
2003-04-01,-0.03494685158141475,-0.05647621077677378,-0.04563780571867937
2003-04-02,-0.05511970325412541,-0.07507016445967629,-0.06501626579871533
2003-04-03,-0.04801435012267807,-0.07723329034708426,-0.06259411896913769
2003-04-04,-0.051076645285041855,-0.07871270298582778,-0.06485325819172139
2003-04-07,-0.06645124689986215,-0.08528625661303235,-0.07576517525465098
2003-04-08,-0.0565982787590773,-0.0751395352443428,-0.0657616739231327
2003-04-09,-0.04584744025397369,-0.06231129750284248,-0.053959310398645766
2003-04-10,-0.04890988686254383,-0.06736336178963243,-0.058026047274952086
2003-04-11,-0.05085534055242413,-0.07392269219378333,-0.06230195092605073
2003-04-14,-0.061893841151000384,-0.08237954590957652,-0.07203612613218147
2003-04-15,-0.0648984083842884,-0.07576773366440692,-0.07017899758551016
2003-04-16,-0.05592432772848965,-0.07053145634247637,-0.06308332564042929
2003-04-17,-0.06500963432157592,-0.07066363763928052,-0.06765815190419722
2003-04-21,-0.060432720536504836,-0.07387099116279494,-0.0669850405239959
2003-04-22,-0.06388724091955211,-0.07111005208089749,-0.06730952160899917
2003-04-23,-0.06672550479151451,-0.07516089304478568,-0.0707571728625579
2003-04-24,-0.05075404432419739,-0.06234455851384357,-0.05636725987993252
2003-04-25,-0.03962601113568809,-0.061848638071844264,-0.05058660431619222
2003-04-28,-0.043888079680314496,-0.06959399399838173,-0.056612484946895414
2003-04-29,-0.054824474681202884,-0.06689501327806424,-0.06063958984705009
2003-04-30,-0.044107507325716444,-0.05083508424945715,-0.04723027737302621
2003-05-01,-0.04423896208870681,-0.043402953816572776,-0.04356561167560047
2003-05-02,-0.05514051736558867,-0.04980231442717897,-0.052219365720510336
2003-05-05,-0.05675105226571309,-0.038051363073664524,-0.04716659273343271
2003-05-06,-0.05119062290724996,-0.02704891193535719,-0.038909030903139685
2003-05-07,-0.04728134919911664,-0.016363123478393193,-0.03165132761266831
2003-05-08,-0.037617512181252644,-0.010396691933959423,-0.02380328901557993
2003-05-09,-0.05419317321458628,0.0,-0.026425215018990422
2003-05-12,-0.05773621302244003,0.0,-0.02638989789259194
2003-05-13,-0.05869704063394365,-0.00041288158719265944,-0.027087286479669848
2003-05-14,-0.04830287154629864,0.0,-0.015287255489502272
2003-05-15,-0.059213007100984205,-0.0019522559506903736,-0.02189277234854692
2003-05-16,-0.047839180846350415,0.0,-0.009126584338527532
2003-05-19,-0.026412462893343536,0.0,0.0
2003-05-20,-0.02003514149612784,0.0,0.0
2003-05-21,-0.024788060215198637,-0.004339156607208516,-0.00459462379264719
2003-05-22,-0.016909554590873732,-0.007097662607342015,-0.0019527011028817043
2003-05-23,-0.015855580012536175,-0.00581985428636933,-0.0007754813716395192
2003-05-27,-0.026367401976931326,-0.014950764311949305,-0.010700548649991148
2003-05-28,-0.023098546141456122,-0.025034231935497586,-0.014103308434479045
2003-05-29,-0.018601542206818422,-0.007146066097884485,-0.002789742050136268
2003-05-30,-0.024312822874661855,-0.019059604210622916,-0.011674296475125967
2003-06-02,-0.029162780369540897,-0.025412002986708204,-0.01733079946161642
2003-06-03,-0.014681485868283217,-0.020082877856258285,-0.007315250652435656
2003-06-04,-0.010958866003897616,-0.02178965316032344,-0.006304532268225582
2003-06-05,-0.019988333929626734,-0.014348891916828643,-0.007061237699416245
2003-06-06,-0.025175042205472287,-0.013033447820735011,-0.009026215064877885
2003-06-09,-0.00926672891173752,-0.004137999080944144,0.0
2003-06-10,-0.008319455002072873,0.0,0.0
2003-06-11,-0.015733084535999642,0.0,-0.0016646131641472328
2003-06-12,-0.019244509828455048,0.0,-0.002698532981118662
2003-06-13,0.0,-0.0020567147708077105,0.0
2003-06-16,-0.0114226475168,-0.014307914986568804,-0.011849548443657154
2003-06-17,-0.028437366084929416,-0.025479812367384502,-0.02595311429658087
2003-06-18,-0.041347711942446685,-0.034341078924025825,-0.036853274299656125
2003-06-19,-0.03321148638664628,-0.02822229370476592,-0.029714655546018043
2003-06-20,-0.03161976960213386,-0.037021084929305004,-0.03330855801720156
2003-06-23,-0.01382654010720874,-0.03197607456030138,-0.021895228273984935
2003-06-24,-0.005594876858734055,-0.035105666690859016,-0.01939416322114984
2003-06-25,-0.014993244213096335,-0.038064399896816536,-0.025531592001143077
2003-06-26,-0.024031607091480778,-0.0665797576717202,-0.0444458622817242
2003-06-27,-0.022742072999936025,-0.06904018616326024,-0.045073967700598905
2003-06-30,-0.010057380253976067,-0.053428143521159766,-0.03086957792071998
2003-07-01,-0.016725465203688894,-0.04780041341355146,-0.03125260200066393
2003-07-02,-0.021343802693444158,-0.05148770161363092,-0.03540333841578047
2003-07-03,-0.019461599891844816,-0.060643480128553584,-0.03913127568228136
2003-07-07,-0.03272229357980916,-0.07722764023233519,-0.05411059424223874
2003-07-08,-0.04109252043743006,-0.08495464473149539,-0.06216345673896506
2003-07-09,-0.041420353018188916,-0.07864190003755767,-0.059088782507392024
2003-07-10,-0.028366621054549124,-0.07964352222658322,-0.05319365830449385
2003-07-11,-0.024552708393121847,-0.07233900244941471,-0.04757820709921445
2003-07-14,-0.037187698414393844,-0.08146289168570697,-0.05843028762787994
2003-07-15,-0.04937302161794355,-0.10341344484703696,-0.07563901150721108
2003-07-16,-0.05293404908523203,-0.10510384520637839,-0.07824171210188757
2003-07-17,-0.04628058897557408,-0.11130260592078478,-0.07819629409244988
2003-07-18,-0.051933923606903076,-0.10715926219212313,-0.07877952143078504
2003-07-21,-0.06652711712913528,-0.12169130582578835,-0.09336648534955327
2003-07-22,-0.06489102112860656,-0.12003345864062254,-0.09171630222277616
2003-07-23,-0.06397960308604778,-0.1033792122704954,-0.08267857760356367
2003-07-24,-0.06743903495417292,-0.10274429865620238,-0.08404895277020208
2003-07-25,-0.07423888113898125,-0.09861014530037626,-0.08527817298285045
2003-07-28,-0.0920841048456218,-0.10052673987960115,-0.09506685758580147
2003-07-29,-0.09878707788008911,-0.11209215287080077,-0.10422514158638219
2003-07-30,-0.08701351497894572,-0.11277373589561446,-0.09871769290372179
2003-07-31,-0.10945147632286556,-0.12384834133326039,-0.11541787847959495
2003-08-01,-0.11165329303148674,-0.12578588936647495,-0.11748950679105918
2003-08-04,-0.10294459748416496,-0.11680468985514458,-0.10863054997071986
2003-08-05,-0.10434936474804024,-0.1346267295500182,-0.1183219745939792
2003-08-06,-0.0962060599351865,-0.12318708472940643,-0.10848625077184648
2003-08-07,-0.09962553584465683,-0.11705061005166484,-0.1070530778027996
2003-08-08,-0.09577198334687342,-0.12125323093926033,-0.1072672996217775
2003-08-11,-0.10008700891040478,-0.11291496430345482,-0.10516189598027947
2003-08-12,-0.1104934646296124,-0.11734290243890244,-0.11256910025265232
2003-08-13,-0.12490045986889475,-0.12820291402947548,-0.12521516241823072
2003-08-14,-0.12895650342842557,-0.1276963908636728,-0.12698832534226834
2003-08-15,-0.1288570224148644,-0.12429322589618319,-0.1252355087528667
2003-08-18,-0.1394655031826436,-0.12112726716520117,-0.12898052387390224
2003-08-19,-0.12660511342662828,-0.11777401553390454,-0.12081033765017068
2003-08-20,-0.13225784277813157,-0.12120716146454058,-0.1253661197149606
2003-08-21,-0.13717158348330916,-0.133495769297587,-0.13395772835790054
2003-08-22,-0.1326281263940423,-0.1330535829644186,-0.1314565628049984
2003-08-25,-0.13786543427225129,-0.13822128373914822,-0.13666736392556156
2003-08-26,-0.13001424893945668,-0.13464419733178323,-0.13094454781366416
2003-08-27,-0.13495104732629948,-0.13725725232820607,-0.1347224207682034
2003-08-28,-0.12705478030995065,-0.1273992270520805,-0.12582974918456113
2003-08-29,-0.13957016225235397,-0.12179335513156853,-0.12928824438868858
2003-09-02,-0.15281832411002916,-0.13898883333173273,-0.14451584471552936
2003-09-03,-0.15707767219007995,-0.1344072707824614,-0.14439031354108778
2003-09-04,-0.15041904557953456,-0.12619482249059366,-0.13695202233411774
2003-09-05,-0.1315695574985558,-0.10750295415703703,-0.11814700449719107
2003-09-08,-0.13535554469303768,-0.10688106778236428,-0.11976202157079674
2003-09-09,-0.13063570524991042,-0.10313986827793731,-0.1155159204836107
2003-09-10,-0.11727207807078832,-0.10445155358245073,-0.10936469079724909
2003-09-11,-0.12213465628930453,-0.09544651390142167,-0.10733994092787646
2003-09-12,-0.11521776633014114,-0.08907057533043872,-0.10067715797087995
2003-09-15,-0.11479337268903922,-0.08862306832779787,-0.10024057133235331
2003-09-16,-0.12016375986857164,-0.08576890497853373,-0.10156101913738902
2003-09-17,-0.11513419656621282,-0.07860020173616933,-0.095470629658439
2003-09-18,-0.11755005502696347,-0.07120957917783644,-0.09307774985662498
2003-09-19,-0.12211694830024755,-0.06457445953371788,-0.09218507297180456
2003-09-22,-0.12776637701048577,-0.055865052777271496,-0.09087993022758278
2003-09-23,-0.12113391990960887,-0.0538220523338202,-0.08643984344301492
2003-09-24,-0.11336820808858039,-0.054072476322764906,-0.08252460362841307
2003-09-25,-0.11311691477105246,-0.061055653278821787,-0.08578115261368391
2003-09-26,-0.10806860243003491,-0.059639803829630744,-0.08248991345197876
2003-09-29,-0.11434604920915936,-0.049505668771147815,-0.08077470747606419
2003-09-30,-0.09753714087118226,-0.037938729133894844,-0.06645846930667154
2003-10-01,-0.10459721973715752,-0.023902226142144545,-0.06329987532986348
2003-10-02,-0.11036424570004755,-0.02547151363584832,-0.06706935397780256
2003-10-03,-0.12260669650599254,-0.05080361850062487,-0.08561387488737338
2003-10-06,-0.11703312091994889,-0.04055464950178744,-0.07777303778144529
2003-10-07,-0.12967692787126217,-0.03814135852475087,-0.08321619943546621
2003-10-08,-0.12872062128840656,-0.03679056246420909,-0.08206877336509755
2003-10-09,-0.12875300195775385,-0.034174592893226996,-0.08083933110011654
2003-10-10,-0.12109956206905081,-0.020851276220377746,-0.0704623689234618
2003-10-13,-0.12701859094807155,-0.013936603423649552,-0.0703102320373632
2003-10-14,-0.12440750342125662,-0.027600544669172278,-0.0753612651190051
2003-10-15,-0.1289108215205863,-0.03170098303211333,-0.07968857053719136
2003-10-16,-0.13314291044101811,-0.04073183727419161,-0.08621583405600297
2003-10-17,-0.13016067454406488,-0.03562951788547997,-0.08221379916874105
2003-10-20,-0.13055754427442612,-0.028546717811448685,-0.07905284070017315
2003-10-21,-0.1294578478613202,-0.026867488899062875,-0.07767445749089974
2003-10-22,-0.1296407646903226,-0.01695832814813547,-0.07307545306544527
2003-10-23,-0.13986259903176101,-0.02610635817813889,-0.0828314391264321
2003-10-24,-0.12942002333124514,-0.015398520298454343,-0.07222187892461018
2003-10-27,-0.13733189181868155,-0.017982984603093888,-0.07765537757408159
2003-10-28,-0.13976672973568338,-0.0026274435040297694,-0.0717457837190123
2003-10-29,-0.149094927115621,-0.004422646304812705,-0.07761408241352896
2003-10-30,-0.15666416607629574,-0.012266314294021696,-0.08535014555795628
2003-10-31,-0.15076671080270032,-0.010238591011165865,-0.08121322355390892
2003-11-03,-0.15120859271207976,-0.024987624350719106,-0.08829795861415402
2003-11-04,-0.14942783299704687,-0.012354959885726657,-0.0814353909074611
2003-11-05,-0.15404366619868093,-0.012840637205663974,-0.08415364953746829
2003-11-06,-0.15506159112991602,-0.022591015360794886,-0.08922766309670715
2003-11-07,-0.15647678940324528,-0.02395159950237269,-0.09062430719515202
2003-11-10,-0.1543482876751927,-0.025013613300704507,-0.08997170644895036
2003-11-11,-0.1566331366171042,-0.02124900184093992,-0.08944420196492242
2003-11-12,-0.1539871431857397,-0.010643630552668149,-0.08308258830283588
2003-11-13,-0.14979617512848675,0.0,-0.0749152560164632
2003-11-14,-0.146160090930872,0.0,-0.07060388887332958
2003-11-17,-0.14019926387003478,-0.005811798759875475,-0.07006047045201969
2003-11-18,-0.13637460549799352,0.0,-0.06280283433003697
2003-11-19,-0.13288108146990552,-0.021887073736938767,-0.0711635183586884
2003-11-20,-0.12801911338129135,-0.018359506192677566,-0.06688458203542058
2003-11-21,-0.12915312651584832,-0.012715939836113743,-0.06480904640002061
2003-11-24,-0.13355638492419242,-0.02356558696533806,-0.0723119348160347
2003-11-25,-0.13177913450542178,-0.01895722843380232,-0.06917134908714584
2003-11-26,-0.13733842127992002,-0.010803019790576407,-0.06828301373416701
2003-11-28,-0.14358673311685166,-0.01202491787309079,-0.07223270415081295
2003-12-01,-0.15000183466614603,-0.006508000417303927,-0.07311714272993197
2003-12-02,-0.1540346292740299,0.0,-0.07008944161245356
2003-12-03,-0.1603577174443862,-0.0006546235383334542,-0.07386907655139119
2003-12-04,-0.15669376930757384,0.0,-0.06943897359431317
2003-12-05,-0.14797624205127924,0.0,-0.05693187665484045
2003-12-08,-0.15147493915672094,0.0,-0.056279666514571614
2003-12-09,-0.1577755127058189,-0.007151569490443044,-0.06315792193548808
2003-12-10,-0.15337931913567315,-0.00799074005478373,-0.061108802070631185
2003-12-11,-0.1528033812341053,0.0,-0.05607665022605046
2003-12-12,-0.1535157156030339,0.0,-0.052365825099746965
2003-12-15,-0.15401841515895998,-0.004568899757892764,-0.05481203247314248
2003-12-16,-0.15386413497306073,0.0,-0.050612740689778724
2003-12-17,-0.14745550936486962,0.0,-0.042281526920467605
2003-12-18,-0.14720012000747917,0.0,-0.037108281635828355
2003-12-19,-0.15151084336112697,-0.00011936120515965154,-0.0395993547710326
2003-12-22,-0.1512561799236568,-0.004774031179067495,-0.04169066948161104
2003-12-23,-0.15274068221587644,-0.013436316843069451,-0.046699223463271156
2003-12-24,-0.14126056916093999,0.0,-0.03201244256704727
2003-12-26,-0.14766223321658845,0.0,-0.033799669613765015
2003-12-29,-0.15527979866056962,0.0,-0.03634264661578657
2003-12-30,-0.152055709935901,0.0,-0.0340609503662449
2003-12-31,-0.15377105041133698,0.0,-0.03439399926694642
2004-01-02,-0.16941923426269045,0.0,-0.0432623781770497
2004-01-05,-0.16731297499697706,0.0,-0.03215930310834292
2004-01-06,-0.16236498106517683,0.0,-0.023174668466446113
2004-01-07,-0.15984544888629149,0.0,-0.02161074748806635
2004-01-08,-0.16205703652749281,0.0,-0.016668167492100205
2004-01-09,-0.15146388452750237,0.0,-0.003033433902506877
2004-01-12,-0.1612086482827797,0.0,-0.008054740840351404
2004-01-13,-0.17071553369101555,-0.001957271224546475,-0.014646861905853847
2004-01-14,-0.17446731420983874,-0.0019436322205848011,-0.016869055888626527
2004-01-15,-0.18354255523955565,-0.016411654986704938,-0.029398760957618286
2004-01-16,-0.18668109819807,-0.020600989249614066,-0.033331313973315124
2004-01-20,-0.18369361965744746,-0.011143270901261548,-0.02688853991150042
2004-01-21,-0.18610102024336372,-0.005467128946602173,-0.02553057892976862
2004-01-22,-0.18344880405380293,0.0,-0.020749134463224683
2004-01-23,-0.18983301032694266,-0.012454744273301288,-0.030675430912460167
2004-01-26,-0.19522755836843997,-0.013781397018293395,-0.034553673008531516
2004-01-27,-0.19249152056141094,-0.011912224596540844,-0.03199762587190769
2004-01-28,-0.1847860486135543,-0.03948120318981252,-0.0408834354982478
2004-01-29,-0.19314384262260886,-0.04791167127906182,-0.05000907711816094
2004-01-30,-0.20104735058069045,-0.03683711465385209,-0.049136784875415174
2004-02-02,-0.19621837715574042,-0.04216408923144577,-0.04889268891755261
2004-02-03,-0.19706066796299915,-0.03490012457662228,-0.04578455795200709
2004-02-04,-0.19852871061502386,-0.0434182188355382,-0.050867884467595825
2004-02-05,-0.20115217143594766,-0.05020949238094374,-0.05579047665550352
2004-02-06,-0.19835379568009703,-0.030350598052605204,-0.04426558512126921
2004-02-09,-0.199646075682392,-0.023106111586722267,-0.04146566064282886
2004-02-10,-0.19652905672709509,-0.022830228514696183,-0.03946378124995864
2004-02-11,-0.19927941685241402,0.0,-0.029535732037487383
2004-02-12,-0.19968913642461983,-0.0021687390051563504,-0.030836361631002118
2004-02-13,-0.1987556389613453,-0.002448538057635008,-0.030407016614823257
2004-02-17,-0.19681655335040782,0.0,-0.021209314734266682
2004-02-18,-0.19181318877206177,-0.014889431047958368,-0.025447485299828765
2004-02-19,-0.19530616366996445,-0.012683866187467085,-0.026462524947010513
2004-02-20,-0.19722196257023783,-0.034975978909988936,-0.038611919836650244
2004-02-23,-0.20663004361963733,-0.01915643154432567,-0.03636539617028711
2004-02-24,-0.20652087208852332,-0.003877888039385824,-0.02879385555711511
2004-02-25,-0.20737021507904496,-0.00928134715221085,-0.03194779816957605
2004-02-26,-0.21183989252635982,-0.009175894736850876,-0.034625724717233575
2004-02-27,-0.2091430100924726,0.0,-0.02830962583603902
2004-03-01,-0.20946833855730418,0.0,-0.023747945348377653
2004-03-02,-0.20810594171765817,-0.023136391054800254,-0.034200186955293366
2004-03-03,-0.20472583729891236,-0.03321823550319103,-0.0371228164323093
2004-03-04,-0.20440544774554747,-0.028202540721814162,-0.03443114196448782
2004-03-05,-0.19970275225513867,-0.0028715381652207883,-0.018993118483589755
2004-03-08,-0.195113521754685,-0.0101148120899055,-0.0197434542074314
2004-03-09,-0.19788405981307344,-0.0037462304164181948,-0.01827723091825373
2004-03-10,-0.19892242288744133,-0.020455463378711514,-0.027145424700102505
2004-03-11,-0.19667344608806014,-0.019168992016750153,-0.025140966942439613
2004-03-12,-0.20206035334861494,-0.019088082341475743,-0.028369339036683594
2004-03-15,-0.2063095041013132,-0.013494630767604154,-0.028186116487869728
2004-03-16,-0.20661953223778606,0.0,-0.021292572959932476
2004-03-17,-0.21186694369616,0.0,-0.018324347199542013
2004-03-18,-0.21311229049239155,0.0,-0.014890077919883504
2004-03-19,-0.21337139234178193,-0.007261131981238345,-0.018628770158508834
2004-03-22,-0.22409518643682502,0.0,-0.017251452840522874
2004-03-23,-0.21900726338953702,-0.002073469617056456,-0.015048161751563205
2004-03-24,-0.22165970319745631,-0.008495988026393064,-0.01989023635479492
2004-03-25,-0.21764257079645632,-0.01347512872118306,-0.019821949229435254
2004-03-26,-0.2124701701934043,-0.023112224045916174,-0.021369370546188815
2004-03-29,-0.21249454166828374,-0.02388043741606749,-0.02176930522138154
2004-03-30,-0.2140393414907764,-0.01790612892307586,-0.019735157165296724
2004-03-31,-0.21447136768114738,-0.0019993264107446285,-0.012065983709342754
2004-04-01,-0.21372317884968917,0.0,-0.01030987492941482
2004-04-02,-0.21698619911636374,-0.023639285291367718,-0.024061247584828638
2004-04-05,-0.2202985500180572,-0.036970344458780446,-0.032788133141738895
2004-04-06,-0.21611164423093498,-0.03220922625553002,-0.02780032841111013
2004-04-07,-0.21714700365284845,-0.023392836786513604,-0.02401409203281335
2004-04-08,-0.22109892746253434,-0.030461663828709185,-0.030009696659587193
2004-04-12,-0.21262473158115414,-0.036443680233609665,-0.02772550621142922
2004-04-13,-0.20963846490466775,-0.07337071415583252,-0.04451231383933263
2004-04-14,-0.2199207147140151,-0.080375658020855,-0.05433909827094274
2004-04-15,-0.20897245586572477,-0.0964651078473574,-0.055975504713440594
2004-04-16,-0.2132635566314076,-0.07988784912574476,-0.049875974629871034
2004-04-19,-0.21326265052719295,-0.07910686300326486,-0.04947219747089193
2004-04-20,-0.21413750000978604,-0.0973164441511547,-0.05939847539082288
2004-04-21,-0.20934676619706294,-0.1172610261681225,-0.06692263784937402
2004-04-22,-0.21073197812364874,-0.10317418626302455,-0.06029493366186511
2004-04-23,-0.20504736869539952,-0.1097924330840424,-0.060378216470954094
2004-04-26,-0.2028877915586319,-0.1070916767718374,-0.0576765871716759
2004-04-27,-0.20688845471148198,-0.09802527677160033,-0.05525724722514491
2004-04-28,-0.21028487386688577,-0.12182463289855017,-0.06974404252599287
2004-04-29,-0.20831029152557545,-0.12115931279184955,-0.0682286604992337
2004-04-30,-0.2089435061314302,-0.11982783989631751,-0.06789545602209768
2004-05-03,-0.2123132304955565,-0.11292220131960318,-0.06622419047306782
2004-05-04,-0.21263922614100694,-0.09968673491637037,-0.059451311479899904
2004-05-05,-0.20980354502730714,-0.09350056152336439,-0.05452629946421572
2004-05-06,-0.2076408198988775,-0.10755115244192692,-0.060559786929482384
2004-05-07,-0.20197934136439566,-0.11525147545730285,-0.061256483453210775
2004-05-10,-0.19877943031968104,-0.13504336399063221,-0.06987427219096776
2004-05-11,-0.20198581596141352,-0.1317414171469271,-0.06996003228338488
2004-05-12,-0.20004632038714965,-0.13028544867519487,-0.06805006227903121
2004-05-13,-0.19994922401555282,-0.13443386719795392,-0.07021613977430174
2004-05-14,-0.20157329401179824,-0.14622353492219708,-0.07749203212859523
2004-05-17,-0.2083444455887773,-0.1494018595688389,-0.08312084532266528
2004-05-18,-0.20857548045522545,-0.15293640879180193,-0.08515962088461082
2004-05-19,-0.20154468100015144,-0.1326392672506006,-0.07013542813279827
2004-05-20,-0.208222644996094,-0.14967844443902378,-0.08315746567013294
2004-05-21,-0.1996890363338264,-0.1440566318218942,-0.07518589375136242
2004-05-24,-0.20571493085029036,-0.13508399869453547,-0.07382026693060884
2004-05-25,-0.2044685115294328,-0.12360454993887016,-0.06694728991401588
2004-05-26,-0.21056314391809228,-0.12781889736150087,-0.07276478521291596
2004-05-27,-0.20839683450628066,-0.12832087401861358,-0.07175939419483257
2004-05-28,-0.2013960611894272,-0.12438706756421314,-0.06556027945820153
2004-06-01,-0.20509980071357625,-0.10074772589075232,-0.05511337829613572
2004-06-02,-0.20020396483860103,-0.10799170117984391,-0.0560093654948175
2004-06-03,-0.19997100182186733,-0.12239566656422496,-0.06349356631768877
2004-06-04,-0.19750712452428065,-0.1118810269730629,-0.056441295592099316
2004-06-07,-0.19655316974870018,-0.10527959838840006,-0.05237371565021853
2004-06-08,-0.19761539108406256,-0.11169388704120753,-0.05639692132498331
2004-06-09,-0.20289200227539317,-0.12214858175385579,-0.06505231389011545
2004-06-10,-0.19812944321586923,-0.12033856180400138,-0.06129537957093334
2004-06-11,-0.19672939911329224,-0.11885473769741528,-0.0596841938009246
2004-06-14,-0.19864048768890052,-0.12146285154693415,-0.06219438933134169
2004-06-15,-0.19778199268539576,-0.13132377384516447,-0.06695513782506812
2004-06-16,-0.19934275317466532,-0.13187975028404608,-0.06816137065048145
2004-06-17,-0.19659496572126922,-0.12980254984482875,-0.0654475437541816
2004-06-18,-0.1918101920474411,-0.12517140446524677,-0.06017780524789074
2004-06-21,-0.1923582846757892,-0.1305206053086606,-0.06336979072086346
2004-06-22,-0.1939473524945038,-0.13349171731505804,-0.06589150674270494
2004-06-23,-0.1933840219563916,-0.1262258152406961,-0.061648720023289916
2004-06-24,-0.18552659729326126,-0.12346561758607066,-0.055596280016955824
2004-06-25,-0.18866672765750814,-0.12406939263508898,-0.057742075065688736
2004-06-28,-0.1803725755478559,-0.12760581663760662,-0.054827891110265425
2004-06-29,-0.19210015457978225,-0.13950376044515445,-0.06803510834423276
2004-06-30,-0.19616338131813815,-0.14525433368372953,-0.0734928001922357
2004-07-01,-0.194374847783928,-0.15150712145026335,-0.07585093788826835
2004-07-02,-0.19742602886254734,-0.15562251552949924,-0.0798421463094442
2004-07-06,-0.19947069850960397,-0.1617889930952625,-0.08437421213957808
2004-07-07,-0.19031191807205028,-0.15148740678844286,-0.073509912146689
2004-07-08,-0.1868390860358864,-0.15383170820001324,-0.07280287870030033
2004-07-09,-0.1826086580487326,-0.152475737109109,-0.06964812170001555
2004-07-12,-0.1854581372840699,-0.15154295806297635,-0.07075778593700155
2004-07-13,-0.18427662075164464,-0.15775811840237808,-0.07348730556159133
2004-07-14,-0.18489622049341714,-0.15311018566433132,-0.07128268994677678
2004-07-15,-0.18119788336954235,-0.16390793109182833,-0.07509629254851324
2004-07-16,-0.18018360928413701,-0.14830856427983685,-0.06589525607115543
2004-07-19,-0.18028219799924827,-0.14993436283442751,-0.06684298131006006
2004-07-20,-0.17909873416483568,-0.16203393156019696,-0.07281049346390123
2004-07-21,-0.17761895057733068,-0.1869116295119383,-0.08573809261198939
2004-07-22,-0.17839236546944615,-0.18049591498020157,-0.0825609904078276
2004-07-23,-0.18994989432820253,-0.1898910091869387,-0.09427271129228432
2004-07-26,-0.18465066178047995,-0.19187810470693845,-0.09242095935111172
2004-07-27,-0.18611439371919436,-0.2046541820302349,-0.10040983875051113
2004-07-28,-0.18087080820440693,-0.19757427672537664,-0.09350803650454809
2004-07-29,-0.18163442373946392,-0.19451313979580875,-0.092201498084717
2004-07-30,-0.1845770698816015,-0.18335926833777105,-0.08754830171118366
2004-08-02,-0.18790480988824332,-0.1802892925479298,-0.08769508115353752
2004-08-03,-0.18906859595897163,-0.18046668615552852,-0.0884474937316726
2004-08-04,-0.19034397024014704,-0.187095837010531,-0.09285104968241031
2004-08-05,-0.19694384213274563,-0.18931176252102377,-0.09778475546775944
2004-08-06,-0.1972896796586583,-0.16941290866364733,-0.08690630477430306
2004-08-09,-0.19936746048227127,-0.17139355593629857,-0.08917675418866966
2004-08-10,-0.19376306130479992,-0.17506906628427554,-0.08800899181729793
2004-08-11,-0.19162579836579907,-0.17109556943109128,-0.08460376569520811
2004-08-12,-0.18971215974678446,-0.1659976284901431,-0.08070532936343622
2004-08-13,-0.1847541460118869,-0.15047592402731957,-0.0693382812160852
2004-08-16,-0.18330017866358694,-0.15386314683919755,-0.0703637445478581
2004-08-17,-0.19331992020939348,-0.15072337784880585,-0.07434159422177733
2004-08-18,-0.18950592973958613,-0.14595637480970425,-0.06955546610810737
2004-08-19,-0.19374042017681348,-0.14255810953144432,-0.07013492327736637
2004-08-20,-0.1915372788580585,-0.14700214694791336,-0.07127417362242949
2004-08-23,-0.1966212200635905,-0.15979900386602996,-0.08116074791112515
2004-08-24,-0.19824078891018182,-0.16376810795138652,-0.08425720876624265
2004-08-25,-0.19092178271771254,-0.15826874469445484,-0.07706631781009632
2004-08-26,-0.19141869190578142,-0.15450120879944773,-0.07528423912949844
2004-08-27,-0.19129464194831158,-0.1539878282751489,-0.07493256542560478
2004-08-30,-0.193545358432632,-0.15376539084123364,-0.07609823642956115
2004-08-31,-0.19701471001443838,-0.14408164147581992,-0.07279927932918218
2004-09-01,-0.20495211015639447,-0.14411801630380128,-0.07740160779413807
2004-09-02,-0.19834222079924402,-0.1491802521650435,-0.07629486659063689
2004-09-03,-0.19238693788353234,-0.1643230269275502,-0.08108388744816575
2004-09-07,-0.19069560784543793,-0.15826886123026285,-0.07679307416627934
2004-09-08,-0.19763454617442733,-0.14890476636689043,-0.07561559229437753
2004-09-09,-0.19905183907153023,-0.1511106623771774,-0.07762993009416719
2004-09-10,-0.19697080749673257,-0.14712558151091004,-0.07426665771566665
2004-09-13,-0.19935730803911322,-0.14298979293753644,-0.07339768923160561
2004-09-14,-0.1983621874077085,-0.13735801049216667,-0.06977730013083483
2004-09-15,-0.2019356431117899,-0.1512683095913685,-0.07935065073824421
2004-09-16,-0.20388313626078192,-0.13628911939838428,-0.07234973831957736
2004-09-17,-0.19877655294522,-0.1384679041865573,-0.07054463379934528
2004-09-20,-0.20210435471518073,-0.13022398149154124,-0.06802789677254129
2004-09-21,-0.199002792259366,-0.12280602319604128,-0.06224232458030243
2004-09-22,-0.20015386577902416,-0.11880882595959485,-0.0607795402567568
2004-09-23,-0.19575236779739524,-0.12090368180724964,-0.05931171206345298
2004-09-24,-0.19355953273158344,-0.11889685893363977,-0.05695557396013573
2004-09-27,-0.19648683922345034,-0.11449759322976438,-0.056312890881147104
2004-09-28,-0.19288377718773342,-0.11070854583904521,-0.0521780710674028
2004-09-29,-0.18564255934902585,-0.11635594133320581,-0.05093582129914331
2004-09-30,-0.1733910738634694,-0.1090603893109523,-0.03987895313314627
2004-10-01,-0.1669894027432015,-0.10712526025529845,-0.035118429514761074
2004-10-04,-0.1700260542066303,-0.10824380636878916,-0.037481492270303285
2004-10-05,-0.17133298935405183,-0.10480660737471637,-0.036384343641503225
2004-10-06,-0.16568949178714854,-0.10610787877377603,-0.033803438008759734
2004-10-07,-0.16573255882580695,-0.10888332831787118,-0.035328349460340025
2004-10-08,-0.16842731396644195,-0.09705468429441966,-0.030483830591491734
2004-10-11,-0.16892771345033641,-0.09857681958287312,-0.031592712506857024
2004-10-12,-0.18008813253686362,-0.10128789711732111,-0.03955132160540009
2004-10-13,-0.20381309948608728,-0.11215577442053681,-0.059254311748446975
2004-10-14,-0.2115618084133436,-0.1041841407687989,-0.05960880064520735
2004-10-15,-0.20663255271941994,-0.10708590054173284,-0.05819224839558501
2004-10-18,-0.20467291067145832,-0.10739594571517352,-0.057192612528250364
2004-10-19,-0.20563064626515848,-0.1114257687725575,-0.05988851602392142
2004-10-20,-0.2057006224386151,-0.10163603859595993,-0.0547511563657016
2004-10-21,-0.20034392005399693,-0.1018444986024718,-0.051673478255642835
2004-10-22,-0.2032030231874017,-0.10330474901670006,-0.05413971920475669
2004-10-25,-0.20541194294385,-0.10332789580126012,-0.055463007344672466
2004-10-26,-0.20487077200221926,-0.10261334007445244,-0.05476500936498774
2004-10-27,-0.19384198250687712,-0.11087818537452998,-0.05256236031463224
2004-10-28,-0.19662430215217297,-0.11179651994915374,-0.054686604842384634
2004-10-29,-0.1924142318831874,-0.09920873673813158,-0.045511081509886364
2004-11-01,-0.18520934286598367,-0.10456583194431024,-0.04409155787887442
2004-11-02,-0.18867185498922678,-0.10572756204689915,-0.04674275358690927
2004-11-03,-0.18308823108079986,-0.09382057447829117,-0.037116381126884646
2004-11-04,-0.1770142742892692,-0.09132092543095649,-0.03220870060575742
2004-11-05,-0.16265786600727072,-0.09773198233584457,-0.027181538102401093
2004-11-08,-0.16038170520614137,-0.09960363025426056,-0.026868322165142233
2004-11-09,-0.1575643373719453,-0.10045334277082762,-0.025694810647258093
2004-11-10,-0.1574909834311492,-0.11182882569595531,-0.03181282450801881
2004-11-11,-0.1525627692789514,-0.10680964979722918,-0.0262454648017183
2004-11-12,-0.15106381402424984,-0.10080242115835869,-0.022109736530722346
2004-11-15,-0.15543751724507726,-0.1068507231372382,-0.0279175802028645
2004-11-16,-0.15706486823042665,-0.1128867076700315,-0.03213882299355786
2004-11-17,-0.1586877522286071,-0.09977555574376162,-0.02591823822020045
2004-11-18,-0.15960928235718075,-0.10181278711129382,-0.027553903930576773
2004-11-19,-0.1491405472647579,-0.1005597209332304,-0.0208186978208752
2004-11-22,-0.14807636399213797,-0.0963360534489226,-0.01790729805758451
2004-11-23,-0.14501683820937006,-0.09559218863461427,-0.015739583810836066
2004-11-24,-0.13859646233740552,-0.08948324378721684,-0.008719841158090103
2004-11-25,-0.1385997112836278,-0.08948504072860886,-0.008722688723916683
2004-11-26,-0.13141664475452297,-0.08485829533209965,-0.0020710765267959452
2004-11-29,-0.12261966157042536,-0.08722354570847779,0.0
2004-11-30,-0.1231126490882215,-0.086033940511556,0.0
2004-12-01,-0.11449223611032455,-0.07887566984176453,0.0
2004-12-02,-0.11653898605312096,-0.08691079402722623,-0.005517277861319392
2004-12-03,-0.12622384103307194,-0.07085215665490441,-0.0022231789621272036
2004-12-06,-0.12989665586787214,-0.07243795293305177,-0.005171660847819393
2004-12-07,-0.13174271069708332,-0.07338899212141425,-0.006737003675165942
2004-12-08,-0.14585810083059902,-0.07619313527392957,-0.01631374097311611
2004-12-09,-0.1443151781664641,-0.07731403524094993,-0.01602205239894794
2004-12-10,-0.14400130790899313,-0.08025391936277093,-0.017409174984094444
2004-12-13,-0.1404673061121794,-0.07889968321652019,-0.014657471004530742
2004-12-14,-0.14222928072963126,-0.08006000476665853,-0.016288032594009905
2004-12-15,-0.14277181723734989,-0.07117543832259332,-0.011848898855513101
2004-12-16,-0.13637013795915753,-0.08320498965317402,-0.014558156407489808
2004-12-17,-0.13515371526826625,-0.08282604362246904,-0.01366049879111031
2004-12-20,-0.1334853105399446,-0.0836008183040835,-0.013125708890108334
2004-12-21,-0.1340218377609228,-0.08113870365193987,-0.012105503511819604
2004-12-22,-0.1361729502484451,-0.08496500742537638,-0.015389366663071447
2004-12-23,-0.1351634876378841,-0.08307401754261401,-0.013796675270841385
2004-12-24,-0.13516839769808242,-0.08335104421400119,-0.01394845338719275
2004-12-27,-0.12790614127239008,-0.08675334724167472,-0.011638316078896094
2004-12-28,-0.1257158385746312,-0.08227973883309458,-0.007976376250703243
2004-12-29,-0.12435196334195586,-0.0845493515511242,-0.008429288527427414
2004-12-30,-0.12924189825366372,-0.08074969140674948,-0.009140131374777538
2004-12-31,-0.13370888289259453,-0.07873848418137996,-0.010597744329816972
2005-01-03,-0.1330695143920957,-0.08011477643237153,-0.010971673403942006
2005-01-04,-0.13503421618542522,-0.09496537378042924,-0.020075798551364432
2005-01-05,-0.13617862544027415,-0.09753104720650674,-0.02211304068682829
2005-01-06,-0.14255475781880256,-0.10066209830077777,-0.027418437753215952
2005-01-07,-0.14223678372039406,-0.10405680372245085,-0.02907369028870599
2005-01-10,-0.14103511957010684,-0.10349111443660985,-0.028087075139190065
2005-01-11,-0.14195819915377983,-0.10176192556689878,-0.02767199008032184
2005-01-12,-0.13727146417567615,-0.09162375183746108,-0.019529296042870015
2005-01-13,-0.1452438694099294,-0.09105948575813472,-0.02375499673487924
2005-01-14,-0.1366547629058471,-0.08592646318697506,-0.01609349242310043
2005-01-17,-0.1362603924796273,-0.08596208238878134,-0.015887941622891866
2005-01-18,-0.13448673057689098,-0.08334506489647442,-0.013468695421238519
2005-01-19,-0.13848076325216874,-0.09002643886717743,-0.019340285821552006
2005-01-20,-0.14304321776090478,-0.08970092608850422,-0.021761587394090287
2005-01-21,-0.14504953714944413,-0.08709326221293401,-0.021505577984255564
2005-01-24,-0.1459817794558813,-0.08538804530924093,-0.021125191603916238
2005-01-25,-0.1447583143370893,-0.09520193777227082,-0.025675744544007895
2005-01-26,-0.13868224652770567,-0.09251870607818313,-0.020769991506340624
2005-01-27,-0.13471361086114042,-0.08988985530336302,-0.017095676947863292
2005-01-28,-0.1407687394700744,-0.08705871363636564,-0.019005982771449825
2005-01-31,-0.14076001231291935,-0.08550602684860287,-0.018166787019073705
2005-02-01,-0.14117166208688914,-0.08489890546182421,-0.01807606470660017
2005-02-02,-0.13951479608749584,-0.0828631427469807,-0.016036683208410785
2005-02-03,-0.1405608866018787,-0.08543978955984877,-0.018016980623260292
2005-02-04,-0.14669924948980773,-0.08097310704225957,-0.01912579741991227
2005-02-07,-0.1508975012654694,-0.08017415046058307,-0.02111239311435409
2005-02-08,-0.14998970609264928,-0.07643547816213148,-0.018599751699410527
2005-02-09,-0.1605499674335804,-0.07691710296857501,-0.024951948793269896
2005-02-10,-0.15431015128295011,-0.08523598111466668,-0.02572167142408177
2005-02-11,-0.14978018713404118,-0.0899420989291625,-0.025618443549861758
2005-02-14,-0.15178791055153162,-0.09102935750437646,-0.027350957538555876
2005-02-15,-0.1465324223187019,-0.08676750219301044,-0.02205749935164636
2005-02-16,-0.13830042222199024,-0.08767530439771853,-0.01782726043654803
2005-02-17,-0.14141488600385865,-0.09509520385320358,-0.023596192380349934
2005-02-18,-0.13727820250860578,-0.09640641964949714,-0.021951433276506394
2005-02-22,-0.14397207173952498,-0.09971129360749109,-0.027534374544720408
2005-02-23,-0.14255167411899183,-0.09806473996395726,-0.025838294214616475
2005-02-24,-0.13988217961104477,-0.09750798086257206,-0.024021193013031183
2005-02-25,-0.14455518644367227,-0.09789065765850902,-0.02687935032321187
2005-02-28,-0.14374764050544797,-0.10184394792550966,-0.028552274578902415
2005-03-01,-0.14348829698444865,-0.10352902012284626,-0.02931644656200294
2005-03-02,-0.14473186171442565,-0.1067862129792978,-0.031784528230641707
2005-03-03,-0.14390889407143936,-0.10780992464280825,-0.031873539075461754
2005-03-04,-0.14176140990994557,-0.10005929722948281,-0.026454127257344084
2005-03-07,-0.1354034959783743,-0.09540090787687405,-0.020328369605278396
2005-03-08,-0.1291089628335641,-0.08980208103574072,-0.013730475259258301
2005-03-09,-0.12468077746568251,-0.08839911022202196,-0.010462938900461016
2005-03-10,-0.13319398125396753,-0.09474600626604379,-0.018719730262332535
2005-03-11,-0.13445089610813432,-0.09281739607308959,-0.018385893884492854
2005-03-14,-0.1346082846502673,-0.09450476745224523,-0.01938804805871952
2005-03-15,-0.14138690196630377,-0.10029925976754317,-0.026366208612034314
2005-03-16,-0.13617805698568308,-0.09659619893071658,-0.021409214782835084
2005-03-17,-0.14104649116652324,-0.10203272974687938,-0.02711134273268656
2005-03-18,-0.13371393880658744,-0.0974120761398477,-0.020455668903674895
2005-03-21,-0.13037906068988148,-0.09804776824191708,-0.018915175030011167
2005-03-22,-0.12660795137989922,-0.09551931968882399,-0.015412798193313426
2005-03-23,-0.1304979324391694,-0.09628796938213857,-0.01802377659217924
2005-03-24,-0.12940956094674738,-0.09467037365608,-0.016530355674491126
2005-03-28,-0.12823090494521538,-0.09487681790481428,-0.015976747797082136
2005-03-29,-0.12833071629575588,-0.09497943138806209,-0.016088858800608397
2005-03-30,-0.1267090879800753,-0.09488610000243136,-0.015122905353025407
2005-03-31,-0.12692951970491573,-0.09552269225187404,-0.01559355021058395
2005-04-01,-0.12943432203120453,-0.09429704770782754,-0.01633868276733097
2005-04-04,-0.12621817122978585,-0.09195971452922469,-0.013252441911871249
2005-04-05,-0.12269461893493971,-0.09079966833731457,-0.010632598424840545
2005-04-06,-0.12452456084378838,-0.09195784960651754,-0.01229459347485784
2005-04-07,-0.12387356036731667,-0.09533729832074644,-0.013765331542461623
2005-04-08,-0.12201056180145697,-0.0914277373941439,-0.010585725139572455
2005-04-11,-0.12366440097887177,-0.08941247238029182,-0.010420299736901506
2005-04-12,-0.1287795224387731,-0.08852304394187538,-0.012825067637352916
2005-04-13,-0.13505593909010494,-0.0920532934314503,-0.0182926715108076
2005-04-14,-0.1424996134463814,-0.0958622211950938,-0.024576119214827497
2005-04-15,-0.14376771072961902,-0.08879378589333842,-0.02148449172082023
2005-04-18,-0.14250877947519003,-0.08348385431118388,-0.017914044944883578
2005-04-19,-0.14721453325806444,-0.08434124400399101,-0.02106816303196113
2005-04-20,-0.14586607688397413,-0.08243013286421053,-0.019272615591360398
2005-04-21,-0.14416326336573748,-0.09367315287002664,-0.024303465357210285
2005-04-22,-0.14289023648738075,-0.08559172308399987,-0.01922781964024034
2005-04-25,-0.14785695402802101,-0.09037136937792045,-0.024632739866828346
2005-04-26,-0.15054622073590007,-0.09338080966931184,-0.02778527992325952
2005-04-27,-0.1518826404426109,-0.09306355413783851,-0.028379953027439786
2005-04-28,-0.15089885370489975,-0.08947398474991353,-0.0258936397333418
2005-04-29,-0.14626354251094376,-0.08740905081046446,-0.022130215170939715
2005-05-02,-0.14520498636869605,-0.08730590872458888,-0.021468720051758594
2005-05-03,-0.14241425091947912,-0.08871559739393253,-0.020627053477228152
2005-05-04,-0.1439622457750105,-0.08191152713224847,-0.017854742194119644
2005-05-05,-0.14531861260126067,-0.07664093751111611,-0.015813668076859133
2005-05-06,-0.14258820460338772,-0.09619530381067642,-0.0246628681697868
2005-05-09,-0.13873968217865573,-0.09832430576497608,-0.023622702851382682
2005-05-10,-0.14469077219076676,-0.09545468633744414,-0.02544228224692091
2005-05-11,-0.1409682584072759,-0.09552111998136714,-0.023357313965442494
2005-05-12,-0.14720392163306828,-0.10514769161434678,-0.032099324807466245
2005-05-13,-0.144344439708049,-0.10360986252150417,-0.02964492477126701
2005-05-16,-0.15084651750001032,-0.10780588769843147,-0.03560288967459091
2005-05-17,-0.15053035619849897,-0.10647371263874472,-0.03470336266847973
2005-05-18,-0.1552671986664571,-0.10110643765019955,-0.03449552895604924
2005-05-19,-0.14984761377884426,-0.10573507053818942,-0.033884131525186656
2005-05-20,-0.15166266423382102,-0.1133286727415741,-0.03901730635228151
2005-05-23,-0.1657652125705551,-0.11556451180824001,-0.04821648635775344
2005-05-24,-0.16538805535714662,-0.11189773370733802,-0.04602833785903637
2005-05-25,-0.1666034713369432,-0.11509901602074091,-0.048442314165290656
2005-05-26,-0.16618845194817433,-0.12049930831880373,-0.05110892254157462
2005-05-27,-0.16256851459683042,-0.11480607955430244,-0.04597794373072861
2005-05-30,-0.16239186537466188,-0.1143613130412875,-0.0456376475758552
2005-05-31,-0.161373688327343,-0.11869522370637187,-0.04739270361647663
2005-06-01,-0.15973635792701402,-0.10499590876196396,-0.039058937084032186
2005-06-02,-0.1460385407355118,-0.09482546509358047,-0.025766536765355674
2005-06-03,-0.14329170561800642,-0.10394213583962952,-0.029105793669127134
2005-06-06,-0.14463447209989788,-0.10299090427825819,-0.029351323939132867
2005-06-07,-0.14832421374018645,-0.10072718174182504,-0.03022005900199176
2005-06-08,-0.14215844750204287,-0.10555044796167734,-0.029310380482940324
2005-06-09,-0.14217432077883774,-0.1058855098374668,-0.029501171925255365
2005-06-10,-0.13511158011940394,-0.11098889454454741,-0.02827564920446135
2005-06-13,-0.139500568714909,-0.11248267588831462,-0.03155760099214233
2005-06-14,-0.14633264311307648,-0.11925557518309382,-0.03909738439362909
2005-06-15,-0.15125917650275644,-0.12131446540249646,-0.042993216452285044
2005-06-16,-0.145981514334927,-0.1129745871448804,-0.03547614944974398
2005-06-17,-0.14824545699952885,-0.11580543184208913,-0.038293677986494745
2005-06-20,-0.15743575206881122,-0.11812593563952556,-0.04474397041722833
2005-06-21,-0.1548008977465819,-0.11662091025286958,-0.04243520890926045
2005-06-22,-0.15403398769976528,-0.1084441376600156,-0.037569048361789203
2005-06-23,-0.15117092118666442,-0.10692499139467149,-0.03512047844257227
2005-06-24,-0.16041982479249883,-0.10279451908989812,-0.038145893189036495
2005-06-27,-0.1464385950372482,-0.09971750648657385,-0.028487821980694106
2005-06-28,-0.14042639928495826,-0.10728985345782072,-0.029152054302407526
2005-06-29,-0.13773383341787349,-0.10951409621578645,-0.02884095502924877
2005-06-30,-0.13597367318177045,-0.10632528371229666,-0.02611088164746045
2005-07-01,-0.14306923793542614,-0.11062638226496313,-0.03245335027593499
2005-07-04,-0.14329562210928382,-0.1110373804768846,-0.03280471543392205
2005-07-05,-0.14676200873977208,-0.11083246233117705,-0.03464996629035344
2005-07-06,-0.1438852311320774,-0.10855178258279286,-0.0317845365527023
2005-07-07,-0.14334835112703725,-0.10682989345700888,-0.03054586171385265
2005-07-08,-0.13451517730193419,-0.10189380139159399,-0.022868868504650308
2005-07-11,-0.13416831400318419,-0.1019094971964214,-0.02268160286396348
2005-07-12,-0.13965879662112424,-0.1082167859263391,-0.029212181570480777
2005-07-13,-0.1396109239884269,-0.10596333951248238,-0.027958630872634282
2005-07-14,-0.14209298691336225,-0.10936329341751083,-0.031209010375608415
2005-07-15,-0.1423373161815663,-0.10770834336031165,-0.030446877907051806
2005-07-18,-0.14598236713370993,-0.11320865674273728,-0.03549545593827874
2005-07-19,-0.13344727175657067,-0.10385288544190152,-0.023329227999003943
2005-07-20,-0.1274430030393271,-0.09968308588371722,-0.01767335516910784
2005-07-21,-0.13227305280079993,-0.11052499879465505,-0.02630694620764551
2005-07-22,-0.12576927245850766,-0.10063475093075214,-0.017244595367371662
2005-07-25,-0.12311227465565999,-0.09985158157647334,-0.01532328729807464
2005-07-26,-0.12389223624763757,-0.09876387667624342,-0.015166282571843048
2005-07-27,-0.1227593220143477,-0.09824713514074368,-0.01424719055947965
2005-07-28,-0.12106862900941762,-0.09237814534412181,-0.010089428625642882
2005-07-29,-0.12008177440817303,-0.09660766089089523,-0.011840188583609024
2005-08-01,-0.12006601053615551,-0.09612946843265113,-0.011569805862775784
2005-08-02,-0.12148971415836751,-0.09462790877371796,-0.011548411859464647
2005-08-03,-0.11762068525510172,-0.09549333871217569,-0.009844224420225367
2005-08-04,-0.11837016854661697,-0.09792613617388612,-0.01159631951716289
2005-08-05,-0.11598472655508496,-0.09661314712621871,-0.009539826510673644
2005-08-08,-0.11993845393729163,-0.09732021708225735,-0.012142336342570892
2005-08-09,-0.12270218129260069,-0.10005186284618772,-0.01518816385338062
2005-08-10,-0.12685766318444214,-0.1015571386662073,-0.018344145208045393
2005-08-11,-0.12711572937189342,-0.10403222189002714,-0.019841376079877016
2005-08-12,-0.1192598553755565,-0.1009084291696275,-0.013722047578483831
2005-08-15,-0.11339101851731914,-0.09716166048659247,-0.008380952577933365
2005-08-16,-0.1059425676798641,-0.09939437269877427,-0.005441762595411737
2005-08-17,-0.11640598045286077,-0.10978368866385646,-0.01699813693743568
2005-08-18,-0.1128392461418658,-0.1095663374063428,-0.014894131197233151
2005-08-19,-0.11740856162082292,-0.10730932418074413,-0.01618253068122044
2005-08-22,-0.1170363687610434,-0.10828378832456509,-0.016512059739474783
2005-08-23,-0.11129673717914945,-0.10737310967121749,-0.012813318038408905
2005-08-24,-0.11253609322581548,-0.10863310621610323,-0.014198403603197463
2005-08-25,-0.11639729773720653,-0.10644699085892517,-0.015134070891379192
2005-08-26,-0.10878663826892165,-0.10495284030088559,-0.010069220699540082
2005-08-29,-0.10707049137868552,-0.10390668861176822,-0.008537573738289228
2005-08-30,-0.09619197214144204,-0.10635536126099754,-0.0038527426876506787
2005-08-31,-0.09815239304389778,-0.10405665500507,-0.003651912202198515
2005-09-01,-0.10714426465921079,-0.10654018659108078,-0.009999881991844983
2005-09-02,-0.10312720643741824,-0.1040295745257902,-0.006381876517653207
2005-09-05,-0.103273408487219,-0.10372405215941538,-0.006293453000215332
2005-09-06,-0.10774490877441556,-0.10225963399449223,-0.007959192341119414
2005-09-07,-0.10489546541965733,-0.10431751917756438,-0.007512161103942261
2005-09-08,-0.10875622169419563,-0.10605893597284743,-0.010617370164189177
2005-09-09,-0.11487297017789411,-0.10571194638380599,-0.013820497760855699
2005-09-12,-0.1068476211082312,-0.10789579488633716,-0.010553830979732504
2005-09-13,-0.10908141544563277,-0.11260345462622945,-0.014401812675940096
2005-09-14,-0.10913753343023869,-0.11355186744777501,-0.014959536893180969
2005-09-15,-0.10356589473064559,-0.11268354373818934,-0.011396763073452387
2005-09-16,-0.10134121468049351,-0.1080246691957758,-0.007574713500998365
2005-09-19,-0.09219154340605229,-0.10232347265025954,0.0
2005-09-20,-0.08957767815619488,-0.10261875679718369,0.0
2005-09-21,-0.08898129191182691,-0.10473383542137082,-0.0008509399722567146
2005-09-22,-0.08860349626586372,-0.10672412384033636,-0.0017543850356059876
2005-09-23,-0.0879152070564082,-0.1079538768398477,-0.0020645773343095364
2005-09-26,-0.08254114982952643,-0.10400182032671268,0.0
2005-09-27,-0.0765240950024576,-0.10242735659058133,0.0
2005-09-28,-0.07247767754321754,-0.09824126962920965,0.0
2005-09-29,-0.07448852398715466,-0.09637702953514626,-5.0319164598744415e-05
2005-09-30,-0.07899232322639771,-0.09700784556734321,-0.002832368094060067
2005-10-03,-0.0755769741416622,-0.09403873235782079,0.0
2005-10-04,-0.0766634611824153,-0.09897279863808817,-0.0033107678981674216
2005-10-05,-0.07778832851321416,-0.10439769075269634,-0.0069183093962913444
2005-10-06,-0.08212717939143555,-0.11354169641719125,-0.014324080561499808
2005-10-07,-0.06840526211152398,-0.10506390024168277,-0.0022429637115114476
2005-10-10,-0.07030260950659806,-0.10658506921711985,-0.004106982171353746
2005-10-11,-0.06640745068387832,-0.10290404925413377,0.0
2005-10-12,-0.07557706353162286,-0.11228438335452928,-0.010139095237186924
2005-10-13,-0.07641954011024255,-0.11378260683889552,-0.011425460635011153
2005-10-14,-0.077497681061521,-0.11391599444899181,-0.012076863372489144
2005-10-17,-0.06473808484004195,-0.1054370373881438,-0.0005179020933671064
2005-10-18,-0.05708781039683153,-0.10533835660500901,0.0
2005-10-19,-0.05844301591227685,-0.10625099209190869,-0.0012286726868566689
2005-10-20,-0.06559897393293612,-0.11246963999357251,-0.008498763207742677
2005-10-21,-0.06064439171146885,-0.11040135386592131,-0.004714798510900953
2005-10-24,-0.05920135135459592,-0.1058437596162426,-0.001400794792797866
2005-10-25,-0.06325803835684873,-0.10304492501658602,-0.001990877291024651
2005-10-26,-0.05966040660673899,-0.09958183295663448,0.0
2005-10-27,-0.06353489302588189,-0.10675867835716235,-0.006045437411589805
2005-10-28,-0.05561486048519715,-0.10481887030636605,-0.0007630553126327655
2005-10-31,-0.05198082184261066,-0.10561394883351582,0.0
2005-11-01,-0.04912014849629942,-0.10399803700770227,0.0
2005-11-02,-0.04625729660847355,-0.10032261837959189,0.0
2005-11-03,-0.04328758876749017,-0.09274866142196836,0.0
2005-11-04,-0.037938527188780435,-0.0897637693694171,0.0
2005-11-07,-0.03944225397555645,-0.09217154879949085,-0.0021041252279354605
2005-11-08,-0.0409274424624686,-0.0945452831932736,-0.004180203671636296
2005-11-09,-0.03788700218584229,-0.09242964349034255,-0.0014383446172828718
2005-11-10,-0.02915504329116181,-0.09272517163836713,0.0
2005-11-11,-0.02548576192016938,-0.0932120247013506,0.0
2005-11-14,-0.023882786256084643,-0.09044895799237229,0.0
2005-11-15,-0.01891229526227134,-0.09203602096948227,0.0
2005-11-16,-0.01702909057767532,-0.0864886440991286,0.0
2005-11-17,-0.015475457404425574,-0.0861463066221605,0.0
2005-11-18,-0.009866591652010204,-0.07904451425716252,0.0
2005-11-21,-0.008524482910150843,-0.0781860746288634,0.0
2005-11-22,-0.01533552271052896,-0.0834965194462457,-0.006315231879110872
2005-11-23,-0.010643385868887245,-0.07919497683600918,-0.0016157779580570075
2005-11-24,-0.010814081850980428,-0.07948927061825106,-0.0018614489626613828
2005-11-25,-0.006500011744378864,-0.07463388204764465,0.0
2005-11-28,-0.010768638954548937,-0.08205046737502597,-0.006155656342099136
2005-11-29,-0.002628064546377984,-0.07429365955151546,0.0
2005-11-30,-0.003694281733112481,-0.07524922943071699,-0.0010506434651222918
2005-12-01,0.0,-0.06476034002954079,0.0
2005-12-02,0.0,-0.062102813649781985,0.0
2005-12-05,-0.0009651596656198302,-0.06405354515279449,-0.0015225293770683157
2005-12-06,0.0,-0.06572199593345984,-0.0017491143731123149
2005-12-07,0.0,-0.05896533646265001,0.0
2005-12-08,-0.0053299226500012065,-0.06614796963680869,-0.006481310208026447
2005-12-09,0.0,-0.062367572390129244,-0.001612780070427644
2005-12-12,-0.011367939610068878,-0.07182630535796397,-0.012323393202860244
2005-12-13,-0.007639945530563352,-0.07082210345894013,-0.009926908209109353
2005-12-14,-0.02439531661335248,-0.08563200652887548,-0.026175533953809782
2005-12-15,-0.024603718964070542,-0.08524538543396787,-0.02607366448885562
2005-12-16,-0.027466313942521525,-0.09162563688417791,-0.030899286841315265
2005-12-19,-0.023909880977083686,-0.09354351119136994,-0.030150391043943015
2005-12-20,-0.02180236838408245,-0.09172675869694025,-0.028131468180651154
2005-12-21,-0.01856915491087563,-0.08812949156856686,-0.024600751233754825
2005-12-22,-0.01792470783605804,-0.09106937200660781,-0.02585285688500516
2005-12-23,-0.018446506536119234,-0.09334157351688066,-0.02732926694551696
2005-12-27,-0.015637564285614247,-0.09571906605576286,-0.027212802783738277
2005-12-28,-0.01448307189419984,-0.08985122080903185,-0.023486154580017904
2005-12-29,-0.014657188770517249,-0.09398376667117758,-0.025789356486879855
2005-12-30,-0.0152570555269127,-0.09345797319736926,-0.025803216730556522
2006-01-03,-0.02573158194110714,-0.09614975903787015,-0.03243072736979591
2006-01-04,-0.02584359565275962,-0.09589359679934939,-0.03234923862151351
2006-01-05,-0.027836907752900375,-0.09643695764135907,-0.03363001402165644
2006-01-06,-0.028752936540680563,-0.0901970811563706,-0.03074849300955851
2006-01-09,-0.025595035415916567,-0.0863946470029433,-0.027147339694795658
2006-01-10,-0.027607874666061183,-0.08610939532182083,-0.028000280887351736
2006-01-11,-0.030554440421728835,-0.08540457938055446,-0.02909815363335566
2006-01-12,-0.03276001613851687,-0.08927499156664698,-0.03225694378254729
2006-01-13,-0.03362912888247782,-0.09228173280558516,-0.03428921879007085
2006-01-16,-0.033416032412988295,-0.0918314818422904,-0.033943234983888515
2006-01-17,-0.02876099795121212,-0.0864609131347217,-0.028760538180985118
2006-01-18,-0.03085951948938015,-0.08950586910313663,-0.03142843921739047
2006-01-19,-0.027808044096323647,-0.08275942160600858,-0.02631520657146791
2006-01-20,-0.036314845613546476,-0.09187894358662407,-0.03541549349855333
2006-01-23,-0.04010412515409434,-0.09557720039075435,-0.0392760014718575
2006-01-24,-0.03957114675864548,-0.09709757517395134,-0.03981679216401546
2006-01-25,-0.034224142662361734,-0.08983785672673439,-0.03328383378912647
2006-01-26,-0.029266200346132587,-0.08210688925794607,-0.02669677879880583
2006-01-27,-0.014873927665581599,-0.0725741328779328,-0.014427486745841822
2006-01-30,-0.010923310694480715,-0.06614622396014602,-0.009035823926523467
2006-01-31,-0.014873468234834153,-0.06981085727591063,-0.012959044908985917
2006-02-01,-0.007702913647523513,-0.06490018335909131,-0.006761396652915641
2006-02-02,-0.008065696165626801,-0.06716911574363404,-0.008147960381372887
2006-02-03,-0.004631562690856517,-0.0665863162002106,-0.006121199115137865
2006-02-06,0.0,-0.06215392892963356,-0.0010755874070746962
2006-02-07,-0.010189179222492406,-0.06928756201369901,-0.009963807056143303
2006-02-08,-0.004559910973572556,-0.06401147695476583,-0.004342340292644908
2006-02-09,-0.0014528317249399292,-0.06257724404024367,-0.0020256285848012645
2006-02-10,-0.006515992151577166,-0.06496718147219094,-0.005827912788113121
2006-02-13,-0.007136959085313421,-0.06865877652493901,-0.008101152439590975
2006-02-14,-0.0012471644904442636,-0.06399801572953412,-0.00267720872381616
2006-02-15,-0.001993461784177142,-0.06830304009557331,-0.005343353969500364
2006-02-16,0.0,-0.06712676847459853,-0.0033895591033364925
2006-02-17,-0.0026812376931483195,-0.07046130714893495,-0.006506816937492332
2006-02-20,-0.004726782727192513,-0.07156374727067616,-0.008114811560482216
2006-02-21,-0.0036232677689376214,-0.06725558839946755,-0.005263644028386416
2006-02-22,0.0,-0.0657626138907601,-0.0025769401216911847
2006-02-23,-0.010817173029495253,-0.06842739807227749,-0.009394095363552957
2006-02-24,-0.008743670354638522,-0.06715963831754468,-0.0076818039776076485
2006-02-27,-0.011739059963963294,-0.07013214431221138,-0.01076211954369799
2006-02-28,-0.019300875943456308,-0.0788272225266784,-0.01917188508271228
2006-03-01,-0.010212626792054924,-0.0734951288215655,-0.011788462228680019
2006-03-02,-0.015045406966397445,-0.0760963846666064,-0.015588256960181068
2006-03-03,-0.015311080666505994,-0.07593423688574075,-0.015634637031313625
2006-03-06,-0.013264171245007783,-0.07411918217103475,-0.013644770865764877
2006-03-07,-0.006454528577721552,-0.07117842467965974,-0.00867484548903974
2006-03-08,-0.009679713961491476,-0.07386398287260465,-0.011716973746208836
2006-03-09,-0.010028805752093528,-0.07562908137698177,-0.012832932005380715
2006-03-10,-0.0023306877472621945,-0.07200008382632606,-0.007057010781998607
2006-03-13,0.0,-0.06493189104052766,-0.0015145293640884683
2006-03-14,-0.007728727348342068,-0.07017133032791811,-0.008170432296711772
2006-03-15,-0.006822386804221536,-0.0702574087043476,-0.007763372788983314
2006-03-16,-0.016627209168272206,-0.07436375196171996,-0.014852317806317683
2006-03-17,-0.015175789664121808,-0.07510276909867797,-0.014518563403790763
2006-03-20,-0.010706718272693982,-0.07222056620435358,-0.010747037534682424
2006-03-21,-0.006256760457634902,-0.07179823120106565,-0.00829699010594609
2006-03-22,-0.003163782811609228,-0.07047254893713506,-0.0060454881346421185
2006-03-23,0.0,-0.05799338243314911,0.0
2006-03-24,-0.003573910287686499,-0.06471999826824948,-0.005357320632609519
2006-03-27,-0.0024478205310725087,-0.06337332388670625,-0.004079209265436257
2006-03-28,0.0,-0.05526105561755479,0.0
2006-03-29,0.0,-0.0479719768542296,0.0
2006-03-30,-0.001800998554163713,-0.04812958402385803,-0.0009832737153319115
2006-03-31,-0.004166574929929001,-0.049869773350630586,-0.0030802214497390734
2006-04-03,0.0,-0.04178577802690153,0.0
2006-04-04,-0.008140203168057858,-0.04488811179597074,-0.005688911709118227
2006-04-05,-0.006287515372819241,-0.04620177458685759,-0.0054440671609675695
2006-04-06,0.0,-0.04047218119630347,0.0
2006-04-07,0.0,-0.035192056144866535,0.0
2006-04-10,0.0,-0.027895057874497753,0.0
2006-04-11,-0.005481709051191275,-0.034958761668544835,-0.0063740547532389336
2006-04-12,-0.0005294495570576929,-0.028825104460858175,-0.0007424780924661922
2006-04-13,0.0,-0.028008838346742504,0.0
2006-04-17,-0.0018548607924055993,-0.031138672987166216,-0.0025374422789755657
2006-04-18,-0.0017887075252553952,-0.03330614257958264,-0.00362011540926388
2006-04-19,-0.0019211280402177122,-0.02888036871215549,-0.0014053621123595317
2006-04-20,0.0,-0.025619997123756733,0.0
2006-04-21,0.0,-0.023195386164783005,0.0
2006-04-24,-0.012376665031496148,-0.034300442918422824,-0.011872712276219444
2006-04-25,-0.003511275273039405,-0.024330769025080135,-0.0023371490608337098
2006-04-26,-7.95145081350368e-05,-0.02023566255137632,0.0
2006-04-27,-0.009339492335780464,-0.030862728084509294,-0.01005363345123611
2006-04-28,-0.013725278045433553,-0.038467330103110764,-0.016128888657271356
2006-05-01,-0.01246100833265551,-0.03239505012566435,-0.012391618397058712
2006-05-02,-0.01328293571551653,-0.030290236771724377,-0.011728447738465153
2006-05-03,-0.010818928635793035,-0.029404034530158496,-0.010042920501025288
2006-05-04,-0.008234409029399425,-0.027390808517384513,-0.0077229543498382736
2006-05-05,-0.010282426825967028,-0.028583560728943858,-0.009355927201483816
2006-05-08,-0.012064684870713882,-0.026144152332491344,-0.00900404414172562
2006-05-09,-0.010639795952134268,-0.021972216047819404,-0.006166710810147413
2006-05-10,-0.013475934624180619,-0.023792285515187417,-0.008515932937783077
2006-05-11,-0.017303140578778575,-0.022508012100675767,-0.009786971749948581
2006-05-12,-0.025039253777583426,-0.02817063169949008,-0.016552769575266635
2006-05-15,-0.029111362543673303,-0.03641550673597993,-0.022778266405292902
2006-05-16,-0.03389169611117271,-0.03958915386322803,-0.02679330548781822
2006-05-17,-0.03215951077868373,-0.03732305963855298,-0.02477270623986072
2006-05-18,-0.03953958061728291,-0.0440846098698916,-0.03191575449280715
2006-05-19,-0.03669288768404866,-0.04477497210742465,-0.030830685252742795
2006-05-22,-0.0429614270769475,-0.04444468326617512,-0.03381647335402138
2006-05-23,-0.04044964772444071,-0.03782987891016687,-0.02920439414357745
2006-05-24,-0.03993845539124874,-0.047642469557797495,-0.033896080942930173
2006-05-25,-0.03618845341829202,-0.04416557771383944,-0.03024574043420425
2006-05-26,-0.03180958308007287,-0.04568519816343575,-0.028813680903811645
2006-05-29,-0.03227465259210072,-0.0457412591204327,-0.02907546123425042
2006-05-30,-0.03781888566929659,-0.03940812335980959,-0.02863487118902741
2006-05-31,-0.030813359454166855,-0.03790030258494159,-0.02433630856249447
2006-06-01,-0.02817100344198864,-0.04510023896253679,-0.026657022865312463
2006-06-02,-0.03775804310474862,-0.05765770048462693,-0.03785801038623304
2006-06-05,-0.03449274029713778,-0.05372734568585269,-0.03421906057308921
2006-06-06,-0.03365919838372644,-0.05636463463519892,-0.035148001028696974
2006-06-07,-0.03248164197717929,-0.057223591206318924,-0.03499926457869329
2006-06-08,-0.03353431075001467,-0.06389349040967207,-0.038937794649459345
2006-06-09,-0.03511297027678062,-0.06514568846952418,-0.04036550151676355
2006-06-12,-0.036482917317219754,-0.06927318612802413,-0.04316519889154258
2006-06-13,-0.04291111136763559,-0.07537910888538979,-0.049495605738395176
2006-06-14,-0.035641164183538354,-0.0641553189300541,-0.04011664737391918
2006-06-15,-0.02718678490437121,-0.06242035366943288,-0.035019310343127
2006-06-16,-0.025568128026187575,-0.05783899102211831,-0.03185887098032836
2006-06-19,-0.025529282996677116,-0.05689224873519838,-0.03135314948563295
2006-06-20,-0.02369021806670435,-0.057201982243618055,-0.030598173055368716
2006-06-21,-0.02063127764507744,-0.0560264336740397,-0.02847516466986255
2006-06-22,-0.014500132820074674,-0.05417561596870557,-0.024481726528633785
2006-06-23,-0.00992512887960173,-0.050795212635180165,-0.020474128354534216
2006-06-26,-0.009578549110884738,-0.044058667407418595,-0.016826817228452584
2006-06-27,-0.012323309840053587,-0.04781167997956437,-0.02011911623062468
2006-06-28,-0.007851890154431773,-0.04499880828170599,-0.016453713686377824
2006-06-29,-0.012045577314720779,-0.04963486959961205,-0.02091969470511179
2006-06-30,-0.017211782510748175,-0.054514836657121535,-0.025993302418088837
2006-07-03,-0.013186388348627065,-0.05546193667802335,-0.0244864245490356
2006-07-04,-0.013226202465279058,-0.055527667910673206,-0.02454004707382007
2006-07-05,-0.00240906154425502,-0.041528508199589864,-0.011964256277435359
2006-07-06,-0.003901760219420791,-0.04526395877014189,-0.014628792539025381
2006-07-07,-0.01557282785030889,-0.05093002020252135,-0.02332541900311158
2006-07-10,-0.013955389256549378,-0.05629092343023567,-0.02528148365059324
2006-07-11,-0.01232884217505581,-0.05912091284098264,-0.025939041859282086
2006-07-12,-0.007884280783644115,-0.058376070525357426,-0.02336182910606799
2006-07-13,-0.01483490627207229,-0.05424715900164878,-0.024641702617002936
2006-07-14,-0.013838719419343337,-0.05379366089680304,-0.02391472033557185
2006-07-17,-0.013040536798727409,-0.055791404713805726,-0.024550120601657843
2006-07-18,-0.009252609686739244,-0.050713830957486605,-0.020055455397665622
2006-07-19,-0.018097351494323677,-0.0575426617993301,-0.027954294153413994
2006-07-20,-0.024517784804703013,-0.05947396269610483,-0.032128251641271866
2006-07-21,-0.027716267281931106,-0.05456651528654821,-0.031189950498364816
2006-07-24,-0.024696521324849896,-0.06093648145228736,-0.03294920607243612
2006-07-25,-0.02170682215516906,-0.06211921038641044,-0.03207599452628995
2006-07-26,-0.028338312872561278,-0.06308802874444597,-0.03585652177623644
2006-07-27,-0.027584098656365574,-0.060191505371720466,-0.03399197686489408
2006-07-28,-0.03608802704223257,-0.07158148755776061,-0.044069675423189736
2006-07-31,-0.03514600666000778,-0.06998984262437047,-0.042783160357735106
2006-08-01,-0.03478185635061226,-0.06639678661557202,-0.040753442437366894
2006-08-02,-0.03343549075270291,-0.06855737850499355,-0.04119439297625982
2006-08-03,-0.035603940412785806,-0.06819806066964107,-0.04208497765265462
2006-08-04,-0.04241962899051821,-0.07097875024547173,-0.04689922838928806
2006-08-07,-0.037895823585517574,-0.06265234734080616,-0.040376798501357225
2006-08-08,-0.04239613540385878,-0.06394456718726593,-0.04328261630920427
2006-08-09,-0.03937587788826813,-0.06334841620888709,-0.04146923048357365
2006-08-10,-0.04173584057227964,-0.06741273210765564,-0.04472626745848929
2006-08-11,-0.03948236262302918,-0.06197967941459259,-0.04082043508862765
2006-08-14,-0.035867887105821894,-0.0579244690748717,-0.03694237239527243
2006-08-15,-0.04498626033326869,-0.06593546411025653,-0.045591186752610424
2006-08-16,-0.053223367289572554,-0.07320657699564481,-0.05342187168080348
2006-08-17,-0.056251445581560144,-0.07831078938531477,-0.05754218062246663
2006-08-18,-0.05814485742542419,-0.07961409298811961,-0.05915392736745306
2006-08-21,-0.05641248932101928,-0.07495054402178059,-0.05590506151712893
2006-08-22,-0.05628303632068676,-0.07780567441869468,-0.05729725699096888
2006-08-23,-0.055799913794234546,-0.0790613126830868,-0.057697736359081375
2006-08-24,-0.05385868495808799,-0.07987903857568779,-0.05714742044522447
2006-08-25,-0.053535078041725415,-0.07744275819230684,-0.05573794502246865
2006-08-28,-0.05384677237321511,-0.07614179479873617,-0.05522764401394231
2006-08-29,-0.05800202642308061,-0.07984900714286713,-0.059197806632955374
2006-08-30,-0.05676934166630487,-0.08079465721832191,-0.059065683424231796
2006-08-31,-0.05706601943036793,-0.08227356787124851,-0.05997059638125002
2006-09-01,-0.05985260165270101,-0.08317209967572614,-0.06181977980302644
2006-09-04,-0.06213690845301234,-0.08506353933100752,-0.06392728836625461
2006-09-05,-0.05493091327675925,-0.07942022775276136,-0.05744432910134156
2006-09-06,-0.05243462430482182,-0.07664149266609388,-0.05477696981054936
2006-09-07,-0.053314875863977984,-0.08305639253887886,-0.0584994078597294
2006-09-08,-0.05632103002542854,-0.08923440984419095,-0.06316598978591548
2006-09-11,-0.05742909836441146,-0.08857451399933824,-0.06337661340933343
2006-09-12,-0.06270961486004156,-0.087921458428032,-0.06566465672919564
2006-09-13,-0.06511774722417918,-0.09035489955077292,-0.06811133811696846
2006-09-14,-0.06611526527080047,-0.08791312727321765,-0.06735775958097423
2006-09-15,-0.06333723115671219,-0.08988095282332131,-0.06697667740941804
2006-09-18,-0.05805001839302082,-0.08659484636867987,-0.06265894018065521
2006-09-19,-0.06711531285854022,-0.09160137942974456,-0.06973827433061897
2006-09-20,-0.0683195070125977,-0.0906148155250569,-0.06983352437501622
2006-09-21,-0.0757641461077726,-0.09960913430470975,-0.07814972358689676
2006-09-22,-0.07876488367524381,-0.10210028020157547,-0.08092147895154511
2006-09-25,-0.08114737322090515,-0.1057262002301741,-0.08396565742527173
2006-09-26,-0.07477422359408237,-0.10203181087326307,-0.07889671356764416
2006-09-27,-0.07271577264304796,-0.10399301920024806,-0.07887794224899691
2006-09-28,-0.06639971659769106,-0.10526371616008745,-0.07639405786743603
2006-09-29,-0.06544168426964225,-0.10557634023819529,-0.07608152526884604
2006-10-02,-0.06869795689827773,-0.10802627437668932,-0.07895648742958206
2006-10-03,-0.0746587308551162,-0.10955224942522579,-0.08269189828048018
2006-10-04,-0.08068119584080347,-0.11270282665960152,-0.08729979654234643
2006-10-05,-0.07614897388652264,-0.10976991823279614,-0.08354156202321716
2006-10-06,-0.0647198991146476,-0.10036075768808772,-0.07302956322900744
2006-10-09,-0.060769613870177874,-0.09725431780859317,-0.06947156208843219
2006-10-10,-0.05798958613012317,-0.0971177978218919,-0.06802406591346177
2006-10-11,-0.05482859140667384,-0.09286551885116368,-0.06426575386805067
2006-10-12,-0.05647655439870358,-0.09042066715239705,-0.06382054224322264
2006-10-13,-0.050093676175324675,-0.08485906665447907,-0.057791820790853876
2006-10-16,-0.04946693981629491,-0.08487364238923012,-0.05748849560290237
2006-10-17,-0.05247163393746168,-0.08772702377551511,-0.06044754874249536
2006-10-18,-0.05371923041625404,-0.08980990211773887,-0.062138677168998124
2006-10-19,-0.052782565452710095,-0.084563413426886,-0.058971516491780895
2006-10-20,-0.05289961687689437,-0.08278553293505286,-0.05811586839468075
2006-10-23,-0.05082934567061981,-0.07980643733701942,-0.05555682280024066
2006-10-24,-0.04920287808010415,-0.07916533543989823,-0.05441864108771588
2006-10-25,-0.05173841196656048,-0.08203107177518365,-0.05715082882727873
2006-10-26,-0.05826896947342852,-0.08449755989260344,-0.06166413965177897
2006-10-27,-0.06344260213728659,-0.0885148250165162,-0.06630035946954183
2006-10-30,-0.06494591952749362,-0.08740342938486845,-0.06648048346668911
2006-10-31,-0.07182578031330578,-0.08788573747981288,-0.07016145136325624
2006-11-01,-0.07499480406438275,-0.08997842960421087,-0.07281548321344633
2006-11-02,-0.07212740961042541,-0.08745228130877891,-0.07009151254018531
2006-11-03,-0.057506647832765156,-0.08666941790398464,-0.06236621303954515
2006-11-06,-0.05600888830066675,-0.08608389839794761,-0.06132064463003106
2006-11-07,-0.06316936808761386,-0.08704056841203167,-0.06537203468217678
2006-11-08,-0.0678668902131655,-0.08907569378898594,-0.06875698727851065
2006-11-09,-0.059393710995287674,-0.09002035996678204,-0.06500731196172105
2006-11-10,-0.06822236812125648,-0.10094684233976603,-0.07500870744233712
2006-11-13,-0.06658264867095964,-0.1020476716678439,-0.07476111333742164
2006-11-14,-0.07147449206122791,-0.1026167800114447,-0.07747880530053364
2006-11-15,-0.06665135872518058,-0.10128355975221714,-0.07439754947014998
2006-11-16,-0.06948110325553025,-0.10114971703205156,-0.07573175582940328
2006-11-17,-0.07076737862609106,-0.10614745427502925,-0.07894010569905907
2006-11-20,-0.0732478858128528,-0.1045204718368451,-0.07933119858788662
2006-11-21,-0.07139969332285401,-0.10092241233242205,-0.07656353289993156
2006-11-22,-0.07887028979238597,-0.09694296602848906,-0.07823442847221018
2006-11-23,-0.08046561826260079,-0.09766153125366606,-0.07939936917235657
2006-11-24,-0.08585362664988738,-0.09005317910352773,-0.07821532953491583
2006-11-27,-0.07842345904637582,-0.09191436548688292,-0.07541190339052817
2006-11-28,-0.08293550763488033,-0.0890818443628939,-0.07623330200175105
2006-11-29,-0.08220955799997409,-0.09099904783366308,-0.07683979730308055
2006-11-30,-0.08299585515108832,-0.08434069401233601,-0.07385421153487826
2006-12-01,-0.0866335895485606,-0.08731341384972957,-0.07719459336287393
2006-12-04,-0.08731180458603027,-0.09091150470619014,-0.07935619649551673
2006-12-05,-0.08981430159183057,-0.09102995650498114,-0.08067833043957973
2006-12-06,-0.09078068667960826,-0.10054382002739515,-0.08597747815954704
2006-12-07,-0.08948882211436315,-0.10305557961744194,-0.08660435183496984
2006-12-08,-0.08640925539415212,-0.10482156269354581,-0.08595887734070673
2006-12-11,-0.08683006978553998,-0.10162430272493217,-0.08453707286582657
2006-12-12,-0.09013617482209135,-0.10394645990039542,-0.08737743871111481
2006-12-13,-0.08873861966172514,-0.10550844827029116,-0.08747197804642115
2006-12-14,-0.08981240862136741,-0.10047810070775332,-0.08544372921875054
2006-12-15,-0.09000212734454716,-0.10297362029998924,-0.0868076584060955
2006-12-18,-0.08985176833672603,-0.10313498776191643,-0.08681435278192906
2006-12-19,-0.0942802722607059,-0.0988082562384448,-0.08683326086234144
2006-12-20,-0.09186013360735223,-0.10118710539816567,-0.08681847170030699
2006-12-21,-0.09090904823135426,-0.10720510199250566,-0.0893973898219732
2006-12-22,-0.08953582449130137,-0.10265348103503358,-0.08638843237851657
2006-12-26,-0.08832827459725912,-0.1031776325157957,-0.08604939628720909
2006-12-27,-0.09276759531584133,-0.0958984838390986,-0.08456551920273025
2006-12-28,-0.09479267576089645,-0.08924858720407192,-0.08222058682834443
2006-12-29,-0.09416236929172217,-0.08794913961488282,-0.08124631902559054
2007-01-02,-0.09845331698443449,-0.08689089265778782,-0.08288937240105831
2007-01-03,-0.09529224057224095,-0.10313091066730962,-0.08943714174978545
2007-01-04,-0.09720489472910832,-0.1121175021101446,-0.09496155922009519
2007-01-05,-0.0997358748362438,-0.11626770879188131,-0.09834539299742373
2007-01-08,-0.10119666230726354,-0.1137702446403076,-0.09780285816533363
2007-01-09,-0.09663832328839406,-0.11508689269406347,-0.09618526789602355
2007-01-10,-0.09757194370610034,-0.11240130292515149,-0.09528083541792931
2007-01-11,-0.10662913591278422,-0.09624130280387233,-0.09158507751696354
2007-01-12,-0.11502143220839178,-0.07902525335530408,-0.08719951351410471
2007-01-15,-0.11624929287163477,-0.07763828118922955,-0.08714541362619743
2007-01-16,-0.1148986382536955,-0.08184974184966676,-0.08853187205292834
2007-01-17,-0.11433169631005624,-0.07563524636562058,-0.08515532285064698
2007-01-18,-0.11286126302351818,-0.08078374856840986,-0.08694362489650309
2007-01-19,-0.10955284544675814,-0.0785044126515756,-0.08410905783700451
2007-01-22,-0.10828766097434328,-0.07760225114913144,-0.08301005257851413
2007-01-23,-0.1071403968959227,-0.06787468751906589,-0.07758489303408955
2007-01-24,-0.10695134696343422,-0.07341003012004355,-0.08022607880353616
2007-01-25,-0.10315152756205215,-0.06867918004123985,-0.07592128779243479
2007-01-26,-0.1001325307371913,-0.0702317722057465,-0.0751362172493828
2007-01-29,-0.10419929271939243,-0.06906003828980856,-0.07664330447259993
2007-01-30,-0.10439870197168455,-0.06946136404699299,-0.07694510445757596
2007-01-31,-0.10253210841137528,-0.07194750855033571,-0.07721627356833694
2007-02-01,-0.1042077460269204,-0.07061460976802392,-0.07741505981914887
2007-02-02,-0.11122678184739587,-0.07324710370978238,-0.08233616140502986
2007-02-05,-0.11067373184147722,-0.07743105526226679,-0.0841221065159421
2007-02-06,-0.10879981871756317,-0.07923717686180198,-0.08405368751782183
2007-02-07,-0.11021107996101964,-0.07875667172631828,-0.08453991571771646
2007-02-08,-0.10662264861099002,-0.07852294876652233,-0.08257780753594901
2007-02-09,-0.10063945533465968,-0.07435639665453841,-0.0774315846203033
2007-02-12,-0.10221193453396471,-0.07494152597994452,-0.07852970572050855
2007-02-13,-0.1046949768012192,-0.06950691276251664,-0.07709720968249911
2007-02-14,-0.10695284417987438,-0.07270455089353456,-0.07984671978329816
2007-02-15,-0.10935016030903277,-0.07566837887525857,-0.08255226006341154
2007-02-16,-0.11221003567034182,-0.07426717260106541,-0.08332983629896695
2007-02-19,-0.11164216593242171,-0.07296889409503604,-0.0823938805408807
2007-02-20,-0.1179727818668379,-0.07472712360769906,-0.08653358000755673
2007-02-21,-0.11219409583274398,-0.06519542355377239,-0.07883621060324841
2007-02-22,-0.11170865360543047,-0.05750874940815087,-0.07479711502206199
2007-02-23,-0.10605429235085173,-0.06366407695535481,-0.07487366476127433
2007-02-26,-0.10401952510944124,-0.06511655045478204,-0.07453833744453853
2007-02-27,-0.10027296792057538,-0.08034375210038136,-0.08014029150944246
2007-02-28,-0.1110146648622401,-0.08077160298041797,-0.08584529314786848
2007-03-01,-0.1042133230491421,-0.0902567031222754,-0.08706471436337926
2007-03-02,-0.10693767913863428,-0.10025626714878777,-0.09347029403759621
2007-03-05,-0.1077861712091458,-0.10775694949747316,-0.0976795643943863
2007-03-06,-0.10083530014205111,-0.10587341282279694,-0.09321235556908614
2007-03-07,-0.1023450446425872,-0.10091277344140792,-0.0914581858393666
2007-03-08,-0.09636441266654638,-0.10011510257727119,-0.08802857347688153
2007-03-09,-0.09306927224291994,-0.10251721628083588,-0.08758299327286834
2007-03-12,-0.0948231777461983,-0.09960169347303505,-0.08698323222677284
2007-03-13,-0.10283582101325806,-0.10177351616151475,-0.09212538318003893
2007-03-14,-0.1023164071123247,-0.10365965697951096,-0.0928157760460796
2007-03-15,-0.0924500602728624,-0.10007536833931763,-0.08601656681022596
2007-03-16,-0.09849475612113356,-0.09562442506244317,-0.08680010133345983
2007-03-19,-0.09527175259759435,-0.09415434033285441,-0.08442548014077811
2007-03-20,-0.09977825783099692,-0.08728588969631479,-0.08323463652855068
2007-03-21,-0.09862742709526728,-0.08348649090733751,-0.08074051502761526
2007-03-22,-0.09162747433256535,-0.08985661685389812,-0.08036569059913257
2007-03-23,-0.09090964008891045,-0.0947722052145823,-0.08248574763517902
2007-03-26,-0.0823126926540001,-0.09564811447603427,-0.07859134191783645
2007-03-27,-0.08455228478273535,-0.09985055800494791,-0.08185653133634874
2007-03-28,-0.09157248710944665,-0.1014014555907854,-0.08616791887527597
2007-03-29,-0.08976209441187177,-0.09883251231767631,-0.08395109047549199
2007-03-30,-0.07599414717998965,-0.10793389778289841,-0.08164900978989809
2007-04-02,-0.07217866627284608,-0.1083215865308299,-0.07995250063131953
2007-04-03,-0.057108181863291696,-0.10771221977951939,-0.07216601613751994
2007-04-04,-0.058132150122406134,-0.10448987761424133,-0.07099446841148549
2007-04-05,-0.0576145987216613,-0.1058019369037504,-0.07141979419244648
2007-04-06,-0.049333930184662145,-0.11568201577730297,-0.07247009773120927
2007-04-09,-0.04655762594274526,-0.11433943769215493,-0.07041163741829581
2007-04-10,-0.04858935945074905,-0.11028104866637423,-0.0692722480230259
2007-04-11,-0.04882365291554369,-0.11008865137140322,-0.06928621545934655
2007-04-12,-0.04657777888514247,-0.11201695661583422,-0.06919579509750018
2007-04-13,-0.044791278617457464,-0.10884535958900343,-0.06666146512349869
2007-04-16,-0.03813218675079555,-0.10320406280643735,-0.06045398429291082
2007-04-17,-0.03968119242372237,-0.09840088400894331,-0.05869444078534636
2007-04-18,-0.04117557886822765,-0.09829673683079632,-0.059372473498699785
2007-04-19,-0.04388873972884766,-0.09930400869680744,-0.061228684916396325
2007-04-20,-0.03613103535214868,-0.09838513965707951,-0.05694132293334486
2007-04-23,-0.03321506839417432,-0.1007612845113457,-0.05675750146924674
2007-04-24,-0.035553700492344964,-0.09751277427018012,-0.05619460598926296
2007-04-25,-0.03332471068712417,-0.09430775277529779,-0.05342808552629108
2007-04-26,-0.02646557962181395,-0.09605614294958831,-0.05098349572837024
2007-04-27,-0.024780716418727256,-0.09783258647968263,-0.05109479076613721
2007-04-30,-0.032112672369273176,-0.09740009166740338,-0.05443440031778346
2007-05-01,-0.03554656489807506,-0.09534088210225045,-0.05503313363850082
2007-05-02,-0.027713874193998178,-0.09553500989653407,-0.05129730582976533
2007-05-03,-0.020114708650313062,-0.09787753637211327,-0.04881843454544377
2007-05-04,-0.022263870638533523,-0.09430769426417351,-0.04797954950829186
2007-05-07,-0.021742421117963318,-0.094088001498847,-0.047610216868492095
2007-05-08,-0.018356860307941814,-0.10013193853686153,-0.049139208701836634
2007-05-09,-0.019108560367381622,-0.09842265410907813,-0.04860020069757576
2007-05-10,-0.02703523660645757,-0.10044369992181001,-0.053510742300811986
2007-05-11,-0.024503702048788822,-0.09751443022464679,-0.05073836812068566
2007-05-14,-0.02825654102104702,-0.09725591214560525,-0.052428365249353126
2007-05-15,-0.029431930031259768,-0.09866434320486761,-0.05374062577913197
2007-05-16,-0.030583803813516552,-0.0943540675107799,-0.05203958518220009
2007-05-17,-0.026057925187143116,-0.09644898125150991,-0.05092312797066323
2007-05-18,-0.018688052147040835,-0.09684775603272966,-0.04754170324681839
2007-05-21,-0.018149203874864295,-0.09675367731694373,-0.04723059363469306
2007-05-22,-0.016117803601797265,-0.09731339313484388,-0.04654017939547772
2007-05-23,-0.01693274247097698,-0.09815568473248604,-0.04737988346272892
2007-05-24,-0.026878065487895397,-0.09726653763467774,-0.05172892980484589
2007-05-25,-0.022326349922078714,-0.09786274054972666,-0.04982433011301446
2007-05-28,-0.022176962609213757,-0.09786194494311684,-0.049751318298944525
2007-05-29,-0.01647629101935333,-0.09961245145387099,-0.04790329136057958
2007-05-30,-0.0166362442320388,-0.0942106613497059,-0.04512470527192991
2007-05-31,-0.01189915866188962,-0.09310563367214364,-0.042242324851092694
2007-06-01,-0.003347273558104824,-0.09031525126572348,-0.03662424967589528
2007-06-04,-0.004158563244421654,-0.09116721681540751,-0.0374674754873392
2007-06-05,-0.007337822457625598,-0.08866644750321095,-0.037679669650736436
2007-06-06,-0.014339743978403874,-0.09518417556945125,-0.044514808696227814
2007-06-07,-0.018067853208852513,-0.10833991761264883,-0.05326802650447371
2007-06-08,-0.013114998282659607,-0.10583523572458342,-0.049550684000173595
2007-06-11,-0.012424819041239266,-0.10294625088459552,-0.04768291687302595
2007-06-12,-0.012195262811213303,-0.10219635107050906,-0.047174187692838654
2007-06-13,-0.004553005820134071,-0.09864791377889492,-0.04160541613123503
2007-06-14,0.0,-0.09409790847449429,-0.03600610966157214
2007-06-15,-0.0023983585009756947,-0.09023834672652142,-0.03510858129781813
2007-06-18,-0.0049064346551142,-0.08895646641431487,-0.03564172102518315
2007-06-19,0.0,-0.09160264955489472,-0.034664152245010516
2007-06-20,-0.005864187222325512,-0.09302734659287004,-0.038251605959709556
2007-06-21,0.0,-0.09471123163870243,-0.03612639022628761
2007-06-22,0.0,-0.10176491772220375,-0.03908980479854496
2007-06-25,-0.005812287189742027,-0.1083680976653133,-0.04541430901309551
2007-06-26,-0.015482512959049233,-0.10584447031116562,-0.04870591800805768
2007-06-27,-0.012936927413248589,-0.10667032966897272,-0.04791539355771013
2007-06-28,-0.004105646841012445,-0.10678582082537891,-0.04371777346941674
2007-06-29,-0.009660848769144637,-0.10880888096341268,-0.04746784632153489
2007-07-02,-0.010290372381355661,-0.10690623141588285,-0.04675378700980959
2007-07-03,-0.003585907594855886,-0.11060165521206189,-0.04549721999639034
2007-07-04,-0.0016010614952318702,-0.10931400593278817,-0.04385558743907236
2007-07-05,0.0,-0.1044905474165243,-0.03995805307831435
2007-07-06,0.0,-0.09794234409560776,-0.03459566589596663
2007-07-09,0.0,-0.10162345474445222,-0.03598761607610235
2007-07-10,-0.01971155464357177,-0.10965599685013261,-0.04979840928750012
2007-07-11,-0.017303692705044837,-0.10385696178077608,-0.04553697785540878
2007-07-12,-0.009871168014982667,-0.09435428172419302,-0.03686693340795466
2007-07-13,-0.010052263630619174,-0.09398430734363383,-0.03675828288289851
2007-07-16,-0.005505497764821343,-0.1071665066177534,-0.04155363803187273
2007-07-17,0.0,-0.1044163749345145,-0.03558079864765129
2007-07-18,-0.007195902172724256,-0.10938981104995438,-0.041728581797526476
2007-07-19,-0.001265712673373498,-0.11178678946262821,-0.0401561624113248
2007-07-20,-0.009669078890885086,-0.12115194310818844,-0.04925443986499467
2007-07-23,-0.008285821912910052,-0.12168105038557253,-0.0488766535014884
2007-07-24,-0.022785071196010254,-0.1247505972509162,-0.05749154296833958
2007-07-25,-0.02307848830577186,-0.13098722503085658,-0.060990983618123495
2007-07-26,-0.05171063114058361,-0.13898480388379097,-0.07907235441754656
2007-07-27,-0.05655833401766164,-0.1519994186931708,-0.08838637722298748
2007-07-30,-0.047912903476749036,-0.14869214388762775,-0.08243180795652671
2007-07-31,-0.05380117937663498,-0.1536901447704272,-0.08796270971936848
2007-08-01,-0.0542955065605123,-0.15101227117560256,-0.08675802633144591
2007-08-02,-0.04923642564371977,-0.14461558081699588,-0.08087490890145943
2007-08-03,-0.06497190835316713,-0.14392902257875584,-0.08811197681205296
2007-08-06,-0.0617585686130403,-0.1402441077150559,-0.08458248051842943
2007-08-07,-0.055914957973369095,-0.14202694865901033,-0.082680883917994
2007-08-08,-0.041788870285583535,-0.1348373382726994,-0.07197462755227502
2007-08-09,-0.06411184058274211,-0.15711256649198757,-0.09473137442377566
2007-08-10,-0.06544202903847052,-0.15718983460726588,-0.0954162020289514
2007-08-13,-0.0634086143193261,-0.15970908895475255,-0.09578405496853337
2007-08-14,-0.07661563377938463,-0.1660789049661936,-0.10558649867403658
2007-08-15,-0.08691185950309699,-0.172280383238678,-0.1138987571748834
2007-08-16,-0.11733794413257703,-0.17648055806893503,-0.1309103814787742
2007-08-17,-0.10354736192608749,-0.17415467829130793,-0.12289382506248536
2007-08-20,-0.10524989519524541,-0.16895840951556063,-0.12096731781479575
2007-08-21,-0.10875918226733061,-0.16447254530513988,-0.12031868158383097
2007-08-22,-0.10024593784687319,-0.15703982515147474,-0.11220451529684305
2007-08-23,-0.09699933805135064,-0.15554292621951804,-0.10981453263445717
2007-08-24,-0.08665327835208247,-0.1562227024170978,-0.10507321079050225
2007-08-27,-0.09067184321080779,-0.16097153909732342,-0.109560325758145
2007-08-28,-0.11039381703371931,-0.16174492795495354,-0.11962687015003459
2007-08-29,-0.09946654546600475,-0.15685569542149103,-0.11165249458933879
2007-08-30,-0.10475087533978156,-0.14974302656980742,-0.1105119070143642
2007-08-31,-0.09368337808224636,-0.1531141980247348,-0.10677712787205318
2007-09-03,-0.09371119662716343,-0.15314972564111784,-0.10680957194322915
2007-09-04,-0.08994814924336336,-0.14183939783627264,-0.09899062360849575
2007-09-05,-0.10711083797967946,-0.13395951115300764,-0.10335003340475168
2007-09-06,-0.10016500778206783,-0.13674989965814033,-0.1013069967890633
2007-09-07,-0.12221506408426364,-0.12077399840789749,-0.10400211695600126
2007-09-10,-0.12469198140355053,-0.11316234767858535,-0.10138784781706878
2007-09-11,-0.11273848618377025,-0.1106552702525645,-0.09398179385218053
2007-09-12,-0.10638849323444866,-0.10725707748722202,-0.08900872688879058
2007-09-13,-0.0932909744863657,-0.11635832920576406,-0.0869762454530254
2007-09-14,-0.09515111315331604,-0.11712185759318305,-0.08830725049162136
2007-09-17,-0.09392661846301797,-0.11852121186155873,-0.08841288497439503
2007-09-18,-0.08715685976743248,-0.10239199949744149,-0.07666734181365087
2007-09-19,-0.07809962589303043,-0.10088000657790497,-0.07130902369858483
2007-09-20,-0.07119774029005121,-0.09657292607636292,-0.06560829406857582
2007-09-21,-0.07446130696651732,-0.08924942612245013,-0.06346264221222497
2007-09-24,-0.07671245092484236,-0.09125771214385103,-0.06563416404400513
2007-09-25,-0.08324245055691282,-0.09167299244538762,-0.06915183466374453
2007-09-26,-0.07841751284304554,-0.08649802638272686,-0.06405064865804777
2007-09-27,-0.07675468364515736,-0.06958696622305849,-0.05454296601612285
2007-09-28,-0.08116211012681962,-0.06845377450444523,-0.05622393962251904
2007-10-01,-0.0736484917032616,-0.06608327631177602,-0.05116435720975254
2007-10-02,-0.07762734765616741,-0.07805779140881852,-0.059284973423579634
2007-10-03,-0.07325967270478995,-0.08059268973527989,-0.058350965266461885
2007-10-04,-0.07333746723333834,-0.07489251803516739,-0.0554714549431955
2007-10-05,-0.06169300408760592,-0.07942595823759069,-0.05185127705193515
2007-10-08,-0.06763445648337041,-0.08566940805934897,-0.0580683950448494
2007-10-09,-0.05801292289855886,-0.08275211231983837,-0.051705589574631006
2007-10-10,-0.05516783825713134,-0.07919266983199014,-0.048433561920944945
2007-10-11,-0.05605939245160174,-0.07582476141215266,-0.047142310430093426
2007-10-12,-0.04775128718414179,-0.07438852490681169,-0.04220861031576728
2007-10-15,-0.048357054859629156,-0.06716064944175282,-0.03877367681911559
2007-10-16,-0.05492231686313109,-0.06946195818632828,-0.04327503467846838
2007-10-17,-0.06585921489499758,-0.06506513859973329,-0.046550600913256135
2007-10-18,-0.0722933200716167,-0.05153200315467421,-0.042933583489777716
2007-10-19,-0.09107417694055708,-0.05169696434072413,-0.05270442524751573
2007-10-22,-0.09160063903989935,-0.05852475372578392,-0.05638903626537339
2007-10-23,-0.0883058774134804,-0.051472483492321364,-0.05114366518330682
2007-10-24,-0.09619176133942109,-0.052806447751548635,-0.05591454155344
2007-10-25,-0.09173965538735906,-0.05157063500910797,-0.052973408184689874
2007-10-26,-0.0844991653166991,-0.044304748613684275,-0.04557107443439823
2007-10-29,-0.07965485904903113,-0.035791705968790666,-0.03879504741598805
2007-10-30,-0.08430585530032797,-0.04194087161385418,-0.044288794813622356
2007-10-31,-0.06822399150364644,-0.03976078282132167,-0.03480909040662028
2007-11-01,-0.08582236840556623,-0.04163796366545436,-0.044867261580656126
2007-11-02,-0.09429117833787015,-0.029348493727118896,-0.04316733799019945
2007-11-05,-0.09523445703950917,-0.037172874539183165,-0.047522093446006775
2007-11-06,-0.0859770555874515,-0.023089742113409417,-0.03568342252311729
2007-11-07,-0.10605693809196559,-0.024784982044594894,-0.04711249928636674
2007-11-08,-0.11780922832765084,-0.02783128334896523,-0.05486438133674665
2007-11-09,-0.1280102830549532,-0.033000745175975954,-0.06284169171787035
2007-11-12,-0.13743280138663583,-0.043359094251820385,-0.07292439790938854
2007-11-13,-0.1280816154075568,-0.05634696396834882,-0.07419237122044664
2007-11-14,-0.11718061796313184,-0.057420623774348534,-0.06893168029307173
2007-11-15,-0.141541564104817,-0.06660460171365012,-0.08631376590587625
2007-11-16,-0.13823615084230445,-0.06402341953455215,-0.0832913950206764
2007-11-19,-0.15494456738514684,-0.05572602243566116,-0.08811496132776031
2007-11-20,-0.1526461156895803,-0.04430501107449536,-0.08136021786281478
2007-11-21,-0.16624124619518788,-0.0310730567402564,-0.08237019078776275
2007-11-22,-0.16546386343830266,-0.031258506015760856,-0.082030215013152
2007-11-23,-0.1596919799330162,-0.02584846897918902,-0.0762924995387263
2007-11-26,-0.1761370237273372,-0.007286300928485812,-0.07653061004611894
2007-11-27,-0.16799129417894476,-0.023018447079347526,-0.07928272354148946
2007-11-28,-0.15499285318551803,-0.03403766604297631,-0.07728286928469286
2007-11-29,-0.16178443783192953,-0.033759862893457226,-0.0808582681499358
2007-11-30,-0.15881738199271445,-0.046797155690925685,-0.08543241340561591
2007-12-03,-0.1693186370832015,-0.032167115929743306,-0.08412257973992199
2007-12-04,-0.17068793179870556,-0.020265045638468093,-0.07924587558056284
2007-12-05,-0.16436582159924396,-0.032460987339344216,-0.08146714262719479
2007-12-06,-0.15230517467158733,-0.03844552130788259,-0.07767929160112563
2007-12-07,-0.1397215431055454,-0.0458688119816586,-0.07439378387030615
2007-12-10,-0.13623880952156642,-0.04001554913152805,-0.06968104526451235
2007-12-11,-0.1543539022762147,-0.03062501673017448,-0.07488635484156414
2007-12-12,-0.13901796173642378,-0.029427686476433235,-0.06592647532809426
2007-12-13,-0.13689675740655993,-0.045234252618085447,-0.0723819120086322
2007-12-14,-0.1288944372519013,-0.06616910784030461,-0.0782514734700881
2007-12-17,-0.1368178449291223,-0.0645189694706052,-0.08162910257741374
2007-12-18,-0.13950224492140628,-0.06097972800584217,-0.08131986396354618
2007-12-19,-0.1389352096068388,-0.05528751312159186,-0.07823271846271163
2007-12-20,-0.1414446543164224,-0.05247349053281469,-0.07820305722730592
2007-12-21,-0.1175216801098713,-0.05820965864248151,-0.06815068406051028
2007-12-24,-0.10990351985419677,-0.05652249511628993,-0.06329382434912523
2007-12-26,-0.09733747250034452,-0.047745204832451704,-0.0523246437194953
2007-12-27,-0.10648853982359507,-0.04102318627351931,-0.053783498259076246
2007-12-28,-0.11693038086638119,-0.03694639471592598,-0.057301109656391125
2007-12-31,-0.128359128368692,-0.03574144141870428,-0.06281160352020831
2008-01-02,-0.14204038528479257,-0.0007339206434497925,-0.05315428059614813
2008-01-03,-0.13823279797941246,0.0,-0.04576179917050893
2008-01-04,-0.15205850047078906,0.0,-0.050905837532921994
2008-01-07,-0.1500246394413547,-0.007026752575668205,-0.053102120237903505
2008-01-08,-0.14344061455819856,0.0,-0.04100977803439454
2008-01-09,-0.14590653626276884,-0.005591935489329791,-0.0450714870614064
2008-01-10,-0.1349814462933483,-0.011101635298277568,-0.04160950712525924
2008-01-11,-0.13549065264555005,0.0,-0.02954231926111528
2008-01-14,-0.13193493661790334,0.0,-0.018357361479322654
2008-01-15,-0.14289272320635604,0.0,-0.021611410666051212
2008-01-16,-0.14955927507121536,-0.011274135656670792,-0.03093159044470095
2008-01-17,-0.16021198778051093,0.0,-0.030673186915404105
2008-01-18,-0.16689917813163435,-0.00013695205010122447,-0.034598913266065456
2008-01-21,-0.17259557900310418,0.0,-0.033020082643922866
2008-01-22,-0.18627363895218862,-0.0011252248545042809,-0.041556828831156856
2008-01-23,-0.19935386325609072,-0.01880281087228841,-0.05774108823867852
2008-01-24,-0.16757523634299176,-0.02438349986331323,-0.04172099362989756
2008-01-25,-0.17181712542524574,-0.010258946384542722,-0.03722582925667417
2008-01-28,-0.16975869686170397,-0.0037446079705295565,-0.032860930199801075
2008-01-29,-0.16340048332240809,-0.00831766551031321,-0.03137732650480107
2008-01-30,-0.1606489541252497,-0.011904314754262457,-0.03153607781776557
2008-01-31,-0.16398180310649302,-0.004304507885922737,-0.02973443357969041
2008-02-01,-0.16786328710628928,-0.01140099224092106,-0.03544443948697096
2008-02-04,-0.16727419687171474,0.0,-0.02929057242825117
2008-02-05,-0.18079503883940629,0.0,-0.03684059335547474
2008-02-06,-0.18108285663380497,0.0,-0.034976042821758924
2008-02-07,-0.170435946711885,-0.012901323196385928,-0.03492784850010955
2008-02-08,-0.17481849929919435,0.0,-0.0293586816109771
2008-02-11,-0.177746514072043,0.0,-0.029479803168110275
2008-02-12,-0.17305215811353836,-0.012275314289915462,-0.032666108092741064
2008-02-13,-0.17023523730231127,-0.01714762289680638,-0.03340440351180174
2008-02-14,-0.16772513036944425,-0.010106663316006959,-0.028480138145531075
2008-02-15,-0.16928058690642867,-0.007185136218166521,-0.027954335184187884
2008-02-18,-0.16697927626007747,-0.010306559323750464,-0.028135986703840543
2008-02-19,-0.15745788665815508,0.0,-0.01714085022631795
2008-02-20,-0.14880799740699002,-0.005369220700479849,-0.01473422279501424
2008-02-21,-0.1590722333323078,0.0,-0.010570715629623084
2008-02-22,-0.1597778051377975,0.0,-0.009496728812141586
2008-02-25,-0.14528738389331053,-0.008320214886693766,-0.005076249036452429
2008-02-26,-0.14700208233184253,0.0,0.0
2008-02-27,-0.1483263074660245,0.0,0.0
2008-02-28,-0.16214249695369087,0.0,0.0
2008-02-29,-0.1841837745033056,0.0,-0.0021962443225067574
2008-03-03,-0.18644677687079458,0.0,0.0
2008-03-04,-0.18390697899932507,-0.004771473849055519,-0.0008248077810719678
2008-03-05,-0.17747030051754797,-0.010772399427426249,0.0
2008-03-06,-0.18866166816029417,0.0,-0.0010705887133288794
2008-03-07,-0.1981586129789925,-0.0011444878713682272,-0.007488595761199313
2008-03-10,-0.20713990024523987,0.0,-0.006327313769580956
2008-03-11,-0.18359452792737796,-0.02198900638707213,-0.0024978240184218015
2008-03-12,-0.19450761115468662,0.0,0.0
2008-03-13,-0.193480653757359,0.0,0.0
2008-03-14,-0.21022197588207303,0.0,-0.004326018159623524
2008-03-17,-0.22142229986363438,-0.007150852514841488,-0.014946107142828624
2008-03-18,-0.20773529620422326,-0.01690089771709624,-0.011124478453035103
2008-03-19,-0.22503492583771967,-0.04272576010748175,-0.03490915869488043
2008-03-20,-0.23838589888943273,-0.06385499697059183,-0.053873256802579816
2008-03-24,-0.21780675684598216,-0.0772060640074137,-0.04783759219519179
2008-03-25,-0.2133060308851502,-0.05978213666397714,-0.03610900229149683
2008-03-26,-0.21491581685178174,-0.046389110618786145,-0.030230071326677543
2008-03-27,-0.21675011344804063,-0.0468353837479496,-0.031589890198110204
2008-03-28,-0.22353280921102425,-0.04943790765119549,-0.03710502762788237
2008-03-31,-0.23046623604294536,-0.058519846766241224,-0.04600397551576885
2008-04-01,-0.22330950364034563,-0.08074293436332824,-0.0528271103090554
2008-04-02,-0.21793963754993617,-0.07391789844893792,-0.04603668985245579
2008-04-03,-0.21466162660559274,-0.07124989232505541,-0.04266325284043382
2008-04-04,-0.21824756299033032,-0.058049833442379906,-0.038045725935787034
2008-04-07,-0.21561467559039726,-0.06571232238333025,-0.040338436909742814
2008-04-08,-0.21681841134099245,-0.0688327000052722,-0.042677357512510894
2008-04-09,-0.21689930616223985,-0.049391910398158156,-0.032733369716793304
2008-04-10,-0.21442302576960848,-0.05886605971267411,-0.03602413710966923
2008-04-11,-0.21712716615791194,-0.0482811305945382,-0.0322623366755016
2008-04-14,-0.2134478338866057,-0.04789515940867406,-0.029792024450482457
2008-04-15,-0.2106953366445372,-0.049153800841357675,-0.02873571548484355
2008-04-16,-0.21130013353247934,-0.0578221538690038,-0.033535073169554175
2008-04-17,-0.20821882886588228,-0.0694425694469537,-0.037607154194918224
2008-04-18,-0.21307318461421842,-0.08233698650695587,-0.04722511105169824
2008-04-21,-0.22034216730377487,-0.08545506347387866,-0.05324427728910097
2008-04-22,-0.21528200731647595,-0.07800545200266296,-0.046315949798271694
2008-04-23,-0.21930170403770788,-0.08954431703398702,-0.05472629154201958
2008-04-24,-0.21876950146487517,-0.11146468730323611,-0.06578342376903745
2008-04-25,-0.2193267418543149,-0.11526237483480006,-0.06811307221740615
2008-04-28,-0.21955097874413398,-0.10717756393241862,-0.06398907490539729
2008-04-29,-0.2246391830055935,-0.1175795644639337,-0.07249286480572859
2008-04-30,-0.22513944684935416,-0.11464990962888122,-0.07125240740827665
2008-05-01,-0.23024772132009985,-0.1252575879944564,-0.07987761466670995
2008-05-02,-0.22670243522954003,-0.13589112467532116,-0.0833512802816988
2008-05-05,-0.2274000183742354,-0.12762439728435848,-0.07938004770299889
2008-05-06,-0.2263853329802361,-0.1280264758281784,-0.0789876620336123
2008-05-07,-0.22188041173051454,-0.12435618775483825,-0.0743676870766643
2008-05-08,-0.2223256807803935,-0.1129827519457044,-0.06862116813156294
2008-05-09,-0.2209621738898908,-0.10365064910857014,-0.06290525819876325
2008-05-12,-0.22540984941862796,-0.11238297615344572,-0.07014492090646829
2008-05-13,-0.22114673716351207,-0.12997154862292792,-0.07679886920411805
2008-05-14,-0.22073421738557297,-0.1395832924246423,-0.08165397005902297
2008-05-15,-0.2273070493304331,-0.13297464589447006,-0.08200013882333523
2008-05-16,-0.22482391417861025,-0.12457388062387131,-0.07607775801065808
2008-05-19,-0.22416690120559946,-0.12454212444108337,-0.07566945773171052
2008-05-20,-0.223139321420864,-0.11351477787612974,-0.06923585092782103
2008-05-21,-0.21297697839299357,-0.10325389976335542,-0.05776135248938785
2008-05-22,-0.21340683577693487,-0.125075665040577,-0.06948306835947204
2008-05-23,-0.2126260243399426,-0.10567055367065459,-0.05870217468814498
2008-05-26,-0.21312866830592703,-0.10607582640088997,-0.059215906059439716
2008-05-27,-0.21478935030737545,-0.12394425152467048,-0.06961121066365039
2008-05-28,-0.21316951436151732,-0.1335073648194507,-0.07372965553338784
2008-05-29,-0.21680808975391885,-0.1559963132148796,-0.08789156169704648
2008-05-30,-0.21465019541506136,-0.14364989562999342,-0.07996367517222602
2008-06-02,-0.21199132493222372,-0.1289900853569511,-0.07053121784425542
2008-06-03,-0.21660556955924914,-0.1295572009460978,-0.07355509447011055
2008-06-04,-0.21517436774189613,-0.13475870061888295,-0.07547689797067969
2008-06-05,-0.21373530012281627,-0.13285506586513907,-0.07361225759266532
2008-06-06,-0.20054575497788474,-0.11056484942444567,-0.053935671872771485
2008-06-09,-0.19854183062345898,-0.12699769306132813,-0.061489512840314675
2008-06-10,-0.19375059808570794,-0.1455900552463164,-0.06867798346167986
2008-06-11,-0.18109953897303865,-0.12359058896057273,-0.049381276701669585
2008-06-12,-0.17964452797134456,-0.1352659652681255,-0.05486874364624661
2008-06-13,-0.18016945028278142,-0.13972029756317617,-0.0576053583024867
2008-06-16,-0.1828664157268589,-0.1405429297174896,-0.0596060150357437
2008-06-17,-0.1784378750722465,-0.12949600376700732,-0.05101411408809886
2008-06-18,-0.17802122331661385,-0.11739625388829189,-0.04417816445218059
2008-06-19,-0.17983535769343706,-0.13049843501812775,-0.05232747854072739
2008-06-20,-0.1794779363287824,-0.11687670164504282,-0.044697799121717896
2008-06-23,-0.17982659620826713,-0.12113688441869919,-0.047204951484243196
2008-06-24,-0.17872762264796482,-0.11606292235544613,-0.04381621540020253
2008-06-25,-0.17756710783060004,-0.11377433656174119,-0.04190281917484506
2008-06-26,-0.16539165601753825,-0.08352799685916701,-0.018461258086715726
2008-06-27,-0.1658599635926966,-0.07713871534680183,-0.015315183392807796
2008-06-30,-0.16762852544745932,-0.08150632138599534,-0.01868915695866047
2008-07-01,-0.16616041137554427,-0.07811947359069471,-0.01601451262212039
2008-07-02,-0.1634179796770744,-0.05768955946350551,-0.003493272730036856
2008-07-03,-0.1605946770057337,-0.06357566993156705,-0.0049240867769997365
2008-07-04,-0.16060444674098495,-0.06358398392376974,-0.004934294923584215
2008-07-07,-0.16235946780653354,-0.07335605791489641,-0.011166603911685002
2008-07-08,-0.1631938252003594,-0.08641691099684323,-0.018627782972005735
2008-07-09,-0.1567919659440753,-0.07774381171641076,-0.010215535390022956
2008-07-10,-0.1580357926711623,-0.07391834243870132,-0.008892770641688252
2008-07-11,-0.15630187614691204,-0.07868175739643624,-0.010421182979159505
2008-07-14,-0.15612575413012486,-0.07580575723959238,-0.008773354001125
2008-07-15,-0.1477495495792842,-0.0712543082555056,-0.0014131654733569032
2008-07-16,-0.1523914631214286,-0.08176281228617399,-0.009782012839179677
2008-07-17,-0.15229913919990545,-0.10546386622042314,-0.022507576346326497
2008-07-18,-0.1558268052434617,-0.11626259160088925,-0.03044155154856676
2008-07-21,-0.15905226619425317,-0.11817365754394904,-0.033342147465257654
2008-07-22,-0.159698456865484,-0.1300842436860351,-0.04024173213069515
2008-07-23,-0.16582813310778988,-0.14698076226658985,-0.05306303798086509
2008-07-24,-0.1604953954995456,-0.12916342057207852,-0.04014670516759933
2008-07-25,-0.15632388679079456,-0.13412926825947058,-0.04049867150121644
2008-07-28,-0.152599877832719,-0.12173580312018861,-0.03151422537120452
2008-07-29,-0.15896520933036262,-0.13031803727021884,-0.03988359596815538
2008-07-30,-0.16799642842452855,-0.13386735362504598,-0.04699776512786402
2008-07-31,-0.16222482297745489,-0.12719509322349432,-0.040021548265349205
2008-08-01,-0.16112032749616156,-0.12825615465590445,-0.03997226489930028
2008-08-04,-0.16013826133937759,-0.14371932157357525,-0.047924900662103975
2008-08-05,-0.1707575122474474,-0.15603950730403482,-0.06079318060383887
2008-08-06,-0.1751008323457811,-0.1695799306805681,-0.07078709380177273
2008-08-07,-0.17092303957533372,-0.1522165702171263,-0.05871952687886961
2008-08-08,-0.18089025744799858,-0.17365712159619762,-0.0762801466105073
2008-08-11,-0.187728502963727,-0.18361784713587403,-0.08570318535744492
2008-08-12,-0.1864041571595363,-0.17227883169819735,-0.07860834716201559
2008-08-13,-0.18102922363344776,-0.16134395014338254,-0.06947863659725328
2008-08-14,-0.18592131812023505,-0.1596856442445731,-0.07133787838184857
2008-08-15,-0.1934131566444346,-0.16972617863698736,-0.08115912521339796
2008-08-18,-0.18308090187218784,-0.1562462984038392,-0.06781511560009423
2008-08-19,-0.18035944884750177,-0.15378648493876357,-0.06490358366776627
2008-08-20,-0.17971555430894426,-0.14549101010928,-0.05995288714410085
2008-08-21,-0.18110665629952627,-0.13943464061734145,-0.057418677227317194
2008-08-22,-0.1826390185745942,-0.15599988503045947,-0.06737257995841872
2008-08-25,-0.17768498449431036,-0.1451897610253955,-0.05857360711142179
2008-08-26,-0.17907053618814517,-0.14588464943626145,-0.05974938074553138
2008-08-27,-0.18108137013104364,-0.14397386383392607,-0.05984919228768826
2008-08-28,-0.18288716643498604,-0.15108134203658985,-0.06478873231813675
2008-08-29,-0.17832389051339392,-0.14801237844034343,-0.06048686418209348
2008-09-01,-0.1785422802979888,-0.14817933614636036,-0.06070377349092437
2008-09-02,-0.17433155227178332,-0.14760833925081351,-0.05798157700608653
2008-09-03,-0.17430467372867464,-0.14472847157122348,-0.0563749047934935
2008-09-04,-0.16220072485941173,-0.13286415561308862,-0.042913580560858255
2008-09-05,-0.15952253437465447,-0.1394147483556052,-0.04499887547227388
2008-09-08,-0.1651525975961664,-0.1461731147833023,-0.05194740154407562
2008-09-09,-0.15287155436272004,-0.13591781386111024,-0.039280703797105576
2008-09-10,-0.1617731208739689,-0.14979045467426588,-0.05204035311020605
2008-09-11,-0.16989462377345743,-0.14936280058951312,-0.05639428877433261
2008-09-12,-0.16549926167073914,-0.16877017011276063,-0.06466034625283601
2008-09-15,-0.12911088694527006,-0.1356987695612608,-0.025660857575668827
2008-09-16,-0.1328032181608625,-0.15603045223123468,-0.03918642145025453
2008-09-17,-0.10864966850456959,-0.1404340231222213,-0.016928073806980803
2008-09-18,-0.11136828011570532,-0.14783601256051282,-0.022660023441652966
2008-09-19,-0.12206632355025782,-0.18055187426065966,-0.04730379326385148
2008-09-22,-0.11799510348618125,-0.1677681500202476,-0.037663611753063875
2008-09-23,-0.11112632897708419,-0.16831788352479182,-0.03423426364766391
2008-09-24,-0.1077095922871546,-0.16675006302328432,-0.031467820705703975
2008-09-25,-0.11291607916196789,-0.17460284724758612,-0.03885735959249925
2008-09-26,-0.1081718278623387,-0.17060255143384595,-0.03395810178661729
2008-09-29,-0.07763804850705547,-0.14799386103174317,-0.004254020994016394
2008-09-30,-0.08321280641070505,-0.1732666367372353,-0.022031408036449984
2008-10-01,-0.07393190742869338,-0.16653243629841274,-0.013098232642072105
2008-10-02,-0.05438221127891085,-0.16238862837347146,-0.00022794838775153092
2008-10-03,-0.05743421808845739,-0.16382184858502657,-0.0026966890295210266
2008-10-06,-0.03497544575496381,-0.13786835163131783,0.0
2008-10-07,-0.048753622155254694,-0.14121945927188229,-0.009082270973538642
2008-10-08,-0.05201392802254201,-0.14327182649609294,-0.01196448723917154
2008-10-09,-0.05823141825947398,-0.1485293342439784,-0.018236219681745713
2008-10-10,-0.04335981538805078,-0.1393059353268583,-0.005167245762067618
2008-10-13,-0.032909499470445525,-0.1592252278566899,-0.01124533199244715
2008-10-14,-0.04438200731247366,-0.16762705008888057,-0.022050375090923557
2008-10-15,-0.046297491207749286,-0.14791921651403717,-0.01145319485328733
2008-10-16,-0.03856282448754311,-0.14694812016080938,-0.006881253597167847
2008-10-17,-0.035196495214667944,-0.1539471170098632,-0.009216723428839169
2008-10-20,-0.028519048224878496,-0.15637189404025686,-0.007207882637447205
2008-10-21,-0.019433165357183646,-0.1357829725871067,0.0
2008-10-22,-0.010873193664043157,-0.10567094761418283,0.0
2008-10-23,-0.0074396840416661725,-0.09767925426987445,0.0
2008-10-24,-0.013478135408782843,-0.08503741647353125,0.0
2008-10-27,-0.010109677083391722,-0.08613900806844799,0.0
2008-10-28,-0.007514787640455101,-0.101962406974626,-0.007346747577027801
2008-10-29,-0.01623375449111919,-0.11752856115611343,-0.02031005750438386
2008-10-30,-0.013586794530664026,-0.12421699770976635,-0.022704699469719425
2008-10-31,-0.008910212393474337,-0.12110909426689265,-0.018653951600697605
2008-11-03,-0.005706954620010585,-0.11423124180934408,-0.013228255938086186
2008-11-04,-0.0016835619758746034,-0.1235812425976972,-0.0164398612557336
2008-11-05,-0.0015396486793638475,-0.10508764945923799,-0.00599175932664453
2008-11-06,0.0,-0.08927904461834835,0.0
2008-11-07,-0.004451364720175266,-0.09401998139387802,-0.004828530547292709
2008-11-10,0.0,-0.09183729998811185,-0.0009198551364200114
2008-11-11,-0.0015675475927113824,-0.08316176872754766,0.0
2008-11-12,0.0,-0.06117381434430513,0.0
2008-11-13,-0.0028794594479657487,-0.06922983593848231,-0.005730205275935152
2008-11-14,-5.2837018055917895e-05,-0.07184765016926853,-0.005719138947345881
2008-11-17,0.0,-0.06510154191322104,-0.001307620463529946
2008-11-18,0.0,-0.05537072061036297,0.0
2008-11-19,0.0,-0.04394531952136027,0.0
2008-11-20,0.0,-0.015863279278460096,0.0
2008-11-21,-0.012639043957525353,-0.018437874702905366,-0.007627569615963781
2008-11-24,-0.022570645365949438,-0.05384583126005826,-0.030517533574112465
2008-11-25,-0.019827968251343808,-0.04301679766062527,-0.023609327872034624
2008-11-26,-0.01819778394641791,-0.0405107742442441,-0.021518957635468405
2008-11-27,-0.018366174281430725,-0.04061576273146894,-0.021656401290833904
2008-11-28,-0.01710019781863137,-0.034086368186629135,-0.017696320446410008
2008-12-01,-0.0032632680321056373,-0.0001924302628150132,0.0
2008-12-02,-0.010182755104892527,0.0,-0.003179290898444931
2008-12-03,-0.010226719757612135,0.0,-0.0003319737958025204
2008-12-04,-0.011521673074089911,0.0,0.0
2008-12-05,-0.022575355988584622,0.0,-0.0021560649068533833
2008-12-08,-0.024842092315351616,-0.02408461252272065,-0.015329452430909107
2008-12-09,-0.026045446438225817,-0.012298735184016918,-0.009991193266722265
2008-12-10,-0.03083710556200847,-0.02568139060556296,-0.01913347515887953
2008-12-11,-0.030136544023018907,-0.028868937424934904,-0.0203834487675566
2008-12-12,-0.034202786930371265,-0.028264094140742158,-0.022131951478410405
2008-12-15,-0.03433681939240418,-0.02627061093805383,-0.021196773756698706
2008-12-16,-0.03698434998496902,-0.025394186917294892,-0.022098056479863293
2008-12-17,-0.04612950939846594,-0.02488450067909309,-0.02648561411018202
2008-12-18,-0.04403388785962037,-0.015965894683586335,-0.020964243908423885
2008-12-19,-0.03843790533360503,-0.011438613751531324,-0.01584658830685337
2008-12-22,-0.03912177009859785,-0.014664767508004828,-0.017802438385026043
2008-12-23,-0.03744673629612005,-0.011714877299250914,-0.015476090876732962
2008-12-24,-0.03968186755708891,-0.013444564324431418,-0.017480717461889395
2008-12-26,-0.04205134408798761,-0.02189403992006811,-0.022900298874910963
2008-12-29,-0.040031755121337165,-0.015399997167673818,-0.018626635963658877
2008-12-30,-0.04327158061220959,-0.018355354358386422,-0.021755505182594503
2008-12-31,-0.04610309336062024,-0.04058022593607269,-0.034277046137698
2009-01-02,-0.05372591712144781,-0.05913089749574496,-0.04747198316161272
2009-01-05,-0.04257829997560758,-0.06039592578303976,-0.04250168927080922
2009-01-06,-0.03772192765296678,-0.07316098205358301,-0.0465773886419899
2009-01-07,-0.03201926626149021,-0.05699847059988783,-0.0354392553296623
2009-01-08,-0.03629890263634128,-0.05289585208401315,-0.03547330631543388
2009-01-09,-0.025934790963348164,-0.04833697422622285,-0.027965440478440295
2009-01-12,-0.01894520135444322,-0.016415164221666,-0.008175363252925893
2009-01-13,-0.01741691337474882,-0.011576413647516826,-0.004963187473367325
2009-01-14,-0.008330824043759288,-0.0006091056335956191,0.0
2009-01-15,-0.008647642933997557,-0.0017010623847858453,-0.0007060513495101839
2009-01-16,-0.014478296155711279,-0.016798564907644198,-0.011201007404073704
2009-01-19,-0.01352363147615454,-0.015826502457919056,-0.01023328943103341
2009-01-20,-0.008817451501376028,0.0,0.0
2009-01-21,-0.023526374987207554,-0.016741829676205078,-0.01579080106799602
2009-01-22,-0.026904961934509752,-0.016636204584846825,-0.017440613410689143
2009-01-23,-0.03646475913112701,-0.025065735438862813,-0.026478319106371884
2009-01-26,-0.04030632664623157,-0.0354326959182234,-0.03359498047366627
2009-01-27,-0.03496397904859394,-0.023731101284035327,-0.02504318218817969
2009-01-28,-0.040929278747523945,-0.041649083294729605,-0.03700344472457251
2009-01-29,-0.045059485260243615,-0.0420208178345427,-0.039263769486273414
2009-01-30,-0.042001537509784526,-0.041070440090653526,-0.037248959519816216
2009-02-02,-0.03547331017870836,-0.02517132856375448,-0.025987416809074237
2009-02-03,-0.04468784779890633,-0.03278503772544872,-0.03444366465723003
2009-02-04,-0.047261547334314424,-0.03518245430056477,-0.036940966499349415
2009-02-05,-0.04415952582249394,-0.04721011771581152,-0.04137602502697113
2009-02-06,-0.04927986134848883,-0.06473639854185087,-0.0527604468440348
2009-02-09,-0.04951511944462761,-0.06631352998472573,-0.0536763084745403
2009-02-10,-0.03932430249211749,-0.040288402525922695,-0.035414521869881255
2009-02-11,-0.04541847285677558,-0.035269754255367936,-0.03595194045190131
2009-02-12,-0.046081939487952805,-0.028494945163806018,-0.0329019543257999
2009-02-13,-0.047142087788477505,-0.03877783067766227,-0.0385574721282943
2009-02-16,-0.044730696112015855,-0.036652247360421164,-0.03627787847115127
2009-02-17,-0.032254518837603774,-0.005265185839584019,-0.014284961880078106
2009-02-18,-0.034827827377491793,-0.007519429580728931,-0.016712409029069786
2009-02-19,-0.03967642110434366,-0.02358676496153811,-0.027141462582113474
2009-02-20,-0.04091846986744596,-0.01607755098272623,-0.024029655009249584
2009-02-23,-0.03158758836841635,-0.01364564612188679,-0.018075933769798658
2009-02-24,-0.03451201510551727,-0.02647457029786593,-0.025944199520163025
2009-02-25,-0.0377661938189523,-0.031889029649021294,-0.030294432352539147
2009-02-26,-0.03318597542466428,-0.03341627901136568,-0.028751422884005784
2009-02-27,-0.027610445306422426,-0.022719209664357476,-0.02057652360774509
2009-03-02,-0.01595333957977174,0.0,0.0
2009-03-03,-0.011776344928021376,-0.001618637165478276,0.0
2009-03-04,-0.01649676384179366,-0.023536341689749052,-0.013364954743677493
2009-03-05,-0.009802075208255712,-0.005642161289279413,-0.0009666632899195671
2009-03-06,-0.01428919679724272,-0.014543629206492104,-0.007701904528562564
2009-03-09,-0.010270535665694247,-0.0074274111374611484,-0.0020963341345568987
2009-03-10,-0.01922493788072588,-0.024167923889240717,-0.015025725329877448
2009-03-11,-0.027434194777077092,-0.020254886960407337,-0.017173079505973132
2009-03-12,-0.0306394919777202,-0.03502410931000721,-0.026200476562776687
2009-03-13,-0.03087926833277932,-0.03264370761519819,-0.025119829834833074
2009-03-16,-0.027603085585539033,-0.04658736221552029,-0.03049805595317001
2009-03-17,-0.0350547934198161,-0.0560971729867662,-0.03904796419659351
2009-03-18,-0.024979889441903547,-0.03703783839242736,-0.024329561822645118
2009-03-19,-0.034487780574128934,-0.059537649302675466,-0.04048504943370479
2009-03-20,-0.029599611812114013,-0.0572834902852809,-0.03690623371623103
2009-03-23,-0.03757252028542646,-0.07203297277432763,-0.048396821690247394
2009-03-24,-0.028700073827276906,-0.06719783286413206,-0.0415313444820391
2009-03-25,-0.03809128942608209,-0.06356314673050834,-0.04429757326308781
2009-03-26,-0.04051242785946607,-0.0678149132021455,-0.04766995144326236
2009-03-27,-0.04063955811481679,-0.05733011155098133,-0.04237735079857419
2009-03-30,-0.04002030650461763,-0.04021299195577943,-0.03337396898967204
2009-03-31,-0.028665397491759115,-0.05596432462163259,-0.035588992002268394
2009-04-01,-0.033214306485402356,-0.05577314171408565,-0.037749579745885886
2009-04-02,-0.021915415766671775,-0.08026854746717604,-0.04460812551188009
2009-04-03,-0.010959216564679353,-0.09510600997417173,-0.046963499341589054
2009-04-06,-0.007472595706119356,-0.08824991430180706,-0.041673222921897235
2009-04-07,-0.011459612586800505,-0.07972271720018831,-0.039116634617532564
2009-04-08,-0.016176571774718318,-0.08027433912330495,-0.0416971103053434
2009-04-09,-0.01597509560586463,-0.08666246904549013,-0.04492702309290786
2009-04-13,-0.019790727055904456,-0.08512903353228785,-0.04597695383319733
2009-04-14,-0.017363028531590885,-0.08050863788596874,-0.042386469289716566
2009-04-15,-0.019296680078885076,-0.07876661876664992,-0.04242155259452096
2009-04-16,-0.014301509726027506,-0.08547073499342284,-0.043467165764436766
2009-04-17,-0.010456960472670307,-0.08629227207916246,-0.042031403778029275
2009-04-20,-0.02682464088912828,-0.05993389608698829,-0.036136512799671006
2009-04-21,-0.01750213110253751,-0.0713642404358601,-0.037379708718312976
2009-04-22,-0.018832101063563922,-0.07338135295007531,-0.03907670551341669
2009-04-23,-0.018004949119568514,-0.07813587285188572,-0.04113693218228931
2009-04-24,-0.01786271401518824,-0.08777071120171631,-0.04607825577891478
2009-04-27,-0.026331965909294652,-0.0669311597718556,-0.03929522604391322
2009-04-28,-0.020548282078578062,-0.06883014237157403,-0.037419499287567604
2009-04-29,-0.010208231631297249,-0.09049795445919806,-0.04353788886607868
2009-04-30,-0.0049936118500932825,-0.09527227873993771,-0.04352879379025809
2009-05-01,0.0,-0.10999116410939924,-0.046526711438213186
2009-05-04,-0.006965799081329771,-0.11438996028091886,-0.052203795146506526
2009-05-05,-0.005346553486852201,-0.11326357244185925,-0.050828314455029666
2009-05-06,-0.004666657132212704,-0.12029956423535204,-0.05426960939678427
2009-05-07,0.0,-0.1259871339499089,-0.05488892665784173
2009-05-08,0.0,-0.13566248671900716,-0.05789705190993155
2009-05-11,-0.008558461226772951,-0.12233801793799437,-0.05466688444662893
2009-05-12,-0.009036918746916034,-0.12319159764806342,-0.055354684530708576
2009-05-13,-0.01684461762913725,-0.1095982629585549,-0.05175355554376615
2009-05-14,-0.014785781313191193,-0.1137444229313802,-0.05296844604356665
2009-05-15,-0.01856493402346371,-0.10249659631239383,-0.04877521103335092
2009-05-18,-0.004951837144364202,-0.1229215814674739,-0.053001956314131626
2009-05-19,-0.0013808088291048515,-0.12858229203003047,-0.054358651040595896
2009-05-20,-0.0024724535725165753,-0.13156914939085695,-0.056496149498637016
2009-05-21,0.0,-0.13693699923693203,-0.056534268365799334
2009-05-22,0.0,-0.14774836415712755,-0.05877628102099064
2009-05-25,0.0,-0.14833288525114952,-0.05905546503310266
2009-05-26,0.0,-0.15693960411293706,-0.06077408131140993
2009-05-27,0.0,-0.16471460412404693,-0.05874454347292679
2009-05-28,-0.0010064744062925346,-0.17091243503784292,-0.06271028346039687
2009-05-29,-0.00930426903672732,-0.16867814219324673,-0.06533997767071653
2009-06-01,0.0,-0.1991363050990943,-0.07010844616156675
2009-06-02,-0.0025737503279029683,-0.198848219525653,-0.071137850859751
2009-06-03,-0.018848937776251184,-0.1777364461485028,-0.06647747377699331
2009-06-04,-0.006212479347575184,-0.19687725015203972,-0.07133130924399211
2009-06-05,0.0,-0.21458778981499882,-0.07493224013868749
2009-06-08,0.0,-0.21565905293955034,-0.07488480497263905
2009-06-09,0.0,-0.22253707524204813,-0.07715165428799964
2009-06-10,0.0,-0.2237407671759709,-0.07697354396813394
2009-06-11,-0.0015731420682333352,-0.2278158964956012,-0.08012237656363641
2009-06-12,-0.005064395873915606,-0.21530074990182924,-0.07427622771241915
2009-06-15,-0.012369885136524372,-0.19313909520759498,-0.06460262167116027
2009-06-16,-0.013962298182551791,-0.1878429015156935,-0.06228676900254082
2009-06-17,-0.015570098282702283,-0.1889297988075339,-0.06367873448128902
2009-06-18,-0.007830808025448888,-0.19654007058631262,-0.06439094839296655
2009-06-19,-0.014353733711297445,-0.19128836071279576,-0.06440874390688689
2009-06-22,-0.019689144642291434,-0.16550170072945214,-0.05202479470350996
2009-06-23,-0.020106793659713795,-0.17079977499678545,-0.05523599011891356
2009-06-24,-0.022825557287844078,-0.17494584924516376,-0.058908589742149964
2009-06-25,-0.034677150624520925,-0.1735810783608538,-0.06383721362570183
2009-06-26,-0.036144717494987266,-0.1714399652482076,-0.06333611069283773
2009-06-29,-0.037108689899143066,-0.1742549377987399,-0.06539562331935667
2009-06-30,-0.03947573496739676,-0.1613737292484022,-0.059254697808040935
2009-07-01,-0.04103454913424365,-0.16719095532504635,-0.06328084861490291
2009-07-02,-0.04244164038323084,-0.14656362181973093,-0.052367563806879125
2009-07-03,-0.04237140871666467,-0.14643353251245428,-0.05226058817347545
2009-07-06,-0.04712167578770543,-0.13433679253846065,-0.04789551507777756
2009-07-07,-0.06055471604171314,-0.1130653413947933,-0.042908818850692865
2009-07-08,-0.06727128886790279,-0.08938297486586155,-0.03355236427594677
2009-07-09,-0.05627743189226797,-0.11131727115857393,-0.03949626941479689
2009-07-10,-0.06385647471613198,-0.09810321023223878,-0.03621218235090751
2009-07-13,-0.06387360786694951,-0.1113584197527594,-0.0433034139874372
2009-07-14,-0.05933175785321232,-0.11925374963622559,-0.04523257798539482
2009-07-15,-0.06022745217393899,-0.14569239041848914,-0.06001745864891139
2009-07-16,-0.0649258404903047,-0.14081019340091472,-0.05968127168457471
2009-07-17,-0.05866077638998446,-0.152617315278604,-0.06299217430023496
2009-07-20,-0.0638409989161498,-0.15660569965798576,-0.06777547960055275
2009-07-21,-0.07353964654894418,-0.14586352027157523,-0.06666762481962374
2009-07-22,-0.07235312617382961,-0.1512275699852461,-0.06900066745858602
2009-07-23,-0.06120160515054962,-0.17506224060775522,-0.07647661277261186
2009-07-24,-0.06844468738315823,-0.1682216350402267,-0.07621017644977923
2009-07-27,-0.06544777134487878,-0.1738848797787016,-0.07786906654565817
2009-07-28,-0.06391198306455548,-0.16811299371395505,-0.07389001481993374
2009-07-29,-0.06372702589997481,-0.158594792867796,-0.06850038608201559
2009-07-30,-0.059545821401103094,-0.17567431824429225,-0.0758746096214803
2009-07-31,-0.06567743943021964,-0.17337377279493993,-0.07759765374218874
2009-08-03,-0.05318547146374719,-0.20148507199639454,-0.08711554852155423
2009-08-04,-0.055404654443501844,-0.20216459002553522,-0.08857379859900794
2009-08-05,-0.05102909275124756,-0.20403388281491674,-0.08753055640717788
2009-08-06,-0.057497905685047423,-0.19066539623753653,-0.0829779566058424
2009-08-07,-0.05550730463393905,-0.19797707754448135,-0.08615183847280639
2009-08-10,-0.05918799631834426,-0.1892659398463573,-0.08296961200485442
2009-08-11,-0.060012954825457765,-0.18015468729650397,-0.07821874473685131
2009-08-12,-0.05876415211023078,-0.18620188592871245,-0.0810059771560967
2009-08-13,-0.06821633913815506,-0.18104277606287966,-0.08270738892342633
2009-08-14,-0.07090193855578575,-0.16830094093957582,-0.07689340700817393
2009-08-17,-0.07154150564588602,-0.14909232741113576,-0.06655126432314373
2009-08-18,-0.06917980858323314,-0.15908233176215913,-0.0708436041224737
2009-08-19,-0.07354158507608344,-0.1581619315228242,-0.07251210454286161
2009-08-20,-0.07616666251720339,-0.15795860064881373,-0.0737140927302371
2009-08-21,-0.07569959935918047,-0.17265406304069197,-0.08156279774768649
2009-08-24,-0.07030050750457484,-0.1741546717646788,-0.07971328939980249
2009-08-25,-0.07782798985851602,-0.16613240947067842,-0.07896909143429942
2009-08-26,-0.07832718106440562,-0.16292419943551018,-0.07744659772765505
2009-08-27,-0.07856890970808827,-0.1653999948391871,-0.07893188256900852
2009-08-28,-0.08010626205167637,-0.16474309136917675,-0.07933777520909568
2009-08-31,-0.08340661166238228,-0.15099762460011001,-0.07341385576515791
2009-09-01,-0.08633073653352552,-0.13498128511653795,-0.06615188317866139
2009-09-02,-0.09461964706795523,-0.12498391448846224,-0.06499144095022902
2009-09-03,-0.09925833690794406,-0.1257396427758085,-0.0677904565965981
2009-09-04,-0.09928477204980479,-0.1320046450226292,-0.07114427072860041
2009-09-07,-0.10005519044042166,-0.13355956208758946,-0.07237348560758972
2009-09-08,-0.10107749103472163,-0.1349280181441167,-0.07363290522238675
2009-09-09,-0.10135134581067884,-0.13541295750213067,-0.0740336630676619
2009-09-10,-0.10601644300329371,-0.13594661606098335,-0.0767228901197633
2009-09-11,-0.10938589410172517,-0.1305578531965299,-0.07558376077803464
2009-09-14,-0.10864560443930504,-0.1310087209178592,-0.0754392554205634
2009-09-15,-0.102868698411685,-0.14559106562116642,-0.08020061814411084
2009-09-16,-0.11071776177868409,-0.1510340859795002,-0.08715410754047292
2009-09-17,-0.11239451555854063,-0.1449553241804663,-0.08474662176385439
2009-09-18,-0.1124829453426438,-0.14376520507768809,-0.08415525272030266
2009-09-21,-0.11186396209699057,-0.1438604302213342,-0.08388681006773857
2009-09-22,-0.11462345516474914,-0.14299203117756254,-0.08484540423658138
2009-09-23,-0.11255107964522637,-0.13644323145643855,-0.08027780348076907
2009-09-24,-0.10667241733098343,-0.13393420234436193,-0.07589547184348
2009-09-25,-0.10984007220657,-0.12872140716899994,-0.07475280203711965
2009-09-28,-0.11053399986810153,-0.12683188380862698,-0.07411016011393556
2009-09-29,-0.11115976520835591,-0.1278159776540222,-0.07495761202392859
2009-09-30,-0.11232676632353378,-0.12863299699222008,-0.07599814559104534
2009-10-01,-0.10703005523100151,-0.1235107852365499,-0.07052559505737876
2009-10-02,-0.10708965801355619,-0.11862941503256019,-0.06796838626186796
2009-10-05,-0.11013879040870811,-0.1144110485686255,-0.06732932988495943
2009-10-06,-0.11456312006683744,-0.11741819121915364,-0.07123142522866333
2009-10-07,-0.11341165221134131,-0.1121304913506328,-0.06784530953822199
2009-10-08,-0.116689396912809,-0.11692625396729939,-0.07208589488580963
2009-10-09,-0.11496329647284531,-0.1286096461726559,-0.07731758759725682
2009-10-12,-0.11678229877593127,-0.13436815747089215,-0.08131451039045534
2009-10-13,-0.11634274942973377,-0.12919299063236112,-0.07833973649112713
2009-10-14,-0.1174427589363699,-0.1313270737168173,-0.08004274949898438
2009-10-15,-0.11586707665326335,-0.13980084216778677,-0.08370854162332586
2009-10-16,-0.11682993856487256,-0.14012012944141805,-0.0843775374095801
2009-10-19,-0.12062751041725017,-0.13477308051096037,-0.08349925648372436
2009-10-20,-0.11872589739016537,-0.13182408904135534,-0.08094643051398898
2009-10-21,-0.12405744551533593,-0.13355349102788294,-0.08464185904155741
2009-10-22,-0.12187031806091264,-0.1342385909264605,-0.0838609744105403
2009-10-23,-0.12207678697463642,-0.1440144172654192,-0.08914101227800064
2009-10-26,-0.11980703136108473,-0.14838599371917982,-0.09028946823111395
2009-10-27,-0.11663547477417568,-0.1411673081685073,-0.08479494066391724
2009-10-28,-0.11467503262454037,-0.14104986338747116,-0.08371681106616391
2009-10-29,-0.11898268555104285,-0.14108765217653352,-0.0859661085207103
2009-10-30,-0.11553812074155989,-0.13868680590857463,-0.08290182122914325
2009-11-02,-0.11808049308807123,-0.1454438739977859,-0.08781726646499699
2009-11-03,-0.12072990902325287,-0.1462056255469396,-0.08959399198585916
2009-11-04,-0.12199041599950611,-0.14230041490768797,-0.08816448880100447
2009-11-05,-0.11861089249891466,-0.13815020804064582,-0.08420354885920889
2009-11-06,-0.11759701272214429,-0.1328169567164995,-0.08084327870619934
2009-11-09,-0.1190304712012552,-0.1285802854253152,-0.07934456525651667
2009-11-10,-0.11901260380439238,-0.129080906969135,-0.07959968258888717
2009-11-11,-0.12019369239938893,-0.12557204495775287,-0.07836253727782683
2009-11-12,-0.1170218461800252,-0.13023967053262508,-0.07916102312720974
2009-11-13,-0.11831266821156083,-0.12628858960855993,-0.07774254987666518
2009-11-16,-0.1229668716409984,-0.11271212790022367,-0.07301132584195913
2009-11-17,-0.12119150237532883,-0.11389204127538055,-0.07268943266209393
2009-11-18,-0.12104104323021736,-0.11300514794734551,-0.07214598488807189
2009-11-19,-0.12137175803916356,-0.1150549347561809,-0.07339264568090698
2009-11-20,-0.12228372467046689,-0.11734669878146542,-0.07507335774536661
2009-11-23,-0.12381726394623838,-0.10952115912207971,-0.07178120417656542
2009-11-24,-0.12138961058973885,-0.10329733781246475,-0.06725149039527167
2009-11-25,-0.1266318063665549,-0.09429429845915871,-0.06535162207309664
2009-11-26,-0.12878682018076348,-0.09888431922726137,-0.06887308222509769
2009-11-27,-0.12448198227363849,-0.10159297135978596,-0.06797207167667463
2009-11-30,-0.12524814333663747,-0.09611045995186884,-0.06553603681916353
2009-12-01,-0.1259916042387712,-0.08884992216167942,-0.06218007806319992
2009-12-02,-0.12783181845383584,-0.09499753994728011,-0.06633114327583889
2009-12-03,-0.1278634326890995,-0.09570379935945827,-0.06671238029026239
2009-12-04,-0.12281557528566756,-0.11334791814147227,-0.07311637438492413
2009-12-07,-0.11875755243331987,-0.11356169298452168,-0.0710841413590001
2009-12-08,-0.11637260674561212,-0.12497643182476992,-0.07580802105681905
2009-12-09,-0.1132773027373738,-0.12987516406583588,-0.07677631950643216
2009-12-10,-0.11370041762794625,-0.12861859228096928,-0.07632995882474414
2009-12-11,-0.1156319122891386,-0.12986567078926403,-0.07799738221913555
2009-12-14,-0.11676281903105412,-0.13046760538291435,-0.07890580642817979
2009-12-15,-0.11560624165483913,-0.134946709630145,-0.08067508509955257
2009-12-16,-0.1175553057772295,-0.12933762215519107,-0.07870761362138812
2009-12-17,-0.11312349066919203,-0.13953966490836445,-0.08179180717478185
2009-12-18,-0.11257348676624312,-0.1368162794139266,-0.08005401023062775
2009-12-21,-0.1104222769921287,-0.13373732066684063,-0.0772982758248959
2009-12-22,-0.10836209842885458,-0.13259027386585154,-0.0756189407085569
2009-12-23,-0.11120242030628102,-0.1298176223962335,-0.07561387409419362
2009-12-24,-0.1126886867589737,-0.12360709261272151,-0.07308807113132365
2009-12-28,-0.11632342682963337,-0.1270560191042437,-0.07681041886567652
2009-12-29,-0.11579697806797296,-0.13108929938611946,-0.07866814009193923
2009-12-30,-0.11763448961491618,-0.12815371925137442,-0.07806913415350802
2009-12-31,-0.11885451511762313,-0.12627845528189519,-0.07771500420267807
2010-01-04,-0.11690335225125426,-0.11931135871524112,-0.07301670226837875
2010-01-05,-0.11866548921147735,-0.12593540882332555,-0.07742768298807634
2010-01-06,-0.11928137443940257,-0.1171125421199054,-0.07309378082102391
2010-01-07,-0.11595808173353395,-0.12025252979077627,-0.07299326278098839
2010-01-08,-0.11537884264875542,-0.11962798965441646,-0.07236052265982207
2010-01-11,-0.11480083330109248,-0.11520087560987091,-0.06972506031490344
2010-01-12,-0.10739055882458137,-0.11789153755667081,-0.06724572813433682
2010-01-13,-0.10692623603957152,-0.11145901341210696,-0.06360220322985832
2010-01-14,-0.10538915528289938,-0.10816212712495832,-0.061059151798470435
2010-01-15,-0.10693388653972402,-0.11327972187390145,-0.06456373176065044
2010-01-18,-0.1058806270114887,-0.11175333974538681,-0.06320699643531658
2010-01-19,-0.10463970554213464,-0.10469586393970443,-0.05883532499191069
2010-01-20,-0.10708104456474832,-0.11679360602461397,-0.06647715578375013
2010-01-21,-0.11184045120193464,-0.129184360049459,-0.0755134007620284
2010-01-22,-0.11570214328250106,-0.13565665957749418,-0.08095882458985804
2010-01-25,-0.11473041160014008,-0.13030955203910743,-0.07761112646781165
2010-01-26,-0.11387810490346151,-0.13532621785342513,-0.07982742853505931
2010-01-27,-0.10888627267314166,-0.13991271918805015,-0.07967604495265646
2010-01-28,-0.11007743045547447,-0.14758908633476608,-0.08439813941838237
2010-01-29,-0.11247561680369822,-0.14976952420575917,-0.08680287227375427
2010-02-01,-0.11038054762059624,-0.14559028802163487,-0.08348066471863524
2010-02-02,-0.1118727002897979,-0.1428665003449886,-0.08278840653276154
2010-02-03,-0.10369760063563904,-0.14143733580911788,-0.07780232940115062
2010-02-04,-0.10876358212984527,-0.16413406722073598,-0.09259798599846325
2010-02-05,-0.11041256978502745,-0.1685768718538151,-0.09584895185394826
2010-02-08,-0.1123835015804161,-0.17130106334295447,-0.09833179474509246
2010-02-09,-0.11104363037766785,-0.16587570014288366,-0.09469971267348043
2010-02-10,-0.11231477446929838,-0.17028478103017175,-0.09773962434167327
2010-02-11,-0.11117317589535514,-0.16132178446543055,-0.09228612022411709
2010-02-12,-0.11108968264205865,-0.1610026606449132,-0.09207079028222576
2010-02-15,-0.11146353911136297,-0.16158716253726702,-0.09257798021573604
2010-02-16,-0.11437563230270009,-0.14966825681015883,-0.08761500329911809
2010-02-17,-0.10943910451701766,-0.15517585798454003,-0.08802691680255292
2010-02-18,-0.10566928940669873,-0.1546323475093635,-0.08580333441085353
2010-02-19,-0.10957367698738141,-0.1604288171670204,-0.09093309898320667
2010-02-22,-0.11008596560847583,-0.15972229960157258,-0.09081210566359932
2010-02-23,-0.11584858993205549,-0.1641166410370094,-0.09613317973880198
2010-02-24,-0.11490614110603414,-0.16408067996515052,-0.09563200472707178
2010-02-25,-0.11515740205290248,-0.16169721067296983,-0.09447105196373973
2010-02-26,-0.11943925501519492,-0.15672909393140644,-0.09397876734572264
2010-03-01,-0.11728327889865553,-0.1550601078739654,-0.0919730202296668
2010-03-02,-0.11528286595379433,-0.1509609051906895,-0.08874150072041675
2010-03-03,-0.11597909275249463,-0.14768382283649972,-0.08734144047704095
2010-03-04,-0.11622074848539499,-0.15409565201891462,-0.09089906984898188
2010-03-05,-0.11033915384363324,-0.14999485893367204,-0.08567043460603141
2010-03-08,-0.10954745382185738,-0.1506385690697396,-0.08560981993391414
2010-03-09,-0.10762256613502363,-0.1486466447804864,-0.08354928821993846
2010-03-10,-0.10602430560414156,-0.14893885115499417,-0.08288587489591759
2010-03-11,-0.10438777924629428,-0.1507316683844635,-0.0830124140451517
2010-03-12,-0.10569187690695792,-0.1510719682482191,-0.08386374257728169
2010-03-15,-0.10583010873886556,-0.1539758786287222,-0.08550144954071603
2010-03-16,-0.10950166142499229,-0.14895359829617483,-0.08466457800741012
2010-03-17,-0.11192199002723402,-0.14720303743481522,-0.0849670951477588
2010-03-18,-0.10872529217320204,-0.15004541142960026,-0.0848451364800048
2010-03-19,-0.11007725427852388,-0.1581183894951349,-0.08988535860322278
2010-03-22,-0.11075241013183601,-0.15376652771792654,-0.08787830972344335
2010-03-23,-0.10658170245755572,-0.15153475162793795,-0.0845365426446143
2010-03-24,-0.09912208025658664,-0.16056256883202835,-0.08558504306704151
2010-03-25,-0.0941930434355095,-0.15902836420071031,-0.08224787262665123
2010-03-26,-0.09556139539416442,-0.1581235490922568,-0.08244735881080356
2010-03-29,-0.09976603064455491,-0.1535411589748622,-0.08208300893612974
2010-03-30,-0.10336638114999719,-0.15443052219422448,-0.08440076616403558
2010-03-31,-0.10310991210988174,-0.14729181571206806,-0.08040485344860393
2010-04-01,-0.10475386786823293,-0.14486684468781919,-0.0799400463274138
2010-04-02,-0.10096025561440802,-0.14651133210858114,-0.07887533916864875
2010-04-05,-0.10029586027457216,-0.14247235991365015,-0.07635545775096853
2010-04-06,-0.09905571115367084,-0.14342612964299395,-0.07623253703953392
2010-04-07,-0.10111554237127351,-0.14779043928372648,-0.07964187606605344
2010-04-08,-0.09690725605284034,-0.14415424653213316,-0.07552398260573223
2010-04-09,-0.09517550056660418,-0.13738334518882367,-0.07098067282635556
2010-04-12,-0.09655167254052333,-0.13676281458884632,-0.07135300913369813
2010-04-13,-0.10118630338082368,-0.14037298167179713,-0.07567681788244296
2010-04-14,-0.09597472381442795,-0.13211224223306173,-0.06855584805051018
2010-04-15,-0.09487466941201539,-0.1300899568419862,-0.06690394884305362
2010-04-16,-0.09933521593399453,-0.13708652993756232,-0.07295552829425034
2010-04-19,-0.09270478361724044,-0.1363670624570391,-0.06915674349138734
2010-04-20,-0.09425720726036524,-0.13882887626913787,-0.07127980070767215
2010-04-21,-0.09690266618701404,-0.13495026237306396,-0.07054466242524404
2010-04-22,-0.09320058920391627,-0.1394415951693102,-0.07105246223716732
2010-04-23,-0.08934955927442867,-0.1339975433690045,-0.06614157046336466
2010-04-26,-0.09081770989833016,-0.13136858434876264,-0.06547687765086097
2010-04-27,-0.08775675092577939,-0.13666672067388386,-0.06675375878924805
2010-04-28,-0.0818062960550644,-0.1441021875312084,-0.06772882782124556
2010-04-29,-0.0808026300314797,-0.13700339558032315,-0.06335318565264236
2010-04-30,-0.08829079297842024,-0.13971353099786243,-0.06863905478358856
2010-05-03,-0.07908521917813549,-0.13761750844168752,-0.06280246053199057
2010-05-04,-0.08255160811653983,-0.14052469612454144,-0.06614599851586256
2010-05-05,-0.07882120299237161,-0.13420341023809712,-0.06081327891534105
2010-05-06,-0.07821838370147072,-0.10939465060121478,-0.04705012734802827
2010-05-07,-0.08064246807560715,-0.12457736374029438,-0.05642592223465448
2010-05-10,-0.07207953357311792,-0.12036489087324831,-0.04976147159015565
2010-05-11,-0.0694417893667334,-0.11990739511174875,-0.04816377017337692
2010-05-12,-0.05840996917507968,-0.11400680594114143,-0.039330936527006255
2010-05-13,-0.060499925655486675,-0.11058371788560029,-0.03854128732372486
2010-05-14,-0.06219216740501654,-0.10254988988513936,-0.03506490158206632
2010-05-17,-0.053430429534911394,-0.10930946582610124,-0.03419124627643233
2010-05-18,-0.059538761410313557,-0.10053524872070607,-0.032550384259863785
2010-05-19,-0.06717285528692207,-0.10864235479035145,-0.04083690436451948
2010-05-20,-0.07960929739041467,-0.11251692002204394,-0.049315332163921366
2010-05-21,-0.08449558620036146,-0.11037862660530595,-0.050693605457649116
2010-05-24,-0.07950265898987352,-0.10926586877055378,-0.047511261587138365
2010-05-25,-0.07953924552687086,-0.09840132360019871,-0.041721298524818984
2010-05-26,-0.07584070997489178,-0.10748689233826925,-0.044624423610374
2010-05-27,-0.06896832699835187,-0.11865053452145002,-0.047047130398353953
2010-05-28,-0.0696539793904547,-0.10696100445052248,-0.04107841764405362
2010-05-31,-0.06933599712581107,-0.10651519331891024,-0.04067519301869171
2010-06-01,-0.07043701744771702,-0.10678795110221384,-0.04138908525075813
2010-06-02,-0.06362510130392107,-0.10618210977530884,-0.03755159453174817
2010-06-03,-0.05916214392859054,-0.1136159172314064,-0.03926028077833421
2010-06-04,-0.07076638516257283,-0.09102460875697282,-0.03294192876882274
2010-06-07,-0.06772742395293152,-0.09131054006680561,-0.03151269872951301
2010-06-08,-0.06768747490798566,-0.0860482354596499,-0.028687648568692548
2010-06-09,-0.07080282070439037,-0.09143027440343454,-0.03317039164034863
2010-06-10,-0.0658053571768743,-0.1044008868657641,-0.03747162253295755
2010-06-11,-0.0658709522742551,-0.09595029482128015,-0.03296435703301648
2010-06-14,-0.06654596377082855,-0.10647458934461163,-0.03894251779539448
2010-06-15,-0.061403884269103814,-0.10532516668407776,-0.03567730142581249
2010-06-16,-0.06224677135876178,-0.10654293927507186,-0.03676658293122026
2010-06-17,-0.06699337925608617,-0.10159911687649259,-0.036539413015740485
2010-06-18,-0.06278801805465628,-0.10425500219260586,-0.03579220808775241
2010-06-21,-0.0626246750226348,-0.1055142925761201,-0.0363859537538177
2010-06-22,-0.07118634798558898,-0.10026604403208805,-0.037959694209965256
2010-06-23,-0.08233436620821166,-0.09744217392154897,-0.04222339236527173
2010-06-24,-0.08377839066303738,-0.09585184107217681,-0.0421331486315073
2010-06-25,-0.08271803585657045,-0.08894998280478339,-0.03792291170749129
2010-06-28,-0.08983257352849594,-0.08454646851552294,-0.039328822914941775
2010-06-29,-0.10155553746098056,-0.08516380390974232,-0.04583946318225629
2010-06-30,-0.10450434215867621,-0.09813345822755815,-0.054168877230542534
2010-07-01,-0.12248187874363681,-0.11444803447085383,-0.07221784385360364
2010-07-02,-0.1208692870214626,-0.1191922547342571,-0.07385059484102252
2010-07-05,-0.12106820834527554,-0.11941096819055175,-0.07407036109795118
2010-07-06,-0.12634807531494552,-0.11406166018853747,-0.0740390867895202
2010-07-07,-0.11782315069274074,-0.11796440491767513,-0.07156094032991833
2010-07-08,-0.11091082811647468,-0.11867523976213579,-0.0682976503490429
2010-07-09,-0.1027043971896594,-0.1157514407955027,-0.06245230834003468
2010-07-12,-0.10581793880042345,-0.11627853354861895,-0.06435834680435404
2010-07-13,-0.09567885784649888,-0.12025184218616258,-0.06115712606250179
2010-07-14,-0.10676794131200751,-0.11417479529597607,-0.0636706981291435
2010-07-15,-0.12149297525063862,-0.11177087618690817,-0.07011795900727713
2010-07-16,-0.1377251662672152,-0.11278336313245996,-0.07923866651757161
2010-07-19,-0.1327695773329738,-0.11649393540312114,-0.07851824034318944
2010-07-20,-0.12431786384192356,-0.11141036164485396,-0.07137698628858624
2010-07-21,-0.13207634347348918,-0.10613651181807071,-0.07273502671556376
2010-07-22,-0.1215074284516603,-0.11022722378921535,-0.06921104838414316
2010-07-23,-0.11363848712607916,-0.11459990184272895,-0.067329483431524
2010-07-26,-0.11215529680336511,-0.11161414462108832,-0.06497656119819561
2010-07-27,-0.11069325855641432,-0.1206253846256341,-0.0689488483059203
2010-07-28,-0.12354035212556014,-0.11870231418289345,-0.07465587898386294
2010-07-29,-0.12722225466557824,-0.11738618354715447,-0.07590855436930077
2010-07-30,-0.14064600456777399,-0.10595821535205152,-0.0770325367078244
2010-08-02,-0.13092372812592745,-0.10901822534225902,-0.07339106044864385
2010-08-03,-0.1360274016604509,-0.10581496440638749,-0.07444615435218682
2010-08-04,-0.13570702209084207,-0.10285938852961751,-0.07274491668399452
2010-08-05,-0.1472387702291421,-0.09705899682547092,-0.07593327653077386
2010-08-06,-0.14949113185514318,-0.09688049593733039,-0.07706228681528093
2010-08-09,-0.14386726417606532,-0.09727702291581275,-0.07421350452777664
2010-08-10,-0.14948228617836523,-0.0997699272446484,-0.07852772825201992
2010-08-11,-0.16620102705302797,-0.09422598805852933,-0.08474710219694748
2010-08-12,-0.16642980333584556,-0.08998190203923451,-0.08272841483207871
2010-08-13,-0.17081861241188445,-0.08735115739021293,-0.08381730961636569
2010-08-16,-0.17367713159741438,-0.08218574059432437,-0.08280382446938706
2010-08-17,-0.1659502129393403,-0.08283548527655493,-0.07884014201141387
2010-08-18,-0.16724208977291632,-0.08210768487360443,-0.07918805829653064
2010-08-19,-0.17405879922505796,-0.08052483241646669,-0.08216286153278396
2010-08-20,-0.1743326297684683,-0.08093667272945104,-0.08252056359598359
2010-08-23,-0.17962531376795177,-0.07892466044033686,-0.08445689953129254
2010-08-24,-0.1909050858520146,-0.07611878577231557,-0.08935653549321354
2010-08-25,-0.1809783079354974,-0.08123429035238205,-0.08629130119285466
2010-08-26,-0.18743461284527507,-0.07821100068943154,-0.08838933546038663
2010-08-27,-0.17092973834764846,-0.08440669806867018,-0.08219463399325311
2010-08-30,-0.1843442806135026,-0.07481879530294155,-0.08481424852329444
2010-08-31,-0.18853859787615035,-0.07021416800394564,-0.0848898720567719
2010-09-01,-0.1746942217995443,-0.07202220541256854,-0.07797325615685846
2010-09-02,-0.17174471388776424,-0.07007284018173332,-0.0753572376921986
2010-09-03,-0.1732981199899133,-0.06700491599819014,-0.0746990836640995
2010-09-06,-0.17314702362736312,-0.0668527764666964,-0.07453908256813102
2010-09-07,-0.1830280728859941,-0.05703096155794807,-0.07519834250389068
2010-09-08,-0.17667546487786356,-0.06156811689325281,-0.07382767835785553
2010-09-09,-0.17579079778787665,-0.06846747214757809,-0.07673470098770885
2010-09-10,-0.17522774238020022,-0.07094653858045807,-0.07764787090636027
2010-09-13,-0.17495232518775505,-0.06259874256937492,-0.0733500784621357
2010-09-14,-0.17523370188360177,-0.056139051206429036,-0.07031529056161379
2010-09-15,-0.1616373879139662,-0.06303170404811609,-0.06604690554286918
2010-09-16,-0.1564270970860383,-0.06635507976462307,-0.06480106075643555
2010-09-17,-0.16499564683322365,-0.05736949199093477,-0.06505040709666454
2010-09-20,-0.16372947798412385,-0.04990975785017371,-0.06064207140942901
2010-09-21,-0.171090747639275,-0.04877435681851283,-0.06421513187113059
2010-09-22,-0.16716515497359585,-0.045427138116052146,-0.06035281943742532
2010-09-23,-0.16491447256747216,-0.045517405929928034,-0.05912757970764737
2010-09-24,-0.16338180020333382,-0.041772820402963706,-0.05641857032043429
2010-09-27,-0.16749241366812861,-0.04041471273563313,-0.058067976903064644
2010-09-28,-0.16860866211219783,-0.039171670072842946,-0.05808937338116249
2010-09-29,-0.1585422055167115,-0.03806811703840296,-0.051846150669463076
2010-09-30,-0.15815506138317137,-0.03992048562549355,-0.052540952130329166
2010-10-01,-0.14031420013499052,-0.04688494383634323,-0.04593785848891585
2010-10-04,-0.14689256126448447,-0.04551401006426303,-0.04890197741175506
2010-10-05,-0.1396108579842179,-0.03472344489189172,-0.03946679426393107
2010-10-06,-0.14038027512318385,-0.031386278344013974,-0.03823589668167171
2010-10-07,-0.15019475734389853,-0.028699127333450813,-0.04239216676694768
2010-10-08,-0.15443022574824827,-0.015489955871981431,-0.0382670707724414
2010-10-11,-0.15576123442944212,-0.010600019106369318,-0.036635598279105674
2010-10-12,-0.15751193098029848,-0.009585949029816465,-0.03714076921529719
2010-10-13,-0.14930358379597264,-0.007764987718815064,-0.03156505881033811
2010-10-14,-0.1455670167294716,-0.011891229902962874,-0.031451834533953615
2010-10-15,-0.14335537210846916,-0.009954123938677784,-0.029248942828175806
2010-10-18,-0.14498566720355688,-0.006750504552010095,-0.028602077003941906
2010-10-19,-0.15916245267262508,-0.007231755298897524,-0.03689066538725183
2010-10-20,-0.1574219815911645,-0.005283637499944538,-0.034948924170940754
2010-10-21,-0.15658711119617308,-0.008683741127900935,-0.036120164023117685
2010-10-22,-0.1525486959184683,-0.008774953735356195,-0.033856891557440094
2010-10-25,-0.15380335016793634,-0.00447207291493823,-0.03247508006488742
2010-10-26,-0.14828584949035284,-0.009718018844470322,-0.03186997004419467
2010-10-27,-0.15148620821353087,-0.013637694463832895,-0.03560486620208703
2010-10-28,-0.1541119627586962,-0.007428884052996243,-0.03406177551337697
2010-10-29,-0.15934043025169464,-0.00259997125211342,-0.03469735558004616
2010-11-01,-0.15608148817703593,-0.003360448542341632,-0.03319428798243984
2010-11-02,-0.15243594187234388,0.0,-0.02935090262889628
2010-11-03,-0.15211180599590968,-0.0040833475456444335,-0.03114704764775722
2010-11-04,-0.15049420077410713,0.0,-0.02290811214960664
2010-11-05,-0.1458621616459631,0.0,-0.020140845643533245
2010-11-08,-0.1441382975578548,-0.0009047898467258175,-0.01959532835437683
2010-11-09,-0.13952920869278185,-0.005328356252481292,-0.019125838417029528
2010-11-10,-0.14078698987074711,-0.0074405639560596315,-0.020884182198881773
2010-11-11,-0.1371209006957027,-0.009552100225580173,-0.019836805416890146
2010-11-12,-0.12973182655774151,-0.035929463884420976,-0.028691832121572003
2010-11-15,-0.12652879644900583,-0.03965382548880447,-0.028780538625172714
2010-11-16,-0.1299619685225003,-0.05014603269178153,-0.03599472540070803
2010-11-17,-0.13065317526577458,-0.04853304547949744,-0.035559146109094164
2010-11-18,-0.12418481147643656,-0.04575665150045383,-0.03056406526819977
2010-11-19,-0.12220696945120235,-0.047336004937787335,-0.03027168222626253
2010-11-22,-0.12627866732758997,-0.04140348141310568,-0.029501360872488225
2010-11-23,-0.13336871485088042,-0.03551151819662457,-0.030456487930165976
2010-11-24,-0.12106817440677642,-0.041186267895802264,-0.026428120770703667
2010-11-25,-0.12081275401011371,-0.040714599239533356,-0.02604719491008811
2010-11-26,-0.12604993700043043,-0.039893523314544654,-0.028531223265744976
2010-11-29,-0.12788479051738377,-0.03668650900178527,-0.02792853630694414
2010-11-30,-0.12996503392183567,-0.02880233945747268,-0.025109945821520596
2010-12-01,-0.11886103551308824,-0.027963282193227634,-0.01846770577421042
2010-12-02,-0.11204925443791414,-0.02702312916308791,-0.014199093582027977
2010-12-03,-0.11341663388448386,-0.02111418374637053,-0.011964711096940639
2010-12-06,-0.11734907017122609,-0.012225996081258073,-0.009670292007987968
2010-12-07,-0.10571648702459102,-0.03092904442560085,-0.012520163122412109
2010-12-08,-0.10633239705117081,-0.03765827966950641,-0.016288744493995977
2010-12-09,-0.10608322471117726,-0.03582530266131767,-0.015214765507998607
2010-12-10,-0.10449213382221101,-0.03944444851885798,-0.016186606245862434
2010-12-13,-0.10448474688014242,-0.029149704122721443,-0.010910543521133742
2010-12-14,-0.0955619565841157,-0.03965696858632062,-0.011335299271210575
2010-12-15,-0.09353835963878132,-0.04366467917379091,-0.01229222749150094
2010-12-16,-0.09719292103221822,-0.041969877444437365,-0.013408087571154303
2010-12-17,-0.09765486384545408,-0.027557784023571785,-0.006239613368197117
2010-12-20,-0.09592207344936943,-0.02178662079384097,-0.0023366047520384514
2010-12-21,-0.0939895612808519,-0.015383414803240014,0.0
2010-12-22,-0.09603324410566028,-0.012414301269507266,0.0
2010-12-23,-0.09888336877760318,-0.015638844697422494,-0.0032089929018135344
2010-12-27,-0.09846375851912414,-0.012658975002189043,-0.001468163360126673
2010-12-28,-0.09655141398611322,-0.013403494342489441,-0.0007855962203014988
2010-12-29,-0.09841080773557598,-0.0028738301293061985,0.0
2010-12-30,-0.09546752222183497,-0.004765021647967216,0.0
2010-12-31,-0.09608489135823717,0.0,0.0
2011-01-03,-0.09498102661918517,0.0,0.0
2011-01-04,-0.10034335990169352,-0.014096162297500214,-0.010010634111853545
2011-01-05,-0.10330260862856488,-0.013247082900155971,-0.011212525634948234
2011-01-06,-0.10070487686150242,-0.012497022331402596,-0.00940446374730497
2011-01-07,-0.09998790864604434,-0.010700321239659472,-0.008108420843333963
2011-01-10,-0.10034530087955729,-0.005000937665030847,-0.005448201708066813
2011-01-11,-0.09698050289793791,-0.004609961016711628,-0.003392939976603282
2011-01-12,-0.10328398276397466,0.0,-0.002879622740222465
2011-01-13,-0.11096085231055952,0.0,-0.006420200449381852
2011-01-14,-0.11231954713401537,-0.0015499470673314697,-0.007949429254693663
2011-01-17,-0.11191315341544983,-0.004901352870004372,-0.009387303899090371
2011-01-18,-0.11661329333720472,0.0,-0.008611764759507423
2011-01-19,-0.11475304835886702,-0.005615566139174466,-0.010351529997661313
2011-01-20,-0.12037205086533398,-0.02114318253920522,-0.02121920096403651
2011-01-21,-0.12627786566222243,-0.016550215019009995,-0.02220865865656141
2011-01-24,-0.12879853806657005,-0.012666096807636529,-0.021688228597547377
2011-01-25,-0.1326506771915873,-0.0120633676241918,-0.023552489007486632
2011-01-26,-0.13634999449067875,-0.009555669378405685,-0.024395536503240445
2011-01-27,-0.13600133843872786,-0.007121913797023427,-0.022999965172660564
2011-01-28,-0.12283556470475909,-0.0055235468346399585,-0.014769707257210718
2011-01-31,-0.12868739711028498,0.0,-0.013775003107064476
2011-02-01,-0.13018903179763097,0.0,-0.011152799519975054
2011-02-02,-0.1349099559134357,-0.0011515320947992347,-0.014405642513862782
2011-02-03,-0.12990954379752073,-0.0031572321656937463,-0.01254670846795336
2011-02-04,-0.1306404583438573,-0.010126185038520585,-0.016413116136637096
2011-02-07,-0.1341397751436174,-0.008063298265040153,-0.017367774128210334
2011-02-08,-0.13392533704444998,-0.009984910649742273,-0.01819788898276653
2011-02-09,-0.13869659492200948,-0.0016989791466275328,-0.016793696199203345
2011-02-10,-0.13439648860033304,-0.011564519552222485,-0.019197524167895108
2011-02-11,-0.1372508849802786,-0.008012665576467293,-0.01905244849849741
2011-02-14,-0.13342947439727348,-0.004439070031557635,-0.015113059999024792
2011-02-15,-0.13280270122966975,-0.015213241211707418,-0.02008621296486368
2011-02-16,-0.1366141907928199,-0.01669403852704887,-0.022976397440446106
2011-02-17,-0.13974919939556185,-0.001687696355830992,-0.017294981562498757
2011-02-18,-0.14053381781286933,-0.0026964526266918254,-0.018239627708425243
2011-02-21,-0.13786669164464382,-0.006378486345791856,-0.018528635017846518
2011-02-22,-0.12761307046011927,-0.014887133075260683,-0.016894462880968075
2011-02-23,-0.1287856283530766,-0.013187620230606711,-0.016707124261260975
2011-02-24,-0.1261896853516158,-0.012798283477895911,-0.015048199447275312
2011-02-25,-0.1279443718965282,0.0,-0.009131947263190887
2011-02-28,-0.132603251581785,0.0,-0.008386098871136172
2011-03-01,-0.12273006536754494,0.0,-0.0027349565261004516
2011-03-02,-0.12324084543722558,-0.0004732347643804369,-0.00326124967310637
2011-03-03,-0.1315963841293386,-0.008807194780242278,-0.012166080336719287
2011-03-04,-0.12907124773048007,0.0,-0.006237454459987801
2011-03-07,-0.12970369131014037,-0.007921660738993364,-0.01053440031607189
2011-03-08,-0.12890364981970848,-0.013259777283861074,-0.012741633941067865
2011-03-09,-0.1332625875388994,-0.013431669501664634,-0.015297729509389901
2011-03-10,-0.12506965931168967,-0.024668165337453085,-0.016251348863455473
2011-03-11,-0.12659021568604623,-0.022962960360878193,-0.01624622546236798
2011-03-14,-0.12734515450013373,-0.017193639990550458,-0.013766892171342193
2011-03-15,-0.1283353455039251,-0.041888454007750875,-0.02671688429382868
2011-03-16,-0.1202193360994972,-0.03588944264774252,-0.019138795898073324
2011-03-17,-0.12363216098124252,-0.014969351781064621,-0.010399482667012627
2011-03-18,-0.12437187020485141,-0.01313070543083561,-0.009893536800777869
2011-03-21,-0.12989024112756087,-0.008849002929181449,-0.010865580352035109
2011-03-22,-0.13044212905115404,-0.009103074271532008,-0.011306048639398214
2011-03-23,-0.12171075121798303,-0.009080966150644243,-0.0063311974589311815
2011-03-24,-0.12398109991735129,-0.00894587700313143,-0.007547765968639042
2011-03-25,-0.11875256732692263,-0.019237171018447463,-0.00973893871323328
2011-03-28,-0.11897320733812211,-0.027254230254801337,-0.013910256084332273
2011-03-29,-0.1189682010753762,-0.0281982531898336,-0.014385940900031313
2011-03-30,-0.12118452517731859,-0.023918232369854575,-0.013455219962953624
2011-03-31,-0.12137152975698007,-0.012909633742425597,-0.007996882091877322
2011-04-01,-0.12469939862273915,-0.014660040488715942,-0.010755083125805753
2011-04-04,-0.1271539518388266,-0.00851135199713704,-0.009055595310303532
2011-04-05,-0.12330337631852584,-0.012342090415327411,-0.00878412890695579
2011-04-06,-0.11981639288819312,-0.012275242443480106,-0.006779347699833682
2011-04-07,-0.11990338038593606,-0.009884559167147366,-0.005626434352936749
2011-04-08,-0.11523394938166742,-0.0013627144203852692,0.0
2011-04-11,-0.11606757276984858,-0.002820450931407925,-0.0012009610503943557
2011-04-12,-0.12773330102465286,-0.01005710438784091,-0.011416006330027262
2011-04-13,-0.13068449069417176,-0.0062617851212662945,-0.011193317931386226
2011-04-14,-0.12983017164223343,-0.004735301374287348,-0.009947989279392222
2011-04-15,-0.1336878583338349,0.0,-0.0071368219023379975
2011-04-18,-0.1363628980098167,-0.0009051570799473163,-0.009119075450939151
2011-04-19,-0.13862147669543146,0.0,-0.005693530440049277
2011-04-20,-0.1342523494094422,0.0,0.0
2011-04-21,-0.13540561173282828,0.0,0.0
2011-04-25,-0.13969692873267459,0.0,0.0
2011-04-26,-0.14272634824537178,0.0,0.0
2011-04-27,-0.1419439921837592,-0.0012395980456064715,-0.0001634942827641872
2011-04-28,-0.1436964564333697,0.0,0.0
2011-04-29,-0.1439242111564064,0.0,0.0
2011-05-02,-0.14330147021521533,-0.0006182216176333633,0.0
2011-05-03,-0.144763371858184,-0.005622475903165891,-0.0033568932200671586
2011-05-04,-0.15086936135215734,-0.010646744933752839,-0.009432534169563023
2011-05-05,-0.16030220557213914,-0.027333454353804854,-0.023288149126117985
2011-05-06,-0.16095453753247402,-0.030187678681102614,-0.02510058333086229
2011-05-09,-0.16145258578766408,-0.019773317888629127,-0.020155433808092593
2011-05-10,-0.15846074902703644,-0.0207433640165281,-0.018892283758882855
2011-05-11,-0.16057719669014225,-0.029474776935104252,-0.024499971898422013
2011-05-12,-0.1583133219553362,-0.029596500045017127,-0.02324571185439639
2011-05-13,-0.15698426700175483,-0.03351341801585639,-0.02444582204172907
2011-05-16,-0.15850587461637422,-0.0323970535894228,-0.02476281989305451
2011-05-17,-0.16263940801826904,-0.029220893858963648,-0.025557459052862774
2011-05-18,-0.1611911706655479,-0.024297415941161304,-0.022243768105609463
2011-05-19,-0.1638713265308116,-0.023024796964261407,-0.023168179117316168
2011-05-20,-0.16171080482655953,-0.02132720146619438,-0.021057459547411006
2011-05-23,-0.15987301615446348,-0.02877390807030822,-0.023708766970231276
2011-05-24,-0.15670744718512508,-0.02704745626527638,-0.021001723630467817
2011-05-25,-0.1588178995870071,-0.021928681196581312,-0.019651469636252306
2011-05-26,-0.1631515835835553,-0.0093350591347795,-0.01586532553810116
2011-05-27,-0.1629815662138181,-0.0027323035473381108,-0.012485739462110734
2011-05-30,-0.16304256762809477,-0.0026688058690739203,-0.012490285862738482
2011-05-31,-0.16305892372637731,-6.107669205646094e-05,-0.011208910542384709
2011-06-01,-0.15793887456390798,-7.131063079801603e-05,-0.008189469019969975
2011-06-02,-0.15933554344938805,-0.0014878693855812086,-0.009714522026694539
2011-06-03,-0.15634289120222078,0.0,-0.005380196135378323
2011-06-06,-0.1521562533975861,-0.006088846889587773,-0.005940345843642891
2011-06-07,-0.1541988548174451,-0.0024194968620588897,-0.00530282705523577
2011-06-08,-0.15650849257459454,0.0,-0.004880551738567385
2011-06-09,-0.15568753272066538,-0.004553920650199661,-0.006662130514103692
2011-06-10,-0.15701464272864973,-0.010702231588801792,-0.010510451173385338
2011-06-13,-0.1588635741776916,-0.013730629551023665,-0.013110074249514714
2011-06-14,-0.15165750992596205,-0.01916418530901065,-0.011601190066143796
2011-06-15,-0.15520175707008688,-0.0225805471215913,-0.015387233031763148
2011-06-16,-0.15223256241203187,-0.02364075097612206,-0.014190937325805675
2011-06-17,-0.1518104830767133,-0.022329762795198493,-0.013283695784364058
2011-06-20,-0.15169215091176236,-0.022755235590584677,-0.013429571443025146
2011-06-21,-0.15328583320329559,-0.014691538437800578,-0.01028596304554863
2011-06-22,-0.1454375244933983,-0.023231420137725833,-0.009988098960733494
2011-06-23,-0.15614330437050172,-0.027962592562107758,-0.018587089468620865
2011-06-24,-0.1569170605342357,-0.03057412100478285,-0.020355390739023038
2011-06-27,-0.15517443650825957,-0.03538464628322091,-0.021773561083863524
2011-06-28,-0.15181987409589048,-0.03691927065969158,-0.020609570631675567
2011-06-29,-0.14896048010421437,-0.03167706038937601,-0.016293211486155812
2011-06-30,-0.13775377645658315,-0.039100220037845745,-0.013586907673541981
2011-07-01,-0.1390659337211756,-0.04188982253091533,-0.015769299511008916
2011-07-04,-0.13939625630265884,-0.041572283574200175,-0.015795016046413868
2011-07-05,-0.14348820723423072,-0.030181907398029062,-0.012286475396073304
2011-07-06,-0.1427500395429795,-0.028874808517621142,-0.01119524577663078
2011-07-07,-0.1398092559766856,-0.02673953780108973,-0.00841213367539173
2011-07-08,-0.1503016685048696,-0.01266998490977933,-0.00729246829760144
2011-07-11,-0.14932436100777502,-0.015339885412998577,-0.008063792354566335
2011-07-12,-0.14520358053808202,-0.005960633642896118,-0.000936980458620229
2011-07-13,-0.14497974167990457,0.0,0.0
2011-07-14,-0.14409409343276525,-0.00595533585495478,-0.002459757247279315
2011-07-15,-0.145541623124402,0.0,-0.00025975983013004633
2011-07-18,-0.14299767502826943,-0.005102605184884923,-0.001322154423710753
2011-07-19,-0.14819431523366067,0.0,0.0
2011-07-20,-0.14357654090034333,-0.0004997313660327629,0.0
2011-07-21,-0.1403813238196765,0.0,0.0
2011-07-22,-0.14321375080992327,0.0,0.0
2011-07-25,-0.13985489662847184,-0.004651155455519085,-0.0003654306171899657
2011-07-26,-0.13999296315974663,0.0,0.0
2011-07-27,-0.13773612984812122,-0.013689560441811466,-0.005532678566530169
2011-07-28,-0.13969958327564302,-0.011588963073992598,-0.0056059401800357955
2011-07-29,-0.1440000500383034,0.0,-0.002004769837526954
2011-08-01,-0.14748169314223913,-0.0025230091986443437,-0.005293338526115576
2011-08-02,-0.1494357859179286,-0.0002086591706257357,-0.005279381694085594
2011-08-03,-0.1497091365749217,0.0,-0.003360438346841632
2011-08-04,-0.16510887798395624,-0.021089205438557523,-0.02289474855529494
2011-08-05,-0.15701645553643684,-0.02685329358871069,-0.021036039960178665
2011-08-08,-0.1567801222815871,-0.031499888503998874,-0.023235997661569474
2011-08-09,-0.1676297908589579,-0.011503955577699898,-0.01943670898138372
2011-08-10,-0.16086104177827854,-0.017058285182529054,-0.018204666828449456
2011-08-11,-0.15669732116217305,-0.011801285098920089,-0.013143448955880377
2011-08-12,-0.16139022976472484,-0.0064415127005678086,-0.01321308948159916
2011-08-15,-0.1561076216730557,0.0,-0.0064485037114406785
2011-08-16,-0.16155341744238905,0.0,-0.008481185106468447
2011-08-17,-0.16144838287851815,0.0,-0.005089456507434975
2011-08-18,-0.16755069492189123,-0.009875215047827623,-0.013622018296780225
2011-08-19,-0.16906317580307995,-0.008706150055486361,-0.013935775065109568
2011-08-22,-0.16771218991475445,-0.007681062640261138,-0.012624334746493826
2011-08-23,-0.16400511503829485,-0.003427065880055369,-0.00830900793957745
2011-08-24,-0.15783952125470835,-0.01630445236398903,-0.011059221226983218
2011-08-25,-0.1638949994026746,-0.014939081706876522,-0.013928339961861158
2011-08-26,-0.16298577175583828,-0.0021741126728721527,-0.007003151649699446
2011-08-29,-0.15727557638728518,0.0,-0.002422820020326344
2011-08-30,-0.15967588514375086,0.0,-0.000843315811044687
2011-08-31,-0.15571437106992858,-0.002097973500612693,0.0
2011-09-01,-0.15781200760638892,-0.005652111823452044,-0.003023060509255826
2011-09-02,-0.1654365024767419,-0.004045046336636493,-0.006730318177630368
2011-09-05,-0.16644277917872197,-0.005671923150480707,-0.008140381919466977
2011-09-06,-0.16740538066093857,-0.013733436168374635,-0.012733837373199997
2011-09-07,-0.16203962823184737,-0.010076192234252823,-0.007722086515596582
2011-09-08,-0.16385125718173865,-0.010072677330887236,-0.008792952812440302
2011-09-09,-0.16934322206358188,-0.013707480185326415,-0.013867910565817043
2011-09-12,-0.16667486482048344,-0.02013489353771536,-0.015497195606500425
2011-09-13,-0.1591441700921945,-0.017971054873749948,-0.009961717744121912
2011-09-14,-0.15826625939871386,-0.01858729279358995,-0.00975551603211422
2011-09-15,-0.1534790136482379,-0.02204983732181387,-0.0086864279270088
2011-09-16,-0.15413349580079438,-0.02164500334777819,-0.0088644587653538
2011-09-19,-0.16207030089439378,-0.020188840185514034,-0.012776801678060168
2011-09-20,-0.15931262842953398,-0.021190541351009173,-0.011656938308698295
2011-09-21,-0.16128485882576848,-0.024687771685413473,-0.014581898360729317
2011-09-22,-0.16849808813925093,-0.015446888513717227,-0.01415104303309156
2011-09-23,-0.16625692876820253,-0.023341351639322272,-0.01677488322908194
2011-09-26,-0.16198524997128694,-0.029797122319099256,-0.01750569625332321
2011-09-27,-0.15463087404964193,-0.03922034882703507,-0.017965839912336024
2011-09-28,-0.15572214571032916,-0.038508188704183266,-0.018235727631707332
2011-09-29,-0.15783087928184547,-0.03912883749546625,-0.019778660159206818
2011-09-30,-0.1587900830925838,-0.040578015541460344,-0.021076061518093048
2011-10-03,-0.16506571506838963,-0.03100070044531522,-0.019841572159502108
2011-10-04,-0.16504365623566397,-0.03348837749573408,-0.02108678708316858
2011-10-05,-0.15894111264976352,-0.03893396066946364,-0.020267166557658034
2011-10-06,-0.1531174204500878,-0.04381195155078199,-0.01936158280070288
2011-10-07,-0.1497358424692744,-0.05003524715971197,-0.020594966910950085
2011-10-10,-0.14102993158790655,-0.05870950696181543,-0.02005241203243202
2011-10-11,-0.14588006948800525,-0.05212888239865243,-0.019393588742875445
2011-10-12,-0.14589254010890296,-0.05527615575454026,-0.021028730597398404
2011-10-13,-0.1484315991338343,-0.049576064712005374,-0.019530492115411024
2011-10-14,-0.14761056816328155,-0.04972716662623833,-0.01913577662293553
2011-10-17,-0.14922018416947924,-0.04806774749329035,-0.019205468038820506
2011-10-18,-0.14908994038393608,-0.046166807504800955,-0.018151106391292027
2011-10-19,-0.15095296073910047,-0.047260384282251655,-0.01978880671674732
2011-10-20,-0.15256400411659632,-0.04762100432622074,-0.020904277725554365
2011-10-21,-0.14897298773991552,-0.047771829990481574,-0.01890734335879951
2011-10-24,-0.1458553724844166,-0.05074567282863973,-0.018642291159653546
2011-10-25,-0.15013167311164344,-0.046019211486397316,-0.018655735384322303
2011-10-26,-0.1454609062700758,-0.04894736574084724,-0.017465136489889677
2011-10-27,-0.13690288393229066,-0.05967054716022169,-0.01808427330433937
2011-10-28,-0.14090293495272777,-0.055376642406716026,-0.018117731317592534
2011-10-31,-0.15262643007885213,-0.05931321600244244,-0.02686318286953593
2011-11-01,-0.1594184659721678,-0.05156809036613741,-0.02675707085302148
2011-11-02,-0.15875459336943898,-0.05053965633774549,-0.02584507908840128
2011-11-03,-0.15552724009650132,-0.05251646085619066,-0.024990565148780397
2011-11-04,-0.15705040436607753,-0.05165770481873466,-0.025428018785129347
2011-11-07,-0.15595526981102903,-0.05080515838287636,-0.02435688832338856
2011-11-08,-0.15292814492338902,-0.0499107264524663,-0.0221476631739832
2011-11-09,-0.15692144777072292,-0.05556595423464894,-0.027362821203307908
2011-11-10,-0.15444556599769532,-0.058225069416857456,-0.02730390337378752
2011-11-11,-0.14919849120066153,-0.06119148795026541,-0.025817785448639108
2011-11-14,-0.15250925010000416,-0.05865485901872447,-0.02639711936416078
2011-11-15,-0.1512609420545855,-0.058421091950352166,-0.025559198302093966
2011-11-16,-0.15121276947294304,-0.05870957113452757,-0.025680818407414097
2011-11-17,-0.15410645582869598,-0.06206864814514035,-0.029080114915828736
2011-11-18,-0.15192973698066137,-0.06493526373264802,-0.029314611257216683
2011-11-21,-0.15534677581278133,-0.06783109082644478,-0.03277322150563178
2011-11-22,-0.15631317308872694,-0.06506083570986032,-0.03188931977257137
2011-11-23,-0.1587089638902962,-0.06358042591301205,-0.032497409145320955
2011-11-24,-0.15875948517396377,-0.06351084192425016,-0.032490512559409046
2011-11-25,-0.15691689332088743,-0.0643001027029475,-0.031838633612581546
2011-11-28,-0.15698343400290937,-0.06822649190504482,-0.033908141981378814
2011-11-29,-0.15563516413530032,-0.07207982935729529,-0.03513321772204714
2011-11-30,-0.1511470710449072,-0.07922196143389282,-0.03628216996631195
2011-12-01,-0.15023896728131902,-0.08095551926693534,-0.036673877287560774
2011-12-02,-0.15284309056589174,-0.0789787908670716,-0.037113965260938686
2011-12-05,-0.1514481658262249,-0.07921878194552068,-0.03644667327492623
2011-12-06,-0.15109653567393322,-0.07937652265226502,-0.03632956458598524
2011-12-07,-0.15378244459615997,-0.07456329622488067,-0.035334936133673445
2011-12-08,-0.15797737592605643,-0.0749145974363622,-0.03790908637251533
2011-12-09,-0.1543422214391299,-0.07681516330116489,-0.036820627945142625
2011-12-12,-0.15831266071705807,-0.07904975231121181,-0.04024743313335011
2011-12-13,-0.1584646638348629,-0.07936891302951632,-0.04050039953341922
2011-12-14,-0.1617479938749753,-0.07525162509038386,-0.04022663021338724
2011-12-15,-0.16196219632152498,-0.07535414772576665,-0.040402460745633695
2011-12-16,-0.16385480242324346,-0.07417214943432571,-0.04087268874946859
2011-12-19,-0.1652230127477221,-0.07279983741571228,-0.040946578497082164
2011-12-20,-0.16040483825046303,-0.07906592627210485,-0.04141951903575847
2011-12-21,-0.15897378003199114,-0.0818912986592486,-0.04207302162872173
2011-12-22,-0.15823475484912763,-0.08417963170128129,-0.04284593651750557
2011-12-23,-0.15462742040701338,-0.08888283915226203,-0.043252761959281294
2011-12-27,-0.15488202744007107,-0.0896409508887207,-0.04379487677474769
2011-12-28,-0.1600877091958106,-0.08548771782046982,-0.044558654139619125
2011-12-29,-0.1602736423961264,-0.08497522268058644,-0.04439669224959919
2011-12-30,-0.16054404880221518,-0.08219842485461082,-0.04310058251512128
2012-01-03,-0.15559933037008222,-0.08949961847996446,-0.044088439933909096
2012-01-04,-0.1542431890762721,-0.08877648520860293,-0.04294122404844569
2012-01-05,-0.15483454440944433,-0.08582464867117001,-0.04172565490367797
2012-01-06,-0.15523960556724792,-0.08335806384254263,-0.04066250491784085
2012-01-09,-0.15647494655567074,-0.0842385208606975,-0.041824685278952
2012-01-10,-0.1553288135041737,-0.08537657759715189,-0.04176911181151899
2012-01-11,-0.15769710684492144,-0.08069625478821507,-0.040660722366112845
2012-01-12,-0.1568127633763935,-0.0816406467262556,-0.040649871739269816
2012-01-13,-0.15956686171225942,-0.07706470221261019,-0.03982653663551883
2012-01-16,-0.15946727453251985,-0.07696083064458803,-0.03971561746186969
2012-01-17,-0.15897411239856696,-0.07836511351196385,-0.040164378992536
2012-01-18,-0.15669155045381622,-0.08004697006838035,-0.039737655776857284
2012-01-19,-0.15557329382799712,-0.08589436912219672,-0.04215279139629202
2012-01-20,-0.1535503882522392,-0.08562071151942197,-0.040862107432348416
2012-01-23,-0.15298083106556637,-0.0893613122490059,-0.04250126714707303
2012-01-24,-0.15534035761877818,-0.09215376589897395,-0.04530298540010258
2012-01-25,-0.15820409403078894,-0.08851100993700989,-0.04500601616176647
2012-01-26,-0.15988678380503207,-0.087072757596793,-0.045207048711517483
2012-01-27,-0.15935332876712416,-0.08522253286771364,-0.0439363746590411
2012-01-30,-0.1591592819912684,-0.07971768497283749,-0.04094938278898652
2012-01-31,-0.15935622288210338,-0.08036525880825762,-0.04139912367549592
2012-02-01,-0.15832607121555664,-0.083809245191801,-0.04260672995969372
2012-02-02,-0.158586700330816,-0.08204743626858946,-0.04183444099548972
2012-02-03,-0.15554452941590846,-0.08969810865929972,-0.04409520751636398
2012-02-06,-0.157501284056086,-0.08793944147159993,-0.0442793237680128
2012-02-07,-0.15433496382859013,-0.09140675367940043,-0.0443000512776246
2012-02-08,-0.1545847207200245,-0.09172836340044277,-0.04461032037029389
2012-02-09,-0.15329367591489862,-0.09448908283771273,-0.045332794375849805
2012-02-10,-0.15567279929305555,-0.08780449890171804,-0.04315030275764131
2012-02-13,-0.15302175915675775,-0.09303589502576903,-0.04439187504965236
2012-02-14,-0.15580017103571298,-0.09060796273832694,-0.044680178848726104
2012-02-15,-0.156026555354693,-0.09053509997326192,-0.04476999891280453
2012-02-16,-0.15295307910647826,-0.09440819447077364,-0.04506467679565107
2012-02-17,-0.15392070679273506,-0.09580806960048938,-0.046348189506518755
2012-02-20,-0.1538208121605089,-0.0952395018329848,-0.04599205737578538
2012-02-21,-0.15154407775287715,-0.0981835611669648,-0.04626078225619623
2012-02-22,-0.1544406767243518,-0.09675252405925439,-0.04713208340616604
2012-02-23,-0.15341341434485,-0.09585587401509577,-0.046080314070868766
2012-02-24,-0.1540596526935316,-0.10071703592643566,-0.04900879034152594
2012-02-27,-0.15661214364666365,-0.09801536434226554,-0.04901501492192173
2012-02-28,-0.15705672799061743,-0.09863547334339895,-0.04959256474759943
2012-02-29,-0.15763313336737017,-0.10495181865999814,-0.05324751714012799
2012-03-01,-0.15563723901629656,-0.10507999471486429,-0.052193695130549944
2012-03-02,-0.16074797558630938,-0.10239308530483404,-0.0536392759229154
2012-03-05,-0.15787820484854476,-0.1054104614976713,-0.05361189772239783
2012-03-06,-0.16199013810500573,-0.10266514120202619,-0.054470281432547174
2012-03-07,-0.15938689020920882,-0.10422183347118608,-0.05382180441713813
2012-03-08,-0.15750926566560808,-0.10464394658891196,-0.05298802654178969
2012-03-09,-0.15680984082712124,-0.10420792884579011,-0.052364341544345216
2012-03-12,-0.15703394512929858,-0.10330827675935284,-0.05201441399825213
2012-03-13,-0.15378666188416845,-0.1059502588550767,-0.05158504996775781
2012-03-14,-0.14682512964520256,-0.11333058505649951,-0.05159844736002117
2012-03-15,-0.14793640903714766,-0.11516658181082362,-0.05319801621545284
2012-03-16,-0.1463574462856343,-0.11888727025302503,-0.05431138664231794
2012-03-19,-0.14114352701792587,-0.12132377387741533,-0.05273086160836393
2012-03-20,-0.1430248652637811,-0.11563580135120843,-0.05070236639494574
2012-03-21,-0.1474129775075318,-0.1126569357684124,-0.05153399693676719
2012-03-22,-0.1464599787262174,-0.1117426245266786,-0.05051526616060997
2012-03-23,-0.14839363030347874,-0.1131733152184794,-0.05235542480785149
2012-03-26,-0.15175020333118494,-0.11211147284488499,-0.05365564537493783
2012-03-27,-0.15564874115984562,-0.10851353951854525,-0.05391292947891546
2012-03-28,-0.15611571168008453,-0.10366590959669975,-0.051602281712599174
2012-03-29,-0.15599508625316183,-0.09596160649657937,-0.047458595346380195
2012-03-30,-0.15825527087862612,-0.10953022118807221,-0.055882309704114785
2012-04-02,-0.1597385707080199,-0.11023925520695,-0.057090034560163705
2012-04-03,-0.1603313242886638,-0.11346297657656446,-0.05913076154319885
2012-04-04,-0.1603298645911334,-0.11050666946667509,-0.05756120021117228
2012-04-05,-0.1610796174271204,-0.10608590299589249,-0.055640006126603025
2012-04-06,-0.16061427140187345,-0.10178554601665457,-0.05310657098055582
2012-04-09,-0.15987779160525295,-0.10053445105726366,-0.05203171808304352
2012-04-10,-0.15486962019230155,-0.09430664963091306,-0.045924369597978076
2012-04-11,-0.15420807686519533,-0.09703979319120881,-0.04699053261535868
2012-04-12,-0.1552021755824493,-0.09814041258722483,-0.04813140311870889
2012-04-13,-0.15520621880760077,-0.09357466858953001,-0.04572422143551691
2012-04-16,-0.15254714456547802,-0.09150206915174675,-0.04313137518905108
2012-04-17,-0.1536916761361271,-0.0926613811061533,-0.04438804527982676
2012-04-18,-0.15374016021946746,-0.0921691083806101,-0.04415618665481691
2012-04-19,-0.1551923974674263,-0.09417017411724116,-0.046029780480055016
2012-04-20,-0.1558157935692167,-0.09697608763717513,-0.047859271892314426
2012-04-23,-0.15463065248121155,-0.09613627204640784,-0.04674817464515513
2012-04-24,-0.15474718194137216,-0.09914787222992982,-0.04840195352176502
2012-04-25,-0.1565839407965064,-0.09642016715966506,-0.04799519884129444
2012-04-26,-0.1561646191169821,-0.09579369897191392,-0.04742852339016468
2012-04-27,-0.15650370096429378,-0.09749633029279625,-0.04851676301405594
2012-04-30,-0.15727805117067228,-0.09765511604620769,-0.04903720702974712
2012-05-01,-0.15721176286886762,-0.09894510736520956,-0.04967955349560871
2012-05-02,-0.15556968351226974,-0.09569840766997995,-0.04704164934785615
2012-05-03,-0.1568187999933639,-0.09567726590104475,-0.04773533752130665
2012-05-04,-0.156898234528985,-0.09105473392948404,-0.04534639720714029
2012-05-07,-0.15741825680366006,-0.09204849599874443,-0.04616267854353551
2012-05-08,-0.15871992398363854,-0.0913906796781142,-0.04655391860319025
2012-05-09,-0.1583397117594979,-0.08874989769768038,-0.04495291829736758
2012-05-10,-0.15954555888927413,-0.09056270671639499,-0.04658703511837403
2012-05-11,-0.15921111472957938,-0.0891868508620326,-0.04567614554863808
2012-05-14,-0.1590139018829656,-0.08692912172462852,-0.04438143205098799
2012-05-15,-0.16027616175973491,-0.08725671186702644,-0.045270017219277814
2012-05-16,-0.16247496329126565,-0.08791787941765628,-0.046865779540698926
2012-05-17,-0.16157515649404863,-0.08670617760573773,-0.04572065318679808
2012-05-18,-0.16112816763362114,-0.08783308094047937,-0.0460550135049701
2012-05-21,-0.16296904105717636,-0.09105861693893291,-0.048788346349639355
2012-05-22,-0.16214303874632308,-0.08984284088885197,-0.04768284923912103
2012-05-23,-0.16322440207667477,-0.08015281491365278,-0.0432279517433376
2012-05-24,-0.16310499267736134,-0.08283955427693612,-0.044556980937312196
2012-05-25,-0.16331459047455077,-0.08419195625618214,-0.045381050666957634
2012-05-28,-0.16357991725567766,-0.0837148445421797,-0.04528374781200084
2012-05-29,-0.16426738367893634,-0.08118607617152185,-0.04435868038445656
2012-05-30,-0.16519536584273797,-0.07468922269685352,-0.041510615282155716
2012-05-31,-0.16530707987455628,-0.07017102719508428,-0.039234646498552905
2012-06-01,-0.16346839197877816,-0.06566779458644989,-0.03584991445447372
2012-06-04,-0.16383657313291078,-0.07138606048669882,-0.03901246737876307
2012-06-05,-0.16359820350630727,-0.06987566861693639,-0.03809396664219511
2012-06-06,-0.1636876862215162,-0.07663702375239301,-0.041641614526047865
2012-06-07,-0.16590555807474794,-0.08259395167324568,-0.04600372906233274
2012-06-08,-0.16578106360165645,-0.07892640983786203,-0.044025623893261256
2012-06-11,-0.1658990154945763,-0.07942778176303844,-0.04435339227254842
2012-06-12,-0.16468625392802128,-0.08140692119055182,-0.04468592232245139
2012-06-13,-0.16508742125563902,-0.07908397450276339,-0.043707418088456906
2012-06-14,-0.16479431490814123,-0.07982594034448631,-0.04392479299736196
2012-06-15,-0.16425834401247907,-0.07707074293603033,-0.04218667860843506
2012-06-18,-0.1658281761121343,-0.08003993044689783,-0.04462694965668712
2012-06-19,-0.16756116575237923,-0.08334337435125272,-0.047334645486968085
2012-06-20,-0.16879551186468167,-0.08426812243275905,-0.04852149223694402
2012-06-21,-0.17003195512881586,-0.083651020296729,-0.04890857388658376
2012-06-22,-0.16969553130276105,-0.08602307746680082,-0.049946809225185795
2012-06-25,-0.17255985866582613,-0.08512193585319194,-0.051117167742710246
2012-06-26,-0.17291225409030309,-0.08623478848743837,-0.05189633376777514
2012-06-27,-0.17321399414689065,-0.08602191649676683,-0.05195884268749773
2012-06-28,-0.17453634415609198,-0.08206817796223298,-0.0506664393301105
2012-06-29,-0.17208328660420658,-0.09337767058609003,-0.055104047230416064
2012-07-02,-0.17343475329762248,-0.08865336049442873,-0.053413382413336485
2012-07-03,-0.17410277814007058,-0.09110136146244574,-0.05506722526367824
2012-07-04,-0.17411415140276654,-0.09112355011039575,-0.055085265671043104
2012-07-05,-0.1767871554951217,-0.08486179496308688,-0.05335936651815232
2012-07-06,-0.1761391415722967,-0.08062661953227379,-0.050796296934594753
2012-07-09,-0.17795385637601757,-0.07946229968046825,-0.05124065151317003
2012-07-10,-0.1775711760144797,-0.07932693545989111,-0.05095006036182792
2012-07-11,-0.17733895281838052,-0.08041126967881984,-0.05137494994510394
2012-07-12,-0.17890008696393767,-0.07874509898921966,-0.05141564539500609
2012-07-13,-0.17848729686969622,-0.08119072703886698,-0.05243629470454525
2012-07-16,-0.1803776102643635,-0.07790149497073195,-0.05183038922857408
2012-07-17,-0.18033153876019314,-0.07888709027239849,-0.05231047146264267
2012-07-18,-0.1816137458334327,-0.07505975207808302,-0.05108282298544331
2012-07-19,-0.1822082267550399,-0.07649294005676777,-0.05216264271312354
2012-07-20,-0.18343590946313282,-0.07120646605668834,-0.050161222850780396
2012-07-23,-0.18153100295901625,-0.07178852544631176,-0.0493509399452704
2012-07-24,-0.17973489638822482,-0.07347098543253272,-0.04916941897674865
2012-07-25,-0.18053638696940044,-0.07405495645681637,-0.04993359667698383
2012-07-26,-0.17866407040805654,-0.07816835634668307,-0.050958515352702904
2012-07-27,-0.1798871807757002,-0.08057641269189542,-0.05290472594735707
2012-07-30,-0.18072141100578543,-0.07641506372183293,-0.05124312914576212
2012-07-31,-0.179996976890348,-0.07755577146221737,-0.051409566162770814
2012-08-01,-0.18038698282371068,-0.07855391438753667,-0.052148365581003
2012-08-02,-0.17960008248095605,-0.07506633527279882,-0.049899594545681714
2012-08-03,-0.1816063329235149,-0.08026407577833283,-0.05373089160334832
2012-08-06,-0.18020219813594573,-0.08088080043011459,-0.05323638312941592
2012-08-07,-0.180763488495846,-0.08449952317385134,-0.05542427477504697
2012-08-08,-0.18207130313361952,-0.08449213783278631,-0.05617441679735091
2012-08-09,-0.184587709298625,-0.08242684794022848,-0.05656169864678218
2012-08-10,-0.1799358162735195,-0.08231247611904569,-0.05381176271104038
2012-08-13,-0.1766910221206719,-0.0839210459870805,-0.05276910825257142
2012-08-14,-0.17781525021688482,-0.08485964409409574,-0.05390108787635384
2012-08-15,-0.18174125853657386,-0.08596745238771086,-0.056732585171900496
2012-08-16,-0.18399755906164383,-0.08732211399330725,-0.05873208236455396
2012-08-17,-0.18622864919349746,-0.08609146519679478,-0.05938427633874388
2012-08-20,-0.1883696257140871,-0.08528504999574271,-0.06020663346086452
2012-08-21,-0.1902826358640216,-0.08782842214092845,-0.06262072985383149
2012-08-22,-0.18655889102146916,-0.08862772534913188,-0.06087600623706224
2012-08-23,-0.1809886804086428,-0.09154215626730211,-0.05916216918108841
2012-08-24,-0.18168816929321507,-0.090184348944228,-0.05886083580834567
2012-08-27,-0.17976237758866598,-0.08917439619956957,-0.057231048876014046
2012-08-28,-0.17992435442597354,-0.08930587452201644,-0.05739218044622518
2012-08-29,-0.18334588467853008,-0.0893064893054254,-0.059358878899552825
2012-08-30,-0.18138732223471277,-0.0878469152538085,-0.05747713447630731
2012-08-31,-0.17723333999163648,-0.08664650136549112,-0.0544655667614562
2012-09-03,-0.17738147233318835,-0.08628540782919036,-0.05436377647317725
2012-09-04,-0.1780566005058425,-0.0884647130913847,-0.055879542108573266
2012-09-05,-0.17579756626640108,-0.0916223290452135,-0.05621737542830352
2012-09-06,-0.1814362151874508,-0.09112966267862832,-0.059189809976473606
2012-09-07,-0.17952203702059166,-0.09485280950415764,-0.060016780270347736
2012-09-10,-0.17700762687058458,-0.09901514331349115,-0.060737723151752854
2012-09-11,-0.17613208829484495,-0.10089856379376372,-0.061219824963326674
2012-09-12,-0.17757409872352192,-0.10123669812470859,-0.06221792361729117
2012-09-13,-0.17717326103131625,-0.0988489547562812,-0.06074369111188416
2012-09-14,-0.18436709822095787,-0.09861891919672916,-0.06472969056136169
2012-09-16,-0.18497288602590567,-0.0982197571638026,-0.06486992841534456
2012-09-17,-0.17765260907934965,-0.10305257635713516,-0.06317620318271477
2012-09-18,-0.17557999996533347,-0.10241762024523404,-0.061664045458000194
2012-09-19,-0.17446104955850295,-0.10320682232812106,-0.06143978099519931
2012-09-20,-0.1723275152250341,-0.10415350620363384,-0.060722354217500385
2012-09-21,-0.17181098902292746,-0.10228018717036913,-0.059447197049870226
2012-09-23,-0.17227443283086186,-0.10197947220061454,-0.059552826106989976
2012-09-24,-0.1699770725591926,-0.103365460718564,-0.058973450534613336
2012-09-25,-0.16705652651808134,-0.10443626110414972,-0.05787979464962778
2012-09-26,-0.1591652708374548,-0.10684189199281502,-0.054682344550440076
2012-09-27,-0.1605406670590419,-0.10533113999264421,-0.054656007475991863
2012-09-28,-0.16584006337405788,-0.10250417441252901,-0.056146379420798365
2012-09-30,-0.165690898360071,-0.10261276692923404,-0.05611908995569881
2012-10-01,-0.16575594050155906,-0.1021185350197743,-0.055895963051813546
2012-10-02,-0.16547793278547107,-0.10190341685518678,-0.05562555786606538
2012-10-03,-0.16171429565324402,-0.10235381293274237,-0.05373282820027392
2012-10-04,-0.16795944033313526,-0.10404880037151498,-0.05815102430500152
2012-10-05,-0.1695936391922963,-0.10916544077851675,-0.061765338094079136
2012-10-08,-0.1654425418309654,-0.10943758567715889,-0.05956359200979022
2012-10-09,-0.16619422678006412,-0.113481457464227,-0.06212228698500466
2012-10-10,-0.16395194555454884,-0.11398527105032363,-0.06112771122075167
2012-10-11,-0.16820688224080227,-0.11144975605044583,-0.06217344460912588
2012-10-12,-0.1647695137475056,-0.1131516057680183,-0.061133784407908176
2012-10-14,-0.16467018039252657,-0.113304074304177,-0.06115866083517707
2012-10-15,-0.164335598536833,-0.11165390503172656,-0.06009703295524693
2012-10-16,-0.16851533708390787,-0.11362195378478801,-0.06348872111191783
2012-10-17,-0.17531162980102377,-0.11706911080657723,-0.06913715815451904
2012-10-18,-0.1756110152507957,-0.1173640033825788,-0.0694615738153338
2012-10-19,-0.17058225699238894,-0.11895042893009544,-0.0674597018516856
2012-10-22,-0.17207873337776391,-0.11742732929872779,-0.06749491276353148
2012-10-23,-0.16771426606866524,-0.1160222262635302,-0.06429471816830878
2012-10-24,-0.1674271760041427,-0.11676137145610876,-0.0645245350624073
2012-10-25,-0.1710964913753944,-0.1177169357945963,-0.06709198837847496
2012-10-26,-0.167221226565625,-0.11727723742702167,-0.0646787725912461
2012-10-28,-0.16718915901298015,-0.11776781708465867,-0.06492067035013271
2012-10-29,-0.16427676733909324,-0.11742506843273948,-0.06310401493037099
2012-10-30,-0.1663953536362177,-0.11882815111143286,-0.06503626630083537
2012-10-31,-0.16413450033524146,-0.11688699897789945,-0.06273856387634658
2012-11-01,-0.16687850785185077,-0.11362339089291595,-0.062545141863243
2012-11-02,-0.16351414919078988,-0.1144337861856477,-0.06108084758727239
2012-11-04,-0.1636225078226884,-0.11433942407275255,-0.061091637937908616
2012-11-05,-0.16100038554379614,-0.11324066818937728,-0.05903744712245318
2012-11-06,-0.16739896207757998,-0.11563302041661072,-0.06389483473674973
2012-11-07,-0.15802178138844858,-0.11225024213704504,-0.05683304545876566
2012-11-08,-0.15638760564853427,-0.11373442197086492,-0.056706174562381695
2012-11-09,-0.1551604708478802,-0.11516777080174234,-0.05678289793403235
2012-11-11,-0.15500046963184477,-0.11530624684671709,-0.0567673882652886
2012-11-12,-0.15284897186022484,-0.11835302995440455,-0.057190773258363414
2012-11-13,-0.14949855796450084,-0.11942047733078842,-0.05589715564290432
2012-11-14,-0.14970439272432667,-0.120499229434889,-0.05658968513875451
2012-11-15,-0.14864531543694703,-0.11904589089619177,-0.05522268423859589
2012-11-16,-0.1480343112558541,-0.11763568059594376,-0.054127469671617856
2012-11-18,-0.14745279870937933,-0.11803555584089975,-0.05401899329723414
2012-11-19,-0.15503205936189146,-0.11914191092985527,-0.058817272664861364
2012-11-20,-0.15704028583423624,-0.11830687836166998,-0.05948961279299014
2012-11-21,-0.16021634610630886,-0.11846046562685397,-0.06134333262808067
2012-11-22,-0.16021892052541375,-0.11837524617064477,-0.0612994008708353
2012-11-23,-0.164787547834774,-0.1171432050844965,-0.06319688713743266
2012-11-26,-0.16294580834184713,-0.11493548655883856,-0.060992698072170004
2012-11-27,-0.16418115147689993,-0.11222346150658569,-0.06024694338162018
2012-11-28,-0.16241584285397026,-0.1111464091905876,-0.05868447569756208
2012-11-29,-0.16463658012906768,-0.10992426749229045,-0.05928522145845705
2012-11-30,-0.1653787473252819,-0.10940599528431738,-0.05942922491800795
2012-12-02,-0.1644464887606395,-0.10995199508260911,-0.059192243298264
2012-12-03,-0.1670516445359277,-0.11051529086027423,-0.06095661661884266
2012-12-04,-0.16570575673117527,-0.11112316510560338,-0.0605188292486335
2012-12-05,-0.16509997234744578,-0.10914441220467908,-0.05913204643784786
2012-12-06,-0.1619804512496258,-0.1087957349876354,-0.057190190643720884
2012-12-07,-0.16321662420853267,-0.11034957170616966,-0.05870747195717285
2012-12-09,-0.16311564296602554,-0.11045700495377686,-0.05870751011109232
2012-12-10,-0.16279923142472863,-0.108937895761681,-0.05772582491591849
2012-12-11,-0.1630146311059868,-0.11013107387634469,-0.05847791855187123
2012-12-12,-0.16654542318281473,-0.11084670980544187,-0.06084239452916351
2012-12-13,-0.16656885552849643,-0.11379122117200857,-0.06241064919250783
2012-12-14,-0.16707349827986262,-0.1118749535742094,-0.06168082004084563
2012-12-16,-0.1673305889610287,-0.11169695476108477,-0.061731601224295996
2012-12-17,-0.16975221889065162,-0.11233720031329475,-0.06343410060146093
2012-12-18,-0.17533028711549004,-0.11487893386439285,-0.06792116829896533
2012-12-19,-0.17235951435870134,-0.11557242931669409,-0.06660746126295347
2012-12-20,-0.16876221081214804,-0.11524798967076966,-0.06440778525581126
2012-12-21,-0.16392872205376918,-0.11695280054010582,-0.06258902728271865
2012-12-24,-0.16453388539532376,-0.11695638655380114,-0.06293018808633655
2012-12-26,-0.16344678522030576,-0.11904456611724157,-0.06342850421485524
2012-12-27,-0.16021498609692775,-0.11672736273488837,-0.060387661757504874
2012-12-28,-0.15970044587230037,-0.11657822475037338,-0.06002048392122583
2012-12-30,-0.15960114591745256,-0.1166921331396974,-0.060025544720819
2012-12-31,-0.16342394098218016,-0.11600275701324769,-0.061796615599858606
2013-01-01,-0.16343895092288474,-0.11602450764550032,-0.061816574458103624
2013-01-02,-0.1665868580946922,-0.1196677898113655,-0.06551507555015845
2013-01-03,-0.16626328688124337,-0.1232227269353654,-0.06722047715059987
2013-01-04,-0.16374349563282198,-0.12440682601507436,-0.06644077907309331
2013-01-06,-0.16373618270945278,-0.12444519109300534,-0.06645714962542704
2013-01-07,-0.16423654375524654,-0.12405379904735747,-0.06652777560966994
2013-01-08,-0.16299311959485785,-0.12511445779104202,-0.06639853711913479
2013-01-09,-0.16139849317464416,-0.12342884887573324,-0.06460984283475257
2013-01-10,-0.16608974770706042,-0.12598870519722905,-0.06859200766835172
2013-01-11,-0.16522889009508168,-0.1250425857657147,-0.06760712894822862
2013-01-13,-0.165927614319493,-0.12431295499558648,-0.06760858376108281
2013-01-14,-0.16575714523877472,-0.12277600299204139,-0.06669506390553537
2013-01-15,-0.16528237394497258,-0.1226745189407612,-0.06637550396073655
2013-01-16,-0.16594374288266034,-0.12169043910508792,-0.06622175699716193
2013-01-17,-0.1688397142604805,-0.12412184635330947,-0.06913534776894825
2013-01-18,-0.16825909299709063,-0.12321126843300723,-0.06832634062750131
2013-01-21,-0.16839975305645727,-0.12299461963739922,-0.06829001548042846
2013-01-22,-0.16704694277208443,-0.12313267306943576,-0.06760551567171924
2013-01-23,-0.1664586564184074,-0.12349111572884741,-0.06746682687474514
2013-01-24,-0.16595830002578715,-0.12397249837128277,-0.06744301309549916
2013-01-25,-0.17119137873517543,-0.1280291393384514,-0.07252781937300279
2013-01-27,-0.17139885185010628,-0.12784818307834755,-0.07254766790135325
2013-01-28,-0.17344202401880437,-0.1277143965040104,-0.07361999326656199
2013-01-29,-0.17289248054597783,-0.12817299594267906,-0.07355555744427911
2013-01-30,-0.17431597509045904,-0.12883028298671328,-0.07470201877870475
2013-01-31,-0.17373694210725743,-0.12685988581313024,-0.07333116202236412
2013-02-01,-0.17531778606945658,-0.12602404377867593,-0.0737740923687582
2013-02-03,-0.17535412691164487,-0.1260208137530312,-0.07379278856135174
2013-02-04,-0.1716231305998388,-0.1261117807118739,-0.07174574180573001
2013-02-05,-0.17352746316879342,-0.12547979152239552,-0.0724770576234317
2013-02-06,-0.16945456096014566,-0.1253533726051662,-0.0701245750914119
2013-02-07,-0.16671135949384852,-0.12659276657792284,-0.06924776348697348
2013-02-08,-0.1673550012549614,-0.12912732785553382,-0.07095771142537022
2013-02-10,-0.16744783858945034,-0.12904004509524059,-0.07096294770209821
2013-02-11,-0.16641445057997684,-0.13055582609047778,-0.07119480169841219
2013-02-12,-0.16855653257975034,-0.13174768927782965,-0.07302480528096111
2013-02-13,-0.16979622579584674,-0.13272850033709327,-0.07423944476289557
2013-02-14,-0.1678301139643339,-0.13047817291853758,-0.07194219363001952
2013-02-15,-0.1678697330458011,-0.12930772944837188,-0.07133966704493044
2013-02-17,-0.1678755418269926,-0.12931395317068162,-0.07134622739462382
2013-02-18,-0.16796367740419693,-0.12919445181496558,-0.07133167849616706
2013-02-19,-0.16807225388546243,-0.12807417910713947,-0.07079491576352448
2013-02-20,-0.16522084758025868,-0.12230200607074604,-0.06612682342388354
2013-02-21,-0.1603281100069449,-0.12004471433310515,-0.06218917141106328
2013-02-22,-0.16054976241726127,-0.11911346658038824,-0.06181671288727475
2013-02-24,-0.16022069577041065,-0.11944421765588786,-0.061808960053178263
2013-02-25,-0.15619622306788838,-0.11854374899606657,-0.0590812108782659
2013-02-26,-0.15586720103609675,-0.11814986886849577,-0.058687540442040165
2013-02-27,-0.15738038298257762,-0.11715166153851564,-0.058998475182483134
2013-02-28,-0.15670749232479542,-0.11484457479616283,-0.05739322020977222
2013-03-01,-0.15644109460581657,-0.11093726800733417,-0.055163878543671
2013-03-03,-0.15619948895587743,-0.11062832489473928,-0.054864410209626735
2013-03-04,-0.15548017723137542,-0.11143109916384031,-0.054888116212141624
2013-03-05,-0.15633031818741983,-0.11266524394852362,-0.05602015652239223
2013-03-06,-0.15558812223566942,-0.11398710255341893,-0.05630805721756993
2013-03-07,-0.1583386177851358,-0.11635250920854157,-0.05910469383127248
2013-03-08,-0.16014439416896864,-0.11690779476546109,-0.06040966482670407
2013-03-10,-0.16001869929747436,-0.1164404990371185,-0.06009075802113706
2013-03-11,-0.1615593715636623,-0.11588928258999875,-0.06065955142721602
2013-03-12,-0.16151997805253449,-0.11519370427323428,-0.06026796903467058
2013-03-13,-0.16134286022847355,-0.11566796322329864,-0.06042056570643861
2013-03-14,-0.16260384847005727,-0.11621325807546123,-0.06141661289713929
2013-03-15,-0.16179916249462456,-0.1151283132730675,-0.060389545731757255
2013-03-17,-0.16128949777095147,-0.11467009150825536,-0.0598605986723032
2013-03-18,-0.1596988193414841,-0.1130724740109672,-0.05812081379465772
2013-03-19,-0.15789040156730938,-0.11055140160270305,-0.055768665896024805
2013-03-20,-0.15980260622831222,-0.11090164795602742,-0.05702662306707185
2013-03-21,-0.1593764520768418,-0.11138550087149057,-0.057044067654432595
2013-03-22,-0.16048016879044524,-0.11220073437655997,-0.05809564961780156
2013-03-24,-0.16052521927350127,-0.11228157944834993,-0.0581638079522222
2013-03-25,-0.15948561080117807,-0.11105867025575522,-0.05693189079256544
2013-03-26,-0.15920355861998936,-0.10940793413937133,-0.05589803375671221
2013-03-27,-0.15828162655381284,-0.10705975414532654,-0.05413579709612082
2013-03-28,-0.1556323302636361,-0.11295515953448265,-0.05576966122749605
2013-03-31,-0.1551598400879005,-0.11267938116257858,-0.055358697080661656
2013-04-01,-0.15456329594664453,-0.11427778188950799,-0.05587601857025781
2013-04-02,-0.15505813842042038,-0.11445644298965596,-0.05624754185564318
2013-04-03,-0.1530224176465279,-0.11126061928344866,-0.05340770271604822
2013-04-04,-0.15274038010963742,-0.1065992437532357,-0.05076769344642096
2013-04-05,-0.15300284306659173,-0.10577980444980783,-0.0504793950267487
2013-04-07,-0.1528479759615623,-0.10566040792133857,-0.050329198523568874
2013-04-08,-0.1540908811010081,-0.10508905424209058,-0.05072250551074109
2013-04-09,-0.15658601581748388,-0.1058182160382305,-0.05250925254169603
2013-04-10,-0.15740209369650549,-0.10644369247476104,-0.05329902615094084
2013-04-11,-0.15808918846416586,-0.10635721529194275,-0.05363920862704763
2013-04-12,-0.15542285307828851,-0.1019943057215229,-0.0498305004214471
2013-04-14,-0.15422332982802045,-0.10115399738057518,-0.04871119394517742
2013-04-15,-0.1501761573258601,-0.10165003095850744,-0.046697648956678495
2013-04-16,-0.1523748938227828,-0.10005612148363485,-0.04708517666474932
2013-04-17,-0.1484080838847932,-0.0992213746219216,-0.04441345830439425
2013-04-18,-0.14709648054437352,-0.09959487229098007,-0.043875683080209504
2013-04-19,-0.14902497944258086,-0.09924725391144373,-0.044772063814623064
2013-04-21,-0.14856135165222029,-0.09890049053742178,-0.04432798304664609
2013-04-22,-0.14804559763938052,-0.09927601977481282,-0.04423767270593104
2013-04-23,-0.14814884435253217,-0.09953368574429844,-0.044432291471994345
2013-04-24,-0.14935743541846047,-0.10062666597324244,-0.04569009356659193
2013-04-25,-0.1502342042528222,-0.10027248339152861,-0.04599399506385082
2013-04-26,-0.14809655533812227,-0.09932013536324447,-0.04428915812047696
2013-04-28,-0.14790965470959505,-0.09917506189448577,-0.04410735187689807
2013-04-29,-0.14948516724031957,-0.09629104085954654,-0.043460912146773834
2013-04-30,-0.1500350801803736,-0.09625122163038946,-0.043749070876364704
2013-05-01,-0.14890947369597385,-0.09600555711170111,-0.04298592243658261
2013-05-02,-0.1486826481427137,-0.09438027277605321,-0.041998090773819774
2013-05-03,-0.15390755144558033,-0.09772738127000169,-0.046708281818361175
2013-05-05,-0.15380628982512534,-0.09766102274254362,-0.04661618073433016
2013-05-06,-0.15342605017348188,-0.09978142730434514,-0.04752215517898328
2013-05-07,-0.1537367526657385,-0.09962966205507129,-0.04761665266159676
2013-05-08,-0.1539535158350206,-0.09965616013004885,-0.047752639543027664
2013-05-09,-0.15471882588699315,-0.09985478018458449,-0.04828836285105409
2013-05-10,-0.15704027354737604,-0.1008488634964011,-0.05012075051326914
2013-05-12,-0.15721788357456823,-0.10095621331052806,-0.05027752252423967
2013-05-13,-0.15799300275748407,-0.10111432447788116,-0.05079777134301011
2013-05-14,-0.15790878308976275,-0.09991005880826465,-0.050114462363743506
2013-05-15,-0.157277235004473,-0.09842011409346574,-0.04897208035442513
2013-05-16,-0.15567299724939776,-0.09724772430096373,-0.0474485293272785
2013-05-17,-0.15924972803409,-0.09736149187774812,-0.04952614621066753
2013-05-19,-0.15887380600726408,-0.0972143571855918,-0.049236188968056926
2013-05-20,-0.15967110820172148,-0.09778194596911005,-0.049985679254436755
2013-05-21,-0.15894987752043255,-0.0967423747626085,-0.049030671978054
2013-05-22,-0.16082888657362748,-0.09857198193511951,-0.05105608816072282
2013-05-23,-0.15836477104442215,-0.09975186101235756,-0.05028390002241834
2013-05-24,-0.15828867119950585,-0.10165849638219493,-0.051246665593660645
2013-05-26,-0.15793870186071024,-0.1020976553204247,-0.051281329308800916
2013-05-27,-0.15794227228337598,-0.10267857019649551,-0.05159023636785365
2013-05-28,-0.16393980327537705,-0.0993146100004687,-0.05319000406761121
2013-05-29,-0.16380504479281055,-0.10068705692507185,-0.053835064699838675
2013-05-30,-0.1652111304909324,-0.1000564733687982,-0.054298848675751965
2013-05-31,-0.1643338079275647,-0.099425348393552,-0.05347029842206752
2013-06-02,-0.16452219690520742,-0.09951262209382494,-0.053622852783150377
2013-06-03,-0.1640833643758428,-0.10228747814220096,-0.054832444516449974
2013-06-04,-0.1644256566465846,-0.10120717367678889,-0.05445725290591552
2013-06-05,-0.16214615587412917,-0.10454063021052074,-0.05492092374217428
2013-06-06,-0.16196061329229017,-0.10538402365748833,-0.05526134397052862
2013-06-07,-0.1663909383931681,-0.10063991163276476,-0.05525358599183938
2013-06-09,-0.16558104845810118,-0.10024152627460015,-0.054585408509566724
2013-06-10,-0.16755141330672985,-0.09657044964229577,-0.05377296298247414
2013-06-11,-0.16679344158636789,-0.09827525493393452,-0.05423496049174781
2013-06-12,-0.16403746812156283,-0.09844695744943355,-0.05276086476628061
2013-06-13,-0.16361264057179614,-0.09949889036893134,-0.05307279592669689
2013-06-14,-0.1594901090943287,-0.10579275817652811,-0.05404828291876618
2013-06-16,-0.15926707634094805,-0.10616513240052305,-0.05411973790465929
2013-06-17,-0.16184158755014488,-0.10207756061371032,-0.05340519619943496
2013-06-18,-0.16575323729460456,-0.10075226026273543,-0.054915485608746484
2013-06-19,-0.16916616984444965,-0.11103475155331921,-0.06225197947546246
2013-06-20,-0.1754802631847474,-0.10238217353705459,-0.06125158635397432
2013-06-21,-0.17877324467685451,-0.0963407121888239,-0.059967034950148324
2013-06-23,-0.1784454243571041,-0.09623964928714557,-0.05972684662065275
2013-06-24,-0.17442098357689106,-0.09187037908273721,-0.05515095423178085
2013-06-25,-0.1765075291981888,-0.09075676568292945,-0.05576562624213999
2013-06-26,-0.1738906883350716,-0.09069807657019979,-0.05423488907732954
2013-06-27,-0.17119499939550786,-0.09135950164990081,-0.05303579352324328
2013-06-28,-0.16094128592546064,-0.08597094262375427,-0.04437010654227247
2013-06-30,-0.16031589137087632,-0.08574266761602733,-0.04389463362895962
2013-07-01,-0.16370924425088162,-0.08452860426892206,-0.04519173519293018
2013-07-02,-0.16031101382844615,-0.08489567763889538,-0.04344324772749941
2013-07-03,-0.16503956388300023,-0.08641575635861487,-0.04693104979047191
2013-07-04,-0.16386536682609,-0.08596113348720291,-0.046023768076987825
2013-07-05,-0.16083086267358448,-0.06685120560613655,-0.034320228577251366
2013-07-07,-0.1588257952494676,-0.0660451946460362,-0.0327495010154224
2013-07-08,-0.15738227802332694,-0.07334512606964483,-0.035699652063667875
2013-07-09,-0.1587048600099158,-0.07916835404964317,-0.039486338931450926
2013-07-10,-0.1641041302646311,-0.08202549995413388,-0.04405867022153864
2013-07-11,-0.16929209703865877,-0.09400816799866663,-0.05326431488889816
2013-07-12,-0.16390482728199918,-0.08823548112751589,-0.04717830415619928
2013-07-14,-0.1636952077065683,-0.08813782617057542,-0.047007835762416295
2013-07-15,-0.16060748263863822,-0.08819377126492545,-0.04527779647898145
2013-07-16,-0.16564926094042332,-0.09495534636565284,-0.05168495829752984
2013-07-17,-0.16008034710326613,-0.09261456404354873,-0.04729382346459732
2013-07-18,-0.15770602282234336,-0.0905900407521365,-0.044884425618346824
2013-07-19,-0.15676184726043807,-0.09353020149947266,-0.04589306820649541
2013-07-21,-0.15804113743328563,-0.09416617295532148,-0.04695151032796574
2013-07-22,-0.15770168583871136,-0.09705233466049834,-0.04827768896588447
2013-07-23,-0.15508939031666602,-0.09360778289967597,-0.04498654967436333
2013-07-24,-0.15755694786299423,-0.09068891035319115,-0.04484338164078283
2013-07-25,-0.15751394347232295,-0.08844676170481691,-0.04364140608312406
2013-07-26,-0.15518301450041883,-0.08806716054797781,-0.042119284681471636
2013-07-28,-0.15457520518266776,-0.08773593150836367,-0.04160074875568609
2013-07-29,-0.15497814452027636,-0.08785389973666846,-0.04189110796701301
2013-07-30,-0.15373594912463084,-0.08503488321359187,-0.03970635741333017
2013-07-31,-0.15803425400259552,-0.08546617236227427,-0.04237142462145549
2013-08-01,-0.1571828919616165,-0.07546602149853665,-0.03665157734108804
2013-08-02,-0.15525194116337404,-0.08201132147465962,-0.0389580739707337
2013-08-04,-0.15548702584561813,-0.08257112382782528,-0.0393848264176907
2013-08-05,-0.1562150313736953,-0.08043544639494493,-0.03868076637543183
2013-08-06,-0.15790413900177314,-0.08135132848911819,-0.04012169633245022
2013-08-07,-0.15829146458415488,-0.08543493268513269,-0.0424758860790887
2013-08-08,-0.1617528555889841,-0.08894411150943415,-0.046281724223909304
2013-08-09,-0.16041350726535708,-0.08920039391386247,-0.04565394210215934
2013-08-11,-0.1602674887487857,-0.08910744595500142,-0.04552225755613237
2013-08-12,-0.16201635554651617,-0.09062148674502091,-0.04730942086119705
2013-08-13,-0.1607690676980359,-0.08399121406110777,-0.04312737944420053
2013-08-14,-0.16217210989598962,-0.08605841438297657,-0.04500694818100648
2013-08-15,-0.16495395527333867,-0.09432067115089582,-0.05090906905346648
2013-08-16,-0.1656442780057995,-0.09231556049172707,-0.05025075974773052
2013-08-18,-0.16584126654151088,-0.09244431303234146,-0.05043023568175575
2013-08-19,-0.16951517597295052,-0.09483131428915281,-0.05377009661235688
2013-08-20,-0.16872566737559003,-0.09492821438949894,-0.053370973104959085
2013-08-21,-0.17032941134615498,-0.09739203421731302,-0.05557259390691782
2013-08-22,-0.16699673152931516,-0.09006431596312814,-0.049842160057315565
2013-08-23,-0.16605650802372351,-0.09426595051769071,-0.05149961155201033
2013-08-25,-0.16646013109349167,-0.09449183779311332,-0.05184742200671899
2013-08-26,-0.16957553885360055,-0.1011502266494767,-0.057105293030440096
2013-08-27,-0.1654255063262513,-0.10772477928351543,-0.058197600260550875
2013-08-28,-0.16305919815940761,-0.10374364437504968,-0.0547613749042285
2013-08-29,-0.16198034282061824,-0.1049189027314581,-0.054771891119514526
2013-08-30,-0.16201581404342325,-0.10609799453638136,-0.055414470933309645
2013-09-01,-0.1612405858042154,-0.10614236364538143,-0.05500099018649185
2013-09-02,-0.16316013127791495,-0.10708507185415284,-0.05658065266729151
2013-09-03,-0.16176329092850028,-0.10567997753997249,-0.055050997942467705
2013-09-04,-0.15863385931503793,-0.09865124076115495,-0.04957376215902021
2013-09-05,-0.15853132718885354,-0.09145711754933994,-0.045722933079799466
2013-09-06,-0.15997053978000397,-0.09759594353070555,-0.0497629316818593
2013-09-08,-0.16051596374135935,-0.09783296114101203,-0.050196212599195156
2013-09-09,-0.15822576689329426,-0.09879767803955708,-0.04940846070970484
2013-09-10,-0.16192594615864186,-0.09332869238505292,-0.048613360820495055
2013-09-11,-0.1620255408750586,-0.09772553659646233,-0.050976735245457316
2013-09-12,-0.1637254630103817,-0.09331186174608663,-0.04961815512076451
2013-09-13,-0.16279529258444936,-0.09237432346459429,-0.048598251003754034
2013-09-15,-0.16534248347285607,-0.0934075242632586,-0.050587085163664613
2013-09-16,-0.1639042878526462,-0.09702873558900493,-0.05166524474431722
2013-09-17,-0.16476120977751751,-0.09724194095965477,-0.052263181296514194
2013-09-18,-0.16191271097229676,-0.10013295665740629,-0.052164628645472444
2013-09-19,-0.16510979346256904,-0.10613341427019929,-0.05713265897369324
2013-09-20,-0.16545866522097208,-0.10684309330712016,-0.05770394622852226
2013-09-22,-0.1648647842077754,-0.10659355287436778,-0.057237030465414285
2013-09-23,-0.1662612028676882,-0.10863149923281856,-0.059100487949860336
2013-09-24,-0.1635524300442075,-0.11085543917552365,-0.05874578104651351
2013-09-25,-0.1644109822766079,-0.11711410752067797,-0.06254157886315037
2013-09-26,-0.16649742388176947,-0.1152535213306769,-0.0627241862070197
2013-09-27,-0.1651075124867979,-0.11697074448767375,-0.06285229594583475
2013-09-29,-0.16565718169485144,-0.1172158407573276,-0.06329085027198944
2013-09-30,-0.16478081845105996,-0.11700295255927795,-0.0626859614696601
2013-10-01,-0.16489826463350976,-0.11243812990679636,-0.06032905032762226
2013-10-02,-0.16391989835689358,-0.1131086639806217,-0.06013356366643874
2013-10-03,-0.1660231609334022,-0.11652308109746823,-0.0631249208212048
2013-10-04,-0.16600821806182464,-0.11476885693206362,-0.062186401993753915
2013-10-06,-0.16752234908704366,-0.11552572233433944,-0.06343862442515813
2013-10-07,-0.17011726401163485,-0.12153975334531364,-0.06808240153862777
2013-10-08,-0.16946013708565,-0.12434161678745614,-0.06919962416262282
2013-10-09,-0.17172935271082257,-0.12275644761171556,-0.06962870348952466
2013-10-10,-0.16644947395418708,-0.11482889309215083,-0.06245950757480445
2013-10-11,-0.16419859349040433,-0.11162064523392534,-0.05949463382014464
2013-10-13,-0.16371485936757302,-0.11139283097155128,-0.05910187649245768
2013-10-14,-0.16807540289284695,-0.11046703462586915,-0.061064745991897595
2013-10-15,-0.1685958885926776,-0.11242561598002665,-0.06239214181055164
2013-10-16,-0.16678410204223315,-0.11059884441888557,-0.060405655256618784
2013-10-17,-0.16207771614065736,-0.11455486519578317,-0.05984166419182746
2013-10-18,-0.16196623030033985,-0.11532607539804296,-0.060188552314858645
2013-10-20,-0.1626145900574829,-0.115641643211428,-0.06071972107844659
2013-10-21,-0.1648192338774298,-0.11474430999754337,-0.06147964544281104
2013-10-22,-0.15947288473611698,-0.11571130777723615,-0.058988300808305194
2013-10-23,-0.16357741669785986,-0.120793329874895,-0.0639899192206006
2013-10-24,-0.1603218398121664,-0.11893207599154543,-0.06117756790789963
2013-10-25,-0.15539057857221328,-0.1182654846707597,-0.05806566670460289
2013-10-27,-0.15662127637469236,-0.1188021813597171,-0.05903859231697317
2013-10-28,-0.1529223032254945,-0.11622017607215407,-0.05559655234138683
2013-10-29,-0.15462688846454964,-0.11687499346018504,-0.056896637455030485
2013-10-30,-0.15757586722208905,-0.11494810834038027,-0.05751271096871069
2013-10-31,-0.15566035559629743,-0.11688432125027581,-0.05747212457413364
2013-11-01,-0.1563743491759222,-0.11801182990023662,-0.058472317782986005
2013-11-03,-0.1552747765501299,-0.11755650771449833,-0.05761569965377489
2013-11-04,-0.1544889505322703,-0.11701783186234693,-0.05688972882949572
2013-11-05,-0.15492328094737862,-0.11567143330976748,-0.05641292002713916
2013-11-06,-0.1513825272603848,-0.11375727367451305,-0.053414957477542435
2013-11-07,-0.15350616724538557,-0.11902393576884518,-0.05741198669576608
2013-11-08,-0.1570273936059925,-0.11189876799816767,-0.05556072832120518
2013-11-10,-0.15755227758486956,-0.11214878813949691,-0.055987700119485506
2013-11-11,-0.16072982378212186,-0.1125529817326747,-0.057982894410975816
2013-11-12,-0.15996154525795447,-0.1089892332161887,-0.05566028357582342
2013-11-13,-0.15394165505854107,-0.10561793472622405,-0.05049007716278242
2013-11-14,-0.15104108126392912,-0.1046377194070025,-0.0483421399082582
2013-11-15,-0.14355651580468287,-0.10360222480652415,-0.043596851083096855
2013-11-17,-0.14527928881111718,-0.10434130407182629,-0.04495305099924041
2013-11-18,-0.1433878062763264,-0.10390539379416819,-0.0436638925503291
2013-11-19,-0.14658211933757404,-0.10419129572235364,-0.04559954576699321
2013-11-20,-0.15132807283129845,-0.10136604617599565,-0.046748290603152554
2013-11-21,-0.15155364476439792,-0.09875547341340607,-0.04549035498959997
2013-11-22,-0.15126898271514433,-0.0991807771520975,-0.04555545129404992
2013-11-24,-0.15497223910914049,-0.10053349467768746,-0.048354330758829334
2013-11-25,-0.1530136347413481,-0.10113199484124513,-0.04756807909150651
2013-11-26,-0.1468999007994708,-0.10110111837121583,-0.04411428930412731
2013-11-27,-0.14665747433224452,-0.09985479676659537,-0.04331580484809716
2013-11-28,-0.14599226768034612,-0.09916940876475777,-0.04257870357988247
2013-11-29,-0.146652731333749,-0.1000955789038166,-0.04344110020679548
2013-12-01,-0.14648925059620743,-0.10005043133403968,-0.04332547846698964
2013-12-02,-0.14936721571546763,-0.0963710088060481,-0.04298272014882687
2013-12-03,-0.1508211268756171,-0.0976891455598865,-0.04449860003300399
2013-12-04,-0.1562827771396118,-0.0977754005625624,-0.04761701145323538
2013-12-05,-0.15557138257494285,-0.09564449266037156,-0.04609081554063599
2013-12-06,-0.15524349412966598,-0.09255985664244759,-0.04427878737179658
2013-12-08,-0.15553395533084946,-0.09272616485059293,-0.044530673416763644
2013-12-09,-0.1566776713445578,-0.0921195331514516,-0.04485827259644237
2013-12-10,-0.15503356771720422,-0.09390108487321491,-0.044864368436715374
2013-12-11,-0.15825913450139728,-0.09545434227775529,-0.047506089937760176
2013-12-12,-0.15730200833562935,-0.09610321488760376,-0.04730619341333553
2013-12-13,-0.1542445262803237,-0.09701102418727015,-0.04605631740778349
2013-12-15,-0.15487083383470468,-0.09741886132305921,-0.046624954983974676
2013-12-16,-0.15485490855050055,-0.09518836698094668,-0.04543796334034245
2013-12-17,-0.1562439068536191,-0.09612539122418484,-0.04671664893525318
2013-12-18,-0.1538083696271908,-0.08942434340059302,-0.04180712831138844
2013-12-19,-0.1543832953201505,-0.0888900636038753,-0.0418515299216925
2013-12-20,-0.1523745556610998,-0.0891443113521434,-0.04084718899702322
2013-12-22,-0.1523096152765584,-0.08912224370411992,-0.040798827618617084
2013-12-23,-0.151013019985336,-0.08599005988041364,-0.03841607321139473
2013-12-24,-0.15354571074075185,-0.08539184607425843,-0.039535692375355036
2013-12-25,-0.1542453102839485,-0.08580569967364371,-0.0401499087179531
2013-12-26,-0.1499092477584596,-0.08427469038309232,-0.03688566738282628
2013-12-27,-0.15181869883064936,-0.08256033535916629,-0.0370657915167828
2013-12-29,-0.1518279103651301,-0.08256371850828415,-0.037072795868990815
2013-12-30,-0.1498124327214132,-0.08077633231223236,-0.03499070631818213
2013-12-31,-0.14704743588932312,-0.07998753389277147,-0.03300745131051663
2014-01-01,-0.14791608033729597,-0.0804627109354118,-0.03374956341905733
2014-01-02,-0.1475859189547496,-0.08997689994887481,-0.038561122668182124
2014-01-03,-0.14694653730271046,-0.09280785600066144,-0.03969599471051355
2014-01-05,-0.14653406442060968,-0.09259077770864199,-0.03934893549130247
2014-01-06,-0.14642872212792335,-0.09558122939582381,-0.040872607048903054
2014-01-07,-0.14381175898250398,-0.09548833028795078,-0.03935305398915523
2014-01-08,-0.137874649986666,-0.0921329193549606,-0.034240496630914
2014-01-09,-0.13441412829816657,-0.09189848851546045,-0.032177555058858
2014-01-10,-0.13639463006857344,-0.09639103816033756,-0.03567876721222418
2014-01-12,-0.13776972791104014,-0.09722808003991823,-0.03689314064272564
2014-01-13,-0.1432585755730068,-0.10392094361596915,-0.04352873200481222
2014-01-14,-0.1410573731814022,-0.09512733045772703,-0.0376068801378564
2014-01-15,-0.13850499848636888,-0.09289417610902195,-0.03498943447297509
2014-01-16,-0.1389715707557525,-0.09503440034646526,-0.03638917411867704
2014-01-17,-0.1392090354163913,-0.09532778646395179,-0.03667825147474579
2014-01-19,-0.13921486389579274,-0.09534866142466514,-0.0366926269742156
2014-01-20,-0.1387846209318926,-0.09506934605689077,-0.03630317099466174
2014-01-21,-0.13444393803246502,-0.09424133558690484,-0.03343367620168658
2014-01-22,-0.1345177747221844,-0.09005251954754812,-0.0312398878469351
2014-01-23,-0.1308867255974886,-0.09412612553819122,-0.03137616463796178
2014-01-24,-0.13479008918255797,-0.10318045905689177,-0.03839207145204171
2014-01-26,-0.13311462002181462,-0.10231785313640074,-0.03699853872151648
2014-01-27,-0.13598223706251078,-0.10172573240867222,-0.03827371801169266
2014-01-28,-0.13510567992393252,-0.10036691900408157,-0.0370584777488181
2014-01-29,-0.13450268603044602,-0.10503523665116954,-0.03922121899098874
2014-01-30,-0.13313809259647413,-0.10135577605061696,-0.036488788530632976
2014-01-31,-0.1332037848416091,-0.10334055371177553,-0.03758931937699661
2014-02-02,-0.13203302268399775,-0.10273088299684474,-0.0366121774826198
2014-02-03,-0.13685599444116658,-0.11321949510243479,-0.04491952534481514
2014-02-04,-0.13826280062251217,-0.11040680865363262,-0.04418319035026741
2014-02-05,-0.1388688758744494,-0.11133176411400458,-0.045016217684903936
2014-02-06,-0.13834167210985293,-0.10678855814195831,-0.04228276846976142
2014-02-07,-0.13727376607637365,-0.10169503261265123,-0.03895860516826899
2014-02-09,-0.1370569829932673,-0.10183404308748567,-0.038912220858453805
2014-02-10,-0.13464516317654107,-0.10314624551970453,-0.03827122464371269
2014-02-11,-0.13208874907971258,-0.09910352476780337,-0.03468308663814912
2014-02-12,-0.1317280457702511,-0.09707647104672579,-0.03339649295692659
2014-02-13,-0.1329543268755643,-0.09528340235365129,-0.033119307785088425
2014-02-14,-0.1323876501423149,-0.0954329331102387,-0.03288324732579295
2014-02-16,-0.13504057632611277,-0.09387939300721226,-0.0335313565910329
2014-02-17,-0.13450196456858843,-0.09416377015218724,-0.03338210412206588
2014-02-18,-0.1357902800641302,-0.09438420803382008,-0.034219136230300484
2014-02-19,-0.13769738589432468,-0.09491822697446606,-0.03556950924242053
2014-02-20,-0.1355690384599746,-0.09467120421547748,-0.03424768843220449
2014-02-21,-0.1350155558075523,-0.09256323388597898,-0.03281417949392573
2014-02-23,-0.13543603922739533,-0.09287146194002327,-0.033213523578891735
2014-02-24,-0.1338487312583364,-0.09179063370528451,-0.03175007635787219
2014-02-25,-0.1354540559728601,-0.0940294974571042,-0.033840789618551415
2014-02-26,-0.13553939332682197,-0.0939257991485497,-0.03383317951741194
2014-02-27,-0.12926975112653838,-0.09249760048217293,-0.029568078123913155
2014-02-28,-0.13360172357148126,-0.09095483615894429,-0.031157204768738733
2014-03-02,-0.13314791614605326,-0.09056697974680472,-0.030696786605407644
2014-03-03,-0.13753973968550248,-0.09731718509936127,-0.03674952173601609
2014-03-04,-0.1373128501474986,-0.0952968662437127,-0.035544880910280185
2014-03-05,-0.13855403500202457,-0.09621326074055891,-0.03672714162459079
2014-03-06,-0.13732678511574803,-0.0927169612704023,-0.03417777260149313
2014-03-07,-0.1327927112554157,-0.08708392942289378,-0.02864142670396741
2014-03-09,-0.1308682394114804,-0.08486379141540434,-0.026382493870287127
2014-03-10,-0.12833251096965026,-0.08707758018719824,-0.02613983876104664
2014-03-11,-0.13316805489721684,-0.08896681078096536,-0.029848734348506323
2014-03-12,-0.13522839831703692,-0.09433997643376346,-0.03386261267750168
2014-03-13,-0.14081185053165657,-0.09719089477836684,-0.03850222329245667
2014-03-14,-0.14035306007517534,-0.09753332194757236,-0.03842785596785192
2014-03-16,-0.1403807941363866,-0.09773875089152195,-0.03855280873718192
2014-03-17,-0.13779014587963467,-0.09376593304813086,-0.03498733221591521
2014-03-18,-0.1391711346730018,-0.09381501275145498,-0.03578628700047348
2014-03-19,-0.13680076390384044,-0.09299076644950655,-0.03402024782456581
2014-03-20,-0.13503823502913426,-0.09250794889000447,-0.03277694753941707
2014-03-21,-0.13492579954319128,-0.09651260956293184,-0.034848206819309335
2014-03-23,-0.13473309814303813,-0.09696316154586193,-0.034981361047279336
2014-03-24,-0.1353783263306665,-0.09496386110602217,-0.03427290421935636
2014-03-25,-0.14030637226685427,-0.09630338949250539,-0.03773973825290289
2014-03-26,-0.14681516605354294,-0.09743354018705119,-0.0419840991209498
2014-03-27,-0.1476341494471819,-0.09864623875520762,-0.04308750571495312
2014-03-28,-0.1415361746691326,-0.094279028402388,-0.03734634494123401
2014-03-30,-0.14100141734430205,-0.0948986254451124,-0.037375787266029636
2014-03-31,-0.1410935835131527,-0.09193306345694285,-0.03585041190234528
2014-04-01,-0.14180311143853663,-0.08952805894530247,-0.03497187628402376
2014-04-02,-0.1349639090270527,-0.08818345725979004,-0.030414005989616855
2014-04-03,-0.13406409067060798,-0.08845804609869734,-0.030055712839861193
2014-04-04,-0.1351729594206894,-0.08874273338102512,-0.03082820442330758
2014-04-06,-0.13554439401480867,-0.08837062066457047,-0.030838448153527542
2014-04-07,-0.1502853165933573,-0.09720462011398967,-0.0437973989056063
2014-04-08,-0.15071884332471353,-0.09755873958703198,-0.044228861651387064
2014-04-09,-0.1528250009553943,-0.0981533829921113,-0.04572887627039102
2014-04-10,-0.1580466570372856,-0.09851412163891449,-0.048860607895092834
2014-04-11,-0.15674477925180486,-0.09851412163891449,-0.048125254056411104
2014-04-13,-0.15654577905692935,-0.09851412163891449,-0.04801293737263679
2014-04-14,-0.15714441565027615,-0.09851412163891449,-0.04835077093723983
2014-04-15,-0.16159111336144993,-0.09851412163891449,-0.05086110398081711
2014-04-16,-0.15349509159997876,-0.09851412163891449,-0.04627846579598194
2014-04-17,-0.1501139556310126,-0.09851412163891449,-0.04437377383750907
2014-04-20,-0.15012695098342377,-0.09851412163891449,-0.04438107993440554
2014-04-21,-0.14346642779394403,-0.09851412163891449,-0.040636448907002354
2014-04-22,-0.14298801696339924,-0.09851412163891449,-0.040368526009309846
2014-04-23,-0.14927323532122727,-0.09851412163891449,-0.04388743442393017
2014-04-24,-0.15000063562786958,-0.09851412163891449,-0.044296188798577774
2014-04-25,-0.154383910356226,-0.09851412163891449,-0.04676037438448544
2014-04-27,-0.15429709318992701,-0.09864769717750843,-0.046782063103375404
2014-04-28,-0.1567818100067785,-0.09900823809863735,-0.04837300732757355
2014-04-29,-0.15858842586874478,-0.100248323622106,-0.05004733834784303
2014-04-30,-0.1587960555560346,-0.10060822429265714,-0.05035453571458304
2014-05-01,-0.15241377830856884,-0.10060822429265714,-0.04675202012968871
2014-05-02,-0.14952559667235077,-0.10060822429265714,-0.045127906122308103
2014-05-04,-0.1494516711323357,-0.10060822429265714,-0.04508640608720471
2014-05-05,-0.15394836569017178,-0.10060822429265714,-0.047610633468068486
2014-05-06,-0.1597981477143744,-0.10060822429265714,-0.05090314539668439
2014-05-07,-0.16091310420430005,-0.10060822429265714,-0.05153287603505974
2014-05-08,-0.16052341846187446,-0.10060822429265714,-0.0513126341761887
2014-05-09,-0.1527477345820144,-0.10060822429265714,-0.04691900770721247
2014-05-11,-0.15263015102420996,-0.10060822429265714,-0.04685287235501345
2014-05-12,-0.13939614154349744,-0.10060822429265714,-0.0394098661287392
2014-05-13,-0.13978667333404937,-0.10060822429265714,-0.03962781831503304
2014-05-14,-0.13883081933743102,-0.10060822429265714,-0.039094243933162964
2014-05-15,-0.13381586637541365,-0.10060822429265714,-0.03629636328681918
2014-05-16,-0.1328720840784885,-0.10060822429265714,-0.03577134418493011
2014-05-18,-0.1327221433893746,-0.10060822429265714,-0.035687978682296895
2014-05-19,-0.1312108283700696,-0.10060822429265714,-0.0348477754936618
2014-05-20,-0.1326813576631798,-0.10060822429265714,-0.035664593120304566
2014-05-21,-0.1325530289852248,-0.10060822429265714,-0.03559325146924952
2014-05-22,-0.1302131510884793,-0.10060822429265714,-0.03429254139142224
2014-05-23,-0.12580035827449265,-0.10060822429265714,-0.03184282227972579
2014-05-25,-0.12563394841313713,-0.10060822429265714,-0.031750674620298236
2014-05-26,-0.12496857916706827,-0.10060822429265714,-0.03138226866351079
2014-05-27,-0.11737614714026756,-0.10060822429265714,-0.027180039972039327
2014-05-28,-0.11543051417076955,-0.10060822429265714,-0.02610781051580857
2014-05-29,-0.11365619333778465,-0.10060822429265714,-0.025131065766772376
2014-05-30,-0.11135765622275406,-0.10060822429265714,-0.023867012015404643
2014-06-01,-0.11212933127988534,-0.10060822429265714,-0.02429083690094236
2014-06-02,-0.10740304440601545,-0.10060822429265714,-0.021693903826828453
2014-06-03,-0.10539857059739743,-0.10060822429265714,-0.020595429910745366
2014-06-04,-0.1046780041143951,-0.10060822429265714,-0.020200993861734684
2014-06-05,-0.10312358383191678,-0.10060822429265714,-0.01935045100961419
2014-06-06,-0.102162726419186,-0.10060822429265714,-0.018825147650393115
2014-06-08,-0.1037530437774794,-0.10060822429265714,-0.019694113244230094
2014-06-09,-0.10135311816143566,-0.10060822429265714,-0.018381606020161145
2014-06-10,-0.0965810426971282,-0.10060822429265714,-0.015775266896366213
2014-06-11,-0.09519272485830699,-0.10060822429265714,-0.015019019341822926
2014-06-12,-0.10151926347940998,-0.10060822429265714,-0.018462581515994336
2014-06-13,-0.10060323223161927,-0.10060822429265714,-0.01796222635552125
2014-06-15,-0.10037094397964941,-0.10060822429265714,-0.017835410335060087
2014-06-16,-0.09527084267585129,-0.10060822429265714,-0.015051407933863059
2014-06-17,-0.09173173641014254,-0.10060822429265714,-0.013124954196099048
2014-06-18,-0.09067681553663176,-0.10060822429265714,-0.01255184428623024
2014-06-19,-0.09748518594143041,-0.10060822429265714,-0.016248501819273398
2014-06-20,-0.09552234980803342,-0.10060822429265714,-0.01517874487078108
2014-06-22,-0.09541798074745322,-0.10060822429265714,-0.0151219248547112
2014-06-23,-0.09165974180563685,-0.10060822429265714,-0.013076003613644138
2014-06-24,-0.0868439581047522,-0.10060822429265714,-0.010459796496909313
2014-06-25,-0.0839409070937398,-0.10060822429265714,-0.008886853014952845
2014-06-26,-0.08784134022047618,-0.10060822429265714,-0.010996853658350236
2014-06-27,-0.08830081097510434,-0.10060822429265714,-0.011245943011998993
2014-06-29,-0.08878273151870875,-0.10060822429265714,-0.011507268731255293
2014-06-30,-0.0776780551167634,-0.10060822429265714,-0.005484066424790379
2014-07-01,-0.0714007494613973,-0.10060822429265714,-0.0020997381385466918
2014-07-02,-0.07090986037044222,-0.10060822429265714,-0.0018359761593479407
2014-07-03,-0.06434115753041736,-0.10060822429265714,0.0
2014-07-04,-0.060962489665038366,-0.10060822429265714,0.0
2014-07-06,-0.06137699217709591,-0.10060822429265714,-0.000220706046081931
2014-07-07,-0.05946123756902921,-0.10060822429265714,0.0
2014-07-08,-0.06338191694804651,-0.10060822429265714,-0.0020842731504674417
2014-07-09,-0.061552180421289515,-0.10060822429265714,-0.001109530675876158
2014-07-10,-0.06058160187229933,-0.10060822429265714,-0.0005929853538614305
2014-07-11,-0.055249986370868864,-0.10060822429265714,0.0
2014-07-13,-0.054805754520584005,-0.10060822429265714,0.0
2014-07-14,-0.050090790378161776,-0.10060822429265714,0.0
2014-07-15,-0.05299732398384083,-0.10060822429265714,-0.0015299007401117226
2014-07-16,-0.050869325165974866,-0.10060822429265714,-0.0004080754038633394
2014-07-17,-0.05947637156698038,-0.10060822429265714,-0.004940398668293655
2014-07-18,-0.04805951464846381,-0.10060822429265714,0.0
2014-07-20,-0.048504673308343293,-0.10060822429265714,-0.00023381643428854737
2014-07-21,-0.043463465605560136,-0.10060822429265714,0.0
2014-07-22,-0.03604695397946256,-0.10060822429265714,0.0
2014-07-23,-0.0340017120681696,-0.10060822429265714,0.0
2014-07-24,-0.030377699813362136,-0.10060822429265714,0.0
2014-07-25,-0.031046620870896602,-0.10060822429265714,-0.0003449389816042592
2014-07-27,-0.032781384645027445,-0.10060822429265714,-0.001239804216524032
2014-07-28,-0.03477190209944514,-0.10060822429265714,-0.0022675189290634057
2014-07-29,-0.028549454438963506,-0.10060822429265714,0.0
2014-07-30,-0.027359835354915485,-0.10060822429265714,0.0
2014-07-31,-0.02450024005322038,-0.10060822429265714,0.0
2014-08-01,-0.024657670961002243,-0.10060822429265714,-8.06924379922469e-05
2014-08-03,-0.025702249750252926,-0.10060822429265714,-0.0006161426427785388
2014-08-04,-0.02700062315086893,-0.10060822429265714,-0.0012820445280417037
2014-08-05,-0.02770157950905805,-0.10060822429265714,-0.0016417866396926106
2014-08-06,-0.04860642426973483,-0.10060822429265714,-0.01237435753871019
2014-08-07,-0.04556810258403965,-0.10060822429265714,-0.010797342261654297
2014-08-08,-0.03934806092385812,-0.10060822429265714,-0.007574020745392596
2014-08-10,-0.03882857672496287,-0.10060822429265714,-0.007305687546954376
2014-08-11,-0.03552114044466681,-0.10060822429265714,-0.0055977335312891174
2014-08-12,-0.03782349874418711,-0.10060822429265714,-0.006784628551632865
2014-08-13,-0.028123872420315443,-0.10060822429265714,-0.0017783651739673445
2014-08-14,-0.030466851797558148,-0.10060822429265714,-0.002981611471486567
2014-08-15,-0.031631070443370324,-0.10060822429265714,-0.003580222978630365
2014-08-17,-0.03166545174370461,-0.10060822429265714,-0.0035979115922192273
2014-08-18,-0.02935509724323626,-0.10060822429265714,-0.0024092510960227465
2014-08-19,-0.024609945313386228,-0.10060822429265714,0.0
2014-08-20,-0.014194951815791224,-0.10060822429265714,0.0
2014-08-21,-0.0131900930991099,-0.10060822429265714,0.0
2014-08-22,-0.0120098690886421,-0.10060822429265714,0.0
2014-08-25,-0.0077337788723476075,-0.10060822429265714,0.0
2014-08-26,-0.007162590067639862,-0.10060822429265714,0.0
2014-08-27,-0.008493932315459363,-0.10060822429265714,-0.0006704734503859555
2014-08-28,-0.010627597176543269,-0.10060822429265714,-0.0017457237009579352
2014-08-29,-0.009718816987174583,-0.10060822429265714,-0.0012872544189845847
2014-08-31,-0.009730372069270965,-0.10060822429265714,-0.0012930811518176988
2014-09-01,-0.009952837424555105,-0.10060822429265714,-0.0014052615536293
2014-09-02,-0.005548961487007897,-0.10060822429265714,0.0
2014-09-03,-0.002577746673992798,-0.10060822429265714,0.0
2014-09-04,0.0,-0.10060822429265714,0.0
2014-09-05,-0.003198736045157191,-0.10060822429265714,-0.00159936802257854
2014-09-07,-0.003079957218198537,-0.10060822429265714,-0.0015398833187616479
2014-09-08,0.0,-0.10060822429265714,0.0
2014-09-09,0.0,-0.10060822429265714,0.0
2014-09-10,0.0,-0.10060822429265714,0.0
2014-09-11,0.0,-0.10060822429265714,0.0
2014-09-12,-0.0014842751168780977,-0.10060822429265714,-0.0007421375584389933
2014-09-14,-0.0015983809243871328,-0.10060822429265714,-0.0007992328662355108
2014-09-15,-0.005170601262677654,-0.10060822429265714,-0.0025867726869818197
2014-09-16,-0.0031507137534699803,-0.10060822429265714,-0.0015742058479213394
2014-09-17,-0.0003278001070331493,-0.10060822429265714,-0.00016051681882112145
2014-09-18,0.0,-0.10060822429265714,0.0
2014-09-19,0.0,-0.10060822429265714,0.0
2014-09-21,-1.2690051706343297e-05,-0.10060822429265714,-6.345025853282671e-06
2014-09-22,-0.004086278002496502,-0.10060822429265714,-0.0020431519249226593
2014-09-23,-0.003182821794251889,-0.10060822429265714,-0.0015904970964775167
2014-09-24,-0.0018744246314844615,-0.10060822429265714,-0.0009352534924144118
2014-09-25,-0.007594232122029809,-0.10060822429265714,-0.003797848220790212
2014-09-26,-0.002510905186620116,-0.10060822429265714,-0.001246461784332742
2014-09-28,-0.0024807942352168544,-0.10060822429265714,-0.0012313872239140267
2014-09-29,-0.003768332725866741,-0.10060822429265714,-0.0018759627993869543
2014-09-30,-0.0027233551483082374,-0.10060822429265714,-0.0013524815285340663
2014-10-01,-0.01060222060611804,-0.10060822429265714,-0.0052973294693892115
2014-10-02,-0.011895735442925104,-0.10060822429265714,-0.005947554631270613
2014-10-03,-0.007335646480767122,-0.10060822429265714,-0.0036537847597458706
2014-10-05,-0.007323665227033205,-0.10060822429265714,-0.0036477719132236297
2014-10-06,-0.014283089625386824,-0.10060822429265714,-0.0071403695317046045
2014-10-07,-0.020377633170603704,-0.10060822429265714,-0.010209722501350438
2014-10-08,-0.020936545389869554,-0.10060822429265714,-0.01049207920294093
2014-10-09,-0.02551748595842951,-0.10060822429265714,-0.012806983796686433
2014-10-10,-0.027661565407217537,-0.10060822429265714,-0.01389300649464631
2014-10-12,-0.027649903413829557,-0.10060822429265714,-0.013887092929559586
2014-10-13,-0.03636543173491147,-0.10060822429265714,-0.018306537633443365
2014-10-14,-0.04160247174123677,-0.10060822429265714,-0.02097412974028212
2014-10-15,-0.044943824534047994,-0.10060822429265714,-0.02268076541565278
2014-10-16,-0.04392601506575,-0.10060822429265714,-0.022159997739330306
2014-10-17,-0.03896616003217035,-0.10060822429265714,-0.019623612096757892
2014-10-19,-0.038998366084766034,-0.10060822429265714,-0.0196400392256475
2014-10-20,-0.03779634827440681,-0.10060822429265714,-0.01902692365340186
2014-10-21,-0.035894137715339114,-0.10060822429265714,-0.01805726544194064
2014-10-22,-0.03504434588151206,-0.10060822429265714,-0.017624508547829487
2014-10-23,-0.031158704430059525,-0.10060822429265714,-0.0156466151005058
2014-10-24,-0.02955559133177954,-0.10060822429265714,-0.014832224853163933
2014-10-26,-0.029565803928158996,-0.10060822429265714,-0.014837408622972892
2014-10-27,-0.03116784045620835,-0.10060822429265714,-0.015650584036536297
2014-10-28,-0.029122454471254167,-0.10060822429265714,-0.014611511128047372
2014-10-29,-0.025533450649338207,-0.10060822429265714,-0.012790188207911446
2014-10-30,-0.023943009126987436,-0.10060822429265714,-0.011984568211518165
2014-10-31,-0.015023363557964076,-0.10060822429265714,-0.007470104634756947
2014-11-02,-0.015063170094092526,-0.10060822429265714,-0.007490160530336798
2014-11-03,-0.012984304063589525,-0.10060822429265714,-0.006442735493742968
2014-11-04,-0.01237841325688549,-0.10060822429265714,-0.00613778228227102
2014-11-05,-0.01065205684708137,-0.10060822429265714,-0.005269149785244731
2014-11-06,-0.008952003838547662,-0.10060822429265714,-0.004414498402840472
2014-11-07,-0.013802710867533596,-0.10060822429265714,-0.006850956379274908
2014-11-09,-0.01379077406722573,-0.10060822429265714,-0.006844945907566902
2014-11-10,-0.009822405722579974,-0.10060822429265714,-0.004846787213473425
2014-11-11,-0.011227196517656912,-0.10060822429265714,-0.005552712130929338
2014-11-12,-0.012123414804139032,-0.10060822429265714,-0.0060033929350493676
2014-11-13,-0.016352128702918356,-0.10060822429265714,-0.008130848596325957
2014-11-14,-0.017916693191380006,-0.10060822429265714,-0.008919669116742579
2014-11-16,-0.017705830933372857,-0.10060822429265714,-0.008813272116107385
2014-11-17,-0.017877635536733827,-0.10060822429265714,-0.008899952078181506
2014-11-18,-0.017312107989726933,-0.10060822429265714,-0.008614603531391318
2014-11-19,-0.015226329910086434,-0.10060822429265714,-0.007562484163053829
2014-11-20,-0.017643097604405966,-0.10060822429265714,-0.008780272066890804
2014-11-21,-0.016823535068059225,-0.10060822429265714,-0.00836679375146343
2014-11-23,-0.01681955448181427,-0.10060822429265714,-0.00836478633893789
2014-11-24,-0.01646969892532657,-0.10060822429265714,-0.008188354285651012
2014-11-25,-0.01893290672516057,-0.10060822429265714,-0.009430328314829595
2014-11-26,-0.019525490426411718,-0.10060822429265714,-0.009729490037008515
2014-11-27,-0.020708747040998343,-0.10060822429265714,-0.010327029350729933
2014-11-28,-0.02367126724838753,-0.10060822429265714,-0.011823992672620354
2014-11-30,-0.024152509274295797,-0.10060822429265714,-0.012067533504599992
2014-12-01,-0.027064134054945232,-0.10060822429265714,-0.013541374795577377
2014-12-02,-0.02048472530045964,-0.10060822429265714,-0.010205947075322075
2014-12-03,-0.01914476166896517,-0.10060822429265714,-0.009528934644864928
2014-12-04,-0.021241108072475368,-0.10060822429265714,-0.010587383626169733
2014-12-05,-0.017590919519044235,-0.10060822429265714,-0.008742423321494885
2014-12-07,-0.01764060689082858,-0.10060822429265714,-0.008767490772888187
2014-12-08,-0.020674439009134238,-0.10060822429265714,-0.010298108306703413
2014-12-09,-0.021713592603926246,-0.10060822429265714,-0.010823190219956591
2014-12-10,-0.02805764900791441,-0.10060822429265714,-0.014030529822816273
2014-12-11,-0.027926075992799504,-0.10060822429265714,-0.013963793881188624
2014-12-12,-0.04112389550849427,-0.10060822429265714,-0.020657486388982016
2014-12-14,-0.041107895953568674,-0.10060822429265714,-0.02064931586295482
2014-12-15,-0.040103468764548955,-0.10060822429265714,-0.020136387218229856
2014-12-16,-0.044256222520343336,-0.10060822429265714,-0.022255955403828187
2014-12-17,-0.04260675693860527,-0.10060822429265714,-0.02141223808789472
2014-12-18,-0.033478839439281094,-0.10060822429265714,-0.01674724362437674
2014-12-19,-0.026806054757115838,-0.10060822429265714,-0.013353094484572114
2014-12-21,-0.026583317542018592,-0.10060822429265714,-0.01324018637150115
2014-12-22,-0.02576214846622571,-0.10060822429265714,-0.012823973736773908
2014-12-23,-0.02742308479973843,-0.10060822429265714,-0.013665470773155608
2014-12-24,-0.021374747107328673,-0.10060822429265714,-0.010598523461734177
2014-12-25,-0.02132698310348402,-0.10060822429265714,-0.010574378480910473
2014-12-26,-0.020364541879850262,-0.10060822429265714,-0.010087870735509985
2014-12-28,-0.021564828524510804,-0.10060822429265714,-0.010694309742129704
2014-12-29,-0.027071162805901716,-0.10060822429265714,-0.01347806486247527
2014-12-30,-0.025025881908174896,-0.10060822429265714,-0.012441136778945205
2014-12-31,-0.01880683347594747,-0.10060822429265714,-0.009291475528415138
2015-01-01,-0.020505792256896305,-0.10060822429265714,-0.010149192950650532
2015-01-02,-0.02064205696110688,-0.10060822429265714,-0.010218045694428302
2015-01-04,-0.021555458138894812,-0.10060822429265714,-0.01067960727630024
2015-01-05,-0.0375236778014052,-0.10060822429265714,-0.018752464076934205
2015-01-06,-0.042805937411925954,-0.10060822429265714,-0.021445103941097
2015-01-07,-0.03830207730672286,-0.10060822429265714,-0.01914291960389225
2015-01-08,-0.030189459233571858,-0.10060822429265714,-0.015005799885823845
2015-01-09,-0.03161645902485033,-0.10060822429265714,-0.015730470560604615
2015-01-11,-0.031600716108787896,-0.10060822429265714,-0.015722469974096764
2015-01-12,-0.03328660997544863,-0.10060822429265714,-0.016579238188698775
2015-01-13,-0.027741670144647013,-0.10060822429265714,-0.013758852638610208
2015-01-14,-0.02839927384922558,-0.10060822429265714,-0.01409238325089579
2015-01-15,-0.02842445651323544,-0.10060822429265714,-0.014105159991170457
2015-01-16,-0.029445636456877033,-0.10060822429265714,-0.014623275151595116
2015-01-18,-0.0282053216568251,-0.10060822429265714,-0.013993646672570859
2015-01-19,-0.028213396479549457,-0.10060822429265714,-0.013997743127658335
2015-01-20,-0.029754961225379795,-0.10060822429265714,-0.014779800789802122
2015-01-21,-0.028197426446639695,-0.10060822429265714,-0.01398901358468263
2015-01-22,-0.024782474526655496,-0.10060822429265714,-0.012256573167864104
2015-01-23,-0.02385847951512865,-0.10060822429265714,-0.011788641667854316
2015-01-25,-0.024719373547627765,-0.10060822429265714,-0.012224411094409082
2015-01-26,-0.021931407078805476,-0.10060822429265714,-0.010812568622664442
2015-01-27,-0.02525553064843966,-0.10060822429265714,-0.012493524988723914
2015-01-28,-0.02069217067514595,-0.10060822429265714,-0.01018197172367552
2015-01-29,-0.017780959917571115,-0.10060822429265714,-0.008710744390618252
2015-01-30,-0.019514550827521737,-0.10060822429265714,-0.009585544192153406
2015-02-01,-0.018687878604639385,-0.10202574115541996,-0.009948510501627705
2015-02-02,-0.017570276233377147,-0.10238493085895772,-0.009582743043087483
2015-02-03,-0.02471491646250401,-0.10238493085895772,-0.013184107500254894
2015-02-04,-0.018539377519452893,-0.09909248593142284,-0.008250014869045308
2015-02-05,-0.02277269482749955,-0.10758781311735244,-0.015064838203192599
2015-02-06,-0.023859501724814214,-0.10751243234290597,-0.015570929704786574
2015-02-08,-0.024177584556618226,-0.10720586865536641,-0.015562249069403733
2015-02-09,-0.02776543735147463,-0.10756298630790428,-0.017568901224368716
2015-02-10,-0.023063548356953123,-0.10184245578886686,-0.012044603880671745
2015-02-11,-0.02139068558064583,-0.09828627224476805,-0.009242872808440827
2015-02-12,-0.015878214682239822,-0.10769984070479677,-0.01162399809821324
2015-02-13,-0.01940250696132262,-0.11549899500363814,-0.01771321459808839
2015-02-15,-0.020196528734478858,-0.11453502713162389,-0.017575639876528548
2015-02-16,-0.017413269659930175,-0.11488921312077116,-0.01637677272360094
2015-02-17,-0.027141848786128464,-0.12025356707076462,-0.0242268955483389
2015-02-18,-0.013959155569062354,-0.11520651940488547,-0.014816826239061331
2015-02-19,-0.015380993674010801,-0.11351835944814859,-0.01458727665483106
2015-02-20,-0.01399028857014406,-0.11151045457291364,-0.012775370342350656
2015-02-22,-0.013796862579764868,-0.11178072960599839,-0.012828693110744638
2015-02-23,-0.004864138827484266,-0.11213601731415601,-0.008555380805808421
2015-02-24,-0.000646339268695062,-0.11327344276036111,-0.007089363837812335
2015-02-25,-0.001484268536125155,-0.11554969731536735,-0.008780043514539537
2015-02-26,-0.003391609247958449,-0.11394932861319873,-0.008829964231319543
2015-02-27,-0.006614334777228725,-0.11434661062347029,-0.010654741406584844
2015-03-01,-0.0061982476367639094,-0.11493381411939974,-0.010775520512070758
2015-03-02,-0.00392453420917549,-0.11528784059375186,-0.009841744852579604
2015-03-03,-0.009098395399552706,-0.11751775405891873,-0.013661152687576839
2015-03-04,-0.006360580083655032,-0.11308623949128782,-0.00982202547976363
2015-03-05,0.0,-0.10334675913551916,0.0
2015-03-06,-0.00203862245524411,-0.09948341171194308,0.0
2015-03-08,-0.0031776006845279925,-0.09783673764537737,0.0
2015-03-09,-0.005074871918212542,-0.09819760295031921,-0.0011516596110738853
2015-03-10,-0.0023476402001083585,-0.09473047964044357,0.0
2015-03-11,-0.0059940602092376505,-0.08923388865509385,0.0
2015-03-12,-0.0001484564987351833,-0.08888685385293604,0.0
2015-03-13,0.0,-0.08005976951196048,0.0
2015-03-15,-0.0002351589063478432,-0.07960585804142839,0.0
2015-03-16,-0.0018400414597625758,-0.07997401569821172,-0.0010026300223057172
2015-03-17,0.0,-0.07584550205638185,0.0
2015-03-18,0.0,-0.07817916298135963,-2.237437118279839e-05
2015-03-19,0.0,-0.07571783351245942,0.0
2015-03-20,-0.010937075489064751,-0.08903894428759196,-0.012674730430125014
2015-03-22,-0.007733556350338122,-0.09368440420408397,-0.01359322514389949
2015-03-23,-0.012004809004321104,-0.1003761638723184,-0.019357795368425967
2015-03-24,-0.007724299604155438,-0.10003407339745074,-0.01704701991235713
2015-03-25,-0.014367731891273161,-0.11086541779585624,-0.026252586087743945
2015-03-26,-0.018277288031327776,-0.11446468138845245,-0.030154683639540547
2015-03-27,-0.005645646127243276,-0.10485558750179702,-0.018653296814098885
2015-03-29,-0.00635759026596594,-0.10365507344227287,-0.018346550529544925
2015-03-30,-0.012515570950776711,-0.10096412829956403,-0.019914864530163667
2015-03-31,-0.008341202317549978,-0.09549146028063193,-0.014860301527698239
2015-04-01,-0.0129961203852067,-0.09982590741474262,-0.019532877704981577
2015-04-02,-0.01630751184502721,-0.10378023776862544,-0.023331130867289995
2015-04-05,-0.016462392530232295,-0.10348464177584615,-0.023246953207911814
2015-04-06,-0.02420089399802594,-0.11138267933588841,-0.03139196742535155
2015-04-07,-0.01961593792716032,-0.09880565441088163,-0.022261797805047223
2015-04-08,-0.0140973722864558,-0.09625779503307952,-0.01812782953512082
2015-04-09,-0.009466021819698911,-0.09084538969739464,-0.01288146275111901
2015-04-10,-0.009428969000014553,-0.09087392756256407,-0.012878492776893236
2015-04-12,-0.009516428436276647,-0.09061756002422972,-0.012782889344961634
2015-04-13,-0.005177349808694776,-0.08701256420458581,-0.00866372988472508
2015-04-14,-0.004733204683574077,-0.09029300735048029,-0.010223414236774198
2015-04-15,-0.006999504216404495,-0.0922018769758276,-0.012388754397157031
2015-04-16,-0.008672857543156276,-0.09341263771730957,-0.013879495304260692
2015-04-17,-0.010263772536982518,-0.09960211751297454,-0.018037010305481216
2015-04-19,-0.010223968056416344,-0.10014511280475269,-0.01831335640794063
2015-04-20,-0.011008446493376511,-0.09744845259290047,-0.017231444198679502
2015-04-21,-0.012905738818302592,-0.09587908283518676,-0.01731969509805109
2015-04-22,-0.013986202862586894,-0.09946052399362582,-0.019803828309402305
2015-04-23,-0.016423791749464733,-0.09918750683634125,-0.02086684832198904
2015-04-24,-0.005522330982672186,-0.09287803879134582,-0.012011719555385825
2015-04-26,-0.005521104118591413,-0.09303775704051775,-0.01209808837454629
2015-04-27,-0.007900562938512157,-0.09329145745620604,-0.01341812016155619
2015-04-28,-0.01440619966293788,-0.10105401636276623,-0.020876035262104353
2015-04-29,-0.024385238342355064,-0.10905100244197907,-0.030187924414609824
2015-04-30,-0.0231277632745569,-0.10919469006338256,-0.0296411295614889
2015-05-01,-0.019070593045666495,-0.10848614959088276,-0.027240161768829596
2015-05-03,-0.01907025362104342,-0.10799568708939222,-0.02697241365422942
2015-05-04,-0.02259794233895407,-0.10845980859087734,-0.028975188345411462
2015-05-05,-0.028707800185673316,-0.11562335997460793,-0.03591129111306646
2015-05-06,-0.034391711007480286,-0.12405668972220407,-0.04332889759471581
2015-05-07,-0.02608161811033116,-0.1158118307078363,-0.03470995153233092
2015-05-08,-0.024796025184285364,-0.11191872525548618,-0.03194775020377061
2015-05-10,-0.024822197244096622,-0.11192319789308613,-0.031963177963816425
2015-05-11,-0.035793023305927596,-0.1178524762285722,-0.04063998991609896
2015-05-12,-0.0312946775423929,-0.11837568769432139,-0.03868662691203706
2015-05-13,-0.03505845073967162,-0.12472375038325678,-0.04401508188071224
2015-05-14,-0.04126038988299574,-0.12483237858273388,-0.047146590480904194
2015-05-15,-0.03430682647648442,-0.11916668167188416,-0.04060684333234099
2015-05-17,-0.03433433068511116,-0.11917576594987367,-0.04062545296396247
2015-05-18,-0.04080475041433074,-0.12080085111653893,-0.04472458973350024
2015-05-19,-0.03230008898284897,-0.11276108332176404,-0.03612191595111369
2015-05-20,-0.029248989822612592,-0.10795366115901228,-0.031991049157352625
2015-05-21,-0.0292130793299773,-0.10903860636969831,-0.032561811735789314
2015-05-22,-0.024408970587447065,-0.10444639497852803,-0.02767484843518897
2015-05-24,-0.022531391431408032,-0.10331279744455801,-0.02612381381231177
2015-05-25,-0.02170463642481113,-0.10300547186382492,-0.02554506511492516
2015-05-26,-0.011854443875712994,-0.09155334243379598,-0.014418761091942067
2015-05-27,-0.004338110090837621,-0.08406553821499274,-0.006608556801731669
2015-05-28,-0.002874512678577301,-0.08287826625162087,-0.0052345893987817416
2015-05-29,-0.00735688451662686,-0.08481121718172902,-0.008518768135817534
2015-05-31,-0.005187018452951109,-0.08359551233258244,-0.006776580474118554
2015-06-01,-0.011208236124231719,-0.08573065190508544,-0.010939439176073429
2015-06-02,-0.03133781926138357,-0.10081892790195279,-0.029168248124540663
2015-06-03,-0.03616703630663065,-0.10565660859182702,-0.03419984891233718
2015-06-04,-0.034263164710187644,-0.10608133798100894,-0.03347530253928055
2015-06-05,-0.03715605652945042,-0.10615528921325201,-0.03496290733735086
2015-06-07,-0.037311168247681215,-0.10626115005556047,-0.03509778604193303
2015-06-08,-0.04230627206288551,-0.11284132209749398,-0.041153137179374744
2015-06-09,-0.049674263374973604,-0.1170862560049597,-0.04713554471471004
2015-06-10,-0.05043542255384037,-0.1195924314300123,-0.04886950723232686
2015-06-11,-0.033639640628445266,-0.11097660749986804,-0.035803801933068646
2015-06-12,-0.03156739927888774,-0.11057169112748055,-0.034550424283246395
2015-06-14,-0.03154968367374722,-0.11055266787176632,-0.0345312691587657
2015-06-15,-0.03179662671713901,-0.108397304779564,-0.03348456915242859
2015-06-16,-0.03165766400419334,-0.10852723766964212,-0.033485633874026255
2015-06-17,-0.03350994066110913,-0.10973096501873136,-0.03506255072374864
2015-06-18,-0.030220775455187088,-0.1089347762174242,-0.03298912677579391
2015-06-19,-0.023194477934189384,-0.1039891336762998,-0.026802426447920746
2015-06-21,-0.02318644370123424,-0.1039778344530855,-0.026792287872684617
2015-06-22,-0.03186426527329822,-0.10590060441654436,-0.0321593828912875
2015-06-23,-0.04178028874025075,-0.10837030565536354,-0.038452578710547636
2015-06-24,-0.04121534241168057,-0.10833452647093744,-0.038149832155783936
2015-06-25,-0.04519471260809449,-0.1128888862534615,-0.0426022999239446
2015-06-26,-0.05566166553690677,-0.11870834404253738,-0.05099025516417177
2015-06-28,-0.0563418076874459,-0.1191414556385394,-0.05156520434430678
2015-06-29,-0.05826399643292113,-0.12282491919456928,-0.054514186294153055
2015-06-30,-0.07730597729364408,-0.13389107726560168,-0.07003705959105655
2015-07-01,-0.07091524519513726,-0.13102433179364303,-0.06527747230772585
2015-07-02,-0.0692424682727123,-0.12732814761851452,-0.06244808948727287
2015-07-03,-0.06786269820563606,-0.1263019097177437,-0.061201900879995
2015-07-05,-0.06553780349645688,-0.1245370063859631,-0.0590829430843508
2015-07-06,-0.05523044794588994,-0.11873033954952106,-0.050773264551593256
2015-07-07,-0.0455053725126261,-0.11059717695945781,-0.041507620292124514
2015-07-08,-0.046576689367377355,-0.11055349890214716,-0.04202198673876678
2015-07-09,-0.05809775667988504,-0.12085765892814715,-0.053359085473750456
2015-07-10,-0.05675509111255572,-0.12418761185888438,-0.054477184859697214
2015-07-12,-0.05652954499671292,-0.12399346329847027,-0.054259338535398216
2015-07-13,-0.05350141168431044,-0.11738984931100371,-0.04917698276350435
2015-07-14,-0.046393333986422425,-0.11727197752592966,-0.04554321519763593
2015-07-15,-0.04244482062793342,-0.11320712309540493,-0.04136962021518664
2015-07-16,-0.036634745805329216,-0.1101870908574214,-0.036828981032925645
2015-07-17,-0.027768670650673233,-0.10679860232772898,-0.030562915807959223
2015-07-19,-0.02797934780526845,-0.10695201079623329,-0.030751202658506838
2015-07-20,-0.017561341307998135,-0.10580431338100438,-0.02493424031693836
2015-07-21,-0.016541980396569733,-0.10451781422795725,-0.02372696049601275
2015-07-22,-0.015628324523775605,-0.10368696885125583,-0.022820567735764685
2015-07-23,-0.011276362703766307,-0.10021353260463062,-0.01876707863254934
2015-07-24,-0.01065794575968071,-0.10498177745085291,-0.02106014007986079
2015-07-26,-0.010391277735233406,-0.1048189858530324,-0.020839180076328456
2015-07-27,0.0,-0.10665183405118828,-0.016099254728756507
2015-07-28,-0.0015357450914771364,-0.10846222790254323,-0.01785171563132759
2015-07-29,0.0,-0.10967183498852229,-0.017164706741144786
2015-07-30,0.0,-0.10694008191496207,-0.014643600369389609
2015-07-31,0.0,-0.0995886725828854,-0.008053406435963972
2015-08-02,-0.00048653327622949494,-0.09986800711801314,-0.008448579705733983
2015-08-03,0.0,-0.0938872030473229,-0.004826114553776462
2015-08-04,-0.00419944979989173,-0.10078338245836682,-0.010702705573928606
2015-08-05,-0.004943118187024975,-0.10112924951242186,-0.011262368897822728
2015-08-06,-0.007718451590587039,-0.10215801839152183,-0.013207034351323532
2015-08-07,-0.012769639543567024,-0.10642059204939147,-0.018061096209226912
2015-08-09,-0.011210659201731032,-0.10556405844613559,-0.016815169072233127
2015-08-10,-0.021523512767431918,-0.11706887978890501,-0.028265552821893802
2015-08-11,-0.013687646628852135,-0.11223595531592068,-0.02171511081210198
2015-08-12,0.0,-0.1101867998940782,-0.013575177955455375
2015-08-13,-0.005832323326723787,-0.11368385936978165,-0.018390128861530797
2015-08-14,-0.0021908753103799805,-0.11287744861723115,-0.016145846623440763
2015-08-16,-0.001878786052527337,-0.11272900960828014,-0.015909671995076313
2015-08-17,0.0,-0.10700733160366305,-0.01141064230631128
2015-08-18,0.0,-0.10819040056504936,-0.010306489504992578
2015-08-19,-0.0015442644250615034,-0.10435057630316125,-0.008940024449415773
2015-08-20,-0.015476762386506526,-0.11469565236686707,-0.02157822433087042
2015-08-21,-0.03487908074993418,-0.12546970742012487,-0.0371729036463353
2015-08-23,-0.03412110128579793,-0.12518520605908234,-0.03663820167048615
2015-08-24,-0.03928697257157254,-0.12359788070440103,-0.03834041050293446
2015-08-25,-0.04448103222221689,-0.12554521343291802,-0.04200838492394887
2015-08-26,-0.035169061722023276,-0.12483811057067762,-0.03695302486783136
2015-08-27,-0.029915567166766466,-0.1277869091747842,-0.03595359513927099
2015-08-28,-0.027700250484335,-0.13118681339985216,-0.036731767285546946
2015-08-30,-0.02771675647507521,-0.13119625295662074,-0.0367451765204011
2015-08-31,-0.02856288621663572,-0.13124851264905013,-0.03719328342344208
2015-09-01,-0.026237666890056244,-0.13050190117830684,-0.035627280947667206
2015-09-02,-0.03276750801173833,-0.1299019956033759,-0.03852803723410758
2015-09-03,-0.028962634671755083,-0.12481913096618302,-0.03382860823804501
2015-09-04,-0.0349386059772796,-0.1223819031343285,-0.0354563103955261
2015-09-06,-0.031732158865714455,-0.12090450853778623,-0.033042083705987046
2015-09-07,-0.02908505339455625,-0.1228990995026118,-0.03281729311394743
2015-09-08,-0.030512245341534072,-0.13481585058911705,-0.04009847077939166
2015-09-09,-0.03554153551266426,-0.13144981205330097,-0.040720980815810104
2015-09-10,-0.03808207639166883,-0.13901431186428714,-0.04616177357643503
2015-09-11,-0.03874352425697891,-0.13775551074287729,-0.04579244164465235
2015-09-13,-0.03822182021340803,-0.13752446711106858,-0.04540565961065446
2015-09-14,-0.04201047682140879,-0.1392163984009257,-0.048222159623365624
2015-09-15,-0.04272045751950082,-0.14701413560397203,-0.05288586983001764
2015-09-16,-0.04103383161668195,-0.15115106824991764,-0.05434823674754197
2015-09-17,-0.0386381544794161,-0.1479623408616051,-0.05139084400165195
2015-09-18,-0.032230063896086514,-0.13997274276491833,-0.043781724286464874
2015-09-20,-0.0326621878083726,-0.14026721665129538,-0.04415891212358192
2015-09-21,-0.03262463837543805,-0.14304842188504552,-0.04568641664767126
2015-09-22,-0.03501249315153332,-0.1312210080305405,-0.04027863433133794
2015-09-23,-0.0361866134851494,-0.1319701887593212,-0.04127629266177202
2015-09-24,-0.03475990397661621,-0.13287743738933966,-0.041067725074164785
2015-09-25,-0.03697632408822338,-0.13584832186573337,-0.043811411768106656
2015-09-27,-0.03694386028260399,-0.1358519421098151,-0.04379729798168597
2015-09-28,-0.04519635359877183,-0.12340978983691053,-0.04101039542275309
2015-09-29,-0.04478726160766744,-0.12011623857882914,-0.03900338029850259
2015-09-30,-0.04261914739236505,-0.12450691872007735,-0.04031047857321679
2015-10-01,-0.04523239379619415,-0.12509378675375393,-0.041941906278679664
2015-10-02,-0.03473541694308446,-0.12316253792826781,-0.03561793135790281
2015-10-04,-0.036812676857738036,-0.12430671242603752,-0.037284816917871555
2015-10-05,-0.035275052767567594,-0.12822101268192443,-0.03866802337564468
2015-10-06,-0.039149908009614265,-0.1337891987482127,-0.043668724367815326
2015-10-07,-0.04047173555771977,-0.13804397682774072,-0.04667525226307068
2015-10-08,-0.041015457234088504,-0.13648984329795233,-0.046085918382197666
2015-10-09,-0.03854938999510393,-0.13774491342459205,-0.04555263813302324
2015-10-11,-0.03900484259657333,-0.13798461880346802,-0.045911372999092426
2015-10-12,-0.03325327547727419,-0.13600190061979278,-0.041959009524684565
2015-10-13,-0.03248688691448409,-0.13648462660932026,-0.04184690041336314
2015-10-14,-0.03881126239361632,-0.14006380319106593,-0.046964215987825186
2015-10-15,-0.0298197709177912,-0.14185487211322212,-0.04349909190642387
2015-10-16,-0.02314249546026259,-0.14124181074969666,-0.03986586470291542
2015-10-18,-0.023049682461050547,-0.14120001047469777,-0.039796885274516525
2015-10-19,-0.015086002033154022,-0.13601475897809645,-0.032984552082862884
2015-10-20,-0.017472295914076508,-0.1426289916391117,-0.03785750614398842
2015-10-21,-0.01676785243886847,-0.1413663654440862,-0.036804132095555886
2015-10-22,-0.003241864154603591,-0.13415500852949802,-0.026134185211282523
2015-10-23,0.0,-0.13344641404817692,-0.02109587652469258
2015-10-25,0.0,-0.13243001439562208,-0.019319573507906806
2015-10-26,-0.009542063830039194,-0.1359587737541783,-0.02599284384296696
2015-10-27,-0.010124105880131684,-0.1363290703607889,-0.026487743222144977
2015-10-28,-0.005583846746543331,-0.13771610936272882,-0.02503686220150736
2015-10-29,-0.007764404514725043,-0.1384874479509587,-0.02654187954281584
2015-10-30,-0.007869264034969126,-0.1384949909445512,-0.02659757866840251
2015-11-01,-0.0049989651024734405,-0.13723194423167606,-0.024475970940986858
2015-11-02,-0.006717427139997012,-0.13524984280698715,-0.024197810565587563
2015-11-03,-0.013531120951663755,-0.13557327071752812,-0.02772718314713074
2015-11-04,-0.010462034930691089,-0.13566001255803073,-0.026263505302928536
2015-11-05,-0.006166410845620085,-0.13217887058521172,-0.022189121664531353
2015-11-06,0.0,-0.12239562988191488,-0.01108320415920061
2015-11-08,0.0,-0.12238993561522682,-0.010978427214143327
2015-11-09,0.0,-0.11947805959721114,-0.0088508243993074
2015-11-10,0.0,-0.11672836057435776,-0.004942706342885295
2015-11-11,0.0,-0.11768944548901072,-0.005334377560299863
2015-11-12,0.0,-0.11858397493909734,-0.004353927973592464
2015-11-13,-0.007069784686577374,-0.12141020645557754,-0.009469682854167272
2015-11-15,-0.006787272598769101,-0.12137565321626598,-0.009309290402177761
2015-11-16,0.0,-0.12208297781008415,-0.005308688441805431
2015-11-17,0.0,-0.11758840575019491,0.0
2015-11-18,0.0,-0.11486041500524113,0.0
2015-11-19,-0.0010147507571466319,-0.11866815265221287,-0.0026583003352254053
2015-11-20,-0.0006889739033285602,-0.11763375641065421,-0.0019104029031532521
2015-11-22,0.0,-0.11631385188317123,0.0
2015-11-23,0.0,-0.11859674864532443,-0.0003013368177045006
2015-11-24,-0.005679151422327333,-0.12278603130449961,-0.005515825424453946
2015-11-25,-0.005862364767126427,-0.12442139731619306,-0.006534441968758631
2015-11-26,-0.0033971264211966057,-0.12338719790592345,-0.004715934646418285
2015-11-27,0.0,-0.11875141647341236,0.0
2015-11-29,0.0,-0.11792472236116769,0.0
2015-11-30,0.0,-0.12162051325593803,-0.0015391706606967537
2015-12-01,0.0,-0.12187799394571508,0.0
2015-12-02,0.0,-0.1198783483698691,0.0
2015-12-03,-0.015206708858682139,-0.13526902622322057,-0.016346849050139056
2015-12-04,-0.004558937307205024,-0.13900220626766413,-0.01315241990319449
2015-12-06,-0.004691469344351495,-0.1391175257740146,-0.01328420158575816
2015-12-07,-0.0019038885698142716,-0.12963436347606738,-0.006467796336114717
2015-12-08,-0.007851254238405936,-0.12750149405192002,-0.008210534400367453
2015-12-09,-0.020088159229202485,-0.1324382783393656,-0.017132650364511948
2015-12-10,-0.01763233727481983,-0.134016428519928,-0.01679498513013644
2015-12-11,-0.026914108462065545,-0.12940233762630104,-0.018820494330066273
2015-12-13,-0.027109300438572626,-0.12956280343138993,-0.019009326020355655
2015-12-14,-0.02447657788459423,-0.1338740579584261,-0.02011141676621575
2015-12-15,-0.02068524583186404,-0.1321449687547671,-0.01722916868992652
2015-12-16,-0.015464467303482277,-0.13242955331542605,-0.01477070087307053
2015-12-17,-0.0047765433422298775,-0.1271382517012306,-0.006418522433634832
2015-12-18,-0.013551216987722325,-0.13707196320062154,-0.016452409449416616
2015-12-20,-0.01416494410725444,-0.13760629900779542,-0.017062882978875704
2015-12-21,-0.015194159163994025,-0.13668481339065053,-0.01705083339544
2015-12-22,-0.012394873977038978,-0.13417765419695749,-0.014226535073500024
2015-12-23,-0.014533520569444347,-0.13417017809042786,-0.015289619226505624
2015-12-24,-0.01868715003251109,-0.13695158846590727,-0.018946492945103643
2015-12-27,-0.018694405730269703,-0.13695597731376385,-0.01895261430395756
2015-12-28,-0.016555289385936645,-0.13141415970677606,-0.014733564472600325
2015-12-29,-0.0175382995845631,-0.1407312429848393,-0.020510322122854197
2015-12-30,-0.019132500726645296,-0.13996929684046056,-0.020870736109463772
2015-12-31,-0.021758680698863886,-0.13616434793601018,-0.02001556666280857
2016-01-03,-0.021403855523002613,-0.13593766528515305,-0.01970925708186788
2016-01-04,-0.02961679544840745,-0.13423262180003326,-0.02285564028490983
2016-01-05,-0.02678411617478582,-0.13411754816287325,-0.021364493621800373
2016-01-06,-0.02687399327223028,-0.12913867742141794,-0.018596078983867725
2016-01-07,-0.035933016456889066,-0.1242430186768616,-0.02040557687219069
2016-01-08,-0.03585118202560278,-0.1201895530640571,-0.01809696058226562
2016-01-10,-0.035626843121907226,-0.11998506168011236,-0.01786861538635598
2016-01-11,-0.030943281239907083,-0.1150521219106514,-0.01273103457392677
2016-01-12,-0.023431186899994794,-0.11607667864669957,-0.009475907018262841
2016-01-13,-0.027010288229067037,-0.11069770316355965,-0.008277191762027125
2016-01-14,-0.022576722680189842,-0.1112986664794966,-0.006352816966629704
2016-01-15,-0.02851204520006645,-0.10038934247832798,-0.003270939825900099
2016-01-17,-0.027726724040943118,-0.0996896952560482,-0.0024804879951000336
2016-01-18,-0.02610661508203771,-0.09991542157224187,-0.001774448816473373
2016-01-19,-0.027395941457282413,-0.10323298857721941,-0.0042748679669674106
2016-01-20,-0.025128900899320405,-0.09819595782130286,-0.0003179680441067756
2016-01-21,-0.025870792350317418,-0.1011023117441161,-0.0023092531462992616
2016-01-22,-0.023549861850060916,-0.1113072680680891,-0.00678398376214584
2016-01-24,-0.023905061522741855,-0.11159884350567695,-0.007127567519628841
2016-01-25,-0.02565498111074993,-0.112618964865013,-0.008587607575161416
2016-01-26,-0.026684330234687748,-0.1164085215256444,-0.011228208619487035
2016-01-27,-0.029510406727422,-0.1145829544720216,-0.011642246941394041
2016-01-28,-0.03177581698067977,-0.11247731251593451,-0.011620582389600731
2016-01-29,-0.01617287115321986,-0.12052977143008614,-0.008140472593657133
2016-01-31,-0.016188316048750262,-0.12062127131368805,-0.008199854511304228
2016-02-01,-0.01720890137885156,-0.12320588532845522,-0.010171808651943448
2016-02-02,-0.01721156386227174,-0.11396385054229274,-0.0049564021736492325
2016-02-03,-0.033041619391752874,-0.11799091151662278,-0.01523138019693937
2016-02-04,-0.038552370710187134,-0.11680518911652715,-0.01737557343561369
2016-02-05,-0.03808779048195021,-0.11148871296420138,-0.014180665765165856
2016-02-07,-0.03669171181225461,-0.11052049933998287,-0.01292815227678068
2016-02-08,-0.03487172569352004,-0.09668756901031106,-0.004320381601141787
2016-02-09,-0.03509990872119584,-0.09265574171295277,-0.002216036095658347
2016-02-10,-0.03199915180414126,-0.08778471348305672,0.0
2016-02-11,-0.03275223286335338,-0.08621598366730931,0.0
2016-02-12,-0.03140257621118725,-0.09937308216515606,-0.006501559827845282
2016-02-14,-0.03173202324383073,-0.09960552458273986,-0.006798723904304471
2016-02-15,-0.026539394782013948,-0.10908374514219255,-0.009363140426518868
2016-02-16,-0.022459168550968633,-0.11132895268957466,-0.008535287727937213
2016-02-17,-0.0229582015887575,-0.12056144283922454,-0.013938570084621071
2016-02-18,-0.021784288338817848,-0.11501354725411916,-0.010235934518032397
2016-02-19,-0.023631930567219794,-0.11609920692891151,-0.011777759785263076
2016-02-21,-0.023491333467903663,-0.11604457189969075,-0.011676066099619242
2016-02-22,-0.014973896159620081,-0.12043427735712153,-0.009819817789121332
2016-02-23,-0.014429522161596542,-0.10731712820443162,-0.002162823630851518
2016-02-24,-0.012254097848732326,-0.10610015616395008,-0.00038141036501904146
2016-02-25,-0.005101001034287567,-0.10295005800771717,0.0
2016-02-26,-0.002837125388958195,-0.10826361967924425,-0.0018239452050311522
2016-02-28,-0.004924351633062374,-0.10933733735735351,-0.0034695582299115735
2016-02-29,-0.007296046351112473,-0.1016656481233622,-0.0003653506119993821
2016-03-01,-0.007986015215224351,-0.11654677935878255,-0.0089923414871097
2016-03-02,-0.013967665367981996,-0.12111092050061101,-0.014540029773770335
2016-03-03,-0.018738024362704442,-0.12343814434484868,-0.018228532009010978
2016-03-04,-0.03089548458056457,-0.138377490290303,-0.032676641145459095
2016-03-06,-0.03172541420143116,-0.13889886800429785,-0.033383512533408544
2016-03-07,-0.03811495685667232,-0.14268489183608446,-0.03869778590499384
2016-03-08,-0.030874291616901917,-0.13573314095316624,-0.03118216894873338
2016-03-09,-0.034104283588461626,-0.14367494415825022,-0.03724791624582868
2016-03-10,-0.046568628195065576,-0.14976205051126867,-0.04688162158761722
2016-03-11,-0.045449485795019395,-0.16226315388519852,-0.05332911455998757
2016-03-13,-0.04542358278651093,-0.1625057251459353,-0.053453326820070646
2016-03-14,-0.0400835544370991,-0.16277421663044278,-0.05095749862127241
2016-03-15,-0.038876580213693446,-0.16002844094602342,-0.04880460225375627
2016-03-16,-0.04290236722630092,-0.16190237002135532,-0.05185773495871593
2016-03-17,-0.05080545551147697,-0.16421064276702124,-0.05707798311307577
2016-03-18,-0.045552588242714465,-0.16131093367717975,-0.05283320669686753
2016-03-20,-0.04355668249101374,-0.16009493402818997,-0.051156226561444584
2016-03-21,-0.041372766119590065,-0.16559870983762803,-0.05318176233282945
2016-03-22,-0.03769672326835716,-0.16641029241586625,-0.051826845462137006
2016-03-23,-0.02959066788399367,-0.1598232600540901,-0.044087095174253466
2016-03-24,-0.025276752002728498,-0.15980718308966346,-0.04195321307699795
2016-03-27,-0.02581267614184013,-0.16016847100942844,-0.04242257351992329
2016-03-28,-0.023705457173569755,-0.1593995258632952,-0.04094855175893852
2016-03-29,-0.023306252637213642,-0.1585504100464894,-0.04026809146726085
2016-03-30,-0.02565609799073354,-0.15852815396156728,-0.04140991743677824
2016-03-31,-0.023092883836304035,-0.14158646855916146,-0.03049919562380632
2016-04-01,-0.016912768768811093,-0.1419741479730079,-0.027651489513239147
2016-04-03,-0.014778922919941428,-0.14056027553657569,-0.025795093267763525
2016-04-04,-0.014738881001310156,-0.13828480874321059,-0.02448563567953943
2016-04-05,-0.018800181043275854,-0.13102823418744147,-0.022388753993834665
2016-04-06,-0.017797568056286184,-0.13450266298082214,-0.023843683144440853
2016-04-07,-0.0180675216897892,-0.1246557335109767,-0.01842487011750016
2016-04-08,-0.020757031242785162,-0.12684236358858747,-0.02099513411280063
2016-04-10,-0.021257541397537105,-0.12728526459191614,-0.021493623848424015
2016-04-11,-0.023644287120694663,-0.1263592709776069,-0.02216758696075516
2016-04-12,-0.021807834492707512,-0.1386024901606835,-0.028099653660252355
2016-04-13,-0.007911640501734984,-0.14210354194616526,-0.023171336414848587
2016-04-14,-0.008375389048645765,-0.14695715918958197,-0.026162886953975728
2016-04-15,-0.007579149103068117,-0.14255899839960817,-0.02326142939185083
2016-04-17,-0.006726539248746222,-0.14198408484413771,-0.02251440971141605
2016-04-18,-0.008448690264547754,-0.14816146150041654,-0.026880554239029353
2016-04-19,-0.013775678136836333,-0.1612562497435578,-0.03697411910852122
2016-04-20,-0.013814339662301167,-0.1720185905588537,-0.04317152867950258
2016-04-21,-0.01964363455932372,-0.17275921983846065,-0.0464273531595093
2016-04-22,-0.01781910100832851,-0.17612075496102553,-0.04747745542306858
2016-04-24,-0.018219339908004062,-0.17641545382273904,-0.04784188905115816
2016-04-25,-0.015491394038072426,-0.17762907325921806,-0.0472206118424191
2016-04-26,-0.017863587747073528,-0.18263421639048139,-0.051267902465431336
2016-04-27,-0.020061882079001503,-0.17580488641166003,-0.04836619859964264
2016-04-28,-0.0289146339652534,-0.1683792765598482,-0.04837783786761707
2016-04-29,-0.04148426310560904,-0.16479931943300885,-0.05248841819411498
2016-05-01,-0.04159798345847654,-0.1649217535723595,-0.05261407462879186
2016-05-02,-0.04043053332097701,-0.1662145087661604,-0.05277036640515953
2016-05-03,-0.042086142397263715,-0.15867786748884527,-0.04930649044682023
2016-05-04,-0.03924856120441711,-0.15280835995724973,-0.04458212408109763
2016-05-05,-0.03672218859786691,-0.14927040039989203,-0.04133098855917028
2016-05-06,-0.032483278539019445,-0.1523558858381383,-0.04096015786851648
2016-05-08,-0.03240258651470107,-0.15228853551746635,-0.04088206466327571
2016-05-09,-0.028822704696690238,-0.14917073461016706,-0.03734403821255228
2016-05-10,-0.019901791438599603,-0.1534111833999825,-0.03532160964292075
2016-05-11,-0.026573232207100617,-0.14988443936279827,-0.0365955068763979
2016-05-12,-0.020964048487052467,-0.15558350647590802,-0.03704906161564314
2016-05-13,-0.020978608337002713,-0.15162353488078129,-0.03479829685190128
2016-05-15,-0.020622236444754027,-0.1513312675849834,-0.03445636924073747
2016-05-16,-0.016836482173691825,-0.16022139991345263,-0.03764745079548981
2016-05-17,-0.017418675545288753,-0.16159670352102917,-0.03872040708540281
2016-05-18,-0.009146683341925366,-0.1741311157736507,-0.04185980389892274
2016-05-19,-0.011910013253205065,-0.17185828981286955,-0.04187743195734239
2016-05-20,-0.008618040373629898,-0.1723180877292977,-0.040547348751121426
2016-05-22,-0.008435323647379978,-0.17219425701940883,-0.040387160192672966
2016-05-23,-0.009442494416517122,-0.17197404500644975,-0.040746880617202885
2016-05-24,-0.00039784175797297205,-0.18257118920620063,-0.042505772557123955
2016-05-25,0.0,-0.1877651143548683,-0.044618095690899806
2016-05-26,-0.003581082778798317,-0.1878467131841115,-0.04637673637353301
2016-05-27,0.0,-0.19443803758028388,-0.045913814668713915
2016-05-29,-2.204335850330974e-05,-0.19446232224407378,-0.0459387113559141
2016-05-30,0.0,-0.19510253347169548,-0.04564475371692578
2016-05-31,-0.0036483979545842704,-0.18926886393074394,-0.04392723891968764
2016-06-01,-0.0039058866540583326,-0.18603660931363108,-0.04214492446010332
2016-06-02,-0.0025222960101889402,-0.18277311536030239,-0.03955948077859717
2016-06-03,-0.01885697994417268,-0.16753809374612716,-0.038471133023381676
2016-06-05,-0.01993312697589278,-0.16864664048622113,-0.039638659133599874
2016-06-06,-0.014048239180718403,-0.17150849460329043,-0.03840835278958343
2016-06-07,-0.011215579268413212,-0.1658273422872435,-0.03373009144980099
2016-06-08,-0.013892990610666178,-0.15916022807276542,-0.031176865045929536
2016-06-09,-0.013458524695028062,-0.15996128808213372,-0.03142493388086631
2016-06-10,-0.018077332749406927,-0.15281850694205257,-0.029574422499880626
2016-06-12,-0.01819410329721849,-0.15315535026430416,-0.029825047028247398
2016-06-13,-0.023767770578286385,-0.14621216601937437,-0.02860168872020119
2016-06-14,-0.019076657101355754,-0.14370571412305455,-0.024841886667842594
2016-06-15,-0.025687711914509248,-0.14416141471677324,-0.028387464960735187
2016-06-16,-0.024691227210309474,-0.14415581321319126,-0.027887423579536663
2016-06-17,-0.030353923517565384,-0.1437904043947399,-0.03050196786635684
2016-06-19,-0.030363619304228262,-0.1437953754950636,-0.030509629442531994
2016-06-20,-0.03252747625151997,-0.15162943163446463,-0.03602669105351086
2016-06-21,-0.03146084560757689,-0.15819839897328192,-0.03922734665753724
2016-06-22,-0.03595828101304066,-0.15910480838215058,-0.04197528810272744
2016-06-23,-0.03046223679349469,-0.1672436818285774,-0.04388069211613188
2016-06-24,-0.044587096720926644,-0.14614676893192946,-0.0387342922751982
2016-06-26,-0.044322233143950895,-0.1468268478274416,-0.03898386472753168
2016-06-27,-0.050956151614726664,-0.13825569727510978,-0.037492070813820666
2016-06-28,-0.047903245193787414,-0.14147903047801313,-0.03774408034347776
2016-06-29,-0.0453894160442081,-0.14275894676394885,-0.037191038286118916
2016-06-30,-0.05250150944266707,-0.13018317439850668,-0.03371539536174095
2016-07-01,-0.05413454165485454,-0.12575525507452534,-0.03208859983367274
2016-07-03,-0.05400047339874303,-0.12607469627604628,-0.0321968363740448
2016-07-04,-0.05464933058586863,-0.1251141465596156,-0.031996876054909085
2016-07-05,-0.057257773265555145,-0.11532661208832384,-0.027917720484420094
2016-07-06,-0.06009070886804013,-0.1105167637406923,-0.02673573236562654
2016-07-07,-0.057224200567437156,-0.10836044805755007,-0.024071905429295604
2016-07-08,-0.052218783211415265,-0.10594895001411198,-0.020161459118255953
2016-07-10,-0.05211885709896069,-0.1062536099432253,-0.020276752719828872
2016-07-11,-0.04206772414011273,-0.11587072368189921,-0.020353494465145228
2016-07-12,-0.030060850148940776,-0.130227623040594,-0.022167948794264092
2016-07-13,-0.03135552367873806,-0.1274166890500843,-0.021240472428544432
2016-07-14,-0.026046825189737888,-0.13412970400977664,-0.022323333577816684
2016-07-15,-0.02421137439016552,-0.13746099510044296,-0.023282823346170267
2016-07-17,-0.024341489384462234,-0.13677407524908103,-0.022959017488896283
2016-07-18,-0.021664748244895615,-0.13562030291191074,-0.020965802743471595
2016-07-19,-0.026080314531144677,-0.13091276164200816,-0.020509179754740647
2016-07-20,-0.020605307501855075,-0.13239025874800603,-0.018588611534185784
2016-07-21,-0.02716281860980374,-0.12743442988714115,-0.01907118376464567
2016-07-22,-0.023484424021162575,-0.1294997596587737,-0.018377599573043746
2016-07-24,-0.02350806998975019,-0.1291467783496384,-0.018190464132077255
2016-07-25,-0.021972212989256668,-0.1325232797794057,-0.019321706276951733
2016-07-26,-0.0244842607320499,-0.1283957041800411,-0.018248031777269635
2016-07-27,-0.02693306951963015,-0.120532189970043,-0.015051636530615808
2016-07-28,-0.027736268715213397,-0.11924653444547828,-0.014738213311417891
2016-07-29,-0.036260230310126595,-0.1096241540999412,-0.013675096222170446
2016-07-31,-0.03619107994593662,-0.11072947566106672,-0.014251927619501892
2016-08-01,-0.03564406734763281,-0.11088495704779278,-0.014058370337674209
2016-08-02,-0.038167712544009524,-0.11377999459444377,-0.016953593745401174
2016-08-03,-0.036550840619877234,-0.11361398280191093,-0.01603525203180267
2016-08-04,-0.04131152053959197,-0.10795987800915763,-0.015328007296064428
2016-08-05,-0.02919770496128804,-0.11575338687753989,-0.01340834200726071
2016-08-07,-0.02919776939809704,-0.11579452842841609,-0.013431326441140645
2016-08-08,-0.027978975184056232,-0.11763899266825473,-0.013841029951782269
2016-08-09,-0.031076946426316976,-0.11252029336243718,-0.012552122524064457
2016-08-10,-0.0357942032962274,-0.10936856445728016,-0.013202471350462597
2016-08-11,-0.028823959688312084,-0.11668307378644804,-0.013687839142353497
2016-08-12,-0.03356950508793932,-0.11342314848912416,-0.014277575159002187
2016-08-14,-0.03378948675067872,-0.11156899740095705,-0.01335901156062913
2016-08-15,-0.029618545369588745,-0.116216804195161,-0.01381023875422116
2016-08-16,-0.030308265863468464,-0.12183221793593013,-0.01729376120253512
2016-08-17,-0.03162810410059602,-0.11915210133819365,-0.0164629563605041
2016-08-18,-0.032391102727851395,-0.11941474587341161,-0.016997061930445923
2016-08-19,-0.028631622668998102,-0.125418215151614,-0.018438271966571995
2016-08-21,-0.028633498498147114,-0.12542073150892907,-0.018440631804091723
2016-08-22,-0.028451445944042475,-0.11884247361778733,-0.014657189279979277
2016-08-23,-0.028760758201200498,-0.11476709770476756,-0.01253542350170267
2016-08-24,-0.027925697354399537,-0.11927221819552014,-0.014623616467056788
2016-08-25,-0.028295693267043065,-0.12130875318339474,-0.0159504046230583
2016-08-26,-0.02387701102616524,-0.12416643323195997,-0.015313157568952573
2016-08-28,-0.023896434586411663,-0.124042201779332,-0.015253118753077444
2016-08-29,-0.026915389412697777,-0.11713606793695364,-0.01289404384978432
2016-08-30,-0.02614729242278324,-0.11905420120725152,-0.013576767642353493
2016-08-31,-0.024961470316230416,-0.12067631770915932,-0.01388437117864938
2016-09-01,-0.024018660977170425,-0.1183578992991704,-0.012107618393464525
2016-09-02,-0.02008348032456675,-0.12179517655673866,-0.012041774030289276
2016-09-04,-0.020170275510093427,-0.121337448321299,-0.011828061419434599
2016-09-05,-0.020546540215931386,-0.12280712645228042,-0.012844218977869248
2016-09-06,-0.02766617392702231,-0.10972426227583743,-0.009070578700615894
2016-09-07,-0.026783477099530217,-0.11183268964273796,-0.009794191656762208
2016-09-08,-0.023300121177086575,-0.12222737358550362,-0.013816556277428615
2016-09-09,-0.024402596560165746,-0.13160308646026686,-0.01963998458532701
2016-09-11,-0.024518058067364512,-0.13106639621012517,-0.0193950540908141
2016-09-12,-0.02634651771015928,-0.13152692354120632,-0.020573941324939726
2016-09-13,-0.02782539874210499,-0.13570373379427758,-0.02367297803988555
2016-09-14,-0.030327408193571603,-0.1353791310617135,-0.024745987149312865
2016-09-15,-0.02708671710978483,-0.12947290168766934,-0.019785332462598948
2016-09-16,-0.026556200346788073,-0.13204218232591158,-0.02096459011032359
2016-09-18,-0.02668290990843114,-0.13249835209075744,-0.02128558303740935
2016-09-19,-0.026554284377632742,-0.13135029674702559,-0.020573296243048933
2016-09-20,-0.027617437466027406,-0.1292465860552866,-0.01992214270664383
2016-09-21,-0.029733650674210188,-0.12351983224256846,-0.017765744689537732
2016-09-22,-0.028335788161580333,-0.11905087444344842,-0.014554106352848484
2016-09-23,-0.03208730966844431,-0.11707127324551381,-0.015349262964388433
2016-09-25,-0.032084008741536385,-0.11705223047828295,-0.015336965619609622
2016-09-26,-0.03868027255828865,-0.11397367191780805,-0.01697555865503586
2016-09-27,-0.03603928843642623,-0.11366589171180419,-0.015454515185193807
2016-09-28,-0.033433127756918646,-0.11593543925078786,-0.015384122204532336
2016-09-29,-0.03608078043317464,-0.11581962869766571,-0.01666817748644145
2016-09-30,-0.03096542985239803,-0.11841700047001513,-0.015503312287775795
2016-10-02,-0.03098541083770945,-0.1184823765476386,-0.015549966145581018
2016-10-03,-0.02836000806778627,-0.1209850754563262,-0.015613820844648019
2016-10-04,-0.020821673434690657,-0.13178753361586892,-0.01784390612535447
2016-10-05,-0.017394123910158932,-0.13565181847680308,-0.01831063514335196
2016-10-06,-0.01541149268319697,-0.13753462052015275,-0.018389446820579414
2016-10-07,-0.021309131216398658,-0.13440849404496613,-0.019550354768874567
2016-10-09,-0.021113544595901756,-0.13356483155902377,-0.01897458032087851
2016-10-10,-0.016004249008296445,-0.13553329561214633,-0.01752875185086422
2016-10-11,-0.02193998718195167,-0.13865471775087745,-0.02226577968944843
2016-10-12,-0.021679079100683896,-0.14023018604596615,-0.02302954551351033
2016-10-13,-0.024506496111866838,-0.13980015646054833,-0.02419697773327545
2016-10-14,-0.022747317900157715,-0.14086495004369004,-0.023921055705830474
2016-10-16,-0.022703435722039922,-0.14103839933482543,-0.02399767041528189
2016-10-17,-0.025938442975394604,-0.13831276018285255,-0.024064516796653335
2016-10-18,-0.025642436225338128,-0.13560254911520442,-0.022381454222007213
2016-10-19,-0.026934638412109302,-0.13282321704059785,-0.02145802946844899
2016-10-20,-0.02449332689020922,-0.1320365299133579,-0.01978664580186129
2016-10-21,-0.026079476691479586,-0.1304904878470946,-0.01971055474522554
2016-10-23,-0.02607471623678348,-0.1306690619707609,-0.019808821639971885
2016-10-24,-0.021485671305287335,-0.12960134477829188,-0.016897598834856087
2016-10-25,-0.023095975980736982,-0.12945054295864555,-0.01762136217089727
2016-10-26,-0.020124091200852012,-0.1351387976014793,-0.01933657117519183
2016-10-27,-0.01850700029195218,-0.14148788370676713,-0.02212698039667227
2016-10-28,-0.02045372547544677,-0.13780570087151867,-0.020999690426422468
2016-10-30,-0.020416850373665252,-0.13852885295027817,-0.021391823805008037
2016-10-31,-0.02157066074991576,-0.13895852795624186,-0.022212204458603724
2016-11-01,-0.027242793150333178,-0.1409028307153244,-0.02615037388610497
2016-11-02,-0.03234926447998265,-0.13924668456069333,-0.027767795325160716
2016-11-03,-0.03281720681803202,-0.1406607477091545,-0.02880147573501657
2016-11-04,-0.035069559041938314,-0.13752460265668054,-0.028160140865402528
2016-11-06,-0.03506590866455073,-0.13763701354981017,-0.028221635072794626
2016-11-07,-0.02420543125535235,-0.13836744165733317,-0.023164431596038426
2016-11-08,-0.01817663597187491,-0.1422607941645152,-0.02235377117928472
2016-11-09,-0.0070287693332924395,-0.1503682730413236,-0.021423980945061594
2016-11-10,-0.0001435107147217396,-0.15084633306942974,-0.018306566191503837
2016-11-11,0.0,-0.15438150096828318,-0.017773370766500207
2016-11-13,0.0,-0.15534704138715938,-0.018315798217374946
2016-11-14,0.0,-0.1584969694862911,-0.018832800842744524
2016-11-15,0.0,-0.15573297820250154,-0.015331250314474798
2016-11-16,-0.0010966461419501528,-0.15380352075063597,-0.01474600365454648
2016-11-17,0.0,-0.14951877368657696,-0.00936596268180001
2016-11-18,0.0,-0.14907513949833495,-0.007546386575240871
2016-11-20,-0.00021778039188002918,-0.14770913255688245,-0.006857852083796523
2016-11-21,0.0,-0.1452610592479615,-0.0038260363986710733
2016-11-22,-0.0007675566811295997,-0.1441979223439256,-0.0035888184533484635
2016-11-23,0.0,-0.14174039965918217,0.0
2016-11-24,0.0,-0.1414280313862082,0.0
2016-11-25,-0.0012645147296965753,-0.14153374779952244,-0.0006938226250587931
2016-11-27,-0.0007198165499214815,-0.14356784680268608,-0.001605224496659674
2016-11-28,-0.004721078231458731,-0.1434869184375258,-0.003556911141265884
2016-11-29,-6.918824561275017e-05,-0.14437499125672293,-0.0017448249128160231
2016-11-30,0.0,-0.14036186229822611,0.0
2016-12-01,-0.0009550075132497282,-0.13641469471637524,0.0
2016-12-02,-0.0024471827895594656,-0.1425614375283084,-0.004305651813870326
2016-12-04,-0.002453074940941824,-0.14267075535974982,-0.004372064672706899
2016-12-05,-0.003162708075254872,-0.14232084691258506,-0.004523021992857812
2016-12-06,-0.002187482170972088,-0.14014104582537223,-0.002771066557549884
2016-12-07,-0.0031532055534705394,-0.14045911852699555,-0.0034380896376152714
2016-12-08,-0.001677320165234586,-0.13452785240571996,0.0
2016-12-09,-0.0010147581653831006,-0.12666245979723612,0.0
2016-12-11,-0.0016465059399458637,-0.12465270608910717,0.0
2016-12-12,0.0,-0.1302860877883748,-0.0023123143102598
2016-12-13,0.0,-0.12847929103785816,-0.0007783745145104604
2016-12-14,0.0,-0.11605188912118314,0.0
2016-12-15,0.0,-0.10607652596394679,0.0
2016-12-16,0.0,-0.11100571759853795,-0.0017609048911599867
2016-12-18,-0.0004185163178596074,-0.11029282350245184,-0.00156954522198971
2016-12-19,0.0,-0.11541006290726585,-0.003529068063910623
2016-12-20,-0.002359026002977882,-0.11107199576205695,-0.002261050302770351
2016-12-21,-0.001994022427677211,-0.11307891151263627,-0.0032048186624303865
2016-12-22,-0.001961231836310806,-0.11270653316563539,-0.00297918848486034
2016-12-23,-0.0032595426790352766,-0.11346011963637459,-0.0040510712505407165
2016-12-26,-0.002021954297587558,-0.11377966049399035,-0.0036122563616169945
2016-12-27,-0.00572774430923173,-0.11124884707470217,-0.004039487383931228
2016-12-28,-0.0021754240559020976,-0.11488717131358894,-0.004298917598098528
2016-12-29,-0.0008561774314561621,-0.12289719332352889,-0.008146105337574983
2016-12-30,0.0,-0.1267010127213114,-0.00958222826785926
2017-01-02,-0.00014360095439591714,-0.126602914490064,-0.00959771360705941
2017-01-03,0.0,-0.1234619225684569,-0.007041622809018211
2017-01-04,-0.001453080121824657,-0.12726393304506212,-0.009916540376480376
2017-01-05,-0.003285648882210168,-0.13811349619452107,-0.01697925189635574
2017-01-06,-0.0019267965448098723,-0.130218182912213,-0.01180667828802151
2017-01-08,-0.002774541661223817,-0.12993336375824416,-0.01206455783096827
2017-01-09,-0.002396626261979118,-0.1355914704813922,-0.015089668513110222
2017-01-10,-0.0036869577478241267,-0.13628649573449536,-0.016122582661055374
2017-01-11,-0.0054835548905888265,-0.13507292567547557,-0.016318465152859285
2017-01-12,-0.009062033706887407,-0.135350778688193,-0.018246212532259665
2017-01-13,-0.010437092813345927,-0.1332941296924116,-0.017759773370233822
2017-01-15,-0.011782450146991752,-0.13331555023788388,-0.018439612255211513
2017-01-16,-0.011191684910210387,-0.13462115073100112,-0.018885546087108906
2017-01-17,-0.008163266734614871,-0.14879472025434393,-0.02541768899763286
2017-01-18,-0.0090251952498005,-0.1376830624806934,-0.019480043501042044
2017-01-19,-0.009658142525147517,-0.1369586636523923,-0.019381330034103028
2017-01-20,-0.009756871807988898,-0.14089635636649578,-0.021667284200106218
2017-01-22,-0.011135171739371064,-0.13906456376820653,-0.02130513799898659
2017-01-23,-0.011866113004794343,-0.14754441994688106,-0.026486718740678095
2017-01-24,-0.012338826891900245,-0.13749638386383956,-0.02098209680685925
2017-01-25,-0.018858930357833037,-0.13014045133185637,-0.020038801939344708
2017-01-26,-0.017431100373762054,-0.12703575660444055,-0.017576911203482704
2017-01-27,-0.014330189336616006,-0.12746214080955742,-0.01626660950614156
2017-01-29,-0.014322820485117793,-0.12876441199727373,-0.016997048115148128
2017-01-30,-0.014626313662476242,-0.13020334133783384,-0.017960144946250645
2017-01-31,-0.015107263146783456,-0.1387769171392229,-0.023039783943905157
2017-02-01,-0.017051441645772103,-0.13890736124108327,-0.024078030837077158
2017-02-02,-0.01790323863094101,-0.13990645201499396,-0.02506704609065835
2017-02-03,-0.014455013296727715,-0.1370949503382336,-0.02176206356730992
2017-02-05,-0.013163052945456166,-0.13764370516788282,-0.021431922578218243
2017-02-06,-0.01284379080860476,-0.14427381553609586,-0.02503542359775124
2017-02-07,-0.011868000121594613,-0.14421200995087047,-0.024518345044981738
2017-02-08,-0.010790176950211672,-0.1492723738818107,-0.02687039530547164
2017-02-09,-0.012944634202553762,-0.1407194734638898,-0.023038370628548188
2017-02-10,-0.01857760757828053,-0.1359965687642536,-0.023141195124831593
2017-02-12,-0.019140945411824206,-0.13505317402420391,-0.022888244220211962
2017-02-13,-0.021949582389431233,-0.13252297786637568,-0.022858043627773106
2017-02-14,-0.02093128899957919,-0.12767676434243536,-0.0196199381548382
2017-02-15,-0.02179009443874025,-0.12542637111971233,-0.0187853385253981
2017-02-16,-0.019902099280705632,-0.1316251600894145,-0.02131576006696645
2017-02-17,-0.017701215729789554,-0.1310246255919616,-0.0198784954234682
2017-02-19,-0.01767011404313701,-0.13113031415137888,-0.01992258236607969
2017-02-20,-0.018490046589817455,-0.12889939235178494,-0.019073378439201982
2017-02-21,-0.019061987338758413,-0.1259685005406499,-0.017708973484733215
2017-02-22,-0.01883388458186197,-0.12953977249274917,-0.019601573698978192
2017-02-23,-0.014641287025129013,-0.1358906917396745,-0.021083431906409156
2017-02-24,-0.01379644416490422,-0.137968781998706,-0.02184086691785181
2017-02-26,-0.01403291854098665,-0.13780891112827265,-0.021867435770066335
2017-02-27,-0.01346344328054383,-0.13140271627199307,-0.017951132925907443
2017-02-28,-0.014014018885039059,-0.13055574724690266,-0.017746370642282128
2017-03-01,-0.01889711517295034,-0.11798685530507491,-0.01307883105111729
2017-03-02,-0.018933422120919752,-0.11547192803343143,-0.011690063852296206
2017-03-03,-0.018216746625851044,-0.1198208832262031,-0.013758689953462966
2017-03-05,-0.018698998546718748,-0.1187872773663825,-0.01342183277163067
2017-03-06,-0.018906210976999294,-0.11868093635809662,-0.013466468121090203
2017-03-07,-0.01788421453538047,-0.11651014854260877,-0.011737665202499858
2017-03-08,-0.01742079029225352,-0.11010945466246991,-0.007924628926460509
2017-03-09,-0.01400951063906175,-0.09893897283958653,0.0
2017-03-10,-0.013450031360420667,-0.0971886918678968,0.0
2017-03-12,-0.013566037528892627,-0.09672654069627762,0.0
2017-03-13,-0.0146449663362469,-0.09146762712573486,0.0
2017-03-14,-0.012083283629388486,-0.08962722181748839,0.0
2017-03-15,-0.01312502581097863,-0.10323652400845029,-0.008001818537659577
2017-03-16,-0.015090413846759354,-0.10318384582410134,-0.008960477800557975
2017-03-17,-0.015265025090175244,-0.10694088074279995,-0.011124209394924423
2017-03-19,-0.014678438719339937,-0.10727063521500446,-0.011012249891074966
2017-03-20,-0.010672067507860428,-0.10947857914535686,-0.010224618369860994
2017-03-21,-0.007280335091293444,-0.12370578603195304,-0.016434442433188923
2017-03-22,-0.007006308500661973,-0.12124794209807765,-0.014919332419136011
2017-03-23,-0.007306070293950695,-0.11945307382792236,-0.014061995668652516
2017-03-24,-0.006207872053400565,-0.11805473069050776,-0.01273377936717357
2017-03-26,-0.005079163651743213,-0.11891980634890342,-0.012657322124989379
2017-03-27,-0.0050409500602167645,-0.11881993055362361,-0.012582400215868428
2017-03-28,-0.0048484470112512,-0.11252957077381665,-0.008962506683081184
2017-03-29,-0.005162126038812942,-0.11497601436431482,-0.010484668571741573
2017-03-30,-0.005465594392797812,-0.10934208187921923,-0.007486036436836874
2017-03-31,-0.004952541985934644,-0.11490009420234604,-0.010326845950856645
2017-04-02,-0.004741325290503973,-0.1149569431606936,-0.010253590788873779
2017-04-03,-0.002703960665399907,-0.12264181974630228,-0.013537561194255088
2017-04-04,-0.00275087417295794,-0.11791926787108775,-0.01090584970288877
2017-04-05,-0.00487203793130464,-0.12365244020517274,-0.015172117102922544
2017-04-06,-0.003444053938174707,-0.11947893873320059,-0.012120452203707499
2017-04-07,0.0,-0.11399451078944323,-0.005747947623964467
2017-04-09,0.0,-0.11405363698110338,-0.005755189247039549
2017-04-10,-0.000770170357071942,-0.11904023844383416,-0.008936141025558841
2017-04-11,-0.0019423869426651308,-0.1316039895839871,-0.016584456318286978
2017-04-12,-0.0030832862609275757,-0.13950020897849125,-0.021617576175058884
2017-04-13,-0.002163910367395605,-0.14487244880363725,-0.024220534683818906
2017-04-16,-0.0026573605450679327,-0.14454442919380373,-0.02427465572296006
2017-04-17,0.0,-0.13957323902259477,-0.019922978954195814
2017-04-18,0.0,-0.150381686404508,-0.025682384572578654
2017-04-19,-0.0026881313566813336,-0.14382195755796334,-0.023230678141564987
2017-04-20,0.0,-0.13919255524899865,-0.018646255697754244
2017-04-21,0.0,-0.13792983679884518,-0.017239342314227968
2017-04-23,-0.0020849050349003306,-0.1365156531107511,-0.017457738382776533
2017-04-24,-0.0005560274621138062,-0.13235144902102924,-0.014335891792817468
2017-04-25,-0.003517277737720592,-0.12326622900762974,-0.01063561741060115
2017-04-26,-0.0028733887465208774,-0.12566371569892998,-0.011668714001678904
2017-04-27,-0.0019090666938645917,-0.12405525965945974,-0.01028172357575774
2017-04-28,-0.0031309602090193733,-0.12490142621773337,-0.011365581454617524
2017-04-30,-0.003248189359362108,-0.1247590681195413,-0.011343297980866085
2017-05-01,-0.01273813458397044,-0.12359259834258562,-0.015390922519946892
2017-05-02,-0.008413684512712072,-0.12869166966335,-0.016098809965552685
2017-05-03,-0.009877227844700243,-0.12246730064608813,-0.013310560603024046
2017-05-04,-0.004952258945362331,-0.12257901596152021,-0.010919420842484984
2017-05-05,-0.01239092492271987,-0.1165070353389821,-0.011194102531768446
2017-05-07,-0.008567008920800978,-0.11901723386163132,-0.010684535452130883
2017-05-08,-0.003763719063374249,-0.11395615824469219,-0.005446307005327666
2017-05-09,-0.0016597650819907273,-0.10935108922628878,-0.001811591068722862
2017-05-10,-0.0031159006740562045,-0.1095028949343303,-0.0026246157231872846
2017-05-11,0.0,-0.11163978256703977,-0.00224047921932391
2017-05-12,0.0,-0.11811158688451706,-0.0049176734130280675
2017-05-14,-0.001022326865876333,-0.11767100117289142,-0.0051777547840925475
2017-05-15,-0.0001563412520033669,-0.1163472072746019,-0.004000277055069779
2017-05-16,0.0,-0.11965466745863762,-0.0056119978155271255
2017-05-17,-0.00025891665606092573,-0.1415347733040384,-0.018097990993162005
2017-05-18,0.0,-0.1366774122223945,-0.012348041866103276
2017-05-19,-0.01196484099935824,-0.13556694404365122,-0.017621396367171083
2017-05-21,-0.0111271725833465,-0.1356783567464963,-0.017268267082258704
2017-05-22,-0.012775642505503781,-0.13410572322767644,-0.017193343024055063
2017-05-23,-0.0072400395581522226,-0.12841507205175084,-0.011208427838251378
2017-05-24,-0.0027285643814837224,-0.13075825116916795,-0.010290846590913838
2017-05-25,-0.0003372579439587797,-0.12620469424297753,-0.006511944907754974
2017-05-26,0.0,-0.12785978666838338,-0.006888568713832144
2017-05-28,-7.907459123268623e-06,-0.12764109397396273,-0.006767981848967208
2017-05-29,-0.00042898239211575095,-0.1282099829041663,-0.007300952839646935
2017-05-30,0.0,-0.13041367017955363,-0.006420272752925338
2017-05-31,-0.0032276742981788287,-0.1310299783596276,-0.008375842083996887
2017-06-01,0.0,-0.12720282780793402,-0.004159350402737849
2017-06-02,0.0,-0.13334051231280408,-0.005185181545245943
2017-06-04,-0.00011936670394019355,-0.13331953702013577,-0.00523251694465332
2017-06-05,-0.00365631473036232,-0.1315993580429906,-0.00600474497888992
2017-06-06,-0.009199871595191533,-0.1373212317562077,-0.012044697194764642
2017-06-07,-0.01825674609490635,-0.1357258841249528,-0.015646621754259793
2017-06-08,-0.02533475149421205,-0.13092465393360075,-0.016460885198339548
2017-06-09,-0.024671266271061643,-0.12751859187248804,-0.014198789183038962
2017-06-11,-0.02462521693709263,-0.1272625185638082,-0.014030850955027874
2017-06-12,-0.016808789443057526,-0.1279980214245534,-0.010495651452521182
2017-06-13,-0.01767498809812995,-0.12680489548693785,-0.0102545818408879
2017-06-14,-0.018607243897364567,-0.13315358989939796,-0.014322276204305817
2017-06-15,-0.0161100670016735,-0.1295682524523485,-0.011029820115627254
2017-06-16,-0.02568393490585208,-0.1337327688985941,-0.018207298479520184
2017-06-18,-0.025632526503444164,-0.13384710374888498,-0.01824618830901481
2017-06-19,-0.01846525555570888,-0.12636486485184273,-0.010394959376526902
2017-06-20,-0.01687870424564908,-0.12939843088626124,-0.011313288320403014
2017-06-21,-0.017492095008437736,-0.12941213681863972,-0.011629502370736122
2017-06-22,-0.01594354649824037,-0.13021552323411523,-0.011306646698460932
2017-06-23,-0.0155622819346799,-0.1295678761129585,-0.010747022434286824
2017-06-25,-0.014947416470128982,-0.12992400619801958,-0.010640458257512031
2017-06-26,-0.014452546384730147,-0.12923693611687925,-0.010001309185052265
2017-06-27,-0.028490416481417258,-0.13099176666992862,-0.018049507146420063
2017-06-28,-0.028004036798190635,-0.13006261397155539,-0.017278747847416343
2017-06-29,-0.04631240700205119,-0.12723106558449926,-0.024934619320842843
2017-06-30,-0.051297729037729556,-0.1212912982497828,-0.024165174628291486
2017-07-02,-0.049624173769297175,-0.1221743891090884,-0.023794816122792883
2017-07-03,-0.05726577470124672,-0.11623805296333978,-0.024418642207673202
2017-07-04,-0.0548796942549018,-0.11710766955133545,-0.02366401676340646
2017-07-05,-0.05645844953262147,-0.11425996151522078,-0.022904914139014187
2017-07-06,-0.06491496965910515,-0.11534794149150263,-0.02788363350287837
2017-07-07,-0.06342925267551991,-0.10884774963408994,-0.023539927896843227
2017-07-09,-0.06247329460285689,-0.10956502400235746,-0.02343455998015409
2017-07-10,-0.06586865791903851,-0.10801561652912328,-0.024353293636237394
2017-07-11,-0.06715968844699605,-0.10739017441411991,-0.02468544511776516
2017-07-12,-0.058984512899245334,-0.1146071553738488,-0.0243545756313287
2017-07-13,-0.05251996206595433,-0.11666651205401901,-0.022137989202202224
2017-07-14,-0.052256828457154625,-0.12092618330130844,-0.024359960148165882
2017-07-16,-0.05303406218944562,-0.12019737173075917,-0.024355580225445927
2017-07-17,-0.04947902131171256,-0.12011388288975455,-0.02247793642381679
2017-07-18,-0.049451610234199195,-0.12234316565056513,-0.023702168337251472
2017-07-19,-0.0474527668219068,-0.12077038865031542,-0.02180090152784875
2017-07-20,-0.04683118707910705,-0.11965220706349289,-0.020859717944358258
2017-07-21,-0.050885066608760465,-0.12228583972125007,-0.02440647600206658
2017-07-23,-0.05056539322900777,-0.12249036010617831,-0.0243558440199223
2017-07-24,-0.04835417428029243,-0.1231279118210179,-0.023574139233014657
2017-07-25,-0.0459956306765994,-0.11720804282709396,-0.01906817596567778
2017-07-26,-0.052202653940420896,-0.11996424534483108,-0.023790591026313535
2017-07-27,-0.05164391727734252,-0.120776146611549,-0.023953162549962603
2017-07-28,-0.0531876332441128,-0.1225908158612451,-0.025754811033177782
2017-07-30,-0.052779449850375526,-0.12272138249800835,-0.025617294376091393
2017-07-31,-0.05674679269586569,-0.12222091723444928,-0.02737991850142618
2017-08-01,-0.053094700422676055,-0.12570087908020555,-0.027425000816014622
2017-08-02,-0.050670343262592676,-0.12492134988019832,-0.025746385013546313
2017-08-03,-0.04793509084904579,-0.13048334081149504,-0.027439025773226766
2017-08-04,-0.04619548588041933,-0.1288253047920186,-0.025623235242494213
2017-08-06,-0.04627743366053738,-0.12878201427646263,-0.025640883460493757
2017-08-07,-0.0466538514015038,-0.12657771309338994,-0.024600533568775007
2017-08-08,-0.04918735452202483,-0.1282664006678108,-0.02683951419124897
2017-08-09,-0.044833140262565574,-0.13073885363898474,-0.02599129887775009
2017-08-10,-0.046891707223997825,-0.13556764928556497,-0.02974622340927291
2017-08-11,-0.04304971740035146,-0.13492406989559858,-0.027429489379673377
2017-08-13,-0.04280540092046292,-0.13512701416972372,-0.02741941825350236
2017-08-14,-0.0385164603324647,-0.13066354414891512,-0.02273081188397008
2017-08-15,-0.03363474979325032,-0.12394315887841556,-0.016472504248281283
2017-08-16,-0.03494422249457885,-0.12768339373567172,-0.019238403343526778
2017-08-17,-0.03739813523149638,-0.13206682639285194,-0.022949514797087178
2017-08-18,-0.03393642620714454,-0.13408013683367537,-0.022325893007105746
2017-08-20,-0.0339438554188608,-0.1341544140238604,-0.022371583899820413
2017-08-21,-0.03666746574340307,-0.133128252376423,-0.023170381122991635
2017-08-22,-0.029603548473541186,-0.12854429434783243,-0.017006232994847825
2017-08-23,-0.030693308315526857,-0.13295856902210168,-0.020047816311966615
2017-08-24,-0.032656750544934776,-0.1292026618675146,-0.018917808567644023
2017-08-25,-0.038203828461781164,-0.12853526887178357,-0.021354780893562908
2017-08-27,-0.03792059935391112,-0.1287797270079164,-0.021347947377969856
2017-08-28,-0.03841372452122971,-0.127568340018814,-0.020918374538824613
2017-08-29,-0.037648434359507155,-0.12802777993252779,-0.020786569470554128
2017-08-30,-0.033615097593487686,-0.12620098712367867,-0.017708833737220764
2017-08-31,-0.029649668953148356,-0.12982553706453392,-0.01773077448542615
2017-09-01,-0.03185008275021439,-0.12635339176423543,-0.016884784006599762
2017-09-03,-0.03245615405967461,-0.12583027821708404,-0.016898173829755225
2017-09-04,-0.03439014516638905,-0.1272255062052099,-0.018665263669440768
2017-09-05,-0.0368633368305985,-0.1255883893117652,-0.019001622354018588
2017-09-06,-0.0365559981588951,-0.12936222991954238,-0.020962030404391707
2017-09-07,-0.03897849525806707,-0.12158013319807626,-0.017817374009316267
2017-09-08,-0.04707314862765999,-0.12540748870662666,-0.02409355007647529
2017-09-10,-0.045279875104502376,-0.12716288259163322,-0.024154661640627406
2017-09-11,-0.03427085075578884,-0.13022336904496257,-0.020239185918367042
2017-09-12,-0.03815431030553007,-0.12924477760332298,-0.021657960576578872
2017-09-13,-0.033332339172169045,-0.13438724259699464,-0.02209454792610388
2017-09-14,-0.0362943583730696,-0.1360543485912844,-0.02453446139109139
2017-09-15,-0.040838603420096375,-0.13473579058577556,-0.026089930050562704
2017-09-17,-0.04049843594386626,-0.13496934346368605,-0.026048670329287815
2017-09-18,-0.03772694245036479,-0.13673050118025987,-0.025633511999474168
2017-09-19,-0.03844396728231858,-0.1363746597129014,-0.02579571210632592
2017-09-20,-0.03417528377477719,-0.140904710732892,-0.026188335656436412
2017-09-21,-0.039124905860541515,-0.14369610770508878,-0.03026568065329127
2017-09-22,-0.03796294142508727,-0.1458645597892,-0.030907190017412267
2017-09-24,-0.03836127060961392,-0.14485079948856028,-0.030532714595333355
2017-09-25,-0.0386682892024377,-0.14578347387253,-0.03121615168435432
2017-09-26,-0.0379394988808317,-0.14832659162741268,-0.032291031831314876
2017-09-27,-0.029998458172233122,-0.15219775773293187,-0.030496494697841103
2017-09-28,-0.03303725684292491,-0.1499284645640342,-0.030717589815020596
2017-09-29,-0.0257911609787419,-0.15322664019067755,-0.028966200241053786
2017-10-01,-0.0261343020822562,-0.1530572584623867,-0.02904009273472319
2017-10-02,-0.023528295185145987,-0.1517007286360903,-0.02696339443206941
2017-10-03,-0.023348815301398873,-0.15003566993421935,-0.02591902237086874
2017-10-04,-0.02343956704017358,-0.14877593645772247,-0.02524243534873638
2017-10-05,-0.014178286192765288,-0.14980367718619203,-0.021208789305168008
2017-10-06,-0.015340192518791373,-0.1501706550167986,-0.021996841527770816
2017-10-08,-0.016134403934240926,-0.14960444736261624,-0.022065460263944736
2017-10-09,-0.01819703674309059,-0.14793363420205674,-0.022129861983260835
2017-10-10,-0.016972913775363585,-0.14541960878418592,-0.020077647254674535
2017-10-11,-0.017636388766908095,-0.14212870034341318,-0.018521542757620635
2017-10-12,-0.01814087328054903,-0.14113882701947988,-0.018207307676833207
2017-10-13,-0.019620154238108478,-0.13968856120081785,-0.01811797463134024
2017-10-15,-0.019158911778146215,-0.13999891095370653,-0.018064102667836868
2017-10-16,-0.01695507809886132,-0.1409017897307886,-0.017476402363097332
2017-10-17,-0.01412917194809482,-0.1440259002565214,-0.01785067206419033
2017-10-18,-0.012103783584683336,-0.14569212776375107,-0.017797719879056983
2017-10-19,-0.014195221453402684,-0.14273241768445544,-0.017136014436660796
2017-10-20,-0.007108709793188228,-0.14730520496912958,-0.01622469681911265
2017-10-22,-0.006090186612246251,-0.14827888620001606,-0.016281791078103014
2017-10-23,-0.013344171419269135,-0.14948732967778422,-0.020569454256158304
2017-10-24,-0.010893169169530204,-0.15281223573751423,-0.02126736959718345
2017-10-25,-0.012922857086274053,-0.1541172060042285,-0.023025367469777236
2017-10-26,-0.007047436868775847,-0.15689044684137288,-0.021719237964053395
2017-10-27,0.0,-0.15287203296146068,-0.01426115379989179
2017-10-29,0.0,-0.15292978409658542,-0.014275574217824993
2017-10-30,-0.0043898285751364785,-0.14974818544534751,-0.01458796267280038
2017-10-31,-0.0033433088624184037,-0.14902971334675352,-0.013653720635419031
2017-11-01,-0.0018387334005011136,-0.14704384164188866,-0.011758318985236715
2017-11-02,-0.0006570657003956981,-0.14898741397376858,-0.012299275816336941
2017-11-03,0.0,-0.1489008739053237,-0.01130833801024278
2017-11-05,0.0,-0.14915468048418123,-0.01139925744544179
2017-11-06,0.0,-0.14752537977320967,-0.010044030207221444
2017-11-07,0.0,-0.14722295113649808,-0.009492225431979362
2017-11-08,0.0,-0.14786299496461386,-0.007232184823825483
2017-11-09,-0.003541685410034523,-0.1491522732819226,-0.009741246423416672
2017-11-10,-0.0033292335914931748,-0.15065521152180095,-0.010510278414495033
2017-11-12,-0.002898876271759776,-0.1512319604022312,-0.010632607379801318
2017-11-13,-0.002899457398184646,-0.14932565751992388,-0.009521853670662273
2017-11-14,-0.007022096254761467,-0.14488615681302353,-0.00898492801139994
2017-11-15,-0.006668026630486601,-0.14586069627804665,-0.00937295350946743
2017-11-16,-0.00047803069851748425,-0.143917244962824,-0.00515938029651386
2017-11-17,-0.002583991586928236,-0.1437548855631049,-0.006113091331383491
2017-11-19,-0.002030714141539658,-0.14460307274634288,-0.00632969825425389
2017-11-20,0.0,-0.14733524618045712,-0.005568181835083785
2017-11-21,0.0,-0.14462125095128986,-0.002311478685280588
2017-11-22,-0.005805656280391203,-0.1440836873063015,-0.004894097817035092
2017-11-23,-0.00567323713828527,-0.1442514572333905,-0.0049253539228807375
2017-11-24,-0.0036794796636322458,-0.14234766881728844,-0.002820851406647229
2017-11-26,-0.0035458826149390443,-0.14267208688171784,-0.0029425932574135283
2017-11-27,-0.0015177749166024324,-0.14310611638043147,-0.002180309831020799
2017-11-28,0.0,-0.14013427907100973,0.0
2017-11-29,-0.000748204867826896,-0.1402621480031656,-0.00044845644585012057
2017-11-30,0.0,-0.1397964625535213,0.0
2017-12-01,0.0,-0.14182212868058885,-0.0006886035993615147
2017-12-03,0.0,-0.1416076970980391,0.0
2017-12-04,-0.0011502642817436959,-0.1432478175509072,-0.0015304764789579872
2017-12-05,0.0,-0.1460116793552797,-0.0018958863509914714
2017-12-06,0.0,-0.14701282618093958,-0.001719599457443155
2017-12-07,0.0,-0.14654221997720362,-0.0011327213213756515
2017-12-08,0.0,-0.1453750847452867,0.0
2017-12-10,-0.0007640593958415653,-0.14617849657781767,-0.0008520673824009561
2017-12-11,0.0,-0.14351198339290783,0.0
2017-12-12,-0.00043907642566909377,-0.14266061211938408,0.0
2017-12-13,-0.0014601813125220131,-0.13960939433795494,0.0
2017-12-14,-0.004716409287592982,-0.14196493042894176,-0.0029993707995104035
2017-12-15,0.0,-0.13902464170517292,0.0
2017-12-17,0.0,-0.13761252276717584,0.0
2017-12-18,-0.0014845248345928264,-0.13784994259521877,-0.0008799150585456772
2017-12-19,-0.0013688071085291575,-0.13634324037518986,0.0
2017-12-20,-0.0015677801795306312,-0.1356204080664417,0.0
2017-12-21,-0.0017210711042774385,-0.13562018491808447,-7.663673422497741e-05
2017-12-22,0.0,-0.1359283550873167,0.0
2017-12-25,0.0,-0.13546896335380387,0.0
2017-12-26,-9.72776730647773e-05,-0.1347875180578778,0.0
2017-12-27,-0.003905441434146284,-0.13443914074454433,-0.001702942407839525
2017-12-28,-0.003905838275035989,-0.13418812060707563,-0.0015583838753506774
2017-12-29,-0.0064268405756926494,-0.13096597836626034,-0.0009639919071565695
2018-01-01,-0.007748813005748922,-0.13188865587413356,-0.0021589644565167543
2018-01-02,-0.0068776948962652185,-0.13075149097271332,-0.0010674008354533138
2018-01-03,-0.0003906792509419388,-0.12871078828167692,0.0
2018-01-04,0.0,-0.12610677799452552,0.0
2018-01-05,0.0,-0.1272183116951896,0.0
2018-01-07,0.0,-0.1261607055875994,0.0
2018-01-08,0.0,-0.1247637535031092,0.0
2018-01-09,0.0,-0.12833256140463256,-0.001192529225675143
2018-01-10,-0.0007060816918924573,-0.12913481643540303,-0.0020047843996290338
2018-01-11,0.0,-0.12519006397265087,0.0
2018-01-12,0.0,-0.11632976033387576,0.0
2018-01-14,0.0,-0.1150872041962343,0.0
2018-01-15,0.0,-0.11388872142725681,0.0
2018-01-16,-0.0006686569098631745,-0.11620181105242655,-0.0016395198462969551
2018-01-17,0.0,-0.11343543231972619,0.0
2018-01-18,-0.0007626175628836496,-0.11489632955568052,-0.0012052178847442585
2018-01-19,-0.001406935260892861,-0.11613868614735567,-0.002228202366070353
2018-01-21,-0.0002592568200918688,-0.11489260342273744,-0.0009514972531621257
2018-01-22,-0.0002065873363046311,-0.11188411046589197,0.0
2018-01-23,-0.0005338323980648152,-0.11057758739692336,0.0
2018-01-24,-0.0036288159609034754,-0.10999427160237052,-0.0012204000106881274
2018-01-25,-0.0034036843306991527,-0.11005328039420681,-0.001140672438956436
2018-01-26,-0.000972740875553213,-0.10829348993303378,0.0
2018-01-28,-0.00037144228477392627,-0.10596830373829746,0.0
2018-01-29,-0.0003362757037314035,-0.10672386577994875,-0.00040496904308817694
2018-01-30,-0.0052992940441156655,-0.11040496599590388,-0.004945922487900489
2018-01-31,-0.0024809192618016063,-0.11025392306283299,-0.003451760148479588
2018-02-01,0.0,-0.10451130820511445,0.0
2018-02-02,0.0,-0.10704971567793875,-0.0007401254813865776
2018-02-04,-0.0038346888019777925,-0.11040760188972754,-0.004534879345062692
2018-02-05,-0.004529168728624744,-0.12048233263128105,-0.010518750662672605
2018-02-06,-0.0038580007055976084,-0.11785067291217899,-0.008704841495415505
2018-02-07,-0.00552268885034235,-0.12341103875807602,-0.012657302766009182
2018-02-08,-0.01402526841695606,-0.13048810948860579,-0.02086370886867006
2018-02-09,-0.018613313150149247,-0.1345832141168506,-0.02544751964292058
2018-02-11,-0.018576362734865515,-0.13540823803421886,-0.025893705974071035
2018-02-12,-0.018625210927464275,-0.13229144786333769,-0.02416215693687873
2018-02-13,-0.017776162934489692,-0.13016056234372997,-0.022541815466422865
2018-02-14,-0.010080813329710003,-0.11836615909103598,-0.012085990794375334
2018-02-15,-0.007159948741270461,-0.11309929801021212,-0.007677628518942603
2018-02-16,-0.007218804653582267,-0.11734910779858732,-0.010084523366634013
2018-02-18,-0.006730748642888806,-0.11694631356840957,-0.009615327763138781
2018-02-19,-0.004551851277366348,-0.11616047751825753,-0.008088367629925597
2018-02-20,-0.0052151181537336555,-0.12034670283143467,-0.01076787238212018
2018-02-21,-8.468080802725986e-05,-0.1192948699493781,-0.007625542309098954
2018-02-22,-0.0028208415921265884,-0.11661382711132295,-0.007472812002252582
2018-02-23,0.0,-0.11864389704240585,-0.007199899447084879
2018-02-25,0.0,-0.11813627268404192,-0.0064019537454985675
2018-02-26,-0.002085456889491577,-0.11805204016698023,-0.007390554198148491
2018-02-27,0.0,-0.11964486082918846,-0.00635792958472825
2018-02-28,-0.010832862884005534,-0.12466744843331012,-0.014574378903889351
2018-03-01,-0.0301900099253114,-0.13406618137059267,-0.02950676248673012
2018-03-02,-0.03294648066784478,-0.13310383599851905,-0.03034669572129578
2018-03-04,-0.031875370982957674,-0.13242985226187864,-0.029432764071036788
2018-03-05,-0.0227610857016598,-0.12654074931841086,-0.02156999785314484
2018-03-06,-0.022764607506693735,-0.1224836473255263,-0.019299422319128845
2018-03-07,-0.0269505156378419,-0.12538422714252606,-0.023020622471916607
2018-03-08,-0.0229120721670244,-0.12953473793559522,-0.023311385532432394
2018-03-09,-0.01178248506128976,-0.12879497686121888,-0.017333848921107564
2018-03-11,-0.008797385350422071,-0.12600433520579646,-0.014275846718269758
2018-03-12,-0.011257007659450147,-0.12680207646247144,-0.015948721428474033
2018-03-13,-0.01789182735053385,-0.12690945408394472,-0.019310894393211875
2018-03-14,-0.019329414314006588,-0.1299014929503013,-0.021709036226803424
2018-03-15,-0.012991193601575635,-0.1296541292048754,-0.018408554693405077
2018-03-16,-0.014830531124610413,-0.1283615219072648,-0.018594263030537683
2018-03-18,-0.013519029201842003,-0.12557805962864577,-0.016374022537622435
2018-03-19,-0.009111222108376671,-0.12320055310907174,-0.012839284120220618
2018-03-20,-0.004465363608742168,-0.12363833210027286,-0.010771535271204336
2018-03-21,-0.007058663200321447,-0.11850161277772497,-0.009160832271604136
2018-03-22,-0.012140584221303263,-0.12391295344585485,-0.014737694105989352
2018-03-23,-0.024211392761218753,-0.1283980277165685,-0.02327922631064272
2018-03-25,-0.023526111919491166,-0.12913162717805515,-0.02334729586169859
2018-03-26,-0.019903138715395285,-0.12312818801760206,-0.0181691392469715
2018-03-27,-0.022741981950009427,-0.13036681099220415,-0.023643604846641852
2018-03-28,-0.019666091556679977,-0.13711683295920185,-0.025896277964892245
2018-03-29,-0.019702070370904656,-0.13375368914978303,-0.02401583643310179
2018-04-01,-0.015350227637229485,-0.13873797308521685,-0.02465734173514722
2018-04-02,-0.02200019027218658,-0.14016259998855407,-0.028757559363097762
2018-04-03,-0.019262252086235998,-0.1405317511909333,-0.027606539176851297
2018-04-04,-0.016588745070582278,-0.14035648734125172,-0.02618201314933577
2018-04-05,-0.01144652811418334,-0.13870402251580538,-0.022700016717129845
2018-04-06,-0.01849365256567681,-0.14227419672581276,-0.028208979739852147
2018-04-08,-0.020885718041785295,-0.14432462639078847,-0.0305547273716672
2018-04-09,-0.02246336173671415,-0.14262984336890272,-0.030375699402961254
2018-04-10,-0.01601902466533367,-0.13634204630514268,-0.023624087326674204
2018-04-11,-0.014889186337221916,-0.13485439754307127,-0.022222631761756872
2018-04-12,-0.010892520501153968,-0.13166917656757093,-0.01843922539116949
2018-04-13,-0.009954088693223118,-0.12993757285881102,-0.016994887487583155
2018-04-15,-0.007805086976827691,-0.12840527007005287,-0.015062422634265826
2018-04-16,-0.0072902977777615785,-0.12598528613048376,-0.013439570474389262
2018-04-17,-0.002671749336729534,-0.1243272052320692,-0.01020880600744234
2018-04-18,0.0,-0.12060370816239518,-0.005339310437375788
2018-04-19,0.0,-0.11990640906455718,-0.003472573172531135
2018-04-20,0.0,-0.12038047621533454,-0.0022587049543663085
2018-04-22,-8.11274754597413e-07,-0.12030311623635181,-0.0022152354529084706
2018-04-23,0.0,-0.12289098844776092,0.0
2018-04-24,-0.0061856276962256596,-0.12404612475924826,-0.003751304580891346
2018-04-25,-0.00890409588275276,-0.12713909103969245,-0.0068727298849970975
2018-04-26,-0.004758080844469936,-0.12788311985020628,-0.005218745574523287
2018-04-27,-0.007854767802131568,-0.1317415391545258,-0.008966927876767228
2018-04-29,-0.00940556824971861,-0.13239531056306852,-0.010114567325503754
2018-04-30,-0.01428309450589238,-0.13538897685834173,-0.014259382695563927
2018-05-01,-0.006955583374991026,-0.13672799727821905,-0.011358845721055277
2018-05-02,-0.011121008913637431,-0.1406923022409201,-0.015702335191103867
2018-05-03,-0.012517343112113277,-0.14087751956078065,-0.016503346772355876
2018-05-04,-0.009260666737365253,-0.14034970328644392,-0.014579467606932739
2018-05-06,-0.005509968364048712,-0.13789544068577742,-0.011307520805007187
2018-05-07,-0.0032884453457031615,-0.1361430792900169,-0.009198399172477778
2018-05-08,0.0,-0.13459702330293877,-0.006031270418797918
2018-05-09,0.0,-0.13295002834617398,-0.0038721894322489847
2018-05-10,0.0,-0.1316771094990461,-0.002392215622455951
2018-05-11,0.0,-0.12905231573100062,0.0
2018-05-13,0.0,-0.1276769521601855,0.0
2018-05-14,0.0,-0.1268307565842579,0.0
2018-05-15,0.0,-0.12820592225006322,-0.0002858279814803577
2018-05-16,0.0,-0.1253041470638182,0.0
2018-05-17,-0.0004481428516933672,-0.12324720118315713,0.0
2018-05-18,-0.005328224846337548,-0.12873271858526059,-0.005569449711290697
2018-05-20,-0.008418223306518868,-0.1297434180572269,-0.007690860764467122
2018-05-21,-0.005725052731927249,-0.13003134950834006,-0.006507444471190893
2018-05-22,-0.0028586400684046387,-0.12808996296397102,-0.003966847199413648
2018-05-23,-0.008007827359840625,-0.1361324465221525,-0.011132276030605293
2018-05-24,-0.012771745660598799,-0.13992924935385154,-0.015679829676466417
2018-05-25,-0.011723064853714882,-0.1411868663416479,-0.015876682625832417
2018-05-27,-0.01637506779486797,-0.1443650566540562,-0.0200138696071247
2018-05-28,-0.017907171891097584,-0.14511295620909548,-0.021205384406275396
2018-05-29,-0.028147496477719636,-0.15877121848070264,-0.03412729874618414
2018-05-30,-0.019304671392549988,-0.1527542438341326,-0.026278839630133444
2018-05-31,-0.01677078313120306,-0.1515158682870853,-0.02430928624214923
2018-06-01,-0.01434158025412291,-0.14713894061809019,-0.020587434176439934
2018-06-03,-0.009441736212658536,-0.14577394105183317,-0.017369264368751747
2018-06-04,-0.004175493286376453,-0.14276127524143523,-0.013024455706873272
2018-06-05,-0.0008296186125430483,-0.13925754178059246,-0.009349385237707786
2018-06-06,-0.00028683589822686706,-0.1374320234507802,-0.008029790012178517
2018-06-07,0.0,-0.13711277131276423,-0.006832551253668218
2018-06-08,-0.0001477882653705409,-0.1405895933109873,-0.008906819827264156
2018-06-10,0.0,-0.13917730197062717,-0.007423281494664424
2018-06-11,0.0,-0.13930573451953654,-0.006865967688991947
2018-06-12,0.0,-0.13469404361587856,-0.0006669055870676122
2018-06-13,-0.0034390264079796617,-0.13632468706936463,-0.003326878851403703
2018-06-14,0.0,-0.13525797196561296,-0.0005006070526488715
2018-06-15,-0.00426581387333691,-0.1358707059032752,-0.00298655600956943
2018-06-17,-0.004082555017231537,-0.1359315950806439,-0.0029299351609755053
2018-06-18,-0.0054622646157647115,-0.13916949666804534,-0.005488736024856999
2018-06-19,-0.004785630236725513,-0.13862950321185918,-0.004838502570084224
2018-06-20,-0.002173161632407994,-0.1347312938853923,-0.0012804914226712816
2018-06-21,-0.006778335986201478,-0.13694033361200608,-0.004860009012189637
2018-06-22,-0.005012295772686692,-0.13842496517858582,-0.004831201213352232
2018-06-24,-0.0059750705403163185,-0.13928731567546937,-0.00581070846403009
2018-06-25,-0.01180920504634464,-0.14306830361927947,-0.010911923866119055
2018-06-26,-0.00907141692266955,-0.1390087798265428,-0.007198994182216478
2018-06-27,-0.015217831030821749,-0.14241702800088307,-0.012243017966873881
2018-06-28,-0.01424097580275141,-0.14028395922280734,-0.010524689421211209
2018-06-29,-0.008852894843968118,-0.13869022139471598,-0.006903349981073115
2018-07-01,-0.010755951285310483,-0.1397840683373497,-0.008487356692093662
2018-07-02,-0.011231561248092992,-0.1372693033663096,-0.0072764073918740735
2018-07-03,-0.013622355133648845,-0.13889355178233986,-0.009411077934957102
2018-07-04,-0.012483332739892328,-0.13831048188479378,-0.00850376289880217
2018-07-05,-0.013880831997606036,-0.13548340416882998,-0.007578851081422311
2018-07-06,-0.015042607408467079,-0.1376302653878999,-0.009395694886805805
2018-07-08,-0.013752561103628547,-0.13668280616095085,-0.008202800405348931
2018-07-09,-0.007633001521693994,-0.1350563982350883,-0.004191576727992197
2018-07-10,-0.005393836963506926,-0.12924166593436148,0.0
2018-07-11,-0.010143485604512614,-0.12425777961497253,0.0
2018-07-12,-0.0066739615910414996,-0.12224158793581097,0.0
2018-07-13,-0.009183626608915363,-0.12314313217366124,-0.0017768126679186258
2018-07-15,-0.00811557283758424,-0.12233013296686135,-0.000776030209203582
2018-07-16,-0.0077400357576707934,-0.12215843057988829,-0.0004891309848469305
2018-07-17,-0.007286814012847254,-0.11943616010819169,0.0
2018-07-18,-0.0066690003571360235,-0.11758814991436095,0.0
2018-07-19,-0.011837527262132386,-0.1199952410712628,-0.003965540876404883
2018-07-20,-0.009764107129395905,-0.12301539584478782,-0.004629755010559955
2018-07-22,-0.00890488720801852,-0.12399859651528766,-0.0047558798305720185
2018-07-23,-0.0032780508101148964,-0.11692357137973142,0.0
2018-07-24,-0.002453472829776926,-0.1185261719716405,-0.0004937513742998556
2018-07-25,-0.0007296545651590547,-0.11945441058091089,-0.00015641548442102415
2018-07-26,0.0,-0.1167661173707506,0.0
2018-07-27,-0.002075275895113471,-0.11777785185818768,-0.001610382328934623
2018-07-29,-0.003442221247457522,-0.11968633089323943,-0.003374063352969414
2018-07-30,-0.004287698026275044,-0.12180145948964693,-0.004994126625887385
2018-07-31,-0.004881315672718656,-0.12214560483079506,-0.005485684564996429
2018-08-01,-0.0030708873372926604,-0.1176918043502011,-0.002058182458710922
2018-08-02,-0.006888264203132266,-0.11445607513490808,-0.0021389109400428152
2018-08-03,-0.010187075383821909,-0.11586674072687408,-0.004590997518803208
2018-08-05,-0.008882658566632728,-0.11575212448349914,-0.0038705808979863088
2018-08-06,-0.009403851056027368,-0.11358749071951846,-0.002913235404387704
2018-08-07,-0.005430022391731071,-0.11057172482344757,0.0
2018-08-08,-0.005601609675089381,-0.11312519299636437,-0.0015217168460741615
2018-08-09,-0.00955470878946707,-0.11594164877976909,-0.005091813880699458
2018-08-10,-0.016632669742500994,-0.11815787537880096,-0.009893797635197599
2018-08-12,-0.0166734435952145,-0.11685325441582317,-0.009181929394084687
2018-08-13,-0.015644814538734897,-0.11512105509626702,-0.007692003897976307
2018-08-14,-0.01512617555631679,-0.10942860848911018,-0.00423881922823055
2018-08-15,-0.024659423068134068,-0.11215390508913459,-0.010581733385107928
2018-08-16,-0.021311975812938755,-0.11395711874371595,-0.009888605142993723
2018-08-17,-0.020831864754653706,-0.11292867891558622,-0.00907113100055379
2018-08-19,-0.020378467417528356,-0.11316427819258668,-0.008973300985889221
2018-08-20,-0.02432232560065628,-0.11829834633339908,-0.013836813307747775
2018-08-21,-0.021604175156939798,-0.12109460050549259,-0.014026905490122199
2018-08-22,-0.01869876907668444,-0.11829064198803563,-0.010990184390215374
2018-08-23,-0.019066755906807842,-0.11555222635172269,-0.009639788296669671
2018-08-24,-0.014663528823766092,-0.11720088206229229,-0.008340057747620477
2018-08-26,-0.013170250536530204,-0.1162226326498571,-0.007039186729846936
2018-08-27,-0.00984092579692708,-0.11435020251198758,-0.004312305234484892
2018-08-28,-0.003345700592883194,-0.10928074596106685,0.0
2018-08-29,-0.001688028300179667,-0.10921961014194836,0.0
2018-08-30,-0.005487162485438346,-0.1072147972916897,-0.0007774664053992186
2018-08-31,-0.006358619259665299,-0.1065769177316992,-0.0008582946689390525
2018-09-02,-0.007113735795007403,-0.10693574257833394,-0.0014385851882469103
2018-09-03,-0.006781351726789064,-0.10694832165106116,-0.0012784757474267883
2018-09-04,-0.005181721521105964,-0.1043723205447673,0.0
2018-09-05,-0.006552361970695975,-0.10906216873577068,-0.003307080598718204
2018-09-06,-0.009887085676206886,-0.11444205588160072,-0.007989131391371473
2018-09-07,-0.007498913849786071,-0.11143600869411485,-0.005109054459842666
2018-09-09,-0.0019963531586568717,-0.10772001374342455,-0.0002708209083627233
2018-09-10,-0.0019109089357739473,-0.1081691281342535,-0.00047962351458163965
2018-09-11,0.0,-0.10384167922170406,0.0
2018-09-12,0.0,-0.10292925920106255,0.0
2018-09-13,0.0,-0.10236003651831205,0.0
2018-09-14,-4.695062323811783e-05,-0.1001386978759814,0.0
2018-09-16,-9.834485212067978e-05,-0.09649102055917691,0.0
2018-09-17,-0.0018430019023104594,-0.09887575136458493,-0.0021921194166203417
2018-09-18,0.0,-0.09369483987518867,0.0
2018-09-19,0.0,-0.09350640661733156,0.0
2018-09-20,0.0,-0.0947636531781283,0.0
2018-09-21,0.0,-0.09440016033750942,0.0
2018-09-23,-0.0009586954172643436,-0.09838892087773343,-0.0026816231317985384
2018-09-24,0.0,-0.09596648798071761,0.0
2018-09-25,0.0,-0.09409841036993993,0.0
2018-09-26,-0.003903452818243336,-0.09759236704084984,-0.0038801680361733037
2018-09-27,-0.0028592770620524677,-0.09272444268916147,-0.000671346448890775
2018-09-28,-0.0024112256197493798,-0.09097858757025823,0.0
2018-09-30,-0.0007860696123948019,-0.08898682378512601,0.0
2018-10-01,-0.0004591262382659389,-0.086853880745966,0.0
2018-10-02,-0.0012123594469022336,-0.09088796474971705,-0.002585682522831645
2018-10-03,0.0,-0.08278728161946391,0.0
2018-10-04,-0.0018666310191343127,-0.08448194654276642,-0.0018571278866429397
2018-10-05,-0.002076940561860141,-0.08372949796630902,-0.0015521054107024979
2018-10-07,-0.002794699530234479,-0.08537113948422392,-0.0028056112065384387
2018-10-08,-0.004937965016314161,-0.0852002824830439,-0.0037840919071258083
2018-10-09,-0.005538479521001283,-0.08630488032609074,-0.004686150268820022
2018-10-10,-0.01574209553353767,-0.09461180565931449,-0.014316814876477402
2018-10-11,-0.02196732289428749,-0.10549777365218671,-0.023359634731593415
2018-10-12,-0.019256572787781367,-0.10652986524786723,-0.02256962114433092
2018-10-14,-0.016908405941888582,-0.10618266352342565,-0.02120958958990593
2018-10-15,-0.020007177638861506,-0.1083064102401452,-0.02391501974229515
2018-10-16,-0.016149138314445866,-0.10686105517713473,-0.02120261932742873
2018-10-17,-0.010442159886605018,-0.10058583395798448,-0.014925256871794801
2018-10-18,-0.018468572899163704,-0.10545016013876751,-0.021584085239334527
2018-10-19,-0.015655557757962013,-0.10209780440296168,-0.018348718770411443
2018-10-21,-0.016450028441085784,-0.10373651014739671,-0.019640642787805418
2018-10-22,-0.01090782980199656,-0.10227357918941293,-0.016078434405614628
2018-10-23,-0.01869816737172525,-0.1073145169932942,-0.022715712264366084
2018-10-24,-0.02670139098521329,-0.11498739814183845,-0.03090095684052374
2018-10-25,-0.027536502012573072,-0.11297764967656843,-0.03021636177926057
2018-10-26,-0.030341634050697674,-0.11258213055169353,-0.03139885168803114
2018-10-28,-0.03510669143960088,-0.1169854792182502,-0.03618187190173461
2018-10-29,-0.03785165516975175,-0.11766867594473185,-0.03792568203317426
2018-10-30,-0.027476218187736046,-0.11403972966634002,-0.030759901800729073
2018-10-31,-0.025540137141402686,-0.11164219520571506,-0.028483679065719247
2018-11-01,-0.03432009911879863,-0.12280528370733157,-0.038964427753442
2018-11-02,-0.027617980070053783,-0.12304296898927947,-0.03575968620101988
2018-11-04,-0.02749062888517262,-0.12165246983783562,-0.034932096193746376
2018-11-05,-0.027850839778736036,-0.12181800533028042,-0.0352017630174809
2018-11-06,-0.027062474496459155,-0.12090237399744652,-0.03430759036917219
2018-11-07,-0.01880215269104568,-0.11920356348303507,-0.02927511007081851
2018-11-08,-0.01706665305358046,-0.11616250980541121,-0.026740851165825363
2018-11-09,-0.01794547606201702,-0.11718261288817267,-0.0277375935670221
2018-11-11,-0.018422787091111004,-0.11818003810550848,-0.028523110453532396
2018-11-12,-0.018938168756167273,-0.1205803395091537,-0.030100322818507608
2018-11-13,-0.026923532978029185,-0.12506443136901446,-0.03652029887130781
2018-11-14,-0.03179855297624856,-0.12950964954986477,-0.04138130822003072
2018-11-15,-0.02603508541570887,-0.13053442380205305,-0.03909235748340356
2018-11-16,-0.025813923887386014,-0.13146725287478844,-0.03949872675138366
2018-11-18,-0.031450291208437786,-0.1397809037801666,-0.04687431195140945
2018-11-19,-0.03332347613861053,-0.13616224045414493,-0.04579124366624576
2018-11-20,-0.04255398859076609,-0.12635797651119973,-0.04493200238582651
2018-11-21,-0.039984883962693396,-0.1289450106836303,-0.04506471715699856
2018-11-22,-0.04160532618359358,-0.12998511394755352,-0.046440782285467
2018-11-23,-0.042593021039125656,-0.1276270382786765,-0.04563988156606513
2018-11-25,-0.04428827131655444,-0.1266720306067498,-0.04596242872239886
2018-11-26,-0.04132687135734858,-0.12593532860358025,-0.04408192996237992
2018-11-27,-0.036713041574802374,-0.12208267884657542,-0.03967492561485142
2018-11-28,-0.03546304337316619,-0.1299776068754096,-0.04336985015558181
2018-11-29,-0.03587066720442578,-0.13478022641066134,-0.04621234327053236
2018-11-30,-0.035188902848986126,-0.1340229022471876,-0.04545769386788179
2018-12-02,-0.030484245255014142,-0.13437210787400855,-0.043322861445665106
2018-12-03,-0.031897644550476834,-0.141783656071375,-0.04811576090753156
2018-12-04,-0.03982424703921417,-0.14635693230000724,-0.05454887458519597
2018-12-05,-0.04164433188042127,-0.14923352708716575,-0.0570379453552976
2018-12-06,-0.04576367342303833,-0.1526658301204824,-0.06096665947052349
2018-12-07,-0.050884511956351686,-0.15568990489403745,-0.06516195715080308
2018-12-09,-0.058657282398459354,-0.15383424215016983,-0.06796256531291889
2018-12-10,-0.0512788944491227,-0.15299799958365,-0.06384928584970573
2018-12-11,-0.048847492457922304,-0.15293018720364016,-0.06261221779642501
2018-12-12,-0.04691946147726345,-0.15780095617962364,-0.06435720809672818
2018-12-13,-0.04669714492244437,-0.15771946709065465,-0.0642028183557054
2018-12-14,-0.05151040858846467,-0.15374448793137685,-0.06435710037392905
2018-12-16,-0.05136655803986245,-0.15254202802867856,-0.06362141324541493
2018-12-17,-0.058906709320865724,-0.15195015759153652,-0.0670157988247233
2018-12-18,-0.06538134847314181,-0.15141051073722755,-0.06992837655634121
2018-12-19,-0.06758617838028658,-0.14276162638298662,-0.0662857501064158
2018-12-20,-0.0733116127011717,-0.14501094718330299,-0.07037745337731516
2018-12-21,-0.07728272103962486,-0.1390049202376753,-0.06910414259125042
2018-12-23,-0.08154388106344057,-0.13866967120356877,-0.07107237388245735
2018-12-24,-0.08170469580639828,-0.13939927579785527,-0.07154713001578328
2018-12-25,-0.0954764781257943,-0.13200273519034356,-0.07451933609565109
2018-12-26,-0.08975434039455898,-0.1358726939249154,-0.07365510237784867
2018-12-27,-0.08338969649382844,-0.14204303472691526,-0.07372379985650501
2018-12-28,-0.08513395851257632,-0.14411179952618747,-0.07572187813354136
2018-12-30,-0.08822360623579728,-0.14319196019806246,-0.07678592540055273
2018-12-31,-0.08718718120504598,-0.14570124285456132,-0.0776130932510829
2019-01-01,-0.09058522624453358,-0.1440510277781203,-0.07843906693363101
2019-01-02,-0.09237864375681204,-0.12934130997824778,-0.07142911347797676
2019-01-03,-0.09847787046003442,-0.1285345753216961,-0.07411891991972752
2019-01-04,-0.0971181308689617,-0.13193217715774797,-0.07522555686343768
2019-01-06,-0.08687079689486865,-0.14450003434163705,-0.07667208094525724
2019-01-07,-0.08432183569349327,-0.14956992591359664,-0.07811929359621306
2019-01-08,-0.07852885363376849,-0.15565098357483387,-0.07849916767999976
2019-01-09,-0.07827089591105396,-0.1610929365696211,-0.08133978853379531
2019-01-10,-0.07692404822905496,-0.15855340921343064,-0.07927812938673273
2019-01-11,-0.08000576884468535,-0.15697991664035416,-0.07995419202243514
2019-01-13,-0.07994605922704878,-0.15436096241647423,-0.07849521308923735
2019-01-14,-0.0834038155000133,-0.15466150993532324,-0.08039057295347052
2019-01-15,-0.07808315417258649,-0.15878017000200229,-0.07996175819365725
2019-01-16,-0.07878899861503563,-0.1578190237413416,-0.07978836064739425
2019-01-17,-0.0805584210277176,-0.16334451154481244,-0.08369083272710698
2019-01-18,-0.07855243992318872,-0.1645635199109977,-0.08335879117738909
2019-01-20,-0.07322870536685322,-0.1634766416123059,-0.08011454680062902
2019-01-21,-0.07260146892374408,-0.16423728760807144,-0.0802214820794167
2019-01-22,-0.07964621084422774,-0.16797365282230647,-0.08577089467486132
2019-01-23,-0.0812786450062829,-0.1712829698449263,-0.08839981596986335
2019-01-24,-0.08157942028866438,-0.16789445413789594,-0.08668533088057018
2019-01-25,-0.07904857881787608,-0.17056836979953105,-0.08689438306563291
2019-01-27,-0.0831533591025535,-0.17839208399541073,-0.09323577800737504
2019-01-28,-0.08505946878111181,-0.17754054988430845,-0.09370845617934909
2019-01-29,-0.08585655418621341,-0.17393342532318656,-0.09211583467733009
2019-01-30,-0.08718462497593493,-0.1781356944160627,-0.09508456429685441
2019-01-31,-0.08713515159327057,-0.1756260181975161,-0.09367839952864387
2019-02-01,-0.08637182923666442,-0.17645245547627164,-0.09375376902835453
2019-02-03,-0.08215783955233813,-0.18102583365161218,-0.09418011126830583
2019-02-04,-0.07838848742812032,-0.17964776797758197,-0.09155802215265207
2019-02-05,-0.08029966847456638,-0.18058457727477328,-0.09301865971619427
2019-02-06,-0.0793248984521463,-0.1788825266406121,-0.09159604580278213
2019-02-07,-0.0814034287014519,-0.17489403642840184,-0.09041522168838667
2019-02-08,-0.08528198843011736,-0.17054256008057866,-0.08993697443078819
2019-02-10,-0.0843560563757546,-0.1693596392649055,-0.08882742667646026
2019-02-11,-0.08186913836484444,-0.16750506696027945,-0.08657285149882576
2019-02-12,-0.08070061970570974,-0.16965030263826542,-0.08716847936652994
2019-02-13,-0.07875755490543368,-0.1724115729017326,-0.08772156123861308
2019-02-14,-0.07864846687739757,-0.1691442274687921,-0.08586669581029738
2019-02-15,-0.07340152573575964,-0.1641719553608051,-0.08052845449913082
2019-02-17,-0.07154879806878911,-0.16896153544509762,-0.08224365874157291
2019-02-18,-0.07238877742845562,-0.17060263806993226,-0.08356498541338708
2019-02-19,-0.07767378467668518,-0.17186265553943092,-0.08687177354070652
2019-02-20,-0.07371906221464486,-0.16999445970314664,-0.08388416831438272
2019-02-21,-0.06713098856234001,-0.17629022549418716,-0.08410074579026872
2019-02-22,-0.06723065094954295,-0.17850208066559858,-0.08537937335031198
2019-02-24,-0.06696804155318248,-0.17654683344944389,-0.08416217913663993
2019-02-25,-0.06581946144355222,-0.1778482841855118,-0.08432220362506126
2019-02-26,-0.06309428312179954,-0.17127102568334218,-0.07932386631363597
2019-02-27,-0.05950596034458444,-0.17225617426252693,-0.07810800956724873
2019-02-28,-0.053904543499113444,-0.1752780208510898,-0.07704547318090149
2019-03-01,-0.04841956634159861,-0.17532587600699445,-0.07439684182368644
2019-03-03,-0.04468821053418115,-0.1770045468934638,-0.07352415404625334
2019-03-04,-0.04649565578775794,-0.17324143165082195,-0.07228246024947504
2019-03-05,-0.04640412500242119,-0.17296604316158826,-0.07208342387842093
2019-03-06,-0.04714995514054798,-0.1689599803541738,-0.07019893311260894
2019-03-07,-0.05241785383497899,-0.16314553735635118,-0.06951645192845146
2019-03-08,-0.0537744230320778,-0.15801830168490794,-0.06733205631662409
2019-03-10,-0.0553491116528575,-0.15647492901920812,-0.06725331809828627
2019-03-11,-0.04911656223906713,-0.16496998404245822,-0.06887311213518044
2019-03-12,-0.049136181467304696,-0.16085240655485333,-0.06658699979363547
2019-03-13,-0.04961189360370222,-0.16898697754194036,-0.07134467344097828
2019-03-14,-0.04624366793217394,-0.16718118229250334,-0.0686900854450323
2019-03-15,-0.045727953193070325,-0.16667986327789053,-0.06815799359881225
2019-03-17,-0.048807653039808385,-0.1659994902582188,-0.06928124342997422
2019-03-18,-0.04857648876572729,-0.16715249889293315,-0.06981151007357178
2019-03-19,-0.04688875210927934,-0.1675083863073984,-0.06918521751181739
2019-03-20,-0.05064427825626472,-0.16446972298301832,-0.0693202778996801
2019-03-21,-0.048389640174291815,-0.161878654485497,-0.06677206726693441
2019-03-22,-0.049036574263215504,-0.15724249847310134,-0.06450816180998553
2019-03-24,-0.06070690632738862,-0.15369799860077915,-0.06828113065121788
2019-03-25,-0.06315003214112003,-0.15263511367014937,-0.06890776247414288
2019-03-26,-0.05975764694488006,-0.15107055281294302,-0.06636241756101047
2019-03-27,-0.05873713940123937,-0.14295128035919014,-0.0613910320089569
2019-03-28,-0.05345816968922956,-0.13869133574152115,-0.056426320033360344
2019-03-29,-0.051319342878695995,-0.14470717411906753,-0.05865547060472487
2019-03-31,-0.04783005402418772,-0.14454515218712627,-0.056835155931592496
2019-04-01,-0.04184525965934638,-0.14801137924726937,-0.05578186929017903
2019-04-02,-0.044174490033109914,-0.14917112339596905,-0.057572189258453976
2019-04-03,-0.03870623421603259,-0.15311235054296823,-0.05705915212847068
2019-04-04,-0.03974176061257462,-0.15215644883299762,-0.057034870656902936
2019-04-05,-0.03760062410396836,-0.15130283611979656,-0.05550889129128567
2019-04-07,-0.03550009723586334,-0.14881572686004052,-0.05309425426041803
2019-04-08,-0.035896223123999205,-0.15121008758327315,-0.05462051564407577
2019-04-09,-0.039102247121727496,-0.15333788572575358,-0.05737736220294609
2019-04-10,-0.0382619701397694,-0.15216098534888778,-0.056310069217561876
2019-04-11,-0.03383842518646485,-0.15310004709797986,-0.054662415990322843
2019-04-12,-0.034431563955389155,-0.15478017889385387,-0.05589030250663729
2019-04-14,-0.02878682623849338,-0.15734464926391034,-0.05456291323806228
2019-04-15,-0.02821474401513102,-0.15686548424124203,-0.05401565842272593
2019-04-16,-0.02163939263527448,-0.15441117631260504,-0.04943842214525662
2019-04-17,-0.022773077900512084,-0.15225711961360577,-0.04877842619636352
2019-04-18,-0.025620120027318727,-0.15032661235221056,-0.0490809892829327
2019-04-21,-0.024710977300789305,-0.14671709179375447,-0.04661755055492234
2019-04-22,-0.021137774570470502,-0.14836929155040235,-0.04579408970299659
2019-04-23,-0.02407186152818719,-0.1428421406577527,-0.04412774414447862
2019-04-24,-0.024048539734815355,-0.13448843657337117,-0.03945844459612424
2019-04-25,-0.030734917542526663,-0.13608360878209658,-0.04363400394050243
2019-04-26,-0.0308059855510443,-0.13389467895553342,-0.042457479028656375
2019-04-28,-0.03350798015334555,-0.1307955805000961,-0.0420790953160568
2019-04-29,-0.03144109203122836,-0.13214411919757296,-0.041797905650277856
2019-04-30,-0.03228713301273367,-0.12969039672729976,-0.04086182187150822
2019-05-01,-0.033830038160666764,-0.12955176862781503,-0.04155005015340474
2019-05-02,-0.03355079372749603,-0.13797878033842603,-0.04605103196766269
2019-05-03,-0.03566060363853951,-0.13675080262323602,-0.046412826666053286
2019-05-05,-0.04600485073537197,-0.1333804747401971,-0.049665767608405575
2019-05-06,-0.047473509431761096,-0.13035847408115497,-0.048740317325290716
2019-05-07,-0.04915899128878143,-0.13614820777151915,-0.052748495208022605
2019-05-08,-0.04939893751899538,-0.13981876973251606,-0.05488048177302629
2019-05-09,-0.05638120838100813,-0.13022069578533835,-0.05307856976368841
2019-05-10,-0.05767080046871842,-0.12821451789259275,-0.052633568056081326
2019-05-12,-0.057006022554544344,-0.12551740295366853,-0.05083392931854347
2019-05-13,-0.06366695075629114,-0.11746885159169362,-0.04981823094055182
2019-05-14,-0.05626646972652094,-0.12372245055261144,-0.049429747456612105
2019-05-15,-0.05324419878454134,-0.12782189969911506,-0.05013116946262042
2019-05-16,-0.048201723946390995,-0.13307870860919535,-0.05046417595828223
2019-05-17,-0.0503922173267054,-0.13402857131147072,-0.05207700984440544
2019-05-19,-0.04621848953465224,-0.13575818301674647,-0.05094049556810143
2019-05-20,-0.046442746971668836,-0.1360973964422264,-0.051238321267766174
2019-05-21,-0.04307165784355227,-0.1404924547216,-0.05197464068803048
2019-05-22,-0.04625757336443248,-0.13486166218259676,-0.0504474334962729
2019-05-23,-0.05301206361048538,-0.12456767974404115,-0.04816064303175538
2019-05-24,-0.05386689843001835,-0.12306358572468035,-0.04777256502692573
2019-05-26,-0.055318689846375224,-0.12424717665053464,-0.049145741624343264
2019-05-27,-0.056867833076101104,-0.1292536688925966,-0.05264329018842984
2019-05-28,-0.05518572901647678,-0.1272498729352749,-0.05070842346204374
2019-05-29,-0.052484105441220064,-0.12222853616785967,-0.046620352784149444
2019-05-30,-0.048813299280611844,-0.11939142986493767,-0.043232848823932746
2019-05-31,-0.060991784517324454,-0.10795252074867989,-0.04314371993470223
2019-06-02,-0.07097366564907537,-0.09548836795082771,-0.04154467750265156
2019-06-03,-0.07204531677770465,-0.08972609771988738,-0.03904451493322314
2019-06-04,-0.06993212427130913,-0.10071717710691519,-0.04375185944822568
2019-06-05,-0.06349052599784977,-0.10080994719884484,-0.040489722103397296
2019-06-06,-0.06144317229077023,-0.09856073965283607,-0.03824085821161749
2019-06-07,-0.05867934188453272,-0.10140607840840221,-0.03834264772851148
2019-06-09,-0.05049030941671129,-0.10843031068121212,-0.037918268688324375
2019-06-10,-0.04975924683033783,-0.10920595342001882,-0.03796639075832697
2019-06-11,-0.05029881167284844,-0.11065054170544397,-0.03901957952946844
2019-06-12,-0.06068248335516202,-0.10687439522243447,-0.04223293227534253
2019-06-13,-0.06471790875059158,-0.10226190306601457,-0.04181711125669818
2019-06-14,-0.06664556779751662,-0.1021585154026401,-0.04274936619190228
2019-06-16,-0.06765070037702725,-0.10116285642594869,-0.042734029133252416
2019-06-17,-0.06578645945819628,-0.10035279624426685,-0.04134563908296385
2019-06-18,-0.06285761869542072,-0.0987534875307523,-0.038990803590770895
2019-06-19,-0.06082790594530618,-0.09807096437015739,-0.03758621018290831
2019-06-20,-0.05976132234940634,-0.09537381697085467,-0.035600709875726166
2019-06-21,-0.06243198479701784,-0.09185446534359187,-0.0350944078498302
2019-06-23,-0.05929563105560309,-0.09872382775420052,-0.037129858547580885
2019-06-24,-0.05595506417363294,-0.09411075265045654,-0.032956050035075624
2019-06-25,-0.06001392608023193,-0.09122487570030446,-0.03349457414050949
2019-06-26,-0.053012588472573396,-0.10182847945016793,-0.03553374368702378
2019-06-27,-0.04968357794133871,-0.10200486157436206,-0.03393321663641247
2019-06-28,-0.049336364142022804,-0.1006172729390814,-0.033010345690765996
2019-06-30,-0.0337754554715054,-0.11050561707303685,-0.03041210267093486
2019-07-01,-0.03376401895316128,-0.10693380693363941,-0.028459649637695095
2019-07-02,-0.03185773016614912,-0.10126170576277727,-0.02441601702529339
2019-07-03,-0.034131573165151696,-0.09679588507602388,-0.023137844540837893
2019-07-04,-0.031225504966500006,-0.09627601477661907,-0.021387138321822374
2019-07-05,-0.03352642986672549,-0.0982632578958701,-0.023625244242828414
2019-07-07,-0.031565943177761735,-0.11242620489376942,-0.030302575629156503
2019-07-08,-0.031811411459949035,-0.11376638846130538,-0.031157562560940044
2019-07-09,-0.02808392206660615,-0.11459371625162185,-0.02974478212043019
2019-07-10,-0.026941029422629326,-0.11083487514300272,-0.027114785934090002
2019-07-11,-0.029748459256527804,-0.11700252884629625,-0.03189243735266534
2019-07-12,-0.034123983922336065,-0.1175255724541523,-0.034362094645194685
2019-07-14,-0.04382804557675657,-0.11303989983356333,-0.036758730449176324
2019-07-15,-0.04180926390161599,-0.11167753570446948,-0.03500211111110185
2019-07-16,-0.028323325926579934,-0.11454619603158955,-0.029769373068601057
2019-07-17,-0.031038216724359025,-0.11089597556512598,-0.029124944868888725
2019-07-18,-0.03870012350165575,-0.10757961145731765,-0.031152777393119946
2019-07-19,-0.03789523873675926,-0.11188050187214038,-0.03308178457912958
2019-07-21,-0.03707202447900948,-0.11608156487527688,-0.03495502006459261
2019-07-22,-0.03150677362931753,-0.11559764792338045,-0.03190211145206623
2019-07-23,-0.030596045795110327,-0.11508297925902655,-0.031165246212405906
2019-07-24,-0.02875208423680853,-0.11101502772612448,-0.028016946682097865
2019-07-25,-0.02795474874144055,-0.11488950856066349,-0.029736083691356052
2019-07-26,-0.02490019311327607,-0.11547221231617377,-0.028530986547455894
2019-07-28,-0.02411847936674072,-0.11329158059305078,-0.026944100806159166
2019-07-29,-0.01818704848366104,-0.11000833026570656,-0.02218548618389249
2019-07-30,-0.013464169914291002,-0.1095653259426933,-0.019590304258361613
2019-07-31,-0.008777704632796146,-0.11173395019341936,-0.018455500213746867
2019-08-01,-0.00881099323849166,-0.09500712617125662,-0.009230312736800195
2019-08-02,-0.01333499651514869,-0.0898437317051165,-0.00866496241282333
2019-08-04,-0.01921102393927754,-0.08695737926134828,-0.010044986014275059
2019-08-05,-0.030727046097770105,-0.07504936019367359,-0.00940124883687199
2019-08-06,-0.029755963997138868,-0.09011422626189236,-0.01697207033453607
2019-08-07,-0.034982145733959524,-0.08128225304160519,-0.014848620686842673
2019-08-08,-0.0359381625846974,-0.08022520920254672,-0.014769861976802412
2019-08-09,-0.03981145035360134,-0.0828987588507486,-0.018180935329870973
2019-08-11,-0.03298561354517526,-0.08561037392516835,-0.016142616779395325
2019-08-12,-0.0387881324503232,-0.07866157590927103,-0.015356053895901112
2019-08-13,-0.020310427505548234,-0.08872300250315146,-0.011268355554961529
2019-08-14,-0.02862888544821718,-0.08727795140138772,-0.014682035112667968
2019-08-15,-0.034551654726239334,-0.07869673059323734,-0.013054062844083725
2019-08-16,-0.0328588643027764,-0.07625026184631267,-0.010878431420826229
2019-08-18,-0.02671667715475523,-0.07902746056044829,-0.009224408035850673
2019-08-19,-0.017712004920536928,-0.0795867726056424,-0.0049420059103866265
2019-08-20,-0.021928962309463396,-0.07881854103684272,-0.00666262811222651
2019-08-21,-0.016271235382416926,-0.077302983431763,-0.0029724745819046383
2019-08-22,-0.016647866110834686,-0.08057184931812322,-0.0049294351143878146
2019-08-23,-0.014537930677779753,-0.08121509392107962,-0.004209978075913945
2019-08-25,-0.0609287358081777,-0.06803254328049368,-0.02050477307957943
2019-08-26,-0.04788254376552037,-0.06534387814315634,-0.012287989174517455
2019-08-27,-0.04300853321514708,-0.07028428487139493,-0.012370302182419857
2019-08-28,-0.040036700354517896,-0.07088008231250054,-0.011153269375634212
2019-08-29,-0.03860039716344532,-0.06937279136059438,-0.00961141776548613
2019-08-30,-0.0301854494622239,-0.07143643955101475,-0.006375160357512177
2019-09-01,-0.04082230811941734,-0.0645119018096163,-0.008119306252370895
2019-09-02,-0.03782732041758319,-0.0618669233007334,-0.005168544753111792
2019-09-03,-0.041981560757370584,-0.059873079261140716,-0.006258994617154734
2019-09-04,-0.045221807043904105,-0.059436167232690296,-0.007708614623023857
2019-09-05,-0.02651550636972133,-0.06983903936041835,-0.0034754753514087966
2019-09-06,-0.015463652312486031,-0.07420332039919453,-0.00015659117326283223
2019-09-08,-0.014713452495970336,-0.07274718878412056,0.0
2019-09-09,-0.012211368922528276,-0.07599050216794567,-0.00047915920709973303
2019-09-10,-0.0005847621250281154,-0.08979070932482891,-0.0020607994191764734
2019-09-11,0.0,-0.09462814322837043,-4.066329540741709e-05
2019-09-12,0.0,-0.10224468548246302,-0.003178909650787598
2019-09-13,0.0,-0.10642659039948221,-0.003534055961258109
2019-09-15,0.0,-0.12204269763687559,-0.005471188480591915
2019-09-16,-0.0017638847035228444,-0.12202842342269526,-0.006340220817113051
2019-09-17,-0.0029978252739615296,-0.1183009419625104,-0.004845041287171115
2019-09-18,-0.007141358999309788,-0.11650714307384535,-0.005900658330580066
2019-09-19,-0.011352226578491442,-0.1154182764133439,-0.0073961309422725385
2019-09-20,-0.011936647795092625,-0.1128227626260937,-0.006233276236234819
2019-09-22,-0.01653465694560108,-0.10924321907925383,-0.006540748243670125
2019-09-23,-0.019123792474391443,-0.10829339969725627,-0.007318805492501634
2019-09-24,-0.022485454049712028,-0.10523036598557478,-0.00731492338078743
2019-09-25,-0.02966399743242043,-0.10341719526468862,-0.009954104942348163
2019-09-26,-0.022883730827559345,-0.104901540543895,-0.007314649204518631
2019-09-27,-0.02423681786196208,-0.10415085447441363,-0.007585708267743629
2019-09-29,-0.025893456220363098,-0.10510216690497542,-0.008955090498947382
2019-09-30,-0.024766282954298835,-0.10722643651299002,-0.009557953554751641
2019-10-01,-0.014425304790796956,-0.11149827167637738,-0.00667641773530947
2019-10-02,-0.026006456963344138,-0.10998445919796263,-0.011666318098762729
2019-10-03,-0.04622286774886686,-0.10342703487882854,-0.018282442348897088
2019-10-04,-0.05372286277878402,-0.09497423111305492,-0.017514524769362327
2019-10-06,-0.050526242389082654,-0.09305766379954206,-0.014814755230288856
2019-10-07,-0.04999582973368377,-0.09392609238981908,-0.01501124843356183
2019-10-08,-0.03650041566120099,-0.10385661796091727,-0.013412766466377346
2019-10-09,-0.04828108667581543,-0.10016872014634848,-0.01741419721137294
2019-10-10,-0.040952323525884404,-0.10426933316820075,-0.015869836014073102
2019-10-11,-0.027523050390801163,-0.11414228826273487,-0.014403245581926294
2019-10-13,-0.011302279839146556,-0.1264311644511601,-0.013019684730916747
2019-10-14,-0.016464177396054103,-0.12410286184045682,-0.014280862515734016
2019-10-15,-0.01836812613362382,-0.123667406620239,-0.014989923338262101
2019-10-16,-0.01550011187934297,-0.12954704119768568,-0.01685537689682637
2019-10-17,-0.01719922183190048,-0.1300593567234377,-0.01799308315157433
2019-10-18,-0.018100392400533627,-0.1325452299447999,-0.019846356921486286
2019-10-20,-0.01903595984578188,-0.13604504784359817,-0.022290564258601875
2019-10-21,-0.01786733882820757,-0.13732930024392576,-0.02243486547741602
2019-10-22,-0.010820002880225,-0.13967504146266552,-0.020256663636029626
2019-10-23,-0.018426412129564973,-0.1388042890349358,-0.0235277770350808
2019-10-24,-0.012507114732001612,-0.13701480924978882,-0.019569003507236116
2019-10-25,-0.012564417277936224,-0.13562833513410366,-0.018809868468406044
2019-10-27,-0.003447729455488324,-0.13649438008164005,-0.014771900496185708
2019-10-28,-0.0024857513134727283,-0.1357999971852928,-0.013900244420437358
2019-10-29,0.0,-0.13870662757406438,-0.01181128677306953
2019-10-30,-0.004717697888689698,-0.1394547891293022,-0.014571469203881304
2019-10-31,-0.009059809548635056,-0.1358668517318461,-0.0146667190229397
2019-11-01,-0.021800212260188356,-0.1326702700717629,-0.01917841547216459
2019-11-03,-0.01489396382774455,-0.13307538575407796,-0.01594509904721131
2019-11-04,-0.01387696440411934,-0.13253522838018195,-0.015130572868427117
2019-11-05,-0.003013213324889241,-0.13458925165000413,-0.010871612323982371
2019-11-06,0.0,-0.13717280493393802,-0.00956183326026494
2019-11-07,-0.004292140218446927,-0.13576758611593664,-0.010880858617478895
2019-11-08,0.0,-0.14221750482461204,-0.007345363351062728
2019-11-10,0.0,-0.14364163544139108,-0.006002038434027579
2019-11-11,-0.005451585878250564,-0.1395244669267759,-0.006322017484402753
2019-11-12,0.0,-0.14344070925312813,-0.005216398860187987
2019-11-13,-0.006259773260092527,-0.13940022028093524,-0.005983704259453937
2019-11-14,-0.011140418576498057,-0.1337487481950279,-0.005160902403459677
2019-11-15,-0.01332152957306254,-0.13102521342222795,-0.004694141850066669
2019-11-17,-0.015147047726261853,-0.1295870141134916,-0.00479124001035347
2019-11-18,-0.014407177683565031,-0.1304143064699631,-0.004890367940041829
2019-11-19,-0.015614661459708024,-0.12734301505687173,-0.003742624685476481
2019-11-20,-0.019111246434534324,-0.12699024308805762,-0.005310633460761327
2019-11-21,-0.021591995065230685,-0.12574951815524316,-0.005861630982265775
2019-11-22,-0.018448119465993118,-0.1251062610882635,-0.0038986861774763515
2019-11-24,-0.011600811313812076,-0.12592936959511947,-0.000892854545408106
2019-11-25,-0.008767653028393219,-0.12932915590422323,-0.0014039929540644591
2019-11-26,-0.00919703627583357,-0.12493251368069025,0.0
2019-11-27,-0.006450999705038152,-0.12140065333865113,0.0
2019-11-28,-0.005833183676600795,-0.12438808380311406,-0.0013891959365838202
2019-11-29,-0.005252676470503648,-0.1233018084678037,-0.0004782116226415001
2019-12-01,-0.002783427764481816,-0.12255396424705833,0.0
2019-12-02,-0.001647933111083577,-0.12489505668868506,-0.0007647058262230111
2019-12-03,-0.00842057302855237,-0.12974155882156957,-0.006921001744835342
2019-12-04,-0.023835475853583588,-0.12657920269738754,-0.012835777672045134
2019-12-05,-0.021061966361393347,-0.12980472938893406,-0.013256186098810407
2019-12-06,-0.014721130351056821,-0.13377617428665933,-0.01231216582570871
2019-12-08,-0.0075330507384776535,-0.13561178806927443,-0.009755842748927379
2019-12-09,-0.01000451565082261,-0.13566235187622921,-0.011017770558716
2019-12-10,-0.01066604168693297,-0.1379761536904741,-0.012671930553711186
2019-12-11,-0.008106403500968473,-0.13933659200873294,-0.012173802473201878
2019-12-12,-0.009189278970191839,-0.1397556518057913,-0.012953507851642954
2019-12-13,0.0,-0.14732209283959996,-0.011934428387978091
2019-12-15,-0.005960206286721781,-0.14379333264432304,-0.012834438438478979
2019-12-16,-0.004450527883435029,-0.14501989865724874,-0.012791905424672345
2019-12-17,0.0,-0.14901269503605374,-0.010668366486161207
2019-12-18,0.0,-0.14882983739106692,-0.009215235216984974
2019-12-19,0.0,-0.15062240938709726,-0.008058884446893289
2019-12-20,0.0,-0.14941670814262975,-0.005652977251810576
2019-12-22,0.0,-0.14649609500906513,-0.002375082723565125
2019-12-23,-0.0016919504095583848,-0.14627323706444095,-0.0030888040150178764
2019-12-24,0.0,-0.1463745247419861,-0.0017857695114050776
2019-12-25,-0.0025615728899872625,-0.14546589641412144,-0.0025330019800051673
2019-12-26,-0.0017907546196758162,-0.14612324100911345,-0.0025312291850270174
2019-12-27,0.0,-0.1414694964105604,0.0
2019-12-29,-0.005452395693639311,-0.14013744604493894,-0.0019504243827130896
2019-12-30,-0.005450052102346059,-0.1415692036306152,-0.002780174894622789
2019-12-31,-0.00904972114496494,-0.1434157318232433,-0.005657376303171757
2020-01-01,-0.008586396048661293,-0.1452929336182912,-0.0065144701030427354
2020-01-02,-0.00745453077815339,-0.14398924363147003,-0.005189669923160056
2020-01-03,-0.012907238775423435,-0.13614773938928248,-0.0033657548060251896
2020-01-05,-0.02130797322660305,-0.130860573085404,-0.004556797791122391
2020-01-06,-0.021398759798854194,-0.13196478324964933,-0.005235305291497627
2020-01-07,-0.015640715459750765,-0.13556845313760368,-0.004373625854226848
2020-01-08,-0.018887989818276885,-0.1278693951025509,-0.0015820751059320015
2020-01-09,-0.0017082262111951518,-0.13526913833441045,0.0
2020-01-10,0.0,-0.1325062633485493,0.0
2020-01-12,-0.0034658157839900783,-0.13084776834779832,-0.0007769960907451079
2020-01-13,0.0,-0.131123639024893,0.0
2020-01-14,0.0,-0.13127611961832064,0.0
2020-01-15,-0.007416797018225174,-0.12744968192710227,-0.0015060659972347956
2020-01-16,-0.007094088191375358,-0.12251531695243001,0.0
2020-01-17,0.0,-0.12371214229303495,0.0
2020-01-19,0.0,-0.1218516211509123,0.0
2020-01-20,0.0,-0.12097914230764117,0.0
2020-01-21,-0.0042086750842953435,-0.11745257955539812,-9.83767498742294e-05
2020-01-22,-0.0022480644371385416,-0.11380716604793362,0.0
2020-01-23,-0.005761997300914978,-0.11167353417658432,-0.0005571059193684169
2020-01-24,-0.003072444961263021,-0.10725168054653489,0.0
2020-01-26,-0.013648990840884667,-0.10076351310950726,-0.0016707542797247399
2020-01-27,-0.011841138483042357,-0.10058041511045435,-0.0006542134470725047
2020-01-28,-0.012320213757955445,-0.09709592090849029,0.0
2020-01-29,-0.00913228872390337,-0.09756824850660883,0.0
2020-01-30,-0.015500125198642078,-0.09153512828640609,0.0
2020-01-31,-0.013418616264627592,-0.09249792642382526,0.0
2020-02-02,-0.025676766825033392,-0.08835811646790348,-0.003931555779981388
2020-02-03,-0.020370629831331755,-0.08809464332329586,-0.0010753387680726423
2020-02-04,-0.009176742514382497,-0.08932209820749093,0.0
2020-02-05,-0.006864910385434464,-0.0917876829758143,-0.0001870866117501535
2020-02-06,0.0,-0.09672666238189986,0.0
2020-02-07,0.0,-0.09260018580286056,0.0
2020-02-09,-0.0054474461840881006,-0.08663887023521033,0.0
2020-02-10,-0.00048046457421702105,-0.08820879697617623,0.0
2020-02-11,0.0,-0.0861555009439553,0.0
2020-02-12,0.0,-0.08950704262075881,-0.0006194206295261351
2020-02-13,-0.0003868283465149336,-0.08652097694149863,0.0
2020-02-14,-0.0002462516414473148,-0.08818122700356346,-0.0008384355080086614
2020-02-16,0.0,-0.0874481975122069,-5.584152300064371e-05
2020-02-17,0.0,-0.0867760620003668,0.0
2020-02-18,-0.003825702122293939,-0.08465460372631206,-0.0007513296720441653
2020-02-19,-0.0003537592246368737,-0.08126605060203984,0.0
2020-02-20,0.0,-0.07491437233847065,0.0
2020-02-21,-0.006743688309358009,-0.06783106757609536,0.0
2020-02-23,-0.01838192651002102,-0.06602206711884628,-0.004888309930860202
2020-02-24,-0.019561634080224266,-0.06244607904734034,-0.0035812443943630257
2020-02-25,-0.026828051727306845,-0.06583749355061808,-0.009075844878377315
2020-02-26,-0.04427610026706852,-0.06612909668784095,-0.018113670024443862
2020-02-27,-0.05657397851198831,-0.06391962572261323,-0.023269397069691555
2020-02-28,-0.07301573740877487,-0.06784823940360951,-0.03383009671268844
2020-03-01,-0.08375000326702642,-0.056820276734216746,-0.03370890029171547
2020-03-02,-0.08054508265321636,-0.06076174305314885,-0.034037944802829956
2020-03-03,-0.07119714210096173,-0.062004064911920675,-0.029766394068291624
2020-03-04,-0.08358304851674492,-0.047974266266254895,-0.02897960186411419
2020-03-05,-0.08469392656988328,-0.05338619983077131,-0.03232809175948814
2020-03-06,-0.1063514140929025,-0.03886933413511129,-0.036356459913051586
2020-03-08,-0.13554311852475542,-0.01876605797609565,-0.04201761302171536
2020-03-09,-0.1423924984968501,-0.019277038039734795,-0.0460622557612701
2020-03-10,-0.11949552897249827,-0.05403923879487693,-0.05023421975304787
2020-03-11,-0.12509808276505552,-0.04765312800498467,-0.050049948627407415
2020-03-12,-0.13948048353184883,-0.03578868597202267,-0.051940711263065875
2020-03-13,-0.1354573155504537,-0.036507083161290144,-0.05007767235044669
2020-03-15,-0.14016203864153698,-0.027183367485322463,-0.048066149489332965
2020-03-16,-0.14509247891912702,-0.020620118191086,-0.047584235192754676
2020-03-17,-0.14427918268870477,-0.021295470931043226,-0.04745958550928797
2020-03-18,-0.13738501250760904,-0.012491561181971589,-0.03933820815440359
2020-03-19,-0.11983211713509823,-0.014463099321121553,-0.03052317893906742
2020-03-20,-0.12778427269691628,-0.015189068461160637,-0.03525977112498646
2020-03-22,-0.16149131409236372,0.0,-0.035887173349635426
2020-03-23,-0.15825932581811697,-0.013539663515247935,-0.04055599351876349
2020-03-24,-0.14679275825486138,-0.01979671026020602,-0.03706384810166974
2020-03-25,-0.132750664413121,-0.03312003870089553,-0.03568415457822682
2020-03-26,-0.13910039274916286,-0.03416401179604156,-0.03973496632235762
2020-03-27,-0.13520139695048206,-0.04981461514171159,-0.045340621714949014
2020-03-29,-0.14441542905812188,-0.04661108925506363,-0.04881704550148125
2020-03-30,-0.14248837724954955,-0.050445457615037825,-0.0496586086231906
2020-03-31,-0.13927160595747556,-0.05284398901331877,-0.04907636694576234
2020-04-01,-0.15135324108380355,-0.04591476774252379,-0.052271806092015205
2020-04-02,-0.1490309640149231,-0.043138420425068214,-0.04959617769508451
2020-04-03,-0.14893425582147468,-0.03753800196077339,-0.046760862558721916
2020-04-05,-0.14713644520931124,-0.03955140428581849,-0.046751094931091974
2020-04-06,-0.14165809710716248,-0.04538711891367708,-0.04658549400894496
2020-04-07,-0.13413340022138664,-0.05439703915752725,-0.04690572103127233
2020-04-08,-0.1342124531020893,-0.055523704665672025,-0.047517025003873004
2020-04-09,-0.13308813676286635,-0.057364154961306646,-0.047826601502353516
2020-04-12,-0.13637045656128377,-0.058945577359936,-0.05042788248914298
2020-04-13,-0.13526340139105975,-0.06434520498077301,-0.05254352201197421
2020-04-14,-0.1312724307479718,-0.06247070717593506,-0.049408079772907176
2020-04-15,-0.13491618201002087,-0.053742633554499264,-0.04697679836891633
2020-04-16,-0.1395768695392533,-0.04461793701902972,-0.044949061795323764
2020-04-17,-0.13161451043916605,-0.045537628730759505,-0.04098972566750814
2020-04-19,-0.13498637562831295,-0.04613507406297701,-0.04315174837856106
2020-04-20,-0.13817627165036872,-0.042987483847573005,-0.04333730754708276
2020-04-21,-0.14532537872381857,-0.03338159971408672,-0.042504034639585186
2020-04-22,-0.1467382547526792,-0.02923992322374236,-0.04124416567733591
2020-04-23,-0.1432181081898657,-0.033435660314671045,-0.04133841020682072
2020-04-24,-0.14502561845809292,-0.03304028306084206,-0.0421535583139907
2020-04-26,-0.14309197719313338,-0.031119106080337522,-0.040118872816957696
2020-04-27,-0.1423992559927103,-0.03152216281360998,-0.039930547087502544
2020-04-28,-0.1415376052795967,-0.03316093859935487,-0.04026051934194963
2020-04-29,-0.14218536422257277,-0.03344065380085959,-0.04076143910299601
2020-04-30,-0.14044847251810677,-0.034366147450348494,-0.04024955429040611
2020-05-01,-0.14127578788598938,-0.0340964398893544,-0.04057740038583546
2020-05-03,-0.14566190267310686,-0.028990434880421523,-0.04049175436679808
2020-05-04,-0.14454800668542334,-0.029417596533685475,-0.04007729636448898
2020-05-05,-0.13898808703417997,-0.0366796216034897,-0.04054897227646215
2020-05-06,-0.1392426830795983,-0.03537414798759764,-0.040040709253928886
2020-05-07,-0.1397452237803144,-0.03700268525301109,-0.041131267875684996
2020-05-08,-0.14318566857215942,-0.03265940607167428,-0.04088635597457291
2020-05-10,-0.1385804230068547,-0.038545704465646535,-0.04122693020810464
2020-05-11,-0.13913271787219805,-0.037283931375415524,-0.04090515931405003
2020-05-12,-0.13992619956407326,-0.03060463324671181,-0.038020082416070355
2020-05-13,-0.14403830175725307,-0.02713070874643242,-0.038596070128096294
2020-05-14,-0.14774741285692516,-0.02223858950108959,-0.03826184781461073
2020-05-15,-0.14766292156003213,-0.02003198649447857,-0.037128954100602796
2020-05-17,-0.14780376917617377,-0.01971743143870086,-0.037053977114697156
2020-05-18,-0.14759846031070345,-0.021941046464213132,-0.038030126823350274
2020-05-19,-0.14029251914004837,-0.031041808800625015,-0.03838312800687649
2020-05-20,-0.14105393345961226,-0.03040600913474667,-0.03849347278322457
2020-05-21,-0.14198194234644446,-0.02908069223784837,-0.03835574944028952
2020-05-22,-0.14373597628237456,-0.026429142277990647,-0.038025577137973166
2020-05-24,-0.14159434869271692,-0.027702773206085274,-0.037451795823859046
2020-05-25,-0.14138495145221608,-0.027968479969501248,-0.03746591636036156
2020-05-26,-0.1393679165675481,-0.03137084041265825,-0.038019895532765524
2020-05-27,-0.1383679861960042,-0.034792810599374446,-0.039160294666708784
2020-05-28,-0.13806215127270516,-0.03212975150723241,-0.03766426591518057
2020-05-29,-0.1397407981757971,-0.03181134978009004,-0.0384430626289487
2020-05-31,-0.13954100331175057,-0.0326340770199689,-0.03873994795748692
2020-06-01,-0.13835102128440857,-0.032327544716088785,-0.03792295617461139
2020-06-02,-0.13534549919677274,-0.032311291257762,-0.03623696357647499
2020-06-03,-0.12894909233537222,-0.03842255780956916,-0.03571541260676114
2020-06-04,-0.1279061483485091,-0.040491653534677985,-0.03617558485462191
2020-06-05,-0.11906782001307836,-0.04941029581043355,-0.03577097418216879
2020-06-07,-0.1184069231610122,-0.04810319909817784,-0.034746354444269656
2020-06-08,-0.11900652188690442,-0.04808800441833616,-0.035066899933306916
2020-06-09,-0.12266629402083506,-0.04442463729379753,-0.035214395590858816
2020-06-10,-0.1265916310888956,-0.04050881221935243,-0.03539591757076532
2020-06-11,-0.1359711196584974,-0.0460453302400764,-0.043358345335028914
2020-06-12,-0.13469153630847008,-0.0488131738025559,-0.044037796073603364
2020-06-14,-0.13500306284360364,-0.04948504440728052,-0.04454749967158533
2020-06-15,-0.1344459596007639,-0.04853305721580192,-0.04376135280272231
2020-06-16,-0.12971731259611374,-0.04957943588004421,-0.0416751309143385
2020-06-17,-0.13015092990528088,-0.04850986782313649,-0.041374641390542255
2020-06-18,-0.1321691741068851,-0.04771487873817204,-0.04208627854924052
2020-06-19,-0.13299930606352117,-0.04772169124604131,-0.04254785574639408
2020-06-21,-0.1330420362037381,-0.047808839664456815,-0.04261526071974464
2020-06-22,-0.13151587910442852,-0.04519327622742031,-0.040457675573144836
2020-06-23,-0.1325973441163435,-0.04418251671940521,-0.040547216104941386
2020-06-24,-0.13578461755501314,-0.04374121589391877,-0.042088482426542395
2020-06-25,-0.13671346330951994,-0.043137695518140284,-0.04230097517549691
2020-06-26,-0.14051079615905449,-0.04094522135687806,-0.04331009172157163
2020-06-28,-0.1405987610966667,-0.04109431989603041,-0.04343341366596387
2020-06-29,-0.13993276343040117,-0.04056313365511188,-0.04279782017606093
2020-06-30,-0.1365482669557998,-0.04143272031759726,-0.041348232115614
2020-07-01,-0.13256645303510162,-0.04749126356648459,-0.04216735595488075
2020-07-02,-0.1330920803554766,-0.04490779843278303,-0.04115860607598654
2020-07-03,-0.1330850981172017,-0.04510620230688822,-0.0412543360841271
2020-07-05,-0.13308818766053732,-0.04511010608293453,-0.04125800425230608
2020-07-06,-0.13163973972061083,-0.04535052361372516,-0.04057775842542166
2020-07-07,-0.13292845618490212,-0.04302147332172723,-0.040119341125999575
2020-07-08,-0.1324504405382454,-0.04452181250989584,-0.04060719507573063
2020-07-09,-0.13355400646648508,-0.04306206478718466,-0.04048452844180428
2020-07-10,-0.13286017312965648,-0.0460540026627414,-0.041600346014387224
2020-07-12,-0.13206254336719936,-0.043656685294976794,-0.03995530409793224
2020-07-13,-0.13415663172652692,-0.0406617313122396,-0.03961018992842813
2020-07-14,-0.13448876152193823,-0.042229560110008446,-0.04057916206834555
2020-07-15,-0.134358357392385,-0.04118853888727936,-0.03998547791887097
2020-07-16,-0.13526745937804385,-0.042898852399606446,-0.0413458141477161
2020-07-17,-0.1350245564410837,-0.042403521882126816,-0.040963104275442586
2020-07-19,-0.1348705041616448,-0.04197227771563938,-0.04066175553288909
2020-07-20,-0.13363264017406917,-0.04078256255237078,-0.03937975329211907
2020-07-21,-0.13412628010581218,-0.03904011968207055,-0.03878092947030787
2020-07-22,-0.13393015653899343,-0.03844012981279743,-0.03837199380214229
2020-07-23,-0.13531893400358463,-0.03812611344054062,-0.038985978881367234
2020-07-24,-0.13615623931994636,-0.040939182490587034,-0.04085655022537693
2020-07-26,-0.13612837564694324,-0.04077633022045024,-0.04075964827078016
2020-07-27,-0.13417279026354623,-0.04140654197405913,-0.03998902167876117
2020-07-28,-0.13603687082603522,-0.03809669468715371,-0.039365077454344366
2020-07-29,-0.1365389307759015,-0.03677629910601643,-0.03898486879083818
2020-07-30,-0.13689847253817067,-0.03360160022939618,-0.037601240419518844
2020-07-31,-0.13814320072999542,-0.033238567938457586,-0.038114440727601284
2020-08-02,-0.13835718997867286,-0.03406878453054085,-0.03864686804651507
2020-08-03,-0.13693146903427367,-0.03439688338062985,-0.038014786423818836
2020-08-04,-0.1384054781646995,-0.029397012081024188,-0.0363456904829923
2020-08-05,-0.13597608949350537,-0.03138404659749627,-0.03597351461514531
2020-08-06,-0.13598391294803336,-0.028855920594941797,-0.034719805433122364
2020-08-07,-0.1351975658771032,-0.03124179563456897,-0.03546628573165067
2020-08-09,-0.1356059911112223,-0.03241728508727615,-0.03627923041422687
2020-08-10,-0.13456720661998223,-0.033115845961538604,-0.036048041601654646
2020-08-11,-0.12993929371721402,-0.04034039894286878,-0.0370719907203757
2020-08-12,-0.12714371330830232,-0.04357020867682193,-0.03714541008106176
2020-08-13,-0.12620440974687364,-0.04510578876054605,-0.03740028118872285
2020-08-14,-0.1282355411009678,-0.04428732927310841,-0.03810652711581153
2020-08-16,-0.12818223943613405,-0.04412225559548033,-0.03799405031424241
2020-08-17,-0.12860628289304588,-0.043891890550510015,-0.038112084393756906
2020-08-18,-0.1283871619931498,-0.03927768968774148,-0.03567009892244588
2020-08-19,-0.12711738605591827,-0.042082736611063654,-0.03637546534619118
2020-08-20,-0.130024306620802,-0.039278608241027246,-0.036569604754014495
2020-08-21,-0.13103940415425175,-0.03869568044059546,-0.036839389766865294
2020-08-23,-0.13164514002695482,-0.0391484097250272,-0.03740189197588095
2020-08-24,-0.12851774974044217,-0.040673707822197924,-0.03643252304517597
2020-08-25,-0.12627125408339945,-0.0436381227886935,-0.03667934749185975
2020-08-26,-0.12491187362404887,-0.041903055893303454,-0.03505611613121917
2020-08-27,-0.12316513412100216,-0.045731144551180325,-0.03602078991514979
2020-08-28,-0.12569066147678642,-0.039444870986923286,-0.034233933118591686
2020-08-30,-0.12537293488881107,-0.039004917089369595,-0.0338372816955721
2020-08-31,-0.1257564434713061,-0.03890389658318627,-0.033998322507782563
2020-09-01,-0.12706405205323024,-0.037154433013953936,-0.03384155169774383
2020-09-02,-0.1295854056445751,-0.037019632612885434,-0.03516922647518761
2020-09-03,-0.1340062860741803,-0.04081452557672427,-0.03952053150451129
2020-09-04,-0.1323898238058554,-0.046554555016713794,-0.04149800343082821
2020-09-06,-0.13242835594426872,-0.04655154253924265,-0.04151777360816977
2020-09-07,-0.13273266500398795,-0.04710825091802939,-0.04196569578793796
2020-09-08,-0.13935533202144534,-0.045405658135705074,-0.044767698107507914
2020-09-09,-0.13847129494975852,-0.0485011155698688,-0.04582586337596628
2020-09-10,-0.14074253828025685,-0.04717676908935109,-0.046419570340027305
2020-09-11,-0.14222389415841696,-0.04582056742148266,-0.04656291474506247
2020-09-13,-0.14210680646923746,-0.04547355323377256,-0.046324469862772166
2020-09-14,-0.14105512354982652,-0.04396081766067228,-0.0449842255664874
2020-09-15,-0.1393726850135274,-0.043191868936958366,-0.043664855171648864
2020-09-16,-0.13988773803774968,-0.04391038289644833,-0.04431009983447476
2020-09-17,-0.14259599174573023,-0.04624036656709851,-0.04697920513762199
2020-09-18,-0.14343097038323005,-0.04568454859074256,-0.04716555871942851
2020-09-20,-0.14365340200861942,-0.04604527536976333,-0.04746935699047217
2020-09-21,-0.1435537748189758,-0.046885544373396426,-0.04783345569660036
2020-09-22,-0.14397575116772365,-0.048300063724835196,-0.04877458114444255
2020-09-23,-0.14387191648340147,-0.05013652586797268,-0.04963466315181808
2020-09-24,-0.14429099856028837,-0.05240266481745692,-0.05100093729898891
2020-09-25,-0.1437735691513089,-0.0502609358473749,-0.049641568761349064
2020-09-27,-0.14355026865792886,-0.04990357849407656,-0.04933884868553118
2020-09-28,-0.14272854044155325,-0.0496833842508676,-0.048772626027734245
2020-09-29,-0.14286167975791653,-0.04845676694305279,-0.048232595207239326
2020-09-30,-0.14392046813580317,-0.05203391099772825,-0.05060942853354977
2020-10-01,-0.14321550470586475,-0.051381152771080685,-0.04989165742832069
2020-10-02,-0.1445104150110037,-0.0546951945633285,-0.05226925827747442
2020-10-04,-0.14381037718226763,-0.053160906425150145,-0.05111238660376072
2020-10-05,-0.14024168730701758,-0.05839381504051011,-0.05175696919801398
2020-10-06,-0.14315479730719716,-0.0563378429726441,-0.05232819839334246
2020-10-07,-0.14129997280730677,-0.05914264152612958,-0.052710837461552695
2020-10-08,-0.13899944396185238,-0.05767720543352728,-0.05070417721803222
2020-10-09,-0.13946648059791322,-0.0573923659445722,-0.05081816912095283
2020-10-11,-0.13929069747541933,-0.05717942518979535,-0.050614010411700106
2020-10-12,-0.1386401615391326,-0.055506537048985005,-0.049412962190362286
2020-10-13,-0.14073251362288663,-0.05425188362060662,-0.04993613628440008
2020-10-14,-0.14100788272664433,-0.05459506952541082,-0.05026074556067228
2020-10-15,-0.14225730301167705,-0.05494522015107883,-0.051127330383985425
2020-10-16,-0.14190746881778038,-0.055683438619153036,-0.051304429787615735
2020-10-18,-0.14199187751182318,-0.05587439767957059,-0.05144701263680096
2020-10-19,-0.14191778098913665,-0.057089424214632145,-0.052016416845877766
2020-10-20,-0.14331657991011149,-0.05848760541090492,-0.05349194427687709
2020-10-21,-0.14232751391127962,-0.05781508110335454,-0.05260751233693728
2020-10-22,-0.14126206166930444,-0.06078859938571146,-0.05351403506717911
2020-10-23,-0.14249020607361917,-0.05974074281162545,-0.05366286840959433
2020-10-25,-0.14250310307211456,-0.05976352792411721,-0.05368145109126932
2020-10-26,-0.14346355676888678,-0.05862837375550445,-0.05364017247420594
2020-10-27,-0.14363439233700914,-0.05698392493956561,-0.05290796659825858
2020-10-28,-0.14458519399799352,-0.0585601178370625,-0.05422523589228123
2020-10-29,-0.14442919177447977,-0.06084466635575714,-0.055286529183719235
2020-10-30,-0.14450823406452884,-0.062412116038682686,-0.05611853117627963
2020-11-01,-0.14443941395333304,-0.06266912089219634,-0.05620993086481285
2020-11-02,-0.14413363631863196,-0.06302826140425188,-0.056222083107220655
2020-11-03,-0.14203160951427873,-0.06462414138146988,-0.05586684957907706
2020-11-04,-0.14451572177143912,-0.05957818866686371,-0.05468704666971069
2020-11-05,-0.14376597597482765,-0.057252629341552175,-0.05310398358901358
2020-11-06,-0.14304754679402465,-0.05732400504238633,-0.05274257860544429
2020-11-08,-0.14269071407809342,-0.056247681341436095,-0.052004583544413285
2020-11-09,-0.14059625925887587,-0.06588068309795825,-0.055684736277041624
2020-11-10,-0.14026675850801096,-0.06773513109395857,-0.05644105278018763
2020-11-11,-0.13984752153419777,-0.06602487135329649,-0.05534550658890347
2020-11-12,-0.14166194242229913,-0.06320882922392523,-0.054917721237733974
2020-11-13,-0.1414824971191182,-0.062451899398453525,-0.05443711662296191
2020-11-15,-0.14103979229093977,-0.06126060977039072,-0.053592584431785384
2020-11-16,-0.1409230416045082,-0.060761426763458304,-0.053276635861087884
2020-11-17,-0.14207830903194818,-0.05914465884482423,-0.05309837606524204
2020-11-18,-0.14190660031853686,-0.05994822626796514,-0.05340798298701921
2020-11-19,-0.14301846575988342,-0.05804012225874311,-0.0530605616290889
2020-11-20,-0.14307313929701648,-0.057310532251585666,-0.05272404450621282
2020-11-22,-0.14296386381834925,-0.056857240901582506,-0.052435897720700786
2020-11-23,-0.14294700567907426,-0.059018258465606266,-0.05351215237699791
2020-11-24,-0.1428766619584919,-0.057936184026036064,-0.05292910720557653
2020-11-25,-0.14192997362275228,-0.058617049682969324,-0.05274833196270967
2020-11-26,-0.14187711730303632,-0.058525689158223426,-0.052673192009797476
2020-11-27,-0.14368419434691682,-0.0566253913595709,-0.05271460020089702
2020-11-29,-0.14362383954533198,-0.0565107446889771,-0.0526236559721307
2020-11-30,-0.1430021069547981,-0.05832776285284458,-0.05319200847993466
2020-12-01,-0.1393424203961411,-0.05956619763265625,-0.05179299914853741
2020-12-02,-0.13945338758939796,-0.060099531813772256,-0.052122997990990405
2020-12-03,-0.1402088768323152,-0.05736327423217402,-0.051159337551460515
2020-12-04,-0.13876128024235657,-0.05829638309891905,-0.05083019969630709
2020-12-06,-0.1385693084470765,-0.05792955945083711,-0.05053954781120207
2020-12-07,-0.13996752264687007,-0.055480897650270755,-0.050076161707937716
2020-12-08,-0.1394764924366465,-0.05589211265655303,-0.05001176917754946
2020-12-09,-0.14006991264803403,-0.057789338907183074,-0.05129384841571116
2020-12-10,-0.14206594878476042,-0.05718620153885878,-0.052091250587252946
2020-12-11,-0.14464060178775873,-0.05582995993212536,-0.052831798394366025
2020-12-14,-0.1441372605828437,-0.054879523829008514,-0.052076387999063556
2020-12-15,-0.14206263439344013,-0.05200520218840188,-0.049486073024786914
2020-12-16,-0.1411702034562935,-0.05103973543289786,-0.048507692087768284
2020-12-17,-0.1405701313448543,-0.04768208748215297,-0.04649198050427905
2020-12-18,-0.14115109858730157,-0.04777799413455075,-0.046862275391500896
2020-12-21,-0.14306720421592378,-0.04882209374913593,-0.04844805998615054
2020-12-22,-0.1444962480671359,-0.05140616470451842,-0.05053402015621555
2020-12-23,-0.1435367932954973,-0.049247494134153524,-0.048921275415009235
2020-12-24,-0.14346837688582548,-0.04811183608740055,-0.04831526429401467
2020-12-28,-0.14375310918466744,-0.04775502881006666,-0.04829508055562037
2020-12-29,-0.1443434507925886,-0.0452786093871681,-0.047385650771519905
2020-12-30,-0.14428400577115374,-0.04307410324920191,-0.04625273985689926
2020-12-31,-0.1448794593101519,-0.041559501995266035,-0.045829789269835386
2021-01-04,-0.1456861165545117,-0.041070687884546486,-0.04603651783421536
2021-01-05,-0.14457278977590093,-0.03705830060024706,-0.04341911910751439
2021-01-06,-0.14315085209953482,-0.035942439292263706,-0.042069833519353894
2021-01-07,-0.14158009372275315,-0.03644465026079702,-0.04144131399878792
2021-01-08,-0.14071920022058693,-0.03575188146136288,-0.04061606540906049
2021-01-11,-0.1406859197182433,-0.03950685629340267,-0.04246550299217822
2021-01-12,-0.14298613153619844,-0.03238821828951999,-0.04019871201587255
2021-01-13,-0.14244472859963087,-0.03600554275290446,-0.04168960634378471
2021-01-14,-0.14304846243241764,-0.033428171329960565,-0.04074585279020215
2021-01-15,-0.1457471377541767,-0.03632697307098309,-0.043694701771103794
2021-01-19,-0.14490345510598757,-0.034573760653237806,-0.04235256146236077
2021-01-20,-0.14251265639330646,-0.03380510853641683,-0.0406325696290899
2021-01-21,-0.1421397612326678,-0.03247670944954262,-0.03976446368952913
2021-01-22,-0.1408142965859427,-0.038041723641484615,-0.041784190429351886
2021-01-25,-0.1419981480099728,-0.03558467233299578,-0.04122059563240743
2021-01-26,-0.1426822595444317,-0.03406956883494039,-0.04084970322568782
2021-01-27,-0.14482824038878195,-0.03855172142055707,-0.04427548944955495
2021-01-28,-0.1436770805519748,-0.039096877337836844,-0.04390318695665418
2021-01-29,-0.14586720116924945,-0.03916256278606767,-0.045158515935672994
2021-02-01,-0.14352042627354944,-0.03802509300805845,-0.04328159148732136
2021-02-02,-0.14188571811125583,-0.03743576694058859,-0.04207552474462284
2021-02-03,-0.14070850890064868,-0.036652906318552225,-0.041028913997595895
2021-02-04,-0.14064482795492728,-0.03777172446465393,-0.041550247919155625
2021-02-05,-0.1408641641445949,-0.03422336014446481,-0.03990534692224457
2021-02-08,-0.13979188509168095,-0.03245498179405315,-0.0384272173437471
2021-02-09,-0.13905069035071482,-0.030791989059021918,-0.03718658585003287
2021-02-10,-0.13933196838739303,-0.03197189586617022,-0.037929925754393023
2021-02-11,-0.13963485439203804,-0.03173641348330414,-0.03798219492644095
2021-02-12,-0.13804641329636724,-0.030304387527056997,-0.03638274240465811
2021-02-16,-0.13683733345736981,-0.029273819885495378,-0.03519484577412413
2021-02-17,-0.1368625879927967,-0.02947823350937373,-0.03531054336988371
2021-02-18,-0.13828219693372257,-0.02791900468587416,-0.03532893021495265
2021-02-19,-0.13666784868291315,-0.026296198847590824,-0.033620101597495955
2021-02-22,-0.13591188047257619,-0.023108563956214634,-0.03161517188758567
2021-02-23,-0.13599123689111403,-0.023104528612521102,-0.03165763921285192
2021-02-24,-0.13559451576115866,-0.01970681264676777,-0.029751341765749117
2021-02-25,-0.13215187454391975,-0.0206743442554006,-0.028298060895524557
2021-02-26,-0.13222599667925805,-0.02869569933431515,-0.0323190127750288
2021-03-01,-0.13186123364565072,-0.02874340538568032,-0.032139397685299276
2021-03-02,-0.13501567896545263,-0.02822227743084149,-0.03363814069830273
2021-03-03,-0.1356271825991998,-0.029733832736079546,-0.034731292704639594
2021-03-04,-0.1351924638619839,-0.027443537279310926,-0.03334931204546843
2021-03-05,-0.1337406107778123,-0.021730168193002997,-0.029698559981400807
2021-03-08,-0.1334549070579627,-0.02230177868308869,-0.02982202815343815
2021-03-09,-0.13404795751588705,-0.02301423495746291,-0.03050750388112422
2021-03-10,-0.1341201805493799,-0.024197202819953856,-0.031134880569985368
2021-03-11,-0.13546525216305638,-0.01906832369236433,-0.029341198751350994
2021-03-12,-0.13287155226115943,-0.01769638294730891,-0.02720637034892448
2021-03-15,-0.1321599948318375,-0.018623563868852777,-0.02726634000527317
2021-03-16,-0.13124692239192692,-0.019331308823070548,-0.02710537938870672
2021-03-17,-0.13074739839096405,-0.018539319307048552,-0.02643282165272043
2021-03-18,-0.12923622742376528,-0.025843500836465583,-0.029209280638879287
2021-03-19,-0.12831596525317968,-0.025571835313547786,-0.02856092962435197
2021-03-22,-0.12906865526896416,-0.024964290952811163,-0.0286775029974099
2021-03-23,-0.12618069043010904,-0.03246845086740335,-0.03080486552910866
2021-03-24,-0.12361054171177521,-0.03435926473354134,-0.03032656006423662
2021-03-25,-0.12154395012454888,-0.035537800926287,-0.029775007979156443
2021-03-26,-0.12423646296271473,-0.030184711526528463,-0.02856936523607012
2021-03-29,-0.12360784811991021,-0.030406918905959257,-0.02833201208902214
2021-03-30,-0.12137553115213229,-0.03321936348114285,-0.028503743454150743
2021-03-31,-0.12715241583833115,-0.022260870102782992,-0.026191525485817158
2021-04-01,-0.12756127746825452,-0.021302414515533052,-0.025942301260385214
2021-04-05,-0.13173925654708707,-0.017181696837240024,-0.02622401894209092
2021-04-06,-0.1280194095649254,-0.021119720069207704,-0.02608896448878728
2021-04-07,-0.12741562428309927,-0.021275114828247066,-0.025829084964818838
2021-04-08,-0.13095389105591637,-0.021576497059650368,-0.027954171355580426
2021-04-09,-0.133451682609807,-0.01957399487042666,-0.028356362175884886
2021-04-12,-0.13399154119173595,-0.018673586521983143,-0.0282128572194571
2021-04-13,-0.1347285119169187,-0.019226319617785093,-0.0289000313069927
2021-04-14,-0.14115490551287313,-0.015169984691016491,-0.030498060585839815
2021-04-15,-0.13907650563174112,-0.015584123493851298,-0.02952881273605168
2021-04-16,-0.1396536112501361,-0.014908312964586723,-0.029520963588033244
2021-04-19,-0.14346720702251403,-0.01282568528824568,-0.030645982821467133
2021-04-20,-0.1448923657972,-0.015633200136287773,-0.03283083914603935
2021-04-21,-0.1471690975290254,-0.013493236210421866,-0.03306709885924364
2021-04-22,-0.15438990532974584,-0.012563218194294845,-0.036704763625354575
2021-04-23,-0.15829432619954653,-0.009079654322457942,-0.037229469212998856
2021-04-26,-0.16440522975855199,-0.005683526610857248,-0.039074569393050984
2021-04-27,-0.1636242020952443,-0.006157240821943355,-0.03885438547727871
2021-04-28,-0.15730710931491343,-0.007704451331355666,-0.035972803735670245
2021-04-29,-0.15841764399468672,-0.006201737473264357,-0.03587806829998408
2021-04-30,-0.15946703944123497,-0.007655619732795049,-0.03718439880388069
2021-05-03,-0.15783557904743561,-0.008161384616516165,-0.03649535185282571
2021-05-04,-0.1612022156185675,-0.007850272150245252,-0.0382700925499897
2021-05-05,-0.1637134034713157,-0.007622125281629866,-0.03959912732414894
2021-05-06,-0.1680416877688392,-0.0029521764988246213,-0.03982471692162237
2021-05-07,-0.16930474431632547,0.0,-0.038455899141657146
2021-05-10,-0.16513340167770973,-0.003431498817117684,-0.03769146730166162
2021-05-11,-0.16759908249879052,-0.0016340026130361451,-0.03824464913660652
2021-05-12,-0.16778481340218043,-0.003172295873099862,-0.0390928873923565
2021-05-13,-0.16175910389122106,-0.006795399836059701,-0.03736040428232845
2021-05-14,-0.16057541599612302,-0.004738203208209613,-0.035683783945977154
2021-05-17,-0.1603073661943436,-0.0036569109446087378,-0.035005982621375775
2021-05-18,-0.16089368663305148,-0.0043738396703809634,-0.03569007465601237
2021-05-19,-0.16010942969881659,-0.006349477967304562,-0.03619618491284071
2021-05-20,-0.15876319239585068,-0.008406838113448556,-0.036421538878005366
2021-05-21,-0.15784126113038077,-0.009863558310430842,-0.036601317007151635
2021-05-24,-0.15658001267352817,-0.010015550066465817,-0.035953849715579356
2021-05-25,-0.15383163663276178,-0.012760658325411622,-0.03571971717038458
2021-05-26,-0.1537065442924508,-0.013115114076441059,-0.03582154682562788
2021-05-27,-0.15804264413152935,-0.007237487066070081,-0.03542039993685153
2021-05-28,-0.15678346956369815,-0.007945956236299234,-0.035043298320248883
2021-06-01,-0.1587142450868928,-0.006078652739223034,-0.03523991520928116
2021-06-02,-0.15822796640811765,-0.0058817082442914614,-0.03486550753983941
2021-06-03,-0.15864591670222294,-0.008360999145950121,-0.036308611423124026
2021-06-04,-0.15783957348557132,-0.010134846156797717,-0.03670874366054755
2021-06-07,-0.1590158593341553,-0.0099665709213701,-0.03729960234277363
2021-06-08,-0.1590308349400702,-0.010037866642688575,-0.03734283754872847
2021-06-09,-0.15797545320162698,-0.012218032883541396,-0.03779880659093071
2021-06-10,-0.15680709074259824,-0.012267221844975862,-0.03715520655495541
2021-06-11,-0.15684441369626778,-0.012708710351725716,-0.03739169829967148
2021-06-14,-0.15640056237350297,-0.01325328460839037,-0.037403811431643175
2021-06-15,-0.15425616639152084,-0.01625767458484806,-0.03764579986993921
2021-06-16,-0.15764509761613488,-0.013170121422562131,-0.03806368439257812
2021-06-17,-0.154197598929799,-0.018103401175151967,-0.038499647074678345
2021-06-18,-0.15986707946337486,-0.017925546576213036,-0.0416350735369172
2021-06-21,-0.16012460663424954,-0.011441805535730598,-0.03861835369738942
2021-06-22,-0.15770241407428232,-0.012590568549361247,-0.03779063711445485
2021-06-23,-0.16001736096428532,-0.009038458601864141,-0.037382164060747014
2021-06-24,-0.1593341937827979,-0.008663555480935115,-0.03680862015954689
2021-06-25,-0.15679638923846229,-0.009864994372786207,-0.03593844199739582
2021-06-28,-0.15813067478738707,-0.009973829534324352,-0.036754192181226775
2021-06-29,-0.15735380489860085,-0.010213562563135548,-0.03642637874780419
2021-06-30,-0.16013495061392757,-0.004255293276926753,-0.03511627420125074
2021-07-01,-0.15865712635041773,-0.0045536274886857075,-0.03441191479744554
2021-07-02,-0.1563152913691228,-0.006589130584881753,-0.03405530642168508
2021-07-06,-0.14978184748314705,-0.017229046305162754,-0.035488067255376565
2021-07-07,-0.14878040819952143,-0.01834114006989851,-0.03546575250792894
2021-07-08,-0.14712064204993358,-0.024646415130159416,-0.03762303623993124
2021-07-09,-0.1491110772301023,-0.01764094070423705,-0.03528989070447519
2021-07-12,-0.15118937074309358,-0.014089418336285964,-0.03472418334315441
2021-07-13,-0.1513963943802108,-0.00923005029844226,-0.032463066424971876
2021-07-14,-0.15194892646980773,-0.014725673953678076,-0.035461428790567906
2021-07-15,-0.1523160821681745,-0.017536913603824145,-0.037046260339485104
2021-07-16,-0.15340416368642706,-0.017876988200633215,-0.03783094166018863
2021-07-19,-0.15154283560988802,-0.030115230358545575,-0.042768025707981994
2021-07-20,-0.1496589142542437,-0.026750064393738504,-0.0400446702208368
2021-07-21,-0.15241798310644372,-0.01864632887675255,-0.0376055160010792
2021-07-22,-0.15104628788231467,-0.018300711916884427,-0.036657294355188275
2021-07-23,-0.1495609909900304,-0.017191905051193723,-0.035270543845474345
2021-07-26,-0.1515387572977942,-0.014202307680555748,-0.034925020906679594
2021-07-27,-0.1518533665175067,-0.018926225558063114,-0.037416253265993515
2021-07-28,-0.15246453330222154,-0.018823300303628776,-0.03771257510695136
2021-07-29,-0.1541026503015478,-0.01722516058793022,-0.037858843488387306
2021-07-30,-0.15193524493585908,-0.020603415418062876,-0.03827988124928139
2021-08-02,-0.15322343853185516,-0.02289049973653201,-0.04013320131353382
2021-08-03,-0.15302976446736927,-0.024186671378460645,-0.0406600806090226
2021-08-04,-0.153188893095207,-0.024472404110207013,-0.04089065545737214
2021-08-05,-0.15514123797480173,-0.020711025081036505,-0.04014724386587332
2021-08-06,-0.15720244800278238,-0.014576715165290355,-0.03831184456903769
2021-08-09,-0.1585842230165857,-0.012583797873220615,-0.03812773552609883
2021-08-10,-0.16024796426724197,-0.008495365153063483,-0.03708736260341827
2021-08-11,-0.15881348789893146,-0.010149479278773077,-0.03706813931017772
2021-08-12,-0.1607076235586895,-0.007810002929314552,-0.03701434921623592
2021-08-13,-0.1611376482250103,-0.01300587407097642,-0.039782516991628825
2021-08-16,-0.16004781779336763,-0.014584108631351955,-0.03992647982994613
2021-08-17,-0.1561889577883807,-0.01868719127953611,-0.0397199034955954
2021-08-18,-0.1559187823624948,-0.022806758961186002,-0.04158180597619998
2021-08-19,-0.15433892350764467,-0.025274552413990792,-0.0418950644026006
2021-08-20,-0.15457090656226313,-0.02563481301342485,-0.04220353762801088
2021-08-23,-0.154839829988071,-0.022369981874703626,-0.040751213929940966
2021-08-24,-0.15538804950342366,-0.01814506067989996,-0.03898958343275627
2021-08-25,-0.1562545562497344,-0.015424469879687375,-0.038151128046505334
2021-08-26,-0.15664255500265734,-0.01538994125655424,-0.03835541671770759
2021-08-27,-0.15490986904630089,-0.017879868170249558,-0.03858348809460088
2021-08-30,-0.15350830062479248,-0.019014268018265224,-0.0383414842106925
2021-08-31,-0.15320490660497943,-0.01913945775264514,-0.03823051016577106
2021-09-01,-0.15262889174747274,-0.022453562937299387,-0.03952819868424273
2021-09-02,-0.15385825601334802,-0.021604678747129347,-0.03980789550604491
2021-09-03,-0.15350935317843806,-0.020691968426420293,-0.039162065413302805
2021-09-07,-0.15374335626792635,-0.019440917817763248,-0.03868114431202818
2021-09-08,-0.15296216111110916,-0.021587962699522678,-0.03928989682199013
2021-09-09,-0.15305000353209908,-0.025411766228544796,-0.04121702290167284
2021-09-10,-0.15316022488992675,-0.022421019838592904,-0.03980828832885286
2021-09-13,-0.15280258789841628,-0.023039574760050363,-0.039909311100149836
2021-09-14,-0.15295348327770464,-0.0262820578234243,-0.041588059194128446
2021-09-15,-0.1548783564080609,-0.022049634013958652,-0.04059408519837482
2021-09-16,-0.1556989891370948,-0.01942240156002606,-0.03977118121391687
2021-09-17,-0.15464278554635924,-0.020709662715756916,-0.03980084180551291
2021-09-20,-0.15352371984886382,-0.028996277494441003,-0.04322783028508226
2021-09-21,-0.15241510365904354,-0.02994056393741329,-0.0430665190620898
2021-09-22,-0.15472301390870047,-0.026941251687010892,-0.042889984040567763
2021-09-23,-0.15793596947720168,-0.01780216922717892,-0.04021435927513617
2021-09-24,-0.15712672395910776,-0.015690497637228407,-0.03872142644176313
2021-09-27,-0.15880547770288156,-0.011865985854061623,-0.037811204621452266
2021-09-28,-0.15617615449873024,-0.01559659117654466,-0.038123772829923186
2021-09-29,-0.1540498991892214,-0.015378066360880016,-0.036805149783607605
2021-09-30,-0.15340141676862706,-0.01977747308034572,-0.03858780424368602
2021-10-01,-0.15493073842230587,-0.01843508880800504,-0.03879785443220718
2021-10-04,-0.15721633166536897,-0.0183269695212801,-0.040044760687705794
2021-10-05,-0.15651893904629088,-0.013187885317621162,-0.037134889898977286
2021-10-06,-0.15602669255039536,-0.013610233214721101,-0.03705998040888703
2021-10-07,-0.15731874745726282,-0.007366249345714615,-0.034749300211449285
2021-10-08,-0.1576910845935917,-0.005547452581891821,-0.03407823583678271
2021-10-11,-0.15991960870243416,-0.0011357348148789415,-0.0332134482335934
2021-10-12,-0.15944159328395502,-0.004738332844985371,-0.03468184365434401
2021-10-13,-0.15997026413574555,-0.006894261301979232,-0.03603094554710462
2021-10-14,-0.1600303142814712,-0.0031645850119395025,-0.034255274823578374
2021-10-15,-0.165599103825674,0.0,-0.03215317275520435
2021-10-18,-0.16814410136645608,0.0,-0.031687626010078684
2021-10-19,-0.16667871958599978,0.0,-0.030311841484061963
2021-10-20,-0.16730145949807418,0.0,-0.029101420756549534
2021-10-21,-0.16915099976937098,0.0,-0.02986621730328276
2021-10-22,-0.16976451432437278,-0.005485919334319855,-0.032885437672222295
2021-10-25,-0.16704365011629074,-0.0032903623761808554,-0.03023318019662702
2021-10-26,-0.16788539972697802,-0.002040087714571648,-0.03011494360250455
2021-10-27,-0.17154804170132099,-0.004167443555345374,-0.03328322460435851
2021-10-28,-0.17417438254180895,-0.0018128765298385252,-0.03367269458474531
2021-10-29,-0.17152636648276953,0.0,-0.030420313922284836
2021-11-01,-0.17333965449675115,0.0,-0.031205276167461493
2021-11-02,-0.16965113915751684,-0.0024535278302324492,-0.030232402815335346
2021-11-03,-0.17132522465196198,0.0,-0.02973005988957389
2021-11-04,-0.16385895358506597,-0.009994211812651255,-0.03020758736188167
2021-11-05,-0.1621531447975898,-0.017297014149972423,-0.03279520103147249
2021-11-08,-0.16543039653637892,-0.01272172354742529,-0.03243525286374582
2021-11-09,-0.166673228488048,-0.015705165984893243,-0.03461763149758823
2021-11-10,-0.1688301029331878,-0.006115536098944219,-0.031164280196631977
2021-11-11,-0.16988888876368258,-0.0012636440850427588,-0.02941655072335625
2021-11-12,-0.16866164217925694,0.0,-0.027616531571099
2021-11-15,-0.16696483210141588,0.0,-0.023793768590690267
2021-11-16,-0.16450471625911112,0.0,-0.02039821023249111
2021-11-17,-0.1647610162618458,-0.005394152170911326,-0.023190524149414027
2021-11-18,-0.1668799255344583,-0.0026622382459390304,-0.02308803710938112
2021-11-19,-0.16845836312998097,-0.002011776372726426,-0.023694900577342137
2021-11-22,-0.17649440245892967,0.0,-0.024082291905804687
2021-11-23,-0.17776220330718284,0.0,-0.022563275298059127
2021-11-24,-0.17693888861131868,0.0,-0.020847901997189888
2021-11-26,-0.17367931120159608,-0.03809100307724311,-0.037557471709163126
2021-11-29,-0.16770332123335963,-0.03142265798382049,-0.030741235086882646
2021-11-30,-0.16650108183016088,-0.047639275227061795,-0.03815520865778377
2021-12-01,-0.16871307514386258,-0.05602974669000338,-0.043668525510943024
2021-12-02,-0.17152211326225264,-0.04175853810242358,-0.038055271823717596
2021-12-03,-0.17243159180971035,-0.05083033712191565,-0.043136698241409865
2021-12-06,-0.16657069940201985,-0.038094358562486996,-0.03332880869972443
2021-12-07,-0.15992762266904392,-0.026969086394243003,-0.023886054882836127
2021-12-08,-0.15493852449862666,-0.024052683138043318,-0.019524715870737896
2021-12-09,-0.15572286070502606,-0.028594900225261344,-0.022261371018694298
2021-12-10,-0.1555004460384789,-0.030518992979669646,-0.02310090316045299
2021-12-13,-0.15866202142340402,-0.03872302844439657,-0.029062929462642106
2021-12-14,-0.15914160649724807,-0.035012302817391094,-0.027465651676060188
2021-12-15,-0.15170562409416488,-0.03565870072247379,-0.02349116049027744
2021-12-16,-0.155990882601739,-0.04505107035607692,-0.030713073695346482
2021-12-17,-0.1568890313922099,-0.04328910485808157,-0.03033459483317502
2021-12-20,-0.15841717928129928,-0.04395937108670045,-0.03155303047316527
2021-12-21,-0.15474783178058027,-0.033501310160160225,-0.024144902875743335
2021-12-22,-0.15337124246189493,-0.03175299358710848,-0.02246763658048523
2021-12-23,-0.14917649038148706,-0.02846010872953575,-0.018383737952528012
2021-12-27,-0.1447336005782005,-0.021320497482329004,-0.012213971645286592
2021-12-28,-0.14336456770545536,-0.02510710352942791,-0.013334312548212712
2021-12-29,-0.14083772855666832,-0.02107112151838908,-0.009836755979040102
2021-12-30,-0.14118065030944316,-0.028996476819322048,-0.014042514452142774
2021-12-31,-0.1396305183960891,-0.030671973049598678,-0.014003358942004107
2022-01-03,-0.13441511198386524,-0.017171115743001675,-0.0041483816457507094
2022-01-04,-0.13033478762826578,-0.012175621552386273,0.0
2022-01-05,-0.1281078367242271,-0.013827973784651837,0.0
2022-01-06,-0.12628967490075982,-0.009543376572767714,0.0
2022-01-07,-0.126441475490655,-0.009594807609026867,-0.00011283453060706439
2022-01-10,-0.12790859412503675,-0.011230078130288756,-0.0017779398310523442
2022-01-11,-0.12576141227409543,-0.009068742294260801,0.0
2022-01-12,-0.12470323934609562,-0.009055274738339003,0.0
2022-01-13,-0.128772109676341,-0.019471258658145696,-0.0075798631739300015
2022-01-14,-0.12340506486022729,-0.012706950496190528,-0.0010998778325425063
2022-01-17,-0.1225269212319352,-0.012484680980697327,-0.0004871040764568013
2022-01-18,-0.1198425671809683,-0.002549692490882327,0.0
2022-01-19,-0.12166381712326813,-0.0023312403177465635,-0.0009251107184251595
2022-01-20,-0.12616123409279312,-0.00792484537439575,-0.0062836777502088825
2022-01-21,-0.13222958522918615,-0.014465080495533078,-0.013009623885013144
2022-01-24,-0.13333460720252577,-0.012415643456330505,-0.012611810592592754
2022-01-25,-0.1359261916799328,-0.014762207783489911,-0.015261150279833324
2022-01-26,-0.12457832160048499,0.0,0.0
2022-01-27,-0.12349426757758641,0.0,0.0
2022-01-28,-0.1246826823824404,0.0,0.0
2022-01-31,-0.11818293991479378,0.0,0.0
2022-02-01,-0.11863339450794153,0.0,0.0
2022-02-02,-0.11937882817384471,-0.005992536919627756,-0.0034191535914142035
2022-02-03,-0.11103979182037305,-0.003812318056388375,0.0
2022-02-04,-0.10588039811643657,0.0,0.0
2022-02-07,-0.10517391351990546,0.0,0.0
2022-02-08,-0.10060665225993015,0.0,0.0
2022-02-09,-0.10045227815262325,0.0,0.0
2022-02-10,-0.09286076403938515,0.0,0.0
2022-02-11,-0.0972843692590264,-0.00920533932882639,-0.007040886998798901
2022-02-14,-0.09277069647009495,0.0,0.0
2022-02-15,-0.09252967047733207,-0.004962752269149218,-0.002348539820852591
2022-02-16,-0.09311292422937822,-0.0042718345528257595,-0.002322781059499457
2022-02-17,-0.09887824571900605,-0.011566208451596283,-0.00914835631399813
2022-02-18,-0.10056144706385606,-0.01176831818832813,-0.010175062081680952
2022-02-21,-0.10188213515511912,-0.012402772477760005,-0.011219504013116999
2022-02-22,-0.10473914750144131,-0.002063132254350508,-0.007616199898176301
2022-02-23,-0.10579459605381092,0.0,-0.005311308280453231
2022-02-24,-0.10626003460986122,0.0,-0.002050050094729139
2022-02-25,-0.10002257832922001,-0.016519413158776475,-0.0068104523534530115
2022-02-28,-0.11007134006471164,-0.016408217011703585,-0.012299069583171507
2022-03-01,-0.11245456935573228,-0.003998632427206328,-0.0073908872895115385
2022-03-02,-0.09551053567542556,0.0,0.0
2022-03-03,-0.10096555135282248,0.0,0.0
2022-03-04,-0.10016146173132268,0.0,0.0
2022-03-07,-0.0979177871122413,0.0,0.0
2022-03-08,-0.08692921692948019,0.0,0.0
2022-03-09,-0.09079150889290899,-0.021776135711924494,-0.01300306925291883
2022-03-10,-0.08998625020049689,-0.010765515748245025,-0.0070113088639278676
2022-03-11,-0.08298312999849611,-0.0006205366338518647,0.0
2022-03-14,-0.07562458066574063,0.0,0.0
2022-03-15,-0.07927703926704743,-0.004339042889322076,-0.00414515738483856
2022-03-16,-0.06961323024070454,-0.0004967062411045386,0.0
2022-03-17,-0.06913501562650448,0.0,0.0
2022-03-18,-0.06589554563345412,0.0,0.0
2022-03-21,-0.05517344314661676,0.0,0.0
2022-03-22,-0.044470099099170435,0.0,0.0
2022-03-23,-0.04231163150032191,-0.0003348950065140688,0.0
2022-03-24,-0.03436895666415385,0.0,0.0
2022-03-25,-0.032742466989677976,0.0,0.0
2022-03-28,-0.0349787158373176,0.0,-0.0007987719818129957
2022-03-29,-0.04450755957114705,-0.009686529581634296,-0.010571340317511058
2022-03-30,-0.047752170761330315,-0.015927932798360023,-0.015369178700375907
2022-03-31,-0.05153284649193024,-0.01935917940351961,-0.019040398517176205
2022-04-01,-0.0502247953580055,-0.01239114241771977,-0.01487881638180788
2022-04-04,-0.042745628403132785,0.0,-0.0037686661768439045
2022-04-05,-0.03503489959184458,0.0,0.0
2022-04-06,-0.03189457835407761,-0.006295052521834599,-0.0015203579641370757
2022-04-07,-0.025293418454947814,0.0,0.0
2022-04-08,-0.021012440482363948,0.0,0.0
2022-04-11,-0.01363227637806641,0.0,0.0
2022-04-12,-0.00678055727658744,0.0,0.0
2022-04-13,-0.004694563601573276,-0.005641911094938168,-0.0017708383300218955
2022-04-14,0.0,0.0,0.0
2022-04-18,0.0,0.0,0.0
2022-04-19,0.0,0.0,0.0
2022-04-20,-0.008739626688302082,-0.011214928406433011,-0.009977277547367547
2022-04-21,-0.0006930190590103136,-0.0018357738106190569,-0.0012635498926550914
2022-04-22,-0.0039857655893069666,-0.009994276547003356,-0.006990573106102738
2022-04-25,-0.013709604974952216,-0.018307708636764564,-0.01600715283533849
2022-04-26,-0.011084333403410418,-0.0180765532974827,-0.014581726292658415
2022-04-27,-0.0027956804858474404,-0.0069253431418749845,-0.004856607059533835
2022-04-28,0.0,0.0,0.0
2022-04-29,0.0,0.0,0.0
2022-05-02,-0.0022711022461668895,0.0,-0.0005606116353693569
2022-05-03,-0.004535290238585565,-0.0033306396749503975,-0.003359032715382515
2022-05-04,-0.00571969285100038,-0.019161898996971627,-0.011867337937581657
2022-05-05,0.0,0.0,0.0
2022-05-06,0.0,0.0,0.0
2022-05-09,-0.012505780673667366,-0.015016677317400084,-0.01376122899553378
2022-05-10,-0.019110808169128912,-0.01618832123198677,-0.017646112739785225
2022-05-11,-0.017786643671465208,-0.009972851069346422,-0.013879911743681417
2022-05-12,-0.022318104003381856,0.0,-0.010744788412987982
2022-05-13,-0.015758880268501474,-0.0010764308299839875,-0.007958786523685979
2022-05-16,-0.015096298202383007,-0.0022155879026904968,-0.008190524285024758
2022-05-17,-0.015098827396978876,0.0,-0.006555053903648966
2022-05-18,-0.02231096802744814,-0.0025302501718286186,-0.011449238107623994
2022-05-19,-0.021622257326718075,-0.017050867488601185,-0.018296446900599506
2022-05-20,-0.020199393677091004,-0.021438554567984824,-0.01977366022940974
2022-05-23,-0.019579436290391605,-0.022038980975947475,-0.01976427082461818
2022-05-24,-0.025907242262560692,-0.03660858819768065,-0.030229325195090695
2022-05-25,-0.022854279166518943,-0.036989296896764,-0.028901231511804903
2022-05-26,-0.018994669975832212,-0.03783541252907607,-0.027409980251029697
2022-05-27,-0.0192393134200326,-0.03939412259507047,-0.02831905231840326
2022-05-30,-0.02010020724078998,-0.03964613531783878,-0.02887297333516059
2022-05-31,-0.013279887124868717,-0.03502543482742937,-0.023157075933735394
2022-06-01,-1.3766240953061448e-05,-0.027707704272655342,-0.012886547056883302
2022-06-02,0.0,-0.03805260246235509,-0.017704762596590706
2022-06-03,0.0,-0.02512753628346387,-0.010406706633741547
2022-06-06,0.0,-0.007726812435611907,0.0
2022-06-07,-0.0005820752790873795,-0.011075178592219626,-0.0019782575496304355
2022-06-08,0.0,0.0,0.0
2022-06-09,0.0,0.0,0.0
2022-06-10,0.0,0.0,0.0
2022-06-13,0.0,0.0,0.0
2022-06-14,0.0,0.0,0.0
2022-06-15,-0.007604529253375625,-0.024307113105251466,-0.0159558211793136
2022-06-16,-0.010519102366266853,-0.024210179310765634,-0.017351962510155583
2022-06-17,-0.011852937497064064,-0.021513769025641172,-0.016656593842529155
2022-06-20,-0.012082187123600097,-0.02200543628880003,-0.01701771537492891
2022-06-21,-0.006277937013091539,-0.03329696737378829,-0.019804647666097464
2022-06-22,-0.017481013664571554,-0.04853890157941665,-0.03305727021602167
2022-06-23,-0.017633630632937658,-0.06580736917557728,-0.041907094069211004
2022-06-24,-0.013180550868357455,-0.06528319147237749,-0.03946677605040594
2022-06-27,-0.008326393114194919,-0.06361151140225096,-0.03624542252642127
2022-06-28,-0.003790732139449804,-0.05302023312514803,-0.028591034324844555
2022-06-29,-0.0059737593772651865,-0.05499971790769964,-0.030670649806852857
2022-06-30,-0.013293041944327233,-0.06901577582496254,-0.041427817096924446
2022-07-01,-0.017955589427082086,-0.08138790715595479,-0.050061995375955015
2022-07-04,-0.017606408704861742,-0.08062779590966562,-0.04950009694094348
2022-07-05,-0.027582339511537324,-0.08929079348799429,-0.05880427939081667
2022-07-06,-0.02090478939348861,-0.07754491200321734,-0.04950316337972971
2022-07-07,-0.013293322364134386,-0.07657633869082381,-0.045309582959867645
2022-07-08,-0.005140030822553654,-0.06611656101754904,-0.03595824376771972
2022-07-11,-0.0004966050677651657,-0.06000261896209114,-0.030552760441036386
2022-07-12,-0.009223186518750204,-0.06830029996075426,-0.03906366479068901
2022-07-13,-0.010576174273590033,-0.06711383811895266,-0.03910793740385399
2022-07-14,-0.007971492070699249,-0.05773842651393346,-0.0330147175436073
2022-07-15,-0.011229564589030683,-0.06700385445572021,-0.03935689997453784
2022-07-18,-0.005834758229861348,-0.06335786585067449,-0.034859215154630085
2022-07-19,-0.00735540884502206,-0.06912481635836032,-0.03856855194865172
2022-07-20,-0.009419858532672465,-0.06957262399057185,-0.039799572598682165
2022-07-21,-0.025388768277677887,-0.08938659104392355,-0.057763155702984736
2022-07-22,-0.0321727826908077,-0.10500596648858562,-0.06912338765943338
2022-07-25,-0.025688366264243645,-0.09988334733542314,-0.06334096450963578
2022-07-26,-0.018913228809083082,-0.08946895794958454,-0.05466571632235617
2022-07-27,-0.017445691290612908,-0.1015334782655174,-0.06022151868550063
2022-07-28,-0.02247691554593856,-0.11670673733694192,-0.07056307952688279
2022-07-29,-0.02258880353889059,-0.12159644342718745,-0.0731888448594944
2022-08-01,-0.03423506640638074,-0.13388587223654247,-0.08519385704534388
2022-08-02,-0.01984767522919817,-0.1167184369981139,-0.06931345322802196
2022-08-03,-0.024215538155077265,-0.12286486840311361,-0.07462531988482812
2022-08-04,-0.027797375983389494,-0.12335300446080466,-0.07658120950757363
2022-08-05,-0.016084391649400565,-0.10951796535365421,-0.06373199797013751
2022-08-08,-0.018295922805802722,-0.11444657359698462,-0.06737522656460915
2022-08-09,-0.014247335398818284,-0.10980762605574534,-0.06300937062389156
2022-08-10,-0.017787743826845115,-0.12185001246583016,-0.07102974151985686
2022-08-11,-0.00799972509187985,-0.11442045768932851,-0.06247125894240102
2022-08-12,-0.00634207162732614,-0.11693064690886157,-0.06301666377588233
2022-08-15,-0.01542796897870402,-0.11901109758173978,-0.06840423352944136
2022-08-16,-0.016325200326790634,-0.12093020305956081,-0.0698433833794494
2022-08-17,-0.009071727687506193,-0.11148458192376232,-0.06141668967076774
2022-08-18,-0.00014433747842934608,-0.10809066335406292,-0.05539620251528843
2022-08-19,0.0,-0.09147351304146378,-0.04357260515722339
2022-08-22,0.0,-0.07172227507635265,-0.028979314221671326
2022-08-23,0.0,-0.06721887928421044,-0.023057849275351705
2022-08-24,0.0,-0.060785364942435804,-0.016621442121154684
2022-08-25,-0.008048144740610441,-0.07707305537500686,-0.02910541520508947
2022-08-26,-0.006196219220867216,-0.05505523183391814,-0.016618026678187348
2022-08-29,0.0,-0.03930103792113471,-0.004585221855907928
2022-08-30,-0.007777398724472251,-0.03780280262448665,-0.00767990290644327
2022-08-31,-0.012643983942811854,-0.03264960297231889,-0.007456170802127682
2022-09-01,-0.003952453663751521,-0.021289030587129498,0.0
2022-09-02,-0.008130964998718015,-0.025241856542736363,-0.0041169502555191695
2022-09-05,-0.008217875049718049,-0.025294933574829814,-0.004187694797381236
2022-09-06,0.0,-0.00506326603289875,0.0
2022-09-07,-0.011611209463876726,-0.021575470225117743,-0.01410372240540081
2022-09-08,-0.0072265106790166955,-0.020697983295827616,-0.011474807733455883
2022-09-09,-0.003748264947031399,-0.022304091271582727,-0.010553744198218418
2022-09-12,0.0,-0.02622338966513771,-0.008270439570275845
2022-09-13,0.0,0.0,0.0
2022-09-14,-0.0034405437593278965,-0.00250137967617603,-0.0029709617177519076
2022-09-15,-0.005954647421792969,0.0,0.0
2022-09-16,-0.008670353612623805,-0.001987556594837625,-0.002359765364199684
2022-09-19,-0.0008835318584752283,0.0,0.0
2022-09-20,0.0,0.0,0.0
2022-09-21,-0.003432846155369096,0.0,0.0
2022-09-22,0.0,0.0,0.0
2022-09-23,-0.005762342120838704,0.0,0.0
2022-09-26,0.0,0.0,0.0
2022-09-27,0.0,0.0,0.0
2022-09-28,-0.01502424928938395,-0.027292162940604436,-0.021158206114994194
2022-09-29,-0.00935532670235295,-0.02194119400524075,-0.01564904024662772
2022-09-30,-0.008298655757677298,-0.016504600579852036,-0.012388277015156102
2022-10-03,-0.01493197310548966,-0.03835379617519474,-0.026661579937983793
2022-10-04,-0.01044279768358447,-0.05367011203786043,-0.032194989418531605
2022-10-05,-0.0006694168984145987,-0.0415534410053654,-0.021219899297999167
2022-10-06,0.0,-0.02741187127189837,-0.010494703524844051
2022-10-07,0.0,-0.008765005976343665,0.0
2022-10-10,0.0,0.0,0.0
2022-10-11,-0.0025590218181710256,-0.0023686726751520615,-0.00246384724666171
2022-10-12,-0.004285101958771742,-0.00558957574308705,-0.004937267563181691
2022-10-13,0.0,-0.004099891508070552,0.0
2022-10-14,0.0,0.0,0.0
2022-10-17,-0.0017819225482683665,-0.014381398386957733,-0.00808166046761305
2022-10-18,-0.0018556821914046395,-0.017098306900808602,-0.009485444574416024
2022-10-19,0.0,0.0,0.0
2022-10-20,0.0,0.0,0.0
2022-10-21,-0.00823531584718784,-0.0212740639932969,-0.014754689920242314
2022-10-24,-0.005357082368821042,-0.0191551532476143,-0.012258520735547451
2022-10-25,-0.0119053615187662,-0.031197851166029023,-0.021573629317489962
2022-10-26,-0.02068640589839421,-0.047017670212321394,-0.03390967902429998
2022-10-27,-0.029752718735830963,-0.04666025787122963,-0.038200461854482004
2022-10-28,-0.014117732293501661,-0.0397976162993372,-0.026989264116051404
2022-10-31,-0.009829779115471782,-0.020635400818495797,-0.015164366707754007
2022-11-01,-0.003539568825358108,-0.015370134906523392,-0.009388866301866305
2022-11-02,-3.556814840577349e-05,-0.00987030678938794,-0.004880531549673162
2022-11-03,0.0,0.0,0.0
2022-11-04,0.0,-0.019222428578510753,-0.008841779630424984
2022-11-07,0.0,-0.019257383589126764,-0.0073222996840630605
2022-11-08,-0.015542022311130443,-0.039077216057416875,-0.02506692348658024
2022-11-09,-0.023591929873866935,-0.03858673759676157,-0.02880411990713172
2022-11-10,-0.05680345574551682,-0.09391467011953347,-0.07326669313473189
2022-11-11,-0.05585067308343927,-0.10010793364252579,-0.07596581524709123
2022-11-14,-0.05625089692133778,-0.09690226202094965,-0.07451582741427232
2022-11-15,-0.05540745833438343,-0.09934989785498327,-0.07535642442436274
2022-11-16,-0.0630581151498969,-0.1049544542743932,-0.08197789663346289
2022-11-17,-0.06033530557567135,-0.10000079280304786,-0.07810356983463052
2022-11-18,-0.055266703575591936,-0.09531055519009524,-0.07321501414377607
2022-11-21,-0.04950818090207143,-0.0879057981537309,-0.06659765084845803
2022-11-22,-0.05479859126960229,-0.09775515141751134,-0.07423502214229916
2022-11-23,-0.06252959147560067,-0.10918678124246395,-0.08388585230324364
2022-11-24,-0.06253520879552377,-0.10919326290806142,-0.08389192985900007
2022-11-25,-0.06336520927412159,-0.11069721992922099,-0.08507081257384097
2022-11-28,-0.06212415472745958,-0.10474283728788647,-0.08140168248754887
2022-11-29,-0.057292490355702275,-0.09964841343680764,-0.07642188355447943
2022-11-30,-0.0687344009792642,-0.12256987255143836,-0.09378313344290967
2022-12-01,-0.0875422028884476,-0.1433070570494781,-0.11364285796913631
2022-12-02,-0.09064193638704987,-0.14661375042361813,-0.11685898726359212
2022-12-05,-0.08364977558044961,-0.1300914551879767,-0.10491451326851398
2022-12-06,-0.09025929804191346,-0.12989843123695421,-0.10804327928838586
2022-12-07,-0.09806364546380841,-0.14166474699156972,-0.11790010235677717
2022-12-08,-0.09594885631772776,-0.14146814770881844,-0.11676494200866039
2022-12-09,-0.09324868029467315,-0.13538286265381272,-0.11231574938284483
2022-12-12,-0.08596992195218423,-0.13354406030253418,-0.10780896881302715
2022-12-13,-0.09797688866749055,-0.1509578111577491,-0.12263449330842369
2022-12-14,-0.09774125351759821,-0.15111940243913446,-0.12260338729559794
2022-12-15,-0.09372449544646622,-0.13764868052076273,-0.11368873149943892
2022-12-16,-0.09874906019457852,-0.13709316319689102,-0.1158601950708108
2022-12-19,-0.09409567298164256,-0.12903101789205162,-0.10944741348342168
2022-12-20,-0.10003201967771369,-0.13222019658122963,-0.11399573067178359
2022-12-21,-0.0947023399219501,-0.13260964707981637,-0.11157105260449662
2022-12-22,-0.09354661044475732,-0.12501650040788514,-0.107115296008228
2022-12-23,-0.0856273239073958,-0.11920316112047402,-0.1002487876509689
2022-12-27,-0.07709332219264042,-0.10962470710056038,-0.0911577300067351
2022-12-28,-0.06767132330966841,-0.09757622275455857,-0.08036933370344723
2022-12-29,-0.0728555883433728,-0.10816789000490723,-0.08832297371162601
2022-12-30,-0.07031972575059398,-0.10348341342691625,-0.08468183765840431
2023-01-03,-0.08658062526375598,-0.11331006686263223,-0.09770305270614243
2023-01-04,-0.10036983570486702,-0.1310065082795676,-0.11351766651403294
2023-01-05,-0.09801136883958084,-0.12203784904990123,-0.10778108868907854
2023-01-06,-0.11323620968609194,-0.14989634857529888,-0.1294664960556302
2023-01-09,-0.11681051318505564,-0.15889922540469825,-0.1358305557097489
2023-01-10,-0.1160833362302629,-0.15869351652162278,-0.13536912193379091
2023-01-11,-0.11771956714866638,-0.17133279548876323,-0.14266423256566263
2023-01-12,-0.12530684876233333,-0.18147964915822212,-0.15159956304023592
2023-01-13,-0.12312302063359415,-0.17990446881160882,-0.1497241300579969
2023-01-16,-0.12313266675260914,-0.17993829343614576,-0.14974634150657595
2023-01-17,-0.11842470701601193,-0.1788647101738734,-0.14690725242539282
2023-01-18,-0.13321028018492365,-0.19088898218834294,-0.16030730782209845
2023-01-19,-0.1335999141167038,-0.187899073295694,-0.1589445758493051
2023-01-20,-0.12836702645032738,-0.19025642829919054,-0.15762537227799012
2023-01-23,-0.1285427795225803,-0.1894266993472864,-0.15727871634854373
2023-01-24,-0.1327669242722339,-0.19405254474653433,-0.16172579907838858
2023-01-25,-0.1342439569582703,-0.19845378222566556,-0.16472854077441157
2023-01-26,-0.12518778760429383,-0.19642347813335737,-0.15930203202703253
2023-01-27,-0.1268569927466775,-0.19851188219790739,-0.1611965276143783
2023-01-30,-0.12151443058415679,-0.19008478238950288,-0.15422058177921072
2023-01-31,-0.12369656041084842,-0.19654746027380243,-0.1586454534178361
2023-02-01,-0.134480860172847,-0.20888808043398488,-0.1702839403995392
2023-02-02,-0.1326557786364081,-0.21041869952208703,-0.1702118024064262
2023-02-03,-0.12049269467052515,-0.19188684363916098,-0.1546558256999162
2023-02-06,-0.10551927770534542,-0.17745421148523,-0.13991114421004203
2023-02-07,-0.10354131889139406,-0.18581831264859994,-0.1433331199798452
2023-02-08,-0.10238170285764148,-0.18783495341117562,-0.1438399843627246
2023-02-09,-0.10179492135069157,-0.18481076034064703,-0.14196613766002608
2023-02-10,-0.08907591390034164,-0.18142599306424345,-0.13410972387382192
2023-02-13,-0.08595578810419624,-0.1879540486962744,-0.13607948594244823
2023-02-14,-0.08047817586944994,-0.18416691764156312,-0.13147633951915683
2023-02-15,-0.07760972857231274,-0.17231351166205,-0.12381218113624781
2023-02-16,-0.07975645613978322,-0.16886558368408822,-0.12300679422426153
2023-02-17,-0.08394306638175086,-0.16948160395309608,-0.12532672147105361
2023-02-20,-0.08394828026453893,-0.1695154213192679,-0.12534701828243655
2023-02-21,-0.07386424752944276,-0.15659432806603646,-0.1137287199809307
2023-02-22,-0.07991040721494758,-0.1522599243173719,-0.11434432608705813
2023-02-23,-0.07841750002606607,-0.1533417382699166,-0.11419090747708527
2023-02-24,-0.0710268170478956,-0.12770567502171404,-0.09722825153335457
2023-02-27,-0.07657500634521108,-0.133909499707341,-0.10313439484036302
2023-02-28,-0.08289026494424379,-0.12813370287353387,-0.10321068980833925
2023-03-01,-0.0771019998618071,-0.1289781071898647,-0.10081495379211713
2023-03-02,-0.06658110693336372,-0.12263382991318772,-0.09241496444890351
2023-03-03,-0.0681613155875731,-0.14069351863984814,-0.10252405802004183
2023-03-06,-0.0674708004546154,-0.13850005670197563,-0.10104608570015605
2023-03-07,-0.06773989050481888,-0.1153623864981258,-0.08910399278103365
2023-03-08,-0.0710202553812751,-0.1093966499664708,-0.08763518032505813
2023-03-09,-0.09245798845421649,-0.11335686052569172,-0.10019082673457858
2023-03-10,-0.11049599794833664,-0.14061813568721815,-0.12296602685996849
2023-03-13,-0.1385256893985234,-0.16796243876748485,-0.15073738130493564
2023-03-14,-0.12918674198875257,-0.15863370053324866,-0.1413731668842353
2023-03-15,-0.15035973659306734,-0.1605946004730795,-0.15281207732090873
2023-03-16,-0.13993119015607702,-0.15742295429510988,-0.14601232820431653
2023-03-17,-0.155108159689346,-0.17333626691144,-0.16161156797544818
2023-03-20,-0.15329508792595847,-0.17273865100782393,-0.16040896400537885
2023-03-21,-0.1501838419773387,-0.16342281228517386,-0.1541390690939699
2023-03-22,-0.16674692722784445,-0.16865790785441181,-0.1650286631217719
2023-03-23,-0.17673478932995712,-0.1711947972249055,-0.17130687434793135
2023-03-24,-0.1712732068588072,-0.17869513211487564,-0.17230773890280837
2023-03-27,-0.15029271088129992,-0.18141172210869438,-0.16319944493176963
2023-03-28,-0.1433376194299285,-0.18475342582222398,-0.16148274744994973
2023-03-29,-0.1401572042724929,-0.18341898423916347,-0.1592399561878356
2023-03-30,-0.13979860949612022,-0.18846792120775657,-0.16166385619547075
2023-03-31,-0.13962965261619198,-0.19471801537680433,-0.16480978924889467
2023-04-03,-0.13517961880304996,-0.20467728445757394,-0.16781446957486656
2023-04-04,-0.1429544595912572,-0.20770682682088226,-0.17314017440047125
2023-04-05,-0.14783337492577464,-0.2048960679574835,-0.17402701855640057
2023-04-06,-0.14911250210018923,-0.20228581905012144,-0.17329112893106446
2023-04-10,-0.13686449909177933,-0.1919757167257089,-0.16199872274613702
2023-04-11,-0.1361712847748856,-0.19336688465071972,-0.1623835981938062
2023-04-12,-0.1403106527689444,-0.1978554890940607,-0.16672098627790288
2023-04-13,-0.14202224386534779,-0.20315879588309582,-0.1703050659999551
2023-04-14,-0.13400870855701352,-0.19462720627916386,-0.16198870616014727
2023-04-17,-0.12345467240804653,-0.18993054805731868,-0.1544386900500746
2023-04-18,-0.12146103289022836,-0.19552770904294003,-0.15639830143970013
2023-04-19,-0.12586750174837924,-0.18649397287992875,-0.15377735097317724
2023-04-20,-0.13594967808825487,-0.18070882839729163,-0.15564858184068708
2023-04-21,-0.13838303537869612,-0.1737763048081561,-0.15326523541588977
2023-04-24,-0.1430944278526699,-0.17560197447924364,-0.15651573913899997
2023-04-25,-0.15291721455704976,-0.17161635286914145,-0.15931125982340932
2023-04-26,-0.15365735265784575,-0.16292043819759516,-0.15526599210108183
2023-04-27,-0.15648013400304694,-0.15834599794415594,-0.15436656516184122
2023-04-28,-0.15139766439066626,-0.1658803902628262,-0.15560397077827026
2023-05-01,-0.14317653203730063,-0.156854372885462,-0.1469451703225535
2023-05-02,-0.16108455594711768,-0.15640270814129553,-0.15563131259535568
2023-05-03,-0.16634837200048125,-0.1666082388268164,-0.1633877603163043
2023-05-04,-0.1675476561382443,-0.16668284651406495,-0.16402697993756232
2023-05-05,-0.15539481175200165,-0.17042082617139687,-0.15979980532734173
2023-05-08,-0.1537899089152962,-0.16552510959179723,-0.15652234107227692
2023-05-09,-0.15921356774269413,-0.15825818545249348,-0.15555275209277686
2023-05-10,-0.16637498440306542,-0.1638199946481882,-0.16193889363484493
2023-05-11,-0.1723102151119864,-0.16133984774406462,-0.16367943782860883
2023-05-12,-0.17361885112784148,-0.15270999731390555,-0.16003769079896812
2023-05-15,-0.1653446291329259,-0.157887614236783,-0.15839900789312078
2023-05-16,-0.16992925265025405,-0.14428311794521176,-0.15391227791282858
2023-05-17,-0.16624298187390163,-0.13358860038129416,-0.1467464900737333
2023-05-18,-0.15995759404585186,-0.11650585526833734,-0.13511865002421586
2023-05-19,-0.1610911379411215,-0.11376078135495038,-0.13435855929624052
2023-05-22,-0.15070309987979813,-0.11438352679172392,-0.12930316408133413
2023-05-23,-0.15066808815170407,-0.11600463614547463,-0.13008211669443115
2023-05-24,-0.1433054539198627,-0.10499714827767237,-0.12089547468283957
2023-05-25,-0.1384737397180632,-0.0908660425142721,-0.11147637762229379
2023-05-26,-0.12711611361070574,-0.10110339391154632,-0.11062224330126058
2023-05-29,-0.12771753144074105,-0.10093571166996784,-0.11084568107571002
2023-05-30,-0.14685350623385052,-0.09794453288036709,-0.11911963006554294
2023-05-31,-0.15543266909701103,-0.09790379378070724,-0.12352876476473773
2023-06-01,-0.15183823549711928,-0.11577060589568988,-0.13034330077163148
2023-06-02,-0.1344986177540881,-0.10631212426831915,-0.11680247348337347
2023-06-05,-0.13842325726021454,-0.10976428825944429,-0.1205107358394204
2023-06-06,-0.13831700690330107,-0.110490945180442,-0.12081544872186123
2023-06-07,-0.1279413100017277,-0.10245613313042568,-0.11155145427349422
2023-06-08,-0.1319886640509944,-0.10647838121690711,-0.11560390935935472
2023-06-09,-0.12572552911501034,-0.10104480791245962,-0.10972418966580144
2023-06-12,-0.12758763382159288,-0.10085722098767125,-0.11057939464153976
2023-06-13,-0.10820251593262864,-0.0989418030924859,-0.09975051952295944
2023-06-14,-0.10630950507711445,-0.09768217402012858,-0.09816579433916972
2023-06-15,-0.09823763045947576,-0.11341302142749021,-0.101954287778523
2023-06-16,-0.08252040673903704,-0.11858359939694607,-0.09674676823759598
2023-06-19,-0.08298490873962439,-0.1195652324193216,-0.09747839431876915
2023-06-20,-0.0883882112858112,-0.12809383185394907,-0.10450862096888847
2023-06-21,-0.08215030198617534,-0.13917126293728832,-0.10713335883268227
2023-06-22,-0.07689052318403233,-0.12907946942740556,-0.09934136021524509
2023-06-23,-0.08501078384741667,-0.14047197013361745,-0.10919349686740087
2023-06-26,-0.08699214491355223,-0.14444123443496237,-0.11221484769119172
2023-06-27,-0.07957984917991845,-0.1314282237514185,-0.10185949935870575
2023-06-28,-0.08641023987552576,-0.14241277069694114,-0.11087127316650436
2023-06-29,-0.07485782105396832,-0.13300593353748125,-0.10037331242062597
2023-06-30,-0.06844806266944958,-0.12335290592136616,-0.09224864601626492
2023-07-03,-0.06478403913644792,-0.11952415682260575,-0.08848114268081064
2023-07-04,-0.06429056399269861,-0.12150528301514318,-0.08926614457059556
2023-07-05,-0.06058983715231203,-0.12231363148619478,-0.08788417699361095
2023-07-06,-0.05334209021512115,-0.11945782543703098,-0.08288167819979009
2023-07-07,-0.05098787920452441,-0.11677507216511163,-0.0803442081647967
2023-07-10,-0.05921730038400985,-0.1209419413493702,-0.08650100724719423
2023-07-11,-0.0576680890919804,-0.12125708989939377,-0.08591261392994765
2023-07-12,-0.06612193005644462,-0.11908432147106296,-0.08888276051485966
2023-07-13,-0.06609933987938155,-0.11647296982871813,-0.0875213007361495
2023-07-14,-0.05950843267423023,-0.11255230383513759,-0.08227686901381648
2023-07-17,-0.06526379230339407,-0.11238801614420313,-0.08499993664801075
2023-07-18,-0.06357126851216677,-0.11313814212020346,-0.08455817873786986
2023-07-19,-0.06681081121496946,-0.12202825975562337,-0.09072995339378098
2023-07-20,-0.06208709230003129,-0.12299718295333617,-0.08893036408888322
2023-07-21,-0.05997007879432581,-0.1209725665839333,-0.0868505211442292
2023-07-24,-0.05301228955996318,-0.12861125030297815,-0.08743870747148852
2023-07-25,-0.04872869188952966,-0.12201265499681835,-0.08191958345895212
2023-07-26,-0.051655650196245406,-0.12319111688786422,-0.0839481382600108
2023-07-27,-0.04646626121226194,-0.12887064475136212,-0.08440865893580018
2023-07-28,-0.04373000951218453,-0.12020638396359795,-0.07854173260546304
2023-07-31,-0.03744239198053567,-0.11602947485482451,-0.07332501184425799
2023-08-01,-0.03618262096272584,-0.118416181211495,-0.073969611331128
2023-08-02,-0.04304913565922597,-0.12282359096981099,-0.07958307440136159
2023-08-03,-0.0372000143234954,-0.11956598781754069,-0.07506107244107896
2023-08-04,-0.046935672585689536,-0.13198235071212283,-0.08625947730634431
2023-08-07,-0.04187717689041093,-0.12564410682007277,-0.08049853160413556
2023-08-08,-0.04641282964290383,-0.13456439214611338,-0.0873653762549439
2023-08-09,-0.04274830960481102,-0.1319706947211754,-0.08424422799422171
2023-08-10,-0.040611011166789335,-0.1286376205450811,-0.08146373611604829
2023-08-11,-0.03631026042618002,-0.12241189608089309,-0.0761235414710848
2023-08-14,-0.03196452679890793,-0.11698789815709199,-0.07118539987658501
2023-08-15,-0.034233485983599876,-0.11388641554751111,-0.07064273553855127
2023-08-16,-0.035527111422037794,-0.11497830167467238,-0.07183774942626875
2023-08-17,-0.03615387070650977,-0.12076297146336501,-0.07517265321179145
2023-08-18,-0.03705571915749151,-0.12753778526997173,-0.07916837414051447
2023-08-21,-0.029946266430217916,-0.11403638192113563,-0.06864414601530622
2023-08-22,-0.029937430717745572,-0.11522126836250668,-0.06926270137394608
2023-08-23,-0.038838097021532514,-0.1169255837064056,-0.0744290446944812
2023-08-24,-0.041783249972788816,-0.1254790402340783,-0.08032963195544707
2023-08-25,-0.03670843246919808,-0.1221785600637546,-0.07615885806532474
2023-08-28,-0.03753449738852388,-0.12084244568342783,-0.07585189526463532
2023-08-29,-0.04013111745489406,-0.11894602409545463,-0.07610178223730524
2023-08-30,-0.03740413289696298,-0.11485612683334845,-0.07264499502922939
2023-08-31,-0.03758249716406281,-0.12008493305107293,-0.07546999210234406
2023-09-01,-0.03319127111347964,-0.11605529065536224,-0.07124383371900223
2023-09-04,-0.03185721693053922,-0.1143403744255248,-0.06970213326639363
2023-09-05,-0.025790135116597446,-0.1123797824209759,-0.06575747012372934
2023-09-06,-0.02351036833110387,-0.1146596214927692,-0.06586414477334135
2023-09-07,-0.03030726258211458,-0.12098374699973291,-0.07245152897472917
2023-09-08,-0.02733246037431669,-0.11872613350237715,-0.06983764210918342
2023-09-11,-0.022999318856408713,-0.11272724122265099,-0.06459990980999708
2023-09-12,-0.01928815862695299,-0.11165514567049828,-0.06225821610181592
2023-09-13,-0.022509584599026966,-0.1159279712797765,-0.06605356469685242
2023-09-14,-0.01846800910452595,-0.11262775781707024,-0.062379599853504164
2023-09-15,-0.01746238389541388,-0.11041000159367986,-0.060727612767780714
2023-09-18,-0.014883939026270943,-0.107060466493896,-0.057726859138949926
2023-09-19,-0.011204060398859794,-0.10430527440361248,-0.05451323298364097
2023-09-20,-0.010917685912278596,-0.1064772086621254,-0.05552265382117594
2023-09-21,-0.010377735592263404,-0.10808524624229532,-0.05611472305631393
2023-09-22,-0.01420145962247188,-0.11237599703313594,-0.060208608461572166
2023-09-25,-0.01454328551028461,-0.11116562324825441,-0.05973079000750703
2023-09-26,-0.01752635775775413,-0.11807965728208347,-0.06481099943600721
2023-09-27,-0.011530127621860897,-0.11707590337267582,-0.06142498740491453
2023-09-28,-0.014109517469494515,-0.12028555926161744,-0.06435556320464997
2023-09-29,-0.013329086117310318,-0.11913935048158897,-0.06337569402225107
2023-10-02,-0.014024958880118565,-0.12480113331191278,-0.06671608561325904
2023-10-03,-0.01089028651508761,-0.12398053449474444,-0.06479497877366935
2023-10-04,-0.023221203481954777,-0.13000584669735638,-0.07384062783677459
2023-10-05,-0.031020076959169196,-0.13521311622464938,-0.08030970542136362
2023-10-06,-0.020910899752962786,-0.12269040033321521,-0.06885335358043565
2023-10-09,-0.02657541491795412,-0.12814241088667844,-0.0744402152689253
2023-10-10,-0.021460918962849296,-0.12251169309986565,-0.06901993981460364
2023-10-11,-0.017946762290848017,-0.12029860281184579,-0.06617425889625095
2023-10-12,-0.0176100767151518,-0.12414205652090504,-0.06805414588983505
2023-10-13,-0.014274857357888804,-0.1231358767645171,-0.06593685857479414
2023-10-16,-0.008790191160612526,-0.11323157858567001,-0.05806306717113807
2023-10-17,-0.0005723485856671262,-0.10489742061742702,-0.04973207427198667
2023-10-18,-0.0005406162019652161,-0.10618940981959935,-0.05040279587864904
2023-10-19,-0.003116455180140143,-0.10790652605110107,-0.0525386066275777
2023-10-20,-0.011257570472552048,-0.11237433034161304,-0.05877990926960386
2023-10-23,-0.011511006820473346,-0.11270669813368439,-0.059076754936875364
2023-10-24,-0.011411929721031222,-0.11165004972989279,-0.05846934289557881
2023-10-25,-0.008839301538443367,-0.10990889771582624,-0.0563215654790733
2023-10-26,-0.018098757906807705,-0.11987727417740757,-0.0660137611240067
2023-10-27,-0.021845226559361497,-0.12182017317265581,-0.068826487215356
2023-10-30,-0.018499745126382083,-0.11618074435629377,-0.06424421923700074
2023-10-31,-0.00937038717846872,-0.10932448086283764,-0.05626270323226312
2023-11-01,-0.019084291347443383,-0.11921043214862148,-0.0661271994727528
2023-11-02,-0.014742559463790328,-0.11552967365480593,-0.06210914943732204
2023-11-03,-0.02333671803985382,-0.120254215517267,-0.06870459329548462
2023-11-06,-0.01637024025659295,-0.11834381766223312,-0.06437198769933095
2023-11-07,-0.023226312695130313,-0.12013057225612378,-0.06858080025870106
2023-11-08,-0.02695218180274561,-0.12560913508739857,-0.07325700363737797
2023-11-09,-0.021346579934372945,-0.11666562819204507,-0.06584809138322356
2023-11-10,-0.010944538596306508,-0.1060860342617641,-0.05528945764439197
2023-11-13,-0.010484369509981328,-0.11334024975191659,-0.058902906885241024
2023-11-14,-0.01768002397809132,-0.11331685234863853,-0.06231226988731764
2023-11-15,-0.01371691443194134,-0.10917757127345373,-0.05823205588528191
2023-11-16,-0.020994661253615043,-0.11169085875040863,-0.06303520181589584
2023-11-17,-0.013139048026938327,-0.10600793870690584,-0.05627896717626224
2023-11-20,-0.008532757546160452,-0.10750646105726969,-0.05486744166301716
2023-11-21,-0.014689320975190712,-0.11166814941444825,-0.06000543644152645
2023-11-22,-0.012697835664655543,-0.1103312032643805,-0.058348140224265044
2023-11-23,-0.01255445538331812,-0.10917130802057917,-0.057665931074893484
2023-11-24,-0.008195315390354119,-0.0987882888500411,-0.05009426574694664
2023-11-27,-0.011134168704160063,-0.09730396035361233,-0.05071935157294105
2023-11-28,-0.02279600085422573,-0.10580584815984961,-0.06078716934362771
2023-11-29,-0.027212111087930535,-0.111601023655296,-0.06595284931804879
2023-11-30,-0.02809134543738434,-0.11703486913607908,-0.06923148404829249
2023-12-01,-0.036217107979811036,-0.12414504939360949,-0.07686994802114644
2023-12-04,-0.032616391768580444,-0.125090155423787,-0.07564358942480687
2023-12-05,-0.038585032483639314,-0.1338212256696807,-0.08310743197097958
2023-12-06,-0.04356071042018095,-0.1324290641275342,-0.08474322548171798
2023-12-07,-0.042258461914136736,-0.13815859834994149,-0.08714236582252766
2023-12-08,-0.02775621677281559,-0.1296844668950582,-0.0757431856389219
2023-12-11,-0.02220482565725268,-0.12359266473917607,-0.06986980693119937
2023-12-12,-0.02633155272238341,-0.12857678468038747,-0.07447740749172527
2023-12-13,-0.036319339978352905,-0.13703176047475052,-0.08371430084780596
2023-12-14,-0.03800816037073129,-0.1369818706564424,-0.08449069584586866
2023-12-15,-0.03400577094845336,-0.14330763967038618,-0.08594145695280986
2023-12-18,-0.03176766762748251,-0.13574447591123495,-0.08084776424824647
2023-12-19,-0.025682834248177966,-0.1254872581355566,-0.07250519553484958
2023-12-20,-0.03704352315779802,-0.13803181147344956,-0.08456484245851292
2023-12-21,-0.031420425832319854,-0.13233659044157797,-0.0788677972561358
2023-12-22,-0.035962854110516584,-0.13265060630721592,-0.08119443582314823
2023-12-26,-0.03172909193030027,-0.13078128981278236,-0.07818676894027743
2023-12-27,-0.03601323856446648,-0.13305397576225952,-0.08143116609363243
2023-12-28,-0.03799037538547578,-0.1340608526478433,-0.08290657440033056
2023-12-29,-0.04105868742720853,-0.13325154710232257,-0.08394054359291159
2024-01-02,-0.038509361454948876,-0.1300944133958737,-0.08105450628939348
2024-01-03,-0.03608873984445682,-0.13005479233010764,-0.0798768233817716
2024-01-04,-0.035326817655739196,-0.12509654533087644,-0.07689105039751365
2024-01-05,-0.03313683551801472,-0.11636365796216719,-0.07123621216180087
2024-01-08,-0.027309470598961716,-0.11155673448843595,-0.06591113685973138
2024-01-09,-0.031205497173636743,-0.11511474405907629,-0.06965224716360308
2024-01-10,-0.02730665146282174,-0.11036457583098425,-0.06528307930443755
2024-01-11,-0.03167768745931909,-0.1168495342299456,-0.07079005810403494
2024-01-12,-0.03795487231036576,-0.11681675713586348,-0.0737846335732899
2024-01-15,-0.037703922073178964,-0.11626269774015685,-0.07337330390306651
2024-01-16,-0.027698758383782884,-0.10182961407569624,-0.060989378658785065
2024-01-17,-0.019020403570415012,-0.09032446450300913,-0.05078462323576438
2024-01-18,-0.014233058893638129,-0.08734054054325302,-0.046911646842746624
2024-01-19,-0.008006905741276493,-0.08386195644407335,-0.042085431034327936
2024-01-22,-0.0069885330291690195,-0.08175434930949266,-0.0404918793228809
2024-01-23,-0.004592683494611283,-0.08360347712326577,-0.04030048179435386
2024-01-24,0.0,-0.08454140149477363,-0.03720776666824532
2024-01-25,-0.0046213089628518444,-0.08490097256354334,-0.03962152817246278
2024-01-26,-0.00019663364784339166,-0.0771346483094536,-0.03341167986688154
2024-01-29,-0.002482584405420818,-0.07586447863530843,-0.033851510288558595
2024-01-30,-0.0040514835912561775,-0.08634483580739383,-0.040089698425676334
2024-01-31,-0.020967384440821135,-0.09890788404882067,-0.05484113498622811
2024-02-01,-0.021398501140357573,-0.09254545093851518,-0.051712445335927004
2024-02-02,-0.007843343136845204,-0.07841390622820354,-0.03776110101078578
2024-02-05,0.0,-0.07033229038497235,-0.027861230253269254
2024-02-06,-0.006066874730250138,-0.0732081253802096,-0.03231375982844076
2024-02-07,-0.0016558284837221438,-0.06433763837896611,-0.025535531100401854
2024-02-08,0.0,-0.055240916664050954,-0.018028884257820565
2024-02-09,0.0,-0.04816423116361057,-0.011706921551901228
2024-02-12,0.0,-0.05047991858237688,-0.012306061647773703
2024-02-13,0.0,-0.04208356896094789,-0.0013701394790972543
2024-02-14,-0.00350391042609155,-0.039534177901499934,-0.0017908215430775254
2024-02-15,-0.0015820758345164165,-0.03220249685889165,0.0
2024-02-16,0.0,-0.032440659266320115,0.0
2024-02-19,-1.8721680757893822e-06,-0.03264362748780136,-0.00010582278862369954
2024-02-20,-0.006917405463950255,-0.042677235936315006,-0.008748778442660976
2024-02-21,-0.0004619795842292218,-0.032681667705534045,-0.0003521073384920026
2024-02-22,0.0,-0.02471258808842902,0.0
2024-02-23,-0.007145041932645535,-0.024022497671575938,-0.003218732735066787
2024-02-26,-0.0041634149634580675,-0.024026446860717532,-0.001724040416731687
2024-02-27,-0.0012749267453161517,-0.02567571016857051,-0.0011197342053002046
2024-02-28,-0.00793307714690017,-0.03168221339890742,-0.007528269528207399
2024-02-29,-0.007626394552636362,-0.03225393770051044,-0.007667858423691776
2024-03-01,-0.01430883411732331,-0.025615432362791957,-0.007605358635961901
2024-03-04,-0.016403117167452685,-0.022179259594792056,-0.006909778849137793
2024-03-05,-0.027219640077631446,-0.026345986945613964,-0.01448613610570193
2024-03-06,-0.027074075218253224,-0.0272952684679576,-0.01489282321709351
2024-03-07,-0.028071692998841047,-0.029691035008887146,-0.016611034155747828
2024-03-08,-0.04055694752209138,-0.03759117782863419,-0.026930591757531985
2024-03-11,-0.03500436905803661,-0.03919236858094366,-0.024924336223430488
2024-03-12,-0.026081484216842976,-0.03488477557373848,-0.018230510546405454
2024-03-13,-0.019138511389798163,-0.033568171579048345,-0.014061377891073645
2024-03-14,-0.010911701420264652,-0.023138977422412332,-0.004606830800615969
2024-03-15,-0.007603989000771083,-0.02521398759768856,-0.003999619926118081
2024-03-18,-0.0015938085238634825,-0.020347147548890443,0.0
2024-03-19,-0.0031443295252988612,-0.019001832593309342,-8.986968268720474e-05
2024-03-20,-0.010267221652989877,-0.02064185788440065,-0.004498049436925777
2024-03-21,-0.006757030289049282,-0.021806158087188665,-0.0033244695716043715
2024-03-22,-0.008394668929271543,-0.026076756862862482,-0.006321761726224007
2024-03-25,-0.0066027616453714355,-0.023124143452042945,-0.003917683118988435
2024-03-26,-0.008267331138780976,-0.020268547323335273,-0.003296347314915349
2024-03-27,-0.008064046799310054,-0.01776330164154627,-0.0019198732462719637
2024-03-28,-0.00732617468457375,-0.016868210272148576,-0.0010938873794756887
