date,Skew,Trend,50% skew / 50% trend
1990-01-02,0.0,0.0,0.0
1990-01-03,0.0,0.0,0.0
1990-01-04,0.0,0.0,0.0
1990-01-05,0.0,0.0,0.0
1990-01-08,0.0,0.0,0.0
1990-01-09,0.0,0.0,0.0
1990-01-10,0.0,0.0,0.0
1990-01-11,0.0,0.0,0.0
1990-01-12,0.0,0.0,0.0
1990-01-15,0.0,0.0,0.0
1990-01-16,0.0,0.0,0.0
1990-01-17,0.0,0.0,0.0
1990-01-18,0.0,0.0,0.0
1990-01-19,0.0,0.0,0.0
1990-01-22,0.0,0.0,0.0
1990-01-23,0.0,0.0,0.0
1990-01-24,0.0,0.0,0.0
1990-01-25,0.0,0.0,0.0
1990-01-26,0.0,0.0,0.0
1990-01-29,0.0,0.0,0.0
1990-01-30,0.0,0.0,0.0
1990-01-31,0.0,0.0,0.0
1990-02-01,0.0,0.0,0.0
1990-02-02,0.0,0.0,0.0
1990-02-05,0.0,0.0,0.0
1990-02-06,0.0,0.0,0.0
1990-02-07,0.0,0.0,0.0
1990-02-08,0.0,0.0,0.0
1990-02-09,0.0,0.0,0.0
1990-02-12,0.0,0.0,0.0
1990-02-13,0.0,0.0,0.0
1990-02-14,0.0,0.0,0.0
1990-02-15,0.0,0.0,0.0
1990-02-16,0.0,0.0,0.0
1990-02-20,0.0,0.0,0.0
1990-02-21,0.0,0.0,0.0
1990-02-22,0.0,0.0,0.0
1990-02-23,0.0,0.0,0.0
1990-02-26,0.0,0.0,0.0
1990-02-27,0.0,0.0,0.0
1990-02-28,0.0,0.0,0.0
1990-03-01,0.0,0.0,0.0
1990-03-02,0.0,0.0,0.0
1990-03-05,0.0,0.0,0.0
1990-03-06,0.0,0.0,0.0
1990-03-07,0.0,0.0,0.0
1990-03-08,0.0,0.0,0.0
1990-03-09,0.0,0.0,0.0
1990-03-12,0.0,0.0,0.0
1990-03-13,0.0,0.0,0.0
1990-03-14,0.0,0.0,0.0
1990-03-15,0.0,0.0,0.0
1990-03-16,0.0,0.0,0.0
1990-03-19,0.0,0.0,0.0
1990-03-20,0.0,0.0,0.0
1990-03-21,0.0,0.0,0.0
1990-03-22,0.0,0.0,0.0
1990-03-23,0.0,0.0,0.0
1990-03-26,0.0,0.0,0.0
1990-03-27,0.0,0.0,0.0
1990-03-28,0.0,0.0,0.0
1990-03-29,0.0,0.0,0.0
1990-03-30,0.0,0.0,0.0
1990-04-02,0.0,0.0,0.0
1990-04-03,0.0,0.0,0.0
1990-04-04,0.0,0.0,0.0
1990-04-05,0.0,0.0,0.0
1990-04-06,0.0,0.0,0.0
1990-04-09,0.0,0.0,0.0
1990-04-10,0.0,0.0,0.0
1990-04-11,0.0,0.0,0.0
1990-04-12,0.0,0.0,0.0
1990-04-16,0.0,0.0,0.0
1990-04-17,0.0,0.0,0.0
1990-04-18,0.0,0.0,0.0
1990-04-19,0.0,0.0,0.0
1990-04-20,0.0,0.0,0.0
1990-04-23,0.0,0.0,0.0
1990-04-24,0.0,0.0,0.0
1990-04-25,0.0,0.0,0.0
1990-04-26,0.0,0.0,0.0
1990-04-27,0.0,0.0,0.0
1990-04-30,0.0,0.0,0.0
1990-05-01,0.0,0.0,0.0
1990-05-02,0.0,0.0,0.0
1990-05-03,0.0,0.0,0.0
1990-05-04,0.0,0.0,0.0
1990-05-07,0.0,0.0,0.0
1990-05-08,0.0,0.0,0.0
1990-05-09,0.0,0.0,0.0
1990-05-10,0.0,0.0,0.0
1990-05-11,0.0,0.0,0.0
1990-05-14,0.0,0.0,0.0
1990-05-15,0.0,0.0,0.0
1990-05-16,0.0,0.0,0.0
1990-05-17,0.0,0.0,0.0
1990-05-18,0.0,0.0,0.0
1990-05-21,0.0,0.0,0.0
1990-05-22,0.0,0.0,0.0
1990-05-23,0.0,0.0,0.0
1990-05-24,0.0,0.0,0.0
1990-05-25,0.0,0.0,0.0
1990-05-29,0.0,0.0,0.0
1990-05-30,0.0,0.0,0.0
1990-05-31,0.0,0.0,0.0
1990-06-01,0.0,0.0,0.0
1990-06-04,0.0,0.0,0.0
1990-06-05,0.0,0.0,0.0
1990-06-06,0.0,0.0,0.0
1990-06-07,0.0,0.0,0.0
1990-06-08,0.0,0.0,0.0
1990-06-11,0.0,0.0,0.0
1990-06-12,0.0007678611480082078,0.0,0.0003839305740041039
1990-06-13,-0.004773329066104455,0.0,-0.0023866645330522275
1990-06-14,-0.0062175095681652245,0.0,-0.0031087547840826122
1990-06-15,0.005095748470530563,0.0,0.0025478742352652815
1990-06-18,-0.00019280861815937892,0.0,-9.640430907968946e-05
1990-06-19,0.0001861124599170947,0.0,9.305622995854735e-05
1990-06-20,0.003579945947864725,0.0,0.0017899729739323624
1990-06-21,0.0002854212780101979,0.0,0.00014271063900509894
1990-06-22,-0.0010805756680820943,0.0,-0.0005402878340410471
1990-06-25,0.005867552055030039,0.0,0.0029337760275150197
1990-06-26,-0.005217690038215419,0.0,-0.0026088450191077096
1990-06-27,-0.000772241121984264,0.0,-0.000386120560992132
1990-06-28,-0.0036974661807927527,0.0,-0.0018487330903963763
1990-06-29,0.0016741565465189813,0.0,0.0008370782732594907
1990-07-02,0.0010086148832791676,0.0,0.0005043074416395838
1990-07-03,0.00017937456588720374,0.0,8.968728294360187e-05
1990-07-05,0.0015368993267642855,0.0,0.0007684496633821428
1990-07-06,0.010145741672864033,0.0,0.005072870836432017
1990-07-09,0.0019369901857815442,0.0,0.0009684950928907721
1990-07-10,-0.006706573180757513,0.0,-0.0033532865903787563
1990-07-11,-0.0012741251405321142,0.0,-0.0006370625702660571
1990-07-12,-0.0014826260626461247,0.0,-0.0007413130313230624
1990-07-13,0.0018851731661174852,0.0,0.0009425865830587426
1990-07-16,0.0014545065370839226,0.0,0.0007272532685419613
1990-07-17,-0.0035456044022081014,0.0,-0.0017728022011040507
1990-07-18,0.0015672983702404164,0.0,0.0007836491851202082
1990-07-19,0.0009344592667951748,0.0,0.0004672296333975874
1990-07-20,-0.0011298066385063343,0.0,-0.0005649033192531672
1990-07-23,0.0005802421714957385,0.0,0.00029012108574786926
1990-07-24,0.0020758506757187862,0.0,0.0010379253378593931
1990-07-25,0.0021667863898056977,0.0,0.0010833931949028488
1990-07-26,-0.00029542103079396203,0.0,-0.00014771051539698101
1990-07-27,-0.006395904748306363,0.0,-0.0031979523741531815
1990-07-30,-0.007774249272130682,0.0,-0.003887124636065341
1990-07-31,-0.0013799182326353476,0.0,-0.0006899591163176738
1990-08-01,-0.002480496261857706,0.0,-0.001240248130928853
1990-08-02,0.011471030114898194,0.0,0.005735515057449097
1990-08-03,0.0008330891334075248,0.0,0.0004165445667037624
1990-08-06,0.019354661193166464,0.0,0.009677330596583232
1990-08-07,0.004476774223257078,0.0,0.002238387111628539
1990-08-08,-0.0009141835534002646,0.0,-0.0004570917767001323
1990-08-09,-0.0011893297117911241,0.0,-0.0005946648558955621
1990-08-10,0.0042078755020543345,0.0,0.0021039377510271673
1990-08-13,-0.000739965900150572,0.0,-0.000369982950075286
1990-08-14,0.00012926621817737645,0.0,6.463310908868823e-05
1990-08-15,-0.0032794436214351047,0.0,-0.0016397218107175524
1990-08-16,0.0025772342892109172,0.0,0.0012886171446054586
1990-08-17,1.612457274461108e-05,0.0,8.06228637230554e-06
1990-08-20,-0.0009369444574063778,0.0,-0.0004684722287031889
1990-08-21,-0.000866809250318284,0.0,-0.000433404625159142
1990-08-22,-0.0010835865272905531,0.0,-0.0005417932636452766
1990-08-23,-0.0036103428057566956,0.0,-0.0018051714028783478
1990-08-24,0.004868230331464122,0.0,0.002434115165732061
1990-08-27,-0.014147349703378175,0.0,-0.007073674851689088
1990-08-28,-0.0015841755555211026,0.0,-0.0007920877777605513
1990-08-29,-0.0003094315481273586,0.0,-0.0001547157740636793
1990-08-30,0.0011444366279288226,0.0,0.0005722183139644113
1990-08-31,-0.0009910574951417354,0.0,-0.0004955287475708677
1990-09-04,-0.0003537444104234201,0.0,-0.00017687220521171005
1990-09-05,-0.004143708171264967,0.0,-0.0020718540856324835
1990-09-06,-0.0024109170043698476,0.0,-0.0012054585021849238
1990-09-07,-0.0009114750938771646,0.0,-0.0004557375469385823
1990-09-10,-0.001523930311974185,0.0,-0.0007619651559870925
1990-09-11,0.0009092781488698033,0.0,0.00045463907443490166
1990-09-12,-0.004951828273683154,0.0,-0.002475914136841577
1990-09-13,-0.0037477451307684657,0.0,-0.0018738725653842329
1990-09-14,0.0022308767189975916,0.0,0.0011154383594987958
1990-09-17,0.0020116310026985127,0.0,0.0010058155013492563
1990-09-18,0.0013756934355712584,0.0,0.0006878467177856292
1990-09-19,-0.0007297571865283642,0.0,-0.0003648785932641821
1990-09-20,0.0011083095920347594,0.0,0.0005541547960173797
1990-09-21,-0.001059681591413138,0.0,-0.000529840795706569
1990-09-24,0.006129958137463296,0.0,0.003064979068731648
1990-09-25,-0.0014462836070845415,0.0,-0.0007231418035422708
1990-09-26,0.00048489067270423967,0.0,0.00024244533635211984
1990-09-27,-0.0033151733761824383,0.0,-0.0016575866880912192
1990-09-28,-0.002534723808027018,0.0,-0.001267361904013509
1990-10-01,-0.00576634160376032,0.0,-0.00288317080188016
1990-10-02,-0.0006791452087054858,0.0,-0.0003395726043527429
1990-10-03,-0.0008240505545690634,0.0,-0.0004120252772845317
1990-10-04,-0.00431190870798758,0.0,-0.00215595435399379
1990-10-05,-0.002703498210056012,0.0,-0.001351749105028006
1990-10-08,-0.0011979689843423691,0.0,-0.0005989844921711846
1990-10-09,0.0034257913676575347,0.0,0.0017128956838287674
1990-10-10,-0.0009340135520115169,0.0,-0.00046700677600575847
1990-10-11,-0.00045337157857242255,0.0,-0.00022668578928621127
1990-10-12,-0.004975717536033649,0.0,-0.0024878587680168245
1990-10-15,-0.006958207277206048,0.0,-0.003479103638603024
1990-10-16,-0.006764191607811621,0.0,-0.0033820958039058103
1990-10-17,-0.0013442089616168787,-0.003775488358226579,-0.002559848659921729
1990-10-18,-0.002259656967505038,-0.003325426517346246,-0.0027925417424256417
1990-10-19,0.0026030555705002754,-0.017811922968640037,-0.007604433699069881
1990-10-22,0.00017494586375846756,-0.0038972908841231105,-0.0018611725101823214
1990-10-23,0.0032515314130049265,-0.0034202594748026227,-8.436403089884812e-05
1990-10-24,-0.0026089666590146604,0.0034914013295983697,0.00044121733529185465
1990-10-25,0.0016170708746620676,-0.004802871279093699,-0.0015929002022158157
1990-10-26,-0.0006032427286647794,0.009705755141819004,0.004551256206577112
1990-10-29,0.0020250928984119733,0.004890132934962351,0.003457612916687162
1990-10-30,0.0028910534924129466,-0.002068177003294878,0.00041143824455903435
1990-10-31,0.001815430244329285,-0.009342632888047596,-0.0037636013218591553
1990-11-01,0.00010561341898095302,-0.01262271226858097,-0.006258549424800008
1990-11-02,-0.005303334095833092,0.002460777419561598,-0.001421278338135747
1990-11-05,-0.002076755185412626,-0.003607380272765343,-0.0028420677290889847
1990-11-06,0.005049406928262636,-0.0038263940431914984,0.0006115064425355689
1990-11-07,-0.000618388730986225,0.007737346742353754,0.0035594790056837646
1990-11-08,0.001307757103519599,-0.004671457800395096,-0.0016818503484377486
1990-11-09,0.0013074183505317881,-0.007742066813422164,-0.0032173242314451882
1990-11-12,-0.002936091258689818,-0.011398426310440806,-0.007167258784565312
1990-11-13,0.0041447439352987,-0.0009208114753424441,0.001611966229978128
1990-11-14,-0.0015569182617310535,0.01357058038111084,0.006006831059689893
1990-11-15,0.0010556228848125234,0.005502557579346679,0.0032790902320796013
1990-11-16,-0.0022375143791289534,-0.011753851991044732,-0.0069956831850868425
1990-11-19,-0.002377181680912133,0.002628177764399538,0.0001254980417437024
1990-11-20,0.0005977602881401508,0.007923140434800007,0.0042604503614700785
1990-11-21,-0.007427431215637607,-0.007506498492554559,-0.007466964854096083
1990-11-23,0.0014174433733715936,-0.0012710724524455503,7.318546046302169e-05
1990-11-26,0.007131078160618216,-0.002495923015857497,0.0023175775723803596
1990-11-27,-0.007090252686043081,0.006919438766375674,-8.540695983370351e-05
1990-11-28,0.00804018964451581,-0.004581180313067378,0.001729504665724216
1990-11-29,0.01666616677866305,-0.014871700043419174,0.000897233367621938
1990-11-30,-0.007053111338847317,-0.005856234467671147,-0.006454672903259232
1990-12-03,0.004955783072967519,-0.01061991302305957,-0.0028320649750460253
1990-12-04,-0.007063934991132404,-0.001075967864528043,-0.004069951427830223
1990-12-05,0.0005814493089532715,-0.0022105263110594633,-0.0008145385010530959
1990-12-06,-0.009874868044051436,0.005864981640092463,-0.0020049432019794864
1990-12-07,-0.006203150342690294,-0.014855072267563689,-0.01052911130512699
1990-12-10,0.008026364418414244,-0.012388733212536746,-0.002181184397061251
1990-12-11,-0.0010865209497011759,-0.001726365166864661,-0.0014064430582829185
1990-12-12,-0.004242012314409941,2.5796520906150295e-05,-0.002108107896751895
1990-12-13,0.005128693356684852,0.000385957090922011,0.0027573252238034317
1990-12-14,0.006430916263119629,-0.0013676313693669908,0.0025316424468763187
1990-12-17,0.00119999613788081,-0.003881771639180529,-0.0013408877506498594
1990-12-18,-0.0016467976349201635,-0.00020214965516490707,-0.0009244736450425353
1990-12-19,0.008680761729091184,0.006015965830692235,0.0073483637798917095
1990-12-20,0.01049345328168563,-0.0025548212858543047,0.003969315997915663
1990-12-21,0.004805833678837027,0.0018371655031401378,0.0033214995909885826
1990-12-24,0.009316075582414757,-0.004018426199771034,0.0026488246913218614
1990-12-26,-0.0029505392044968807,-0.01329388917078246,-0.00812221418763967
1990-12-27,-5.9625197198569214e-05,0.0009523668975342965,0.00044637085016786365
1990-12-28,-0.005758274865309686,0.01039219281948845,0.0023169589770893825
1990-12-31,-0.0025237930252213162,-0.0033318644965655494,-0.002927828760893433
1991-01-02,-0.006694366068926107,0.0033387106711449195,-0.0016778276988905938
1991-01-03,-0.008477631472887196,0.01105376424318066,0.0012880663851467323
1991-01-04,0.008435954105684287,-0.009636624696157382,-0.0006003352952365475
1991-01-07,0.017887939319178713,-0.0054674902354292605,0.006210224541874726
1991-01-08,-0.001222168955590834,0.010758807893487023,0.004768319468948094
1991-01-09,0.003386686868786664,0.0038853985365490734,0.0036360427026678687
1991-01-10,-0.010936904382858048,-0.0075179360668228105,-0.00922742022484043
1991-01-11,0.00015420409102799104,0.00563643344733822,0.0028953187691831057
1991-01-14,0.009664036480840929,0.00040448718903241757,0.0050342618349366736
1991-01-15,-0.0017911222980134586,-0.0039612371901873444,-0.0028761797441004015
1991-01-16,0.00964816755140743,-0.01885440820104665,-0.004603120324819611
1991-01-17,-0.04066500413720334,-0.0011704791278450786,-0.020917741632524207
1991-01-18,-0.005924800446812388,0.007018036836265356,0.0005466181947264837
1991-01-21,-0.001301046976039918,0.0029166976700998304,0.0008078253470299562
1991-01-22,0.006952480179024392,-0.009485043980125793,-0.0012662819005507006
1991-01-23,-0.006157760817620428,0.006320595106491623,8.141714443559746e-05
1991-01-24,-0.0016906998783592002,0.0015959322032714188,-4.7383837543890704e-05
1991-01-25,0.009562699938439334,-0.013646323295496221,-0.0020418116785284436
1991-01-28,-0.00325013912742931,0.002763122841586555,-0.00024350814292137756
1991-01-29,0.002328096568690611,0.0005275083867489446,0.001427802477719778
1991-01-30,-0.007552848549006881,0.0008408070726214977,-0.0033560207381926914
1991-01-31,-0.0026039602034385744,-0.0002934964005858583,-0.0014487283020122163
1991-02-01,-0.00577202908812892,0.013736284497839544,0.0039821277048553115
1991-02-04,-0.006033322345267861,0.001184954386568332,-0.0024241839793497644
1991-02-05,-0.013634705727273455,0.011873329334800672,-0.0008806881962363919
1991-02-06,-0.013840287188281612,0.015838401967746586,0.000999057389732487
1991-02-07,0.006556906819039912,-0.009913418583781444,-0.0016782558823707659
1991-02-08,-0.00020037630019547367,0.004642771982671289,0.0022211978412379077
1991-02-11,-0.005765178912458651,0.00611414092965204,0.0001744810085966943
1991-02-12,0.0017021583956781223,-0.0014549719024549576,0.00012359324661158236
1991-02-13,0.009038938697634068,-0.009244835199123775,-0.00010294825074485311
1991-02-14,0.0038430992604521082,-0.0058062202947119345,-0.0009815605171299131
1991-02-15,0.0020306967728779875,0.00010930179430135654,0.001069999283589672
1991-02-19,0.0076197447176236735,-0.007123375554031775,0.00024818458179594934
1991-02-20,0.0007512230609765935,-0.00546769431172852,-0.0023582356253759634
1991-02-21,-0.0014388953025916828,-0.0014978594680070212,-0.001468377385299352
1991-02-22,0.005296034892073455,-0.006056430540387479,-0.00038019782415701225
1991-02-25,0.009107624197343105,-0.010701972790386788,-0.0007971742965218413
1991-02-26,0.010134155140364219,-0.012420037386269657,-0.001142941122952719
1991-02-27,-0.005215166162962926,0.0035234510827529385,-0.0008458575401049939
1991-02-28,0.021305885296814823,-0.024157944832305968,-0.0014260297677455725
1991-03-01,0.02669874998539158,-0.03032021174127639,-0.0018107308779424045
1991-03-04,0.0043347536229832355,-2.422322983687543e-05,0.00215526519657318
1991-03-05,-0.0005587491262772177,0.0050461250253219835,0.002243687949522383
1991-03-06,-0.002274461507853563,-0.001016492787602319,-0.0016454771477279412
1991-03-07,-0.005573463082602084,0.00478942580656419,-0.00039201863801894676
1991-03-08,0.018111571155470053,-0.021250269033071565,-0.0015693489388007558
1991-03-11,-0.01229565890069764,0.015341596681795671,0.0015229688905490152
1991-03-12,0.0035799909837165725,-0.007993741089968765,-0.0022068750531260965
1991-03-13,-0.008027954784811874,0.009716124126568762,0.0008440846708784441
1991-03-14,-0.005185990477014277,-0.0016275828165071018,-0.0034067866467606895
1991-03-15,0.007687079611060185,-0.005305067417274714,0.0011910060968927357
1991-03-18,0.00639066552217867,-0.00962599346248621,-0.00161766397015377
1991-03-19,0.014612148877089906,-0.019280565954592797,-0.0023342085387514453
1991-03-20,-0.008532101926165919,0.011387423876014659,0.0014276609749243703
1991-03-21,-0.010235027503748008,0.009475377728715755,-0.0003798248875161265
1991-03-22,0.004184779549818926,-0.004890773042944725,-0.00035299674656289956
1991-03-25,0.0028229671268539674,-0.0023929369662319252,0.0002150150803110211
1991-03-26,-0.008575358901174888,0.01209932436158502,0.0017619827302050662
1991-03-27,-0.0005119034928352205,-0.0016939043172938069,-0.0011029039050645137
1991-03-28,0.004811422079040286,-0.004205109807090237,0.0003031561359750244
1991-04-01,0.008953132015424402,-0.01844575004813957,-0.0047463090163575835
1991-04-02,-0.014823175754116832,0.01847421240600594,0.0018255183259445543
1991-04-03,0.0018728541785760962,-0.005359158356440942,-0.001743152088932423
1991-04-04,-0.01101670301216937,0.015162558429378753,0.002072927708604691
1991-04-05,0.0015413780592301758,-0.006189481061884791,-0.0023240515013273075
1991-04-08,0.0005260123577116648,0.001901015235255529,0.001213513796483597
1991-04-09,0.0026814835477133197,0.00388515141208674,0.00328331747990003
1991-04-10,0.017662301715170643,-0.022655890555229746,-0.002496794420029551
1991-04-11,-0.007310945330057523,0.006252665988130194,-0.0005291396709636645
1991-04-12,-0.012066543723803485,0.013761928521308803,0.0008476923987526591
1991-04-15,-0.006840708775965043,0.014911722001028858,0.0040355066125319075
1991-04-16,-0.002145270988686929,0.0008025236040865857,-0.0006713736923001717
1991-04-17,0.0017980428693988386,0.0057809235531110946,0.0037894832112549664
1991-04-18,0.0021906464637824734,-0.010869699059354667,-0.004339526297786097
1991-04-19,0.0037850912229764307,-0.019172988840851314,-0.007693948808937442
1991-04-22,0.008101551896928185,-0.006360114844095232,0.0008707185264164763
1991-04-23,-0.00709880522082734,0.001564254815110366,-0.0027672752028584865
1991-04-24,-0.007302748747479446,0.00944031487582507,0.0010687830641728123
1991-04-25,-0.0010307120822993982,0.002128238690135616,0.0005487633039181089
1991-04-26,-0.002576129436608216,0.005483897345752624,0.001453883954572204
1991-04-29,0.00046414386509372444,0.012202361987151687,0.006333252926122706
1991-04-30,0.0018157861121161484,0.00513200680711066,0.0034738964596134044
1991-05-01,-9.516703702600298e-05,-3.3456126779776767e-06,-4.925632485199033e-05
1991-05-02,-0.0030056996172097643,0.004186122806702949,0.0005902115947465922
1991-05-03,0.006132321584825844,-0.01282494361022438,-0.003346311012699268
1991-05-06,0.004076319257995276,-0.0017800069292275699,0.0011481561643838533
1991-05-07,0.005907486818164174,0.002345417379796742,0.0041264520989804584
1991-05-08,-0.0010806588209876272,0.005156323503955,0.0020378323414836867
1991-05-09,-0.002211814307339548,0.0004063495371986786,-0.0009027323850704346
1991-05-10,0.017665991250512714,-0.01595660985355568,0.0008546906984785163
1991-05-13,-0.00230245941331327,0.009477516075243797,0.0035875283309652634
1991-05-14,0.008470115465669748,-0.002679946405550731,0.0028950845300595085
1991-05-15,-0.0020027715353513158,0.009553622410418527,0.0037754254375336055
1991-05-16,-0.007116622276648198,0.002075869315164119,-0.0025203764807420394
1991-05-17,-0.004749421144275755,0.0002725208087675197,-0.0022384501677541174
1991-05-20,0.0071945878040941096,-0.006066458756287761,0.0005640645239031743
1991-05-21,-0.009450109685216495,0.003346985562493075,-0.00305156206136171
1991-05-22,-0.0019031160531152102,-0.004690385782990454,-0.003296750918052832
1991-05-23,0.0007789730458743894,-0.002612013538643125,-0.0009165202463843679
1991-05-24,0.0036499474305059197,0.0021574961326523644,0.0029037217815791423
1991-05-28,0.0015306874294826757,0.008185766261844302,0.004858226845663489
1991-05-29,-0.005223002721562148,0.00509698888131547,-6.300692012333907e-05
1991-05-30,-0.0044762135784324345,0.003920362031277929,-0.00027792577357725265
1991-05-31,-0.0026534829280173205,-0.014145732580822091,-0.008399607754419705
1991-06-03,0.009387421787699551,-0.022764456935722027,-0.006688517574011238
1991-06-04,-0.0005882189550963457,0.007559195680193297,0.0034854883625484757
1991-06-05,0.0024991774516185347,-0.006619157294376787,-0.0020599899213791266
1991-06-06,0.003687673849940333,-0.00731585765295962,-0.0018140919015096433
1991-06-07,0.010132607941969426,-0.014136145529136621,-0.0020017687935835974
1991-06-10,0.014179133382342227,0.0038940499163519202,0.009036591649347074
1991-06-11,-0.009224947537777242,-0.002821602320144446,-0.006023274928960844
1991-06-12,0.0058635663968257855,-0.01037137126405601,-0.0022539024336151125
1991-06-13,-0.0023202270732244064,0.00426495691141418,0.0009723649190948867
1991-06-14,-0.007670900341173839,0.005292771971054808,-0.0011890641850595155
1991-06-17,0.002796516074164773,0.006097530746659621,0.004447023410412197
1991-06-18,0.00017120289186896417,-0.0038767451776510462,-0.001852771142891041
1991-06-19,-0.00026290842896769986,-0.006274270994458471,-0.0032685897117130853
1991-06-20,-0.010178788111333433,0.019977253818221335,0.004899232853443951
1991-06-21,0.003050391230390317,0.005323349529524619,0.004186870379957468
1991-06-24,-0.0010923653491398766,-0.012169139042728577,-0.0066307521959342265
1991-06-25,0.0020947269758790684,-0.002675718717988575,-0.00029049587105475327
1991-06-26,0.0004433649718537699,-0.0017012767728468822,-0.0006289559004965562
1991-06-27,-2.6073700955883987e-05,0.014543666497690603,0.00725879639836736
1991-06-28,0.008986656496034055,0.029293582938950142,0.019140119717492098
1991-07-01,-0.0014065280317401955,-0.01420534378638891,-0.007805935909064553
1991-07-02,0.001512033507038292,0.0034136229588797957,0.002462828232959044
1991-07-03,0.0072115860604477205,0.0025701197343333568,0.004890852897390539
1991-07-05,-0.0044941497210894315,-0.00637187853533342,-0.005433014128211426
1991-07-08,-0.0006207886193615334,0.008095538685251686,0.0037373750329450766
1991-07-09,0.002746839543342684,-0.0018079307986678867,0.00046945437233739855
1991-07-10,0.0014262031209581608,-0.0032145449906478963,-0.0008941709348448678
1991-07-11,-0.007703236673325507,0.016472877325249907,0.0043848203259622
1991-07-12,-0.014328371769318164,-0.00428426743764768,-0.009306319603482922
1991-07-15,0.002246914065854363,-0.005160452657369557,-0.001456769295757597
1991-07-16,0.007402049141819505,-0.01217380949625254,-0.0023858801772165174
1991-07-17,0.004094471077127655,-0.0035923191290949314,0.0002510759740163616
1991-07-18,-0.005099097112910582,0.0018769737460779521,-0.001611061683416315
1991-07-19,-0.006460579141776833,0.005097495833250158,-0.0006815416542633374
1991-07-22,0.0064957446871525435,-0.008464802514983336,-0.0009845289139153962
1991-07-23,0.005627489790033009,-0.021919290983944247,-0.008145900596955618
1991-07-24,-0.002705007322721068,0.019726848971463724,0.008510920824371328
1991-07-25,0.0079350358503135,0.00455110247067514,0.00624306916049432
1991-07-26,-0.005258828687117579,-0.005264720010422392,-0.005261774348769985
1991-07-29,-0.0067135425638026845,-0.0043562446859553025,-0.005534893624878993
1991-07-30,-0.0015071950027689194,0.007941447129940821,0.0032171260635859506
1991-07-31,-0.00014543327384487423,0.000734912332428956,0.0002947395292920409
1991-08-01,-0.007386839136582567,-0.008119462195078638,-0.007753150665830603
1991-08-02,0.0036760056049479173,0.03161369909689887,0.017644852350923394
1991-08-05,0.005320370371570381,0.0007707508260426476,0.003045560598806514
1991-08-06,0.0019806045217296495,0.0199253099465004,0.010952957234115025
1991-08-07,0.004935895595387247,0.0035636432534806974,0.004249769424433973
1991-08-08,0.002648614469157605,-0.007689802339171187,-0.0025205939350067905
1991-08-09,0.006482220805619887,-0.003605035129946685,0.0014385928378366011
1991-08-12,-0.0016398640382766733,0.001326397525863678,-0.0001567332562064977
1991-08-13,0.0015560332284842646,0.00789115652769963,0.0047235948780919475
1991-08-14,0.0056289025515508535,0.020956205615253087,0.013292554083401971
1991-08-15,0.005204707991463437,-0.007303650465142001,-0.0010494712368392823
1991-08-16,0.007045361899034998,0.0024467681884466435,0.004746065043740821
1991-08-19,0.021302599211948152,-0.00034519206071047666,0.010478703575618838
1991-08-20,-0.009521965767187054,0.012835178735167067,0.0016566064839900066
1991-08-21,-0.019042905225649713,-0.006292577233727527,-0.01266774122968862
1991-08-22,0.00019547373842920877,-0.002001930018957064,-0.0009032281402639277
1991-08-23,-0.0011264026206946236,-0.00966929296325785,-0.005397847791976237
1991-08-26,-0.0005619190564012963,-0.01310525978865684,-0.006833589422529068
1991-08-27,-0.00015484963441779012,0.006675039454910127,0.003260094910246168
1991-08-28,-0.0018921803991953968,0.013043095036778113,0.005575457318791358
1991-08-29,0.0007856221142636151,0.009632949915300351,0.005209286014781983
1991-08-30,-0.005222147055073014,-0.009560303014363877,-0.0073912250347184455
1991-09-03,-0.003112193060766146,0.0010994014957066396,-0.0010063957825297532
1991-09-04,0.0008556094436893585,0.0011260111961348548,0.0009908103199121067
1991-09-05,0.0007212394428601774,0.0008960300667281459,0.0008086347547941617
1991-09-06,-0.0003925747205488412,0.006025853192450256,0.002816639235950707
1991-09-09,-0.00225807961127067,0.003979544056752714,0.0008607322227410221
1991-09-10,0.0030629237281941187,-0.0015094376367044307,0.000776743045744844
1991-09-11,-0.002461271101462364,-0.0014345757147174085,-0.0019479234080898862
1991-09-12,-0.005789805186958331,0.01135251485456048,0.002781354833801075
1991-09-13,0.004795795027737739,-0.004313883783210208,0.00024095562226376542
1991-09-16,-0.00275794481592207,0.00455926577728505,0.0009006604806814902
1991-09-17,0.001444980019247433,-0.001289529406283493,7.772530648197007e-05
1991-09-18,0.0046467527102374805,-0.0030234386904367714,0.0008116570099003545
1991-09-19,-0.0008587851665594518,0.0015958062612605513,0.00036851054735054977
1991-09-20,-0.0009574443744327651,0.0009436305057736342,-6.906934329565422e-06
1991-09-23,-0.006135596769587034,-0.002373892286081187,-0.00425474452783411
1991-09-24,0.006272049831795018,-0.005416690214692487,0.0004276798085512657
1991-09-25,-0.0008088534917804572,0.0003796144032980146,-0.0002146195442412213
1991-09-26,0.002178114122504906,0.0053201315807805865,0.0037491228516427465
1991-09-27,-0.000585852439788094,0.007946765076785232,0.003680456318498569
1991-09-30,0.0016800319037109292,-0.0005534159295644487,0.0005633079870732403
1991-10-01,0.004136691404454465,0.007385615932062204,0.005761153668258335
1991-10-02,-0.0011296727449243591,-0.005467326638275179,-0.003298499691599769
1991-10-03,-0.0030518980020656995,-0.002350502172493921,-0.00270120008727981
1991-10-04,0.010623608208456849,0.011254809153027503,0.010939208680742177
1991-10-07,-0.0006051782025061677,-0.0002864477665519317,-0.0004458129845290497
1991-10-08,0.006968004395586554,0.0020251001626344534,0.004496552279110504
1991-10-09,-0.0030124953873934233,-0.019582152170233208,-0.011297323778813316
1991-10-10,-0.004389797226656712,-0.0034494293658995402,-0.003919613296278126
1991-10-11,0.003426868741979614,0.01597489254367818,0.009700880642828896
1991-10-14,-0.006239860004537001,-0.00039736502846575677,-0.003318612516501379
1991-10-15,0.0017513844950907739,0.008481544807774036,0.005116464651432405
1991-10-16,-0.0007666430914935071,0.002205976632220391,0.000719666770363442
1991-10-17,-0.0029644325348961303,-0.015927511053922292,-0.009445971794409211
1991-10-18,0.00021835952848241929,0.002106673859714599,0.001162516694098509
1991-10-21,0.007596514678533031,-0.008209152654622118,-0.0003063189880445432
1991-10-22,0.007325510050649903,-0.0070388122344958795,0.00014334890807701176
1991-10-23,-0.000901745433738188,0.0005226723795648953,-0.00018953652708664632
1991-10-24,0.0022310331260308727,-4.095072015888668e-05,0.001095041202935993
1991-10-25,-0.0037728968486009434,0.000153315797182675,-0.0018097905257091341
1991-10-28,-0.0006683230068128439,0.010263475953918216,0.004797576473552686
1991-10-29,-0.01177698152319941,0.005580589674598334,-0.003098195924300538
1991-10-30,-0.003234225151615259,0.0041100555432326815,0.00043791519580871135
1991-10-31,-0.0009655140961531505,0.002277861469529496,0.0006561736866881727
1991-11-01,-0.009034389431902403,-0.002952482035777757,-0.00599343573384008
1991-11-04,-0.001749394391430292,-0.0036185557302511823,-0.0026839750608407373
1991-11-05,0.0029702576505346995,-0.002210995626272843,0.00037963101213092827
1991-11-06,-0.0017531571048377422,0.0035403667869869414,0.0008936048410745996
1991-11-07,-0.007780856262921837,0.013465375548765436,0.0028422596429217993
1991-11-08,0.003548923704122641,0.00185359865519689,0.0027012611796597653
1991-11-11,-0.0049020982409400515,0.004480926522409257,-0.00021058585926539723
1991-11-12,-0.003799552871409441,0.0027507652761092453,-0.0005243937976500978
1991-11-13,0.0036959707744731026,-0.005734709005870717,-0.0010193691156988073
1991-11-14,-0.0021720311730274748,0.005747330486232141,0.001787649656602333
1991-11-15,0.02030924288733531,-0.016059991561387415,0.002124625662973948
1991-11-18,-0.0051332536765892325,0.0016223045420246252,-0.0017554745672823035
1991-11-19,0.004124477466173729,-0.0072529828540887735,-0.0015642526939575224
1991-11-20,0.006944184264573145,-0.004631733419775805,0.0011562254223986697
1991-11-21,0.001851633769075999,0.000315521880740784,0.0010835778249083914
1991-11-22,0.0015518166977903118,-0.005745210136616023,-0.0020966967194128556
1991-11-25,-0.0065392492618367385,0.004802693344012447,-0.0008682779589121456
1991-11-26,0.016858783496422797,0.0027456802057651652,0.009802231851093982
1991-11-27,0.0017905247228125949,-0.006928207482315568,-0.002568841379751487
1991-11-29,-0.004663309629034561,0.006517587465025965,0.0009271389179957021
1991-12-02,-0.004854204774738783,0.008101598722791141,0.0016236969740261792
1991-12-03,-0.005674580211599478,0.019757145543573402,0.007041282665986962
1991-12-04,-0.007556390547202698,0.005115252336979256,-0.0012205691051117209
1991-12-05,0.00034642032267571867,-0.004864815475458129,-0.0022591975763912053
1991-12-06,-0.003974071881481056,-0.0037209962169903795,-0.0038475340492357176
1991-12-09,-0.00046821902592908307,0.008677915155287076,0.004104848064678997
1991-12-10,-0.0002437025537859396,0.0024289797330079694,0.001092638589611015
1991-12-11,0.0015198716977576914,-1.4972963212246593e-05,0.0007524493672727224
1991-12-12,-0.016794556724236565,0.013665666551703044,-0.0015644450862667605
1991-12-13,0.0032793385325879617,-0.01082640336670961,-0.0037735324170608247
1991-12-16,-0.004334559065634659,0.007357676656356965,0.001511558795361153
1991-12-17,-0.003354775150328632,0.003821583872297379,0.00023340436098437346
1991-12-18,-0.00022484469014107372,-0.0043016481855528265,-0.00226324643784695
1991-12-19,-0.011130769749247206,0.01346597707011698,0.001167603660434887
1991-12-20,-0.01358365466064047,0.01970585533753099,0.0030611003384452603
1991-12-23,-0.01081049976559085,0.011929538927415165,0.0005595195809121574
1991-12-24,0.0024184403738421005,-0.0024832352045426106,-3.239741535025504e-05
1991-12-26,-0.012131720356972533,0.016494034919211073,0.0021811572811192698
1991-12-27,0.00024135535086207503,0.002159036926971788,0.0012001961389169315
1991-12-30,-0.006619329048131182,0.014196393093239085,0.003788532022553951
1991-12-31,-0.002260116266139834,0.0029370806723970143,0.0003384822031285901
1992-01-02,0.003355061996393065,-0.0033259339363841656,1.4564030004449776e-05
1992-01-03,0.004754827791351301,-0.0026197687236150643,0.0010675295338681183
1992-01-06,-0.013745978360738254,0.0004177429409137854,-0.006664117709912235
1992-01-07,-0.0043900622563221425,0.007662984186689296,0.001636460965183577
1992-01-08,0.00037614939581703675,-0.006035858728227279,-0.002829854666205121
1992-01-09,0.020415665990716682,-0.022545572196347417,-0.0010649531028153678
1992-01-10,0.014926812851455038,-0.008132852523952627,0.0033969801637512053
1992-01-13,0.00650229591491509,0.002792155786051639,0.004647225850483364
1992-01-14,0.012306313702386197,0.0035028396935764794,0.007904576697981338
1992-01-15,0.0015077267547745825,-0.010875718290954744,-0.004683995768090081
1992-01-16,0.009468933286494379,-0.006587854748667537,0.0014405392689134213
1992-01-17,-0.01050622112375771,0.01052581109064306,9.794983442674987e-06
1992-01-20,0.001386925139172042,0.005471346833057789,0.0034291359861149152
1992-01-21,-0.0032654414249807776,-0.0032266213535991385,-0.003246031389289958
1992-01-22,0.002495700611468629,0.0015122895519487794,0.002003995081708704
1992-01-23,0.004060985236274949,-0.007253605950029946,-0.0015963103568774986
1992-01-24,-0.003234270165063922,-0.006736088125617833,-0.0049851791453408775
1992-01-27,0.004602962180143749,-0.000355089589536313,0.002123936295303718
1992-01-28,-0.0020027990870666256,0.004025732511209701,0.0010114667120715377
1992-01-29,0.007206405675836001,-0.016893366978066635,-0.004843480651115317
1992-01-30,-0.0016775505552152953,0.0020718642800099754,0.00019715686239734004
1992-01-31,0.006014912680249252,-0.0008258335478885202,0.002594539566180366
1992-02-03,-0.0002264438541580844,-0.006235676047880807,-0.0032310599510194456
1992-02-04,-0.004982808193769159,0.011108480699430243,0.0030628362528305423
1992-02-05,-0.004433862223950034,0.006685522067359087,0.0011258299217045266
1992-02-06,0.0006317912557107561,0.0022254618741786203,0.0014286265649446882
1992-02-07,-0.0026532396273899975,0.003118497913403789,0.00023262914300689564
1992-02-10,-0.0013858110450422003,-0.0028209895960405866,-0.0021034003205413934
1992-02-11,0.013618566043523265,-0.01658379755192398,-0.0014826157542003572
1992-02-12,9.289745057671945e-05,-0.011239334960641632,-0.005573218755032456
1992-02-13,-0.006472645154312958,-0.010023480091028337,-0.008248062622670648
1992-02-14,-0.0029742448401247072,-8.555550933147926e-05,-0.0015299001747280932
1992-02-18,0.0024631285706162927,-0.01924694866606778,-0.008391910047725744
1992-02-19,-0.0019383541234824354,0.007779751325535068,0.0029206986010263166
1992-02-20,-0.0010016155464381605,0.002920050301141257,0.0009592173773515482
1992-02-21,-0.0021645488539036827,-0.003300491098520012,-0.0027325199762118476
1992-02-24,-0.0020542252430521433,-0.003803354705977438,-0.0029287899745147907
1992-02-25,0.006329449470631945,0.005591138082369504,0.005960293776500725
1992-02-26,0.0010107217289339761,0.0177988386867386,0.009404780207836288
1992-02-27,0.0020429990656785227,-0.008971619599232905,-0.003464310266777191
1992-02-28,-0.0026114882106494093,0.001294523139725035,-0.0006584825354621871
1992-03-02,-0.006957973987779571,-0.01595813606128897,-0.011458055024534272
1992-03-03,0.007912469091917495,-0.00319265059381602,0.0023599092490507374
1992-03-04,-0.0010207189129073477,-0.004540060892556656,-0.0027803899027320014
1992-03-05,0.002924416341625573,-0.007354949512082206,-0.002215266585228317
1992-03-06,-0.004190439151662028,0.0004800727765709263,-0.001855183187545551
1992-03-09,0.003074815701757672,0.010178904617067958,0.0066268601594128155
1992-03-10,0.007388418420574835,0.003626796773951652,0.0055076075972632435
1992-03-11,0.003074271129890207,-0.014182177714234516,-0.005553953292172155
1992-03-12,0.007980921452380368,-0.003767180748868343,0.0021068703517560126
1992-03-13,-0.0033457778942919763,-0.001989680034196832,-0.0026677289642444042
1992-03-16,0.003062868210854026,0.0012183292680478844,0.002140598739450955
1992-03-17,-0.008885943190801378,0.00996485276578959,0.0005394547874941055
1992-03-18,-0.004730824947724929,0.0038250467136566636,-0.00045288911703413254
1992-03-19,0.00584601649789674,0.0004688646443394465,0.0031574405711180934
1992-03-20,0.007096376433004489,-0.013810223281345704,-0.0033569234241706074
1992-03-23,-0.0027638543662112424,-0.0009918278915757512,-0.0018778411288934969
1992-03-24,0.0021474150604994077,0.00854160050482134,0.005344507782660374
1992-03-25,-0.0019909458529283747,0.0012693816231386529,-0.0003607821148948609
1992-03-26,0.003989712226129493,-0.009442075242220536,-0.0027261815080455217
1992-03-27,-0.004435715239739794,0.005858723509714392,0.0007115041349872991
1992-03-30,0.0012579236370072527,0.00655804464247319,0.003907984139740221
1992-03-31,-0.0004074764399629069,-0.0010990403390644039,-0.0007532583895136554
1992-04-01,0.012726797192632162,0.006774504662944111,0.009750650927788136
1992-04-02,-0.004204633575820614,-0.0022606935618067012,-0.0032326635688136574
1992-04-03,0.0035606857459924432,0.016596552754481887,0.010078619250237165
1992-04-06,0.002408475455756994,0.008557145708294177,0.005482810582025585
1992-04-07,0.0011496846311031157,0.0030549553509848283,0.0021023199910439718
1992-04-08,0.006100262666183543,0.004719994128683771,0.005410128397433657
1992-04-09,-0.011156514668575507,0.015667189492031768,0.0022553374117281304
1992-04-10,0.005995812435591606,-0.00794546508385494,-0.0009748263241316675
1992-04-13,-0.002350462415199433,0.0033923503117821736,0.0005209439482913702
1992-04-14,-0.003991045678216575,0.0018980288107350986,-0.0010465084337407385
1992-04-15,0.0045124235570345155,0.0002555453099103743,0.002383984433472445
1992-04-16,0.008968035625880099,-0.00976560795218423,-0.0003987861631520656
1992-04-20,0.006239130498100786,-0.01337793504273782,-0.0035694022723185173
1992-04-21,-0.003619221274503948,-0.0064760256205765735,-0.005047623447540261
1992-04-22,-0.003263434130918777,0.009750317670760497,0.0032434417699208603
1992-04-23,0.006634292473802263,-0.0016235684677564288,0.002505362003022917
1992-04-24,0.0012730167139148548,0.015344280061205714,0.008308648387560284
1992-04-27,-0.005523570707851871,0.003257884978171926,-0.0011328428648399726
1992-04-28,-0.0006664895568006342,-0.0006747066169841789,-0.0006705980868924066
1992-04-29,0.005250958831286117,0.0004880623166397936,0.0028695105739629553
1992-04-30,-0.0016663946303313677,0.0013651466426599802,-0.00015062399383569377
1992-05-01,-0.009191293366064387,0.0021587328654867084,-0.0035162802502888392
1992-05-04,0.014090250438886648,0.00047687367612795847,0.007283562057507303
1992-05-05,-0.006918528716145729,0.0015474589393989723,-0.002685534888373378
1992-05-06,-0.00632685239861801,0.011509927964651924,0.002591537783016957
1992-05-07,0.003057751574135372,-0.0030014675982696056,2.814198793288326e-05
1992-05-08,0.0015095502144388873,0.002514296841824162,0.0020119235281315247
1992-05-11,0.00010795060447182833,0.0017256032149186463,0.0009167769096952373
1992-05-12,-0.020561541851049366,0.01935524517087584,-0.0006031483400867621
1992-05-13,-0.011593257792311228,0.006753246042683764,-0.002420005874813732
1992-05-14,0.0009553957942746305,-0.012202565096241647,-0.0056235846509835085
1992-05-15,-0.0020163240649918633,0.006593185530543603,0.0022884307327758696
1992-05-18,-0.006382133513279092,0.0105498485898009,0.002083857538260904
1992-05-19,-0.002035546046373889,-0.004373871202516755,-0.003204708624445322
1992-05-20,0.0044783849306620676,-0.011120473162581475,-0.0033210441159597036
1992-05-21,0.01657989260927038,-0.016114624008426472,0.0002326343004219536
1992-05-22,-0.005339324092171154,0.00732499146842966,0.000992833688129253
1992-05-26,0.01756173860207655,-0.0014703012396444694,0.008045718681216039
1992-05-27,0.0016923281655521552,-0.00032530794000564634,0.0006835101127732544
1992-05-28,-0.00823464574424574,0.012762287471501023,0.0022638208636276413
1992-05-29,-0.008494701286309261,0.017001820382704962,0.0042535595481978505
1992-06-01,-0.0035483185461594375,-0.0012872934273662699,-0.0024178059867628536
1992-06-02,0.004443008241594852,0.004750003346270393,0.004596505793932622
1992-06-03,0.001673622809043804,0.002045346231063223,0.0018594845200535135
1992-06-04,-0.00030738621713584835,0.00020665536262615944,-5.0365427254844456e-05
1992-06-05,-0.003510554868294178,0.0010467782063982795,-0.0012318883309479492
1992-06-08,0.00020650962143810444,0.00850845663529009,0.004357483128364098
1992-06-09,0.0039231233758758866,-0.00413185456940438,-0.00010436559676424689
1992-06-10,0.005240839390404773,-0.002138873818281243,0.0015509827860617652
1992-06-11,-0.004865513727019795,-0.0022141283394007966,-0.003539821033210296
1992-06-12,0.004189681293141328,-0.0021908338611550827,0.0009994237159931226
1992-06-15,0.0015429884524131173,-0.012467851555247161,-0.005462431551417022
1992-06-16,0.00036368157492498634,0.007151803138793297,0.0037577423568591417
1992-06-17,0.009125069588566608,-0.0012954017549961863,0.003914833916785211
1992-06-18,-0.0005127080697978753,0.002862395204073938,0.0011748435671380315
1992-06-19,-0.001146995829389594,0.0001621018164090488,-0.0004924470064902725
1992-06-22,0.002479041778839466,-0.007211784810570771,-0.002366371515865652
1992-06-23,0.0021585259566046892,-0.0012886922358951015,0.00043491686035479385
1992-06-24,-0.002488988304992892,0.013830887936142205,0.005670949815574656
1992-06-25,-0.008378537306574431,0.01526925915046645,0.0034453609219460097
1992-06-26,-4.183135629712853e-05,-0.0010410701358640412,-0.0005414507460805849
1992-06-29,-0.008179109380408656,0.006183079649245008,-0.0009980148655818243
1992-06-30,-0.0033974258215926814,-0.008496478284769434,-0.005946952053181058
1992-07-01,-0.000466263384047617,0.0057472108081097865,0.0026404737120310847
1992-07-02,-0.003339043104385392,0.01733503887905106,0.0069979978873328345
1992-07-06,-0.0056195848299576984,-0.010078646171771625,-0.007849115500864663
1992-07-07,0.00036517950048262733,0.001973243172838059,0.0011692113366603431
1992-07-08,-9.037974464788466e-05,-0.0035098172849316995,-0.0018000985147897922
1992-07-09,0.004664725962731454,-0.00967305562796908,-0.0025041648326188126
1992-07-10,-0.0025815184569143905,0.0012349881482774778,-0.0006732651543184564
1992-07-13,-0.0023633494991975867,-0.0017286605295521588,-0.002046005014374873
1992-07-14,-0.0006482301380133797,0.000513967436805894,-6.713135060374282e-05
1992-07-15,-0.00013360936687189053,0.008227150694342959,0.004046770663735534
1992-07-16,-0.00015729576108407316,0.004516855995908785,0.002179780117412356
1992-07-17,-0.002999921116106894,-0.008879985255897069,-0.005939953186001982
1992-07-20,0.0051886180607241495,-0.01166411161284466,-0.0032377467760602552
1992-07-21,-0.0016197946762192747,0.0018694303971102998,0.00012481786044551252
1992-07-22,0.009380829727384835,0.0007055869344027496,0.005043208330893792
1992-07-23,-0.005458484979738362,0.015502102801876775,0.005021808911069207
1992-07-24,0.005732259197878701,-0.007724212725369461,-0.0009959767637453799
1992-07-27,-0.0017539978906978095,0.007888911641056272,0.0030674568751792317
1992-07-28,-0.010418713115805217,0.011116580466959902,0.0003489336755773424
1992-07-29,-0.0031855974558952283,0.0007928259186777382,-0.0011963857686087451
1992-07-30,-0.001892161630289229,-0.010270755983216277,-0.006081458806752753
1992-07-31,-0.0035268171170193333,-0.0004917957717216603,-0.0020093064443704968
1992-08-03,-0.0023046978473197,0.0020023118702236814,-0.00015119298854800937
1992-08-04,-0.004225531594257768,0.0012063522481791991,-0.0015095896730392844
1992-08-05,-0.0010467039057128944,0.0013510538773279209,0.00015217498580751324
1992-08-06,0.0031584377323136343,0.004390943161419442,0.003774690446866538
1992-08-07,-0.008245022408096379,0.015920638835429404,0.0038378082136665123
1992-08-10,-0.0011420589156482315,-0.0005979197416688985,-0.000869989328658565
1992-08-11,0.0011834652792134838,0.0027487804332065073,0.0019661228562099955
1992-08-12,-0.001122348232148486,0.010146327750631958,0.0045119897592417356
1992-08-13,0.006767280728631152,-0.00691823417657805,-7.5476723973449e-05
1992-08-14,-0.008751763668778143,0.00561271422761946,-0.0015695247205793415
1992-08-17,0.0048323954183364095,-0.0040812201098803175,0.000375587654228046
1992-08-18,-0.0031385136360998333,0.0081196712893905,0.002490578826645333
1992-08-19,0.0026884482385086225,-0.0024196074399875896,0.00013442039926051647
1992-08-20,-0.0017212654518971265,0.00421877726462897,0.0012487559063659216
1992-08-21,0.0016862659932608717,-0.005678837619906888,-0.0019962858133230083
1992-08-24,0.005863890700795878,-0.00584351313748981,1.0188781653033916e-05
1992-08-25,0.0006405722916293607,-0.00804695429789919,-0.003703191003134915
1992-08-26,-0.0031860681070130337,0.006683534704530489,0.0017487332987587278
1992-08-27,-0.005185205800130569,0.007362715514250889,0.0010887548570601602
1992-08-28,-0.010714972699912565,0.010924492658852704,0.00010475997947006956
1992-08-31,-0.000823360658575525,0.005199031955789156,0.0021878356486068153
1992-09-01,-0.005351396241242406,0.011813313131632908,0.0032309584451952512
1992-09-02,-0.006193027740385026,0.007070083004436457,0.00043852763202571537
1992-09-03,0.0038299406559643163,-0.00860027348929023,-0.002385166416662957
1992-09-04,-0.004034996456482108,0.01577911417512252,0.0058720588593202065
1992-09-08,0.00042717164263079196,0.0062657525328141325,0.0033464620877224622
1992-09-09,-0.008227627117669452,-0.001767831023194836,-0.004997729070432144
1992-09-10,-0.0034526778566347158,0.0034299239661569588,-1.1376945238878496e-05
1992-09-11,0.004028359020407924,-0.01488986649877325,-0.005430753739182663
1992-09-14,-0.0051178582104421865,0.003268337323347685,-0.0009247604435472507
1992-09-15,0.005182746380193962,-0.02161394876016369,-0.008215601189984864
1992-09-16,-0.010664730259367676,-0.008267577924928287,-0.009466154092147981
1992-09-17,-0.007072154303640937,0.007679605241283959,0.00030372546882151104
1992-09-18,-0.003928975526416619,-0.0016235805126443362,-0.0027762780195304776
1992-09-21,-0.007385295655872854,-0.000936373016903212,-0.004160834336388033
1992-09-22,-0.00714437662306542,-0.0032586029153172593,-0.005201489769191339
1992-09-23,-0.0049486644563575275,0.0036932711032206297,-0.0006276966765684489
1992-09-24,8.6728978883875e-05,0.0027229997353063543,0.0014048643570951146
1992-09-25,5.074405071029222e-05,0.0034659086256461644,0.0017583263381782282
1992-09-28,-0.00944402435117231,0.015131581593283502,0.0028437786210555958
1992-09-29,0.00713970603372893,0.0010257630822610507,0.004082734557994991
1992-09-30,0.0016241193170008614,-0.001349416747171214,0.0001373512849148237
1992-10-01,-0.012603212494490566,0.011544793799982868,-0.000529209347253849
1992-10-02,-0.0011061065810194543,-0.00197040508797083,-0.0015382558344951421
1992-10-05,0.001491957480210168,-0.006515641319675891,-0.0025118419197328614
1992-10-06,0.003977117723403682,-0.006278222862323178,-0.001150552569459748
1992-10-07,0.012388804905048631,-0.016085771006716976,-0.0018484830508341725
1992-10-08,-0.0027681605651911816,0.004512792789746781,0.0008723161122777996
1992-10-09,0.005564664433488296,-0.006137969262281029,-0.0002866524143963667
1992-10-12,-0.008741261708877865,0.005981838347589679,-0.0013797116806440928
1992-10-13,0.0019547271208058886,-0.0032787829712692474,-0.0006620279252316794
1992-10-14,-0.003976653278420575,-0.0016863428339928372,-0.002831498056206706
1992-10-15,-0.007710257997267466,0.010538296834472216,0.0014140194186023749
1992-10-16,-0.006546630593804488,-0.0006490672473137478,-0.003597848920559118
1992-10-19,0.002179394541167136,-0.012928639165213078,-0.005374622312022971
1992-10-20,0.019547129778705128,-0.021604785400195663,-0.0010288278107452673
1992-10-21,-0.0021669243092609196,0.0054581565367540046,0.0016456161137465425
1992-10-22,-0.0038083927507283725,0.00024835058554492856,-0.001780021082591722
1992-10-23,0.008143313951913912,-0.0036094187397522097,0.002266947606080851
1992-10-26,-0.00810771587521587,0.011128665339587186,0.001510474732185658
1992-10-27,-0.005370699291408546,0.00576795498131468,0.00019862784495306698
1992-10-28,0.004949287204178936,-0.002917424572434993,0.0010159313158719715
1992-10-29,0.003671881189630857,-0.0018647524404637199,0.0009035643745835686
1992-10-30,0.0004041718844060918,-0.007448043232453772,-0.00352193567402384
1992-11-02,-0.0032864001277808173,-0.01163819084831725,-0.007462295488049033
1992-11-03,-0.00222673161732684,0.003759832986557152,0.000766550684615156
1992-11-04,0.0011471469020627437,0.0026798056998789963,0.00191347630097087
1992-11-05,-0.007787951008595479,0.0076091885710316155,-8.938121878193173e-05
1992-11-06,0.010026763625407196,-0.020486398116657176,-0.00522981724562499
1992-11-09,-0.006739887589562907,-0.0002587375117041156,-0.0034993125506335115
1992-11-10,-0.006101629030861255,0.008144435704598517,0.0010214033368686308
1992-11-11,0.0034266423411281133,-0.0023944278888479564,0.0005161072261400785
1992-11-12,-0.00037980361785154093,0.0029708612606137103,0.0012955288213810847
1992-11-13,0.008168145087549152,-0.015927869255628484,-0.0038798620840396663
1992-11-16,-0.0065164821493874855,0.0035286089052794915,-0.001493936622053997
1992-11-17,0.0005694753239159891,-0.002145581216457581,-0.000788052946270796
1992-11-18,-0.006130355687058261,0.009628397284430188,0.0017490207986859637
1992-11-19,-0.0005380731513459612,0.0006584604118789606,6.019363026649969e-05
1992-11-20,-0.005840817541494537,0.005468975191010653,-0.00018592117524194197
1992-11-23,0.008149844527293662,-0.010113261756518681,-0.0009817086146125097
1992-11-24,-0.0069565536629500515,0.008434761791868157,0.0007391040644590527
1992-11-25,-0.0018070361079168822,0.00011303995917697657,-0.0008469980743699528
1992-11-27,0.0030991663241875704,-0.006056475986203698,-0.0014786548310080638
1992-11-30,0.00325354726072784,-0.004255379386812401,-0.0005009160630422805
1992-12-01,0.005089133093451629,-0.0037208624274727353,0.000684135332989447
1992-12-02,0.004544077164748353,-0.003822625604342775,0.00036072578020278877
1992-12-03,0.0010115547178015409,-0.002200794481822102,-0.0005946198820102806
1992-12-04,-0.006620112648365246,0.013929230583903588,0.003654558967769171
1992-12-07,-0.007228765140488552,0.011652991048456041,0.0022121129539837445
1992-12-08,-0.004554975012229949,0.004790393877904655,0.0001177094328373529
1992-12-09,-0.00032956600250699884,-0.0011163295633309957,-0.0007229477829189973
1992-12-10,-0.0002341181369249505,-0.0009976968243709276,-0.000615907480647939
1992-12-11,0.005004309411743192,-0.012871270578646787,-0.003933480583451798
1992-12-14,0.0030305558994874688,-0.0008968319797161052,0.001066861959885682
1992-12-15,0.0019509395479349804,0.0021861657829634895,0.002068552665449235
1992-12-16,-0.003912107914894053,0.009487070463401555,0.0027874812742537513
1992-12-17,-0.007413723399030459,0.01089304978178822,0.00173966319137888
1992-12-18,-0.002768968669790696,0.008730083962147002,0.002980557646178153
1992-12-21,-0.00623149400642553,0.008739956026211906,0.001254231009893188
1992-12-22,-0.004506673372575452,0.0062490377045108046,0.0008711821659676761
1992-12-23,-0.0005883385779180002,-0.006308774308645758,-0.0034485564432818793
1992-12-24,0.00022961098467439307,-0.0036969241556427204,-0.0017336565854841636
1992-12-28,0.006294770383330352,-0.0007806559697620386,0.0027570572067841565
1992-12-29,-0.003460732387628244,0.0072437526958116435,0.0018915101540916998
1992-12-30,-0.0016314701256597672,-0.0010041672405141143,-0.0013178186830869409
1992-12-31,0.005110902690441452,-0.0052562336478243436,-7.266547869144583e-05
1993-01-04,-0.011258253146112032,0.016971222665880224,0.002856484759884096
1993-01-05,0.004853400536188837,-0.009542721393416748,-0.0023446604286139552
1993-01-06,0.005269974822901226,-0.0022507891324029237,0.001509592845249151
1993-01-07,0.009287265145065463,-0.019880866276979648,-0.005296800565957093
1993-01-08,0.0010670767129403354,0.0007357973463172064,0.000901437029628771
1993-01-11,-0.000689673886905255,0.004455184437892626,0.0018827552754936854
1993-01-12,0.003960885243831475,-0.010817274895205271,-0.003428194825686898
1993-01-13,-0.011315409184239043,0.002022982896837595,-0.004646213143700724
1993-01-14,-0.0070618876621754,0.009558477518305547,0.0012482949280650736
1993-01-15,-0.00014074574446893903,0.010863576075470973,0.005361415165501017
1993-01-18,0.0008881736591403767,-0.007752927423663487,-0.003432376882261555
1993-01-19,0.0030942693505605283,-0.010871998541688663,-0.0038888645955640674
1993-01-20,-0.002221433872603949,-0.0073266824040610365,-0.0047740581383324925
1993-01-21,-0.003149675719282183,0.012735037904691915,0.0047926810927048655
1993-01-22,0.0015253969890824312,0.007129126531105437,0.004327261760093934
1993-01-25,-0.019246741857546858,0.013315091512044581,-0.002965825172751138
1993-01-26,0.006313302824271227,-0.0031216888416094875,0.0015958069913308696
1993-01-27,-0.00012157415196776405,0.0014043407956108687,0.0006413833218215523
1993-01-28,-0.0029627439819981775,0.01734849131847484,0.007192873668238332
1993-01-29,-0.0004752071500799351,0.003084894246976979,0.001304843548448522
1993-02-01,-0.005806896193405925,0.007231463407700138,0.0007122836071471066
1993-02-02,1.0776943997279319e-05,-0.0008556665132636911,-0.0004224447846332059
1993-02-03,-0.008529539540703492,0.00567992388036942,-0.001424807830167036
1993-02-04,-0.0008941577780909242,0.014507508853379505,0.00680667553764429
1993-02-05,0.002511430804060675,0.01613374588052145,0.009322588342291062
1993-02-08,-0.004779341359692198,-0.006479869968966629,-0.005629605664329414
1993-02-09,-0.013794764682712764,-0.004163302616426428,-0.008979033649569597
1993-02-10,0.0017720586902761845,-0.014117370796935563,-0.006172656053329689
1993-02-11,-0.0023338902820682914,0.013002988677432185,0.005334549197681946
1993-02-12,0.0004951477275576147,-0.0005184707083164102,-1.1661490379397783e-05
1993-02-16,0.018360213262800504,-0.016498174381401616,0.0009310194406994439
1993-02-17,-0.003944766955458614,0.005628395253569445,0.0008418141490554158
1993-02-18,0.0030887826930402124,0.023370732495818836,0.013229757594429525
1993-02-19,-0.0076119494677175156,0.008638414011807346,0.000513232272044915
1993-02-22,-0.012142662937359461,0.021686586092640608,0.004771961577640573
1993-02-23,0.00820665788345167,0.007134640860151378,0.007670649371801524
1993-02-24,-0.005286514606737243,-0.0029620486478864104,-0.004124281627311826
1993-02-25,4.3805275839206326e-05,0.00203014347060299,0.001036974373221098
1993-02-26,0.005479496076890897,-0.002971590300101785,0.0012539528883945559
1993-03-01,0.011307187286954304,-0.007136072803775822,0.002085557241589241
1993-03-02,-0.0036469860400979767,-0.00016311391130651516,-0.0019050499757022458
1993-03-03,-0.002507288191644349,0.015559669465434486,0.006526190636895068
1993-03-04,-0.00660149283066585,0.004515831255940131,-0.0010428307873628596
1993-03-05,0.0037770359329866838,-0.008385688834147382,-0.002304326450580349
1993-03-08,0.00011410164830667367,0.015025635109239783,0.0075698683787732285
1993-03-09,0.004738017970536789,-0.004598041592922251,6.998818880726886e-05
1993-03-10,0.004455937337143142,-0.006013812950955555,-0.0007789378069062067
1993-03-11,0.0005204877217189621,0.0031776550799242796,0.0018490714008216208
1993-03-12,-0.0012286228462419892,-0.010884186240608374,-0.006056404543425181
1993-03-15,0.0007355245854104099,-0.010920045250701458,-0.0050922603326455235
1993-03-16,-0.0005233120152440412,0.0068935199283763834,0.0031851039565661712
1993-03-17,0.004407740956226743,-0.006698401099003343,-0.0011453300713883002
1993-03-18,-0.0009572245892542214,0.00019392055246795996,-0.0003816520183931307
1993-03-19,0.0012407878255447304,-0.009073651093457296,-0.003916431633956283
1993-03-22,0.0060591388061020145,0.0005370594805438764,0.0032980991433229456
1993-03-23,3.1257387860845955e-05,0.005453401890886989,0.0027423296393739175
1993-03-24,0.0040986555367934574,-0.011564362683779453,-0.003732853573492998
1993-03-25,-0.004712044211906586,0.008388959024712173,0.0018384574064027933
1993-03-26,-0.0047723995989875125,-0.010697021562594267,-0.00773471058079089
1993-03-29,0.0007770816652119182,0.0006050971298109505,0.0006910893975114343
1993-03-30,0.005281972682916792,-0.001315412404837583,0.0019832801390396045
1993-03-31,-0.010115596565721694,-0.0021974836944431467,-0.006156540130082421
1993-04-01,-0.0022160821465340885,-0.010108082143312814,-0.006162082144923451
1993-04-02,-0.005158821373488704,-0.018359625122375,-0.011759223247931851
1993-04-05,-0.00021567485203785984,0.009344549740640268,0.0045644374443012045
1993-04-06,0.00742713845408524,0.008559367616250547,0.007993253035167893
1993-04-07,-0.0017348136150298113,-0.004957078744412308,-0.00334594617972106
1993-04-08,0.004117633829982304,0.008994227656006635,0.0065559307429944695
1993-04-12,-0.006192846415888627,0.007058540151499172,0.0004328468678052727
1993-04-13,0.0014675089484372619,-0.0026493926946968686,-0.0005909418731298034
1993-04-14,0.005510761083789161,0.008090755626642248,0.006800758355215705
1993-04-15,-0.0028313038623499626,0.009579994805435543,0.00337434547154279
1993-04-16,-0.0030181276056489084,0.010113800559553255,0.0035478364769521735
1993-04-19,-0.0005970002327506426,-0.006760305275309862,-0.0036786527540302524
1993-04-20,-0.0037759627489235286,-0.0026911943257543567,-0.0032335785373389424
1993-04-21,0.0007489338437763629,0.008788612566437481,0.004768773205106922
1993-04-22,0.0030800354004992293,-0.0020797106530404427,0.0005001623737293933
1993-04-23,0.002775891926395378,-0.009789629500746284,-0.003506868787175453
1993-04-26,0.006027660067874621,-0.013130723145890047,-0.003551531539007713
1993-04-27,0.00031154743784557817,-0.0029207947886346016,-0.0013046236753945118
1993-04-28,0.0005416411649055309,0.0011992089810041746,0.0008704250729548527
1993-04-29,-0.005700622929244218,0.018190656445531417,0.006245016758143599
1993-04-30,-0.0006667260942460972,-0.013392947563475564,-0.00702983682886083
1993-05-03,0.006423158222701082,0.015007388286750063,0.010715273254725573
1993-05-04,0.0029571561316267697,0.013035480691603816,0.007996318411615293
1993-05-05,-0.0007357857195757925,-0.004026801983569424,-0.002381293851572608
1993-05-06,0.0004063594836870544,-0.0012098648961619489,-0.0004017527062374472
1993-05-07,0.0025454361128193436,-0.006933238521017297,-0.0021939012040989763
1993-05-10,0.006642055447535618,0.009971124224445698,0.008306589835990658
1993-05-11,0.0011456276993770278,-0.00280536521056726,-0.0008298687555951161
1993-05-12,-0.0011020476917492981,-0.004739503412193345,-0.0029207755519713215
1993-05-13,0.0002501045970518071,-0.003317499770488956,-0.0015336975867185744
1993-05-14,-0.0024029190599514577,-0.006095250041671151,-0.004249084550811305
1993-05-17,-0.0020628895678444217,-0.0018385332045059001,-0.0019507113861751608
1993-05-18,-0.0016682485580612925,-0.00864757924032987,-0.005157913899195581
1993-05-19,0.0006804790996044954,0.015992069034102052,0.008336274066853274
1993-05-20,-0.002209342036095345,0.0008868537811810252,-0.0006612441274571599
1993-05-21,-0.005200461080186108,-0.006449013160225166,-0.005824737120205637
1993-05-24,0.005756386193070203,0.0022219661892177887,0.003989176191143995
1993-05-25,-0.010109025725228473,0.008805850780263651,-0.0006515874724824112
1993-05-26,0.0029048819980736764,0.00648406191995234,0.004694471959013008
1993-05-27,-0.012161263518709048,0.0044323999796913385,-0.003864431769508855
1993-05-28,-0.00041556060696920367,-0.0068660777451252765,-0.00364081917604724
1993-06-01,-0.0027753519433220708,0.031404560188848435,0.014314604122763181
1993-06-02,0.004747904668812336,0.0039224946107928,0.004335199639802568
1993-06-03,0.0033128282252900673,0.00869047744495985,0.0060016528351249585
1993-06-04,-0.0014192115999324215,-0.009471365131226515,-0.005445288365579468
1993-06-07,0.006319953042079465,-0.0036949320594895207,0.001312510491294972
1993-06-08,-0.010234614950524901,6.971898620399087e-05,-0.005082447982160455
1993-06-09,0.00040206778726760217,0.00240765767537247,0.001404862731320036
1993-06-10,0.003399468351312274,0.007391712511094505,0.005395590431203389
1993-06-11,0.004950524019925714,0.01705143080931191,0.011000977414618812
1993-06-14,-0.004324898539401142,0.002888267825746479,-0.0007183153568273313
1993-06-15,0.005374620374243856,0.01061842946422785,0.007996524919235852
1993-06-16,0.0016914954275457335,-0.003526683335602265,-0.0009175939540282656
1993-06-17,0.016861994669730217,-0.008692577470143374,0.004084708599793422
1993-06-18,0.01804853842480131,-0.01581470700872102,0.0011169157080401452
1993-06-21,0.013932053792399725,-0.005541664153977528,0.004195194819211099
1993-06-22,0.0016596703778756204,-0.0018650180359407694,-0.00010267382903257453
1993-06-23,-0.007890392992300292,-0.0017624607924968648,-0.004826426892398579
1993-06-24,-0.00035917594596736205,0.010018153186181612,0.004829488620107125
1993-06-25,-0.008513941795047445,0.018617612518062876,0.0050518353615077154
1993-06-28,5.575562027717397e-05,0.00483896047374937,0.002447358047013272
1993-06-29,-0.0007339624368664817,-0.004192630695943617,-0.0024632965664050494
1993-06-30,0.015179944865288106,-0.01027992410198273,0.0024500103816526876
1993-07-01,0.014584311877068726,-0.006799847041446693,0.0038922324178110165
1993-07-02,0.019654412177501704,-0.0008099906588988416,0.009422210759301431
1993-07-06,-0.004411441156187216,-0.014629334529039981,-0.009520387842613599
1993-07-07,-0.002375299952337824,0.016570570199641654,0.007097635123651915
1993-07-08,0.009985719817429324,0.00987884016870149,0.009932279993065406
1993-07-09,0.003335461217944066,0.006244655515939061,0.004790058366941564
1993-07-12,-0.0037204426009094975,0.004302150168531274,0.00029085378381088836
1993-07-13,-0.0005805858728920965,0.00031692756416365584,-0.00013182915436422033
1993-07-14,0.016081836005299662,0.015348951993763188,0.015715393999531424
1993-07-15,-0.00471265758946277,-0.00015564517220883656,-0.0024341513808358033
1993-07-16,-0.0016564993193685337,0.0028328376326050707,0.0005881691566182685
1993-07-19,-0.005177421309385346,-0.012381819817146575,-0.00877962056326596
1993-07-20,0.00032334373087555173,-0.005727910130175562,-0.0027022831996500055
1993-07-21,-0.006113761155326187,-0.018333538096742208,-0.012223649626034198
1993-07-22,-0.016900652519757576,-0.005356665161389457,-0.011128658840573517
1993-07-23,-0.0008714663095875281,-0.005692639982813177,-0.0032820531462003527
1993-07-26,0.004383255610234252,0.0033800446884677195,0.003881650149350986
1993-07-27,-0.005115048277776799,-0.0056843797147609985,-0.0053997139962688985
1993-07-28,0.010832777688388539,0.00866752715393756,0.00975015242116305
1993-07-29,0.008108867784094136,0.025211237939122513,0.016660052861608324
1993-07-30,-0.0060766214432269655,0.008116609155419023,0.001019993856096029
1993-08-02,-0.0077675823023123786,-0.00811802200672697,-0.007942802154519674
1993-08-03,0.001522868048994458,6.53870532655508e-05,0.0007941275511300044
1993-08-04,0.004692929074115695,-0.007078794974358663,-0.0011929329501214844
1993-08-05,0.019534069880630382,-0.01220850099071522,0.003662784444957581
1993-08-06,0.0018281704738636188,-0.00026245104743798033,0.0007828597132128192
1993-08-09,0.00653207121932615,0.0037638831798105783,0.005147977199568364
1993-08-10,-0.011842364279753742,0.002732152034292217,-0.004555106122730763
1993-08-11,-0.007311997726019093,-0.001511774074793338,-0.004411885900406216
1993-08-12,0.007400030603106212,-0.013306817213437929,-0.0029533933051658586
1993-08-13,0.0006314646073138602,0.00877482704072108,0.00470314582401747
1993-08-16,0.014351712247537587,0.008311033640775413,0.011331372944156499
1993-08-17,-0.007405700831361319,0.0008192119513419284,-0.003293244440009695
1993-08-18,0.011916888582563016,-0.0009761253632589883,0.005470381609652014
1993-08-19,0.010494316836315864,-0.0019408047433578698,0.004276756046478997
1993-08-20,-0.0026307869499577743,0.008871321897883078,0.003120267473962652
1993-08-23,-0.009872339488929082,-0.00034646394913490346,-0.005109401719031993
1993-08-24,0.005131226359920531,0.016917997604200305,0.011024611982060417
1993-08-25,0.0009445833394585894,0.008575668656315549,0.004760125997887069
1993-08-26,0.010958342676710243,0.010021509196515984,0.010489925936613114
1993-08-27,-0.011599528738715822,-0.006577086598449205,-0.009088307668582514
1993-08-30,0.002910241819994637,0.007351694220040096,0.005130968020017367
1993-08-31,0.009150721351006004,0.0026177569905521943,0.0058842391707790995
1993-09-01,0.00298715255785912,-0.003005263314824551,-9.055378482715655e-06
1993-09-02,0.001480010710374407,0.004157038652478266,0.0028185246814263366
1993-09-03,0.0074832693702216275,0.017127170580209655,0.012305219975215642
1993-09-07,0.014810863094337108,0.0012482385303795392,0.008029550812358323
1993-09-08,-0.0026965617196741416,-0.010037335618862811,-0.0063669486692684765
1993-09-09,-0.004836659247810189,-0.016037889301412707,-0.010437274274611448
1993-09-10,0.0029079067525005606,0.011709205083956058,0.007308555918228309
1993-09-13,-0.013949491566557223,0.001265011828958243,-0.00634223986879949
1993-09-14,0.004592827454052425,-0.013084686398108253,-0.004245929472027914
1993-09-15,-0.001827569253231727,-0.001993342820745841,-0.001910456036988784
1993-09-16,0.009115900496977032,0.0038010814995441296,0.006458490998260581
1993-09-17,-0.010058819168292953,-0.007315173788540565,-0.008686996478416758
1993-09-20,-0.0030154585630265884,-0.012638360092611009,-0.007826909327818798
1993-09-21,0.008165219102598962,-0.01009251453784094,-0.0009636477176209893
1993-09-22,-0.009012648331923891,0.004459625586975039,-0.002276511372474426
1993-09-23,-0.0024932348471466115,0.003624986661697021,0.0005658759072752048
1993-09-24,0.0005380254447904605,0.0018842777692157156,0.0012111516070030881
1993-09-27,0.0002742861464354453,0.01384316303122775,0.007058724588831598
1993-09-28,0.004954724247245196,-0.0012549607572194994,0.0018498817450128486
1993-09-29,-0.004725664783382084,-0.01215445846042,-0.008440061621901043
1993-09-30,-0.005319645923729022,-0.011004193064028856,-0.008161919493878938
1993-10-01,0.002791464462552653,0.007838714923755052,0.005315089693153852
1993-10-04,0.0076653546132927335,-0.002597588900290187,0.002533882856501273
1993-10-05,0.0011263406090297112,-0.004384911593943702,-0.0016292854924569956
1993-10-06,-0.0014631884280856358,-0.002445123483080584,-0.00195415595558311
1993-10-07,-0.00033139005761013903,-0.004100265742731154,-0.0022158279001706464
1993-10-08,-0.003852197909051245,0.005977828847126848,0.0010628154690378014
1993-10-11,-0.005978750265650383,-0.0012443070197271234,-0.0036115286426887535
1993-10-12,0.005628554927603951,0.004126027551653778,0.004877291239628864
1993-10-13,-0.005223844338782149,0.005246325401267807,1.1240531242828842e-05
1993-10-14,-0.008826727613381076,0.009794247131283965,0.0004837597589514445
1993-10-15,-0.0018619955177653297,0.00736444712052508,0.002751225801379875
1993-10-18,-0.0003798743196389929,0.0010787623374503862,0.0003494440089056967
1993-10-19,0.0002532884089595271,-0.0021873165474765263,-0.0009670140692584995
1993-10-20,0.001339388623254759,0.001844270260801739,0.001591829442028249
1993-10-21,0.00256414912576622,-0.012960976231176332,-0.005198413552705056
1993-10-22,0.009181172525192082,-0.006713952235820549,0.0012336101446857664
1993-10-25,-0.0043265113954466606,3.8167568733648774e-05,-0.0021441719133565057
1993-10-26,0.001356814351113185,0.004614336959226439,0.002985575655169812
1993-10-27,-0.0032063632442018626,-0.003131703335732826,-0.0031690332899673443
1993-10-28,0.0021448075830156916,0.00887681186812016,0.005510809725567925
1993-10-29,0.0010637066037889596,-0.003109048179000057,-0.0010226707876055488
1993-11-01,-0.013255599783458404,-0.019016862258245188,-0.016136231020851797
1993-11-02,0.005915569748144937,-0.002345353567111134,0.0017851080905169016
1993-11-03,0.008536663779025492,-0.006814946389349781,0.0008608586948378552
1993-11-04,0.00858219653052129,-0.008385208977500924,9.849377651018325e-05
1993-11-05,0.004575895778783226,0.0012103144489501545,0.0028931051138666904
1993-11-08,0.0018198181457115257,0.009008645761761861,0.005414231953736693
1993-11-09,0.000511808552739793,-0.0007743291657290944,-0.0001312603064946507
1993-11-10,-0.00689881216708691,0.011246085222987498,0.002173636527950294
1993-11-11,0.005602437119100113,-0.009321739293687018,-0.0018596510872934528
1993-11-12,-0.0037083194766444863,0.008458270217384505,0.0023749753703700095
1993-11-15,0.0003607906655890209,-0.004086753686033471,-0.0018629815102222248
1993-11-16,5.260622861964748e-05,0.003186518036316927,0.0016195621324682874
1993-11-17,0.002713042949922813,-0.004407815580346594,-0.0008473863152118908
1993-11-18,-8.066043836395275e-06,-0.006019008254850862,-0.0030135371493436288
1993-11-19,-0.0021333401208364967,-0.012312804721466921,-0.007223072421151709
1993-11-22,6.273704715829722e-05,-0.006285688282909187,-0.0031114756178754446
1993-11-23,0.0024856387723939163,0.009908354516825006,0.006196996644609461
1993-11-24,0.0005387053270722023,0.001716349973255915,0.0011275276501640586
1993-11-26,-0.0005531300741931971,0.007626023873713001,0.003536446899759902
1993-11-29,0.0017855990370705707,0.0023173241869080432,0.002051461611989307
1993-11-30,0.001674212340135539,-0.009126972195164711,-0.003726379927514586
1993-12-01,0.003640356351722602,0.011366632131327655,0.007503494241525128
1993-12-02,-0.0035466621622707853,0.00535862120244098,0.0009059795200850973
1993-12-03,0.001498628314507163,-0.0025429145689539463,-0.0005221431272233916
1993-12-06,0.0004610098999661633,0.013788161221707444,0.007124585560836803
1993-12-07,0.0018637364620582215,0.004666703102436347,0.003265219782247284
1993-12-08,-0.003232913098767739,-0.00039893492718811826,-0.0018159240129779286
1993-12-09,0.0011105169486641739,0.001580610099472698,0.001345563524068436
1993-12-10,-0.004987859048165101,-0.011880085777918372,-0.008433972413041738
1993-12-13,0.007966165838430092,0.0009578106406532976,0.004461988239541695
1993-12-14,0.000461533340909274,-0.009947187857951201,-0.004742827258520963
1993-12-15,0.0014325636827884594,0.003572985814982995,0.002502774748885727
1993-12-16,-0.0033526541143405297,-0.0024382855349113905,-0.00289546982462596
1993-12-17,-0.0037376299956273272,0.010924130349539821,0.003593250176956247
1993-12-20,-0.0010103033813124388,0.0037057979430846866,0.0013477472808861239
1993-12-21,-0.005892862116174081,-0.0031850731579417713,-0.004538967637057926
1993-12-22,-0.0036718994195398783,0.01351347886386083,0.0049207897221604764
1993-12-23,-0.0006186152281513978,0.006440562806428333,0.002910973789138468
1993-12-27,-0.002838238457994249,0.004020263662216185,0.000591012602110968
1993-12-28,-0.002817967672287072,0.002410651074349665,-0.00020365829896870353
1993-12-29,0.013157989400925413,-0.009848275301073328,0.0016548570499260425
1993-12-30,0.0016557381695340536,-0.007461741377266233,-0.0029030016038660896
1993-12-31,0.0014607970666778189,-0.004400682407921024,-0.0014699426706216024
1994-01-03,-0.0028066662100780706,-0.012202223362731223,-0.007504444786404647
1994-01-04,-0.0036991635684217863,0.0031672627909564138,-0.00026595038873268627
1994-01-05,-0.00894170714057166,-0.006230688409406738,-0.007586197774989199
1994-01-06,-0.002324284737871549,0.009129315692365508,0.0034025154772469794
1994-01-07,-0.006930172453064293,0.01824209906051234,0.005655963303724023
1994-01-10,0.002920817514468066,0.0012156833841679056,0.002068250449317986
1994-01-11,-0.0013976315448850102,0.003467726150694612,0.001035047302904801
1994-01-12,0.004270461825911221,-0.0033642796130240005,0.0004530911064436103
1994-01-13,0.00777556348388891,0.00767734741079687,0.00772645544734289
1994-01-14,0.0036224194504611796,-0.001792067291400709,0.0009151760795302353
1994-01-17,0.0005079182869997727,-0.00530001991106593,-0.0023960508120330786
1994-01-18,0.0004551991741775877,0.001061105453820649,0.0007581523139991184
1994-01-19,-0.0006627519309192734,0.0005357242996998445,-6.351381560971444e-05
1994-01-20,-0.01004567717081752,0.0059874740680849,-0.0020291015513663095
1994-01-21,-0.00976986508209677,-0.010230319933816536,-0.010000092507956653
1994-01-24,-0.001503818658722481,-0.0017762328480270765,-0.0016400257533747786
1994-01-25,0.004920959828426052,0.0009701724545801317,0.0029455661415030915
1994-01-26,0.0065616796877292684,0.009839069014011907,0.008200374350870588
1994-01-27,-0.008667281707218932,0.007928754475754545,-0.0003692636157321934
1994-01-28,-0.001845149899988342,-0.009072028471254653,-0.005458589185621497
1994-01-31,0.013740141805140497,0.007837892990008083,0.010789017397574291
1994-02-01,0.016137097937076735,-0.012875766632957466,0.0016306656520596345
1994-02-02,-0.0015943533204682504,0.00436299700617706,0.0013843218428544047
1994-02-03,0.006620803042690637,-0.007591138449193704,-0.0004851677032515333
1994-02-04,0.01332730443969092,-0.030895956300726234,-0.008784325930517657
1994-02-07,-0.007216404692369519,0.0004612892422962695,-0.003377557725036625
1994-02-08,0.003792868664195858,0.00033630616897562367,0.002064587416585741
1994-02-09,-0.005952262660939302,0.015646206244944626,0.004846971792002662
1994-02-10,-0.0004450962300291621,-0.005376541547238082,-0.0029108188886336223
1994-02-11,-0.0029758114714454184,0.007117522307294554,0.0020708554179245677
1994-02-14,0.02012844144408204,0.023916636749233736,0.022022539096657887
1994-02-15,0.0018475021408812203,-0.006687962800922517,-0.0024202303300206486
1994-02-16,-0.005464677130570086,0.0038698357653557773,-0.0007974206826071545
1994-02-17,0.01707646079106748,-0.021110737804735713,-0.0020171385068341163
1994-02-18,0.003334861614847481,-0.008216469274232203,-0.0024408038296923613
1994-02-22,-0.004548349885082894,0.00015936387174012446,-0.002194493006671385
1994-02-23,0.006163614279914196,-0.004731011694657779,0.0007163012926282089
1994-02-24,0.003485558223527286,-0.015999079550023818,-0.0062567606632482654
1994-02-25,0.0013486680537991836,0.002949665822955293,0.0021491669383772384
1994-02-28,-0.0013733343886162563,0.005060712533186803,0.0018436890722852734
1994-03-01,0.0034668875993128147,-0.018610326134423424,-0.0075717192675553045
1994-03-02,-0.0005178145572000319,0.003238700147174851,0.0013604427949874096
1994-03-03,0.0061987811550528555,-0.014879030593090491,-0.0043401247190188175
1994-03-04,0.00802409730377121,-0.007735071945932609,0.00014451267891930084
1994-03-07,-0.005093664147144004,0.007797351788231202,0.001351843820543599
1994-03-08,0.006924507236075122,-0.011565061072771094,-0.0023202769183479862
1994-03-09,0.00807519055627002,0.0040435914024677,0.00605939097936886
1994-03-10,0.010780730021650512,-0.003159047085628582,0.0038108414680109648
1994-03-11,-0.003308260866899759,0.002071352493218554,-0.0006184541868406025
1994-03-14,-0.011993733907252403,0.010849677712738391,-0.0005720280972570059
1994-03-15,0.0033789038313270787,-0.0028308143297969663,0.0002740447507650562
1994-03-16,-0.0017304625917791859,0.009617746585210824,0.003943641996715819
1994-03-17,-0.0029755858771621088,-0.0011146508141761972,-0.002045118345669153
1994-03-18,0.007902651055610796,-0.010211602358650847,-0.0011544756515200257
1994-03-21,0.0035833519287942024,-0.011032245329884123,-0.0037244467005449603
1994-03-22,0.0032358121539078715,-0.008778708384597864,-0.002771448115344996
1994-03-23,-0.0024468031296792404,0.0064276302265056495,0.0019904135484132045
1994-03-24,-0.0017667708274065944,-0.012471280152934106,-0.00711902549017035
1994-03-25,-3.147959212186578e-05,-0.00974538310575693,-0.004888431348939399
1994-03-28,-0.011180384046563522,0.015362442587865677,0.0020910292706510774
1994-03-29,-0.006581447368083396,-0.02031597701556277,-0.013448712191823083
1994-03-30,-0.0041449750229363026,0.005234033560458505,0.0005445292687611012
1994-03-31,0.01393287063226905,-0.009920071607441811,0.002006399512413619
1994-04-01,0.008959655704305847,-0.0005923213449219649,0.0041836671796919404
1994-04-04,0.011352819777977044,-0.011333661171658403,9.579303159320575e-06
1994-04-05,-0.003623117763483017,-0.014008993457805383,-0.0088160556106442
1994-04-06,-0.0028307615611993537,0.00023154263888862592,-0.0012996094611553639
1994-04-07,0.00816294500681308,-0.010842857366256991,-0.0013399561797219559
1994-04-08,0.0026001135884522446,0.002163285878802386,0.0023816997336273153
1994-04-11,-0.00653426909554492,-0.008686673523728757,-0.0076104713096368385
1994-04-12,-0.0038773874944829914,-0.002250806624442065,-0.0030640970594625282
1994-04-13,2.826227726652989e-05,0.0049681068512590874,0.002498184564262809
1994-04-14,0.012830637457860146,-0.009578011087263378,0.0016263131852983842
1994-04-15,-0.006761276877983891,0.0014290883394450235,-0.002666094269269434
1994-04-18,0.008960354073747723,0.005878927252264447,0.007419640663006086
1994-04-19,-0.0018931962021863076,-0.005172299092633126,-0.0035327476474097167
1994-04-20,-0.0031196376057612612,-0.0030727754373884183,-0.0030962065215748395
1994-04-21,0.0002616818712773334,-0.005839786879576951,-0.002789052504149809
1994-04-22,-0.00011960989080979275,-0.005491441643729235,-0.002805525767269514
1994-04-25,-0.0005932023348961525,0.0033489860935288253,0.0013778918793163363
1994-04-26,0.00033070776465034604,-0.0014708503660300248,-0.0005700713006898394
1994-04-28,-0.006587162622843874,0.0209505017734385,0.007181669575297313
1994-04-29,-0.0002463648642456335,0.005051114584092742,0.0024023748599235543
1994-05-02,0.0036578253143309046,0.00042116493146847605,0.00203949512289969
1994-05-03,0.007730514766556321,-0.006668292133107045,0.0005311113167246382
1994-05-04,-0.0010271537760241543,0.007993451894728132,0.003483149059351989
1994-05-05,0.005445135059067285,-0.018995049975253586,-0.00677495745809315
1994-05-06,0.007387793745980671,0.020811963864549737,0.014099878805265203
1994-05-09,-0.00014989379475964775,0.005953982368942474,0.002902044287091413
1994-05-10,0.007181070463668943,-0.017980818698024956,-0.005399874117178007
1994-05-11,-0.0028504138344981568,0.008210766223603663,0.002680176194552753
1994-05-12,-0.0015839261095513524,0.0025688108163611093,0.0004924423534048784
1994-05-13,0.0038172162783412945,-0.009364475728646335,-0.00277362972515252
1994-05-16,-0.004436206350747755,0.010039643433503295,0.00280171854137777
1994-05-17,0.003611680804645559,-0.009309885765541025,-0.002849102480447733
1994-05-18,0.0018085149709388382,-0.001995946190854827,-9.371560995799434e-05
1994-05-19,0.0027885066514710937,-0.009708530727972158,-0.0034600120382505322
1994-05-20,-0.002149945151463534,0.00010566367413764486,-0.0010221407386629446
1994-05-23,-0.0011855638389851016,0.024911038945155665,0.011862737553085282
1994-05-24,0.005193059446687873,-0.018472281654619116,-0.006639611103965621
1994-05-25,-0.0008737514639776943,-0.005886917891712723,-0.003380334677845209
1994-05-26,0.006390797909870329,-0.0061460929664307815,0.00012235247171977397
1994-05-27,-0.001569406982189506,-0.000570540364833025,-0.0010699736735112655
1994-05-31,-0.0035545594873789177,0.011811245606108557,0.00412834305936482
1994-06-01,-0.0007771094411553825,-0.001854143708181032,-0.0013156265746682072
1994-06-02,0.0005052876209988337,-0.004500574082748983,-0.0019976432308750746
1994-06-03,0.006539798816450016,-0.009654647578215603,-0.0015574243808827931
1994-06-06,0.002954406625221262,-0.01329531784126703,-0.005170455608022884
1994-06-07,-0.006776217600308752,0.0037306945346908603,-0.0015227615328089457
1994-06-08,-0.006047447959172579,0.0010417643921026179,-0.0025028417835349804
1994-06-09,0.000388054260014031,-0.0033713524486662276,-0.0014916490943260984
1994-06-10,-0.0020407688467864605,0.012012756907543333,0.004985994030378436
1994-06-13,-0.004896708111181479,0.007498851030101573,0.0013010714594600473
1994-06-14,0.0035704669752988,-0.006545707354961537,-0.0014876201898313686
1994-06-15,-0.010810272325492353,0.0054769774781575605,-0.002666647423667396
1994-06-16,0.007327078356562503,-0.004457174108287781,0.0014349521241373612
1994-06-17,-0.007748219260704197,0.0046030481453858,-0.0015725855576591984
1994-06-20,0.0005326891439967124,-0.015880432522082117,-0.007673871689042702
1994-06-21,-0.012482074083142572,0.012334081979722095,-7.39960517102383e-05
1994-06-22,0.010455815457287502,-0.023747069829118127,-0.006645627185915313
1994-06-23,-0.0009227705711926958,-0.0006132106641683877,-0.0007679906176805418
1994-06-24,-0.010244666268865953,0.02188012464507516,0.005817729188104604
1994-06-27,0.007587799906406828,-0.010811956215446642,-0.0016120781545199071
1994-06-28,-0.005468030422924713,0.004144999165729962,-0.0006615156285973756
1994-06-29,-0.0027071735438338983,-0.004701346491244202,-0.00370426001753905
1994-06-30,-0.0063607016906721036,0.005760317396124644,-0.0003001921472737296
1994-07-01,-0.00025363633906497717,-0.0009183463766180008,-0.000585991357841489
1994-07-05,-8.513550363894713e-05,0.0041355424475830235,0.002025203471972038
1994-07-06,0.001367490201201044,0.0033922228046592063,0.002379856502930125
1994-07-07,0.00466778381473916,-0.004658066495785205,4.858659476977313e-06
1994-07-08,-0.008401604480765767,0.013671208509125076,0.0026348020141796543
1994-07-11,-0.014625069297654635,0.006969706135318884,-0.0038276815811678754
1994-07-12,-0.0023517901423651968,-0.0012516341466068436,-0.0018017121444860202
1994-07-13,0.007561830216411275,-0.0038882295522953154,0.0018368003320579796
1994-07-14,0.005361663828827674,-0.019871039781797845,-0.007254687976485086
1994-07-15,-0.0016134661441518415,0.004309156799007584,0.0013478453274278711
1994-07-18,0.003589491486883742,-0.00021029780236549926,0.0016895968422591212
1994-07-19,0.003672377970383514,-0.007689701957899504,-0.002008661993757995
1994-07-20,-0.002874441844796634,0.007021441152923822,0.002073499654063594
1994-07-21,0.007099064206238596,-0.005425823131600436,0.00083662053731908
1994-07-22,-0.002649001257523419,-0.00022303132475959953,-0.0014360162911415094
1994-07-25,0.00016840731008046757,-0.004328068048649835,-0.002079830369284684
1994-07-26,0.0002502773644273478,0.0002850255007254375,0.00026765143257639266
1994-07-27,-0.002384060306551138,0.005759032438344212,0.0016874860658965371
1994-07-28,0.010225969544101429,-0.01247845851225522,-0.001126244484076896
1994-07-29,-0.00449452540447741,-0.013262107186313373,-0.008878316295395391
1994-08-01,-0.004735545111487647,0.004270080312907333,-0.00023273239929015718
1994-08-02,0.008090976631212315,-0.0006105393515315642,0.003740218639840375
1994-08-03,-0.002267448330481962,0.002265928309418446,-7.600105317580146e-07
1994-08-04,-0.0012090620639259998,-0.002019897528430665,-0.0016144797961783325
1994-08-05,0.006635706572824161,0.007358918928898504,0.006997312750861333
1994-08-08,0.007646781280550459,-0.008303784219913273,-0.0003285014696814072
1994-08-09,-0.0008549577735915999,0.001222238730706648,0.00018364047855752406
1994-08-10,0.003929772590732668,0.0029907337359186283,0.003460253163325648
1994-08-11,-0.006508245814974823,0.004643157277671664,-0.0009325442686515797
1994-08-12,0.004018975656859607,0.008488565440015439,0.006253770548437523
1994-08-15,-0.0020686618123969417,0.0017327228839174743,-0.0001679694642397337
1994-08-16,0.004969050906107857,-0.004169163009714352,0.0003999439481967527
1994-08-17,-0.001358708337705569,-0.008323188713290795,-0.004840948525498182
1994-08-18,-0.0060516185301948645,0.014234603276452462,0.004091492373128799
1994-08-19,0.004621345829502208,0.0013123557454598313,0.0029668507874810197
1994-08-22,-0.002604890505087669,0.011210910883714668,0.0043030101893135
1994-08-23,0.00012365949833658348,-0.009340825487966166,-0.004608582994814791
1994-08-24,0.00667671378886782,-0.021410120270667434,-0.0073667032408998075
1994-08-25,0.0017116211124679002,0.009439331065428635,0.005575476088948267
1994-08-26,0.015101016884311137,-0.002961887271329141,0.006069564806490998
1994-08-29,-0.009308037120058774,-0.002562654700144402,-0.005935345910101588
1994-08-30,2.715885111714768e-05,0.001317335112076193,0.0006722469815966703
1994-08-31,0.003956088229435392,-0.006249972504797168,-0.0011469421376808881
1994-09-01,-0.0029165499305851216,0.004808462625463334,0.0009459563474391063
1994-09-02,-0.0013457274323394265,0.0017941735207786752,0.00022422304421962434
1994-09-06,0.0021805167168480817,0.004464860445277129,0.003322688581062605
1994-09-07,0.00297958284166699,0.0011454747302929798,0.002062528785979985
1994-09-08,-0.0022170218365849615,0.0022393889741522304,1.1183568783634454e-05
1994-09-09,0.0028650692583860066,0.0184157555462,0.010640412402293003
1994-09-12,0.004283997709883835,0.005178943986825059,0.004731470848354447
1994-09-13,-0.004156952421669664,0.0016435314745008997,-0.001256710473584382
1994-09-14,5.736945529121475e-05,-0.0008373453897418788,-0.00038998796722533206
1994-09-15,-0.009036328730457734,0.00024949437680110324,-0.004393417176828315
1994-09-16,-0.0016218100472704194,0.023102339586756497,0.01074026476974304
1994-09-19,-0.006626821660618683,-0.00691304432432243,-0.0067699329924705565
1994-09-20,-0.006648714610428579,0.006022883887262989,-0.00031291536158279494
1994-09-21,0.00011394073845316871,0.002880625538006759,0.0014972831382299638
1994-09-22,-0.005896284698904781,-0.002928383356701395,-0.004412334027803088
1994-09-23,-0.0025077423522038896,0.0015031102225142347,-0.0005023160648448275
1994-09-26,0.010007445692645067,-0.006087012514433204,0.0019602165891059314
1994-09-27,-0.008088654715396435,0.011660364254984915,0.0017858547697942396
1994-09-28,0.0032370101423398138,-0.011612419818388961,-0.004187704838024574
1994-09-29,-0.005896391582355659,0.008850835771578726,0.0014772220946115333
1994-09-30,-0.0014732642879969448,-0.006005687878543258,-0.0037394760832701016
1994-10-03,0.008062795537308964,0.003535898949246552,0.005799347243277758
1994-10-04,0.004085955158816993,0.005871908113524527,0.00497893163617076
1994-10-05,0.0020934172583733576,0.006017327016100997,0.004055372137237177
1994-10-06,-0.005051414727358633,0.002035283729356814,-0.0015080654990009097
1994-10-07,0.002573392839251803,-0.01060279027804366,-0.004014698719395929
1994-10-10,0.0014438675261879226,-0.0023936096354772248,-0.0004748710546446511
1994-10-11,0.009246169332343544,-0.00954393045746152,-0.00014888056255898778
1994-10-12,0.004355279945913036,0.006811214398260133,0.005583247172086584
1994-10-13,-0.0008260774207890096,-0.005950960765655132,-0.0033885190932220707
1994-10-14,-0.0028328719646824154,0.00320225047075547,0.0001846892530365273
1994-10-17,-0.008754075179408488,0.006762806223232578,-0.000995634478087955
1994-10-18,0.0012012761904520905,0.00022378410509830548,0.000712530147775198
1994-10-19,-0.0026928867470999776,0.008202556869336458,0.0027548350611182404
1994-10-20,0.008014081742818877,0.012758871120571178,0.010386476431695027
1994-10-21,-0.0015515691704512473,-0.0015217970254964566,-0.001536683097973852
1994-10-24,0.0049903831550725825,0.00637512565232888,0.005682754403700731
1994-10-25,-0.00516328261153132,0.00494817822145779,-0.00010755219503676529
1994-10-26,0.0008236364373078452,-0.002223901694372636,-0.0007001326285323954
1994-10-27,0.0072209152210062,-0.007270931766472082,-2.500827273294124e-05
1994-10-28,0.0024276911193234557,-0.01582691370376509,-0.006699611292220816
1994-10-31,-0.002659945833403519,0.00291448335052387,0.00012726875856017565
1994-11-01,-0.0021421702326844694,0.010285196177270457,0.004071512972292994
1994-11-02,0.007398175001294424,-0.0015652247873228816,0.002916475106985771
1994-11-03,0.002323409181631134,0.003003904389901923,0.0026636567857665286
1994-11-04,0.0019653535476782938,0.00151219641952978,0.001738774983604037
1994-11-07,0.007440009308560736,-0.0013510824166287798,0.003044463445965978
1994-11-08,-0.0052251917756312785,-0.012329808650719847,-0.008777500213175563
1994-11-09,0.0056852650623589965,-0.016120242940078244,-0.005217488938859624
1994-11-10,-0.0004824749321692667,0.004163191667668938,0.0018403583677498354
1994-11-11,-0.008311159908634255,0.013824260945699414,0.0027565505185325797
1994-11-14,6.246426405421526e-05,-0.012095393847933476,-0.00601646479193963
1994-11-15,-0.0061434751045564735,-0.009780856960849408,-0.00796216603270294
1994-11-16,-0.0005551422777000823,0.008544236693450403,0.003994547207875161
1994-11-17,0.005950401650535842,0.005527225530044941,0.005738813590290392
1994-11-18,0.003865729244484781,0.001179493606175297,0.002522611425330039
1994-11-21,-0.0037051230024305877,0.007844261452304198,0.0020695692249368047
1994-11-22,-0.010808111332067499,0.0018310213578401717,-0.004488544987113664
1994-11-23,-0.020064612774966805,-0.0158797616925174,-0.017972187233742103
1994-11-25,0.006841059139706006,-0.00878057800190375,-0.000969759431098872
1994-11-28,0.011634064938549288,0.008154760346299902,0.009894412642424594
1994-11-29,0.004242387652134861,0.0054619514037535805,0.004852169527944221
1994-11-30,-0.004078855713085329,0.0053787006345432835,0.0006499224607289774
1994-12-01,0.0017019518498759723,0.00854062078765498,0.005121286318765476
1994-12-02,0.016435431018585547,-0.01155255035010405,0.0024414403342407484
1994-12-05,0.004088317816571261,-0.001196690899485679,0.0014458134585427912
1994-12-06,-0.015609132145372207,-0.005921210389642359,-0.010765171267507282
1994-12-07,0.011536896184503584,0.008162126169664283,0.009849511177083933
1994-12-08,0.004458591260879426,-0.0014356028550999787,0.0015114942028897236
1994-12-09,-0.0024134983753559204,-0.0028554625635662913,-0.002634480469461106
1994-12-12,0.007593410902608999,0.0049453942445964365,0.006269402573602718
1994-12-13,-0.006928028135790559,-0.005548680507115501,-0.00623835432145303
1994-12-14,-0.010043903813744873,-0.008214355780992989,-0.009129129797368931
1994-12-15,0.0007303932412047687,-0.0032245539487575376,-0.0012470803537763845
1994-12-16,0.008162753587709572,0.0017302611650308248,0.004946507376370198
1994-12-19,-0.007403139643695948,0.003136155538999898,-0.002133492052348025
1994-12-20,0.0002396122724938771,-0.006166456097066524,-0.0029634219122863232
1994-12-21,0.005328351088151824,-0.012215353673378579,-0.0034435012926133774
1994-12-22,0.0033985555285890403,0.007617499052268892,0.005508027290428966
1994-12-23,0.003910462373644258,-0.002647945189226314,0.000631258592208972
1994-12-27,-0.008323407804420944,-0.00733287317672173,-0.007828140490571338
1994-12-28,-0.006206937896572267,0.020300745701420025,0.007046903902423879
1994-12-29,0.002296790014061082,-0.0013023990348092233,0.0004971954896259294
1994-12-30,-0.0055571656217097585,0.008544560044868931,0.0014936972115795863
1995-01-03,0.01025118600295144,0.0025076219512374315,0.006379403977094435
1995-01-04,0.004409761775347111,-0.00623234971488252,-0.0009112939697677046
1995-01-05,0.007254574522253589,0.0033989621396468685,0.005326768330950229
1995-01-06,0.005151831550958564,-0.0007423873924825523,0.002204722079238006
1995-01-09,-0.004669562314506085,0.0053997671644277255,0.0003651024249608204
1995-01-10,-0.003551105818763682,-0.0055337916955573874,-0.004542448757160535
1995-01-11,-0.005704608399723536,-0.0033222371023863095,-0.004513422751054923
1995-01-12,-0.004196856927801921,0.0063008817572528415,0.0010520124147254603
1995-01-13,-0.009742710630698419,-0.014339702507741341,-0.01204120656921988
1995-01-16,0.0013009851956457905,0.0024974697191953487,0.0018992274574205696
1995-01-17,0.004709444479113413,-0.0021191047097086184,0.0012951698847023974
1995-01-18,-0.0022472864181556683,0.0004001739282093385,-0.0009235562449731649
1995-01-19,-0.009107660073137899,0.008332226226190387,-0.00038771692347375555
1995-01-20,0.004468993962145312,0.007347168164178429,0.005908081063161871
1995-01-23,0.0044302419716997065,-0.0025175013892566617,0.0009563702912215224
1995-01-24,0.0017162092333652046,5.5593174539776384e-05,0.0008859012039524904
1995-01-25,-0.004180467247863786,-0.011590832346240674,-0.00788564979705223
1995-01-26,-0.002778768331000554,-0.0051833823889121545,-0.003981075359956354
1995-01-27,-0.01005997910165486,-0.009753101550192498,-0.009906540325923679
1995-01-30,-0.0076842551984408185,0.011849471924015574,0.002082608362787378
1995-01-31,0.008423526207750859,-0.0069544267446766785,0.0007345497315370902
1995-02-01,0.00013869810120432544,-0.00012464958944032785,7.024255881998796e-06
1995-02-02,0.009093446371153072,-0.0026838091194975326,0.0032048186258277697
1995-02-03,-0.004266702531545602,-0.025405679747944037,-0.014836191139744818
1995-02-06,0.010547539707717421,-0.00012672724335455074,0.005210406232181435
1995-02-07,-0.0004927650428472942,0.002315037234029208,0.0009111360955909569
1995-02-08,-0.0006626754239753201,-0.005838745388411845,-0.003250710406193582
1995-02-09,0.0043669777510279995,0.00450630044707183,0.004436639099049915
1995-02-10,0.006694900504760714,0.005749904300974442,0.006222402402867578
1995-02-13,-0.004691685075307584,-0.0013038124829069604,-0.0029977487791072724
1995-02-14,-0.002632292621881768,-0.010128025008998785,-0.006380158815440276
1995-02-15,-0.002940033292485021,-0.007320371380969996,-0.005130202336727508
1995-02-16,-0.012603749857107677,0.006360652172101016,-0.0031215488425033306
1995-02-17,-0.0011648937611334887,0.0008709484017420864,-0.00014697267969570113
1995-02-21,0.0013234995102898678,0.000876767689667229,0.0011001335999785483
1995-02-22,-0.006621672649939051,-0.008324616151348434,-0.007473144400643742
1995-02-23,0.0026666500355611925,-1.017717340256341e-05,0.0013282364310793146
1995-02-24,0.0002723574762489116,0.0015770174078220671,0.0009246874420354894
1995-02-27,-0.009304490299264076,-0.009476115031258985,-0.00939030266526153
1995-02-28,-0.005604404107235629,0.0005588838045237745,-0.002522760151355927
1995-03-01,-0.0022850432316796026,-0.0006092330803355106,-0.0014471381560075566
1995-03-02,-0.008257931135309843,0.01451763241222177,0.0031298506384559634
1995-03-03,-0.007946588163287478,0.015292965134088472,0.0036731884854004967
1995-03-06,0.01194140140075948,-0.0052578036535219684,0.003341798873618756
1995-03-07,-0.00867552485545066,0.006166701730319167,-0.0012544115625657466
1995-03-08,0.008610357217484035,-0.013402859525354206,-0.0023962511539350854
1995-03-09,-0.009728275578007635,-0.007313771175988275,-0.008521023376997955
1995-03-10,0.009767055882561118,-0.008558463400216107,0.0006042962411725054
1995-03-13,-0.004886330371757209,-0.0027290119057928257,-0.003807671138775017
1995-03-14,-0.004573517591493511,-0.009851867122243691,-0.007212692356868601
1995-03-15,0.0013993932847171783,0.0006330719017550398,0.001016232593236109
1995-03-16,0.0006125896682909538,0.0013101947019652537,0.0009613921851281038
1995-03-17,0.004980048219100826,0.006314390073538989,0.005647219146319908
1995-03-20,0.004558129462007173,0.011057738553112186,0.007807934007559679
1995-03-21,-0.0021746734220273183,0.009341616574991928,0.003583471576482305
1995-03-22,0.0017429955834377879,0.01021382576399076,0.0059784106737142744
1995-03-23,-0.002028865246385371,-0.003396930900309459,-0.002712898073347415
1995-03-24,-0.004696476680718956,-0.007738225543054751,-0.006217351111886853
1995-03-27,5.958771987722265e-05,0.00028035872029176886,0.00016997322008449576
1995-03-28,0.009302852890145881,0.0039275124013836826,0.006615182645764782
1995-03-29,-0.006802530917635585,0.0054745921351776645,-0.0006639693912289602
1995-03-30,0.0056281500088846345,-0.011338241853630502,-0.0028550459223729337
1995-03-31,-0.009977055830569275,-0.003282465058882563,-0.0066297604447259195
1995-04-03,-0.004412741830968879,-0.00037984064624123305,-0.002396291238605056
1995-04-04,1.604594613466661e-05,0.005039692409106718,0.0025278691776206923
1995-04-05,0.0017497900053812182,0.00864475680205141,0.005197273403716314
1995-04-06,-0.00459315082225778,0.008946732200246277,0.0021767906889942484
1995-04-07,-0.0019562040286646397,-0.0034691912860387868,-0.002712697657351713
1995-04-10,0.0028129828605632417,0.002344988007905234,0.0025789854342342378
1995-04-11,-0.0010002588615962626,0.00510210723255895,0.002050924185481344
1995-04-12,-0.005453443460719559,0.0022004791194212238,-0.0016264821706491678
1995-04-13,-0.012394499686880365,0.018564944485181516,0.0030852223991505758
1995-04-17,-0.004789897385054825,0.0029418092425837266,-0.0009240440712355493
1995-04-18,-0.010361744381248187,0.006519423322227014,-0.0019211605295105863
1995-04-19,0.0009713779633764694,-0.0037538104582136786,-0.0013912162474186045
1995-04-20,0.00877459106677696,-0.007038158347198919,0.0008682163597890208
1995-04-21,-0.0005756849381277558,0.0034090565530032445,0.0014166858074377443
1995-04-24,0.002471597047622003,-0.001208625373856015,0.000631485836882994
1995-04-25,0.00029098490793481304,0.002735106855813829,0.001513045881874321
1995-04-26,0.00861383329630052,0.0007756284904655053,0.004694730893383013
1995-04-27,0.002781063460817717,-0.00046942374502681656,0.0011558198578954502
1995-04-28,0.006467437994101832,-0.003915954091623281,0.0012757419512392752
1995-05-01,0.005407046414778807,-0.0070624493325556,-0.0008277014588883966
1995-05-02,-0.0038628245824418555,0.0018253221222944054,-0.001018751230073725
1995-05-03,-0.013283122690861012,0.01975344649490209,0.0032351619020205384
1995-05-04,-0.012613272703135447,0.011730433474401832,-0.0004414196143668076
1995-05-05,-0.02768408603630819,0.019279931634877838,-0.004202077200715176
1995-05-08,0.0035609315107030326,0.0067986997982040585,0.005179815654453546
1995-05-09,-0.010882079119406985,0.005041459369483817,-0.0029203098749615844
1995-05-10,0.008649013592483204,-0.005872648060786279,0.0013881827658484623
1995-05-11,0.003618926485266384,-0.008537042736693081,-0.0024590581257133487
1995-05-12,0.005406930385095628,0.0034738209191916,0.004440375652143614
1995-05-15,-0.006283852355801233,0.011363901196028049,0.002540024420113408
1995-05-16,-0.0038716968917105335,0.0008300749730658608,-0.0015208109593223365
1995-05-17,0.0015754793746360091,-0.004183219750626826,-0.0013038701879954082
1995-05-18,0.0061101599981364845,-0.01860042634684238,-0.006245133174352949
1995-05-19,-0.0037141955813118385,0.006554094895007009,0.0014199496568475854
1995-05-22,0.012664348039621777,-0.004643820930624993,0.004010263554498392
1995-05-23,-0.002730123605487385,0.004735672489407629,0.0010027744419601218
1995-05-24,-0.01523407339634992,0.008880280994815838,-0.0031768962007670412
1995-05-25,-0.004458176404291604,0.016748365933302506,0.0061450947645054505
1995-05-26,-0.007025393590691659,-0.006151426486829138,-0.006588410038760399
1995-05-30,-0.013343936248285776,0.01647931528543922,0.0015676895185767212
1995-05-31,0.00485530211582488,0.0023574995064816824,0.003606400811153281
1995-06-01,-0.007191321516798836,0.007097743346355432,-4.678908522170186e-05
1995-06-02,-0.013883379888946498,0.010414753705622186,-0.0017343130916621556
1995-06-05,0.0003036775267710023,0.005908281710203154,0.003105979618487078
1995-06-06,0.0018559454230876462,-0.0068829442397009425,-0.0025134994083066482
1995-06-07,0.012503582658980458,-0.014356262454321088,-0.0009263398976703148
1995-06-08,0.007279432069359229,-0.006927817254251732,0.0001758074075537486
1995-06-09,0.01615878392224314,-0.016290984068601067,-6.610007317896412e-05
1995-06-12,-0.0063413237415805455,0.008708876385900882,0.001183776322160168
1995-06-13,-0.017506036461892412,0.018519481046770488,0.0005067222924390376
1995-06-14,0.007414792540539205,-0.0019509085309391211,0.002731942004800042
1995-06-15,0.005821907932569876,-0.00847095290683592,-0.0013245224871330217
1995-06-16,-5.172567179399302e-05,0.004625799344288779,0.002287036836247393
1995-06-19,0.0016248326931141404,0.006966005796611468,0.004295419244862804
1995-06-20,0.001411979247878844,-5.769100227029913e-07,0.0007057011689280705
1995-06-21,-0.004601946515225954,0.01097874101904984,0.003188397251911943
1995-06-22,-0.009635079204464499,0.010164706780525555,0.000264813788030528
1995-06-23,0.003901768676534293,0.001445650918612784,0.0026737097975735383
1995-06-26,-0.005546847883001475,-0.015211942396663099,-0.010379395139832288
1995-06-27,0.0013528079216023098,-0.00059302480505461,0.0003798915582738499
1995-06-28,0.001694892645140633,0.001375387202579293,0.001535139923859963
1995-06-29,0.01115389073983789,-4.826965447795392e-05,0.005552810542679968
1995-06-30,-0.008523285823651167,0.006107808112221571,-0.001207738855714798
1995-07-03,0.003817787146636948,0.0006413792096388624,0.0022295831781379053
1995-07-05,0.0004396070314454804,0.0007790144263605462,0.0006093107289030133
1995-07-06,-0.012142214512449068,0.01250793720591657,0.0001828613467337514
1995-07-07,0.003855097848767147,-0.006601057137930749,-0.001372979644581801
1995-07-10,0.0023631087170100126,-0.0029412330430779433,-0.0002890621630339653
1995-07-11,0.007053763232735972,-0.006074630066525883,0.0004895665831050446
1995-07-12,0.004045160459336581,0.0012296378873384204,0.0026373991733375005
1995-07-13,-0.0021915872306884332,0.0061072731098697815,0.001957842939590674
1995-07-14,0.00810803792204712,-0.0070416636180660516,0.0005331871519905339
1995-07-17,0.018702463219996496,0.005402895591711194,0.012052679405853845
1995-07-18,0.0030721037780961523,-0.009039323142989775,-0.002983609682446811
1995-07-19,0.0031461782428981494,-0.01637182894765085,-0.006612825352376351
1995-07-20,-0.004500671998584459,0.0065942664284532266,0.0010467972149343836
1995-07-21,0.011356282548194246,-0.0016732103303785304,0.004841536108907858
1995-07-24,-0.007439164815149444,0.00606117318572805,-0.0006889958147106973
1995-07-25,0.0002599341367277713,0.0017248280648181173,0.0009923811007729443
1995-07-26,0.010692225318020861,-0.008274255539075657,0.001208984889472602
1995-07-27,-0.010307529810887603,0.00770748120306039,-0.0013000243039136064
1995-07-28,0.004363810884559561,-0.006870837770328423,-0.0012535134428844309
1995-07-31,-0.010266395046483771,-0.0026251995358521317,-0.006445797291167951
1995-08-01,0.008155757404731408,-0.004192471745915599,0.0019816428294079044
1995-08-02,0.00637339484822083,-0.015640989928418416,-0.004633797540098793
1995-08-03,0.007876784556570596,-0.0049483646341995854,0.0014642099611855055
1995-08-04,-0.0020346323676801955,-0.003561119715040206,-0.0027978760413602008
1995-08-07,-0.0030105099546380446,-0.003323920731275327,-0.0031672153429566858
1995-08-08,0.0023176826801189,0.004110929540906194,0.003214306110512547
1995-08-09,0.003118164716339326,-0.004148962098049552,-0.0005153986908551129
1995-08-10,0.00533662592245053,-0.01281162755736532,-0.0037375008174573947
1995-08-11,0.006101108338276218,-0.011744586705553523,-0.0028217391836386527
1995-08-14,-0.005684647657756207,0.007335764113162822,0.0008255582277033073
1995-08-15,0.0032103283799823877,-0.013293867155811899,-0.005041769387914756
1995-08-16,-0.00444275653195148,0.0036429955640002896,-0.0003998804839755953
1995-08-17,0.005591312849756853,-0.00944159417140721,-0.001925140660825179
1995-08-18,-0.0007489634635137322,0.002954133575719456,0.0011025850561028618
1995-08-21,-0.0011444043831020537,0.0012240964568638161,3.984603688088123e-05
1995-08-22,0.000438746654807825,0.002533251347284201,0.001485999001046013
1995-08-23,0.003776740264795043,-0.0062589448172529994,-0.0012411022762289783
1995-08-24,-0.013903099207355711,0.014874551535824232,0.00048572616423426043
1995-08-25,-0.013884070757002317,0.017369665026540297,0.0017427971347689902
1995-08-28,-0.0005310112221948331,0.0012434996692568519,0.0003562442235310094
1995-08-29,0.00425397594883265,-0.0027289721666913652,0.0007625018910706423
1995-08-30,-0.0004802957244260603,0.006294129658930311,0.0029069169672521255
1995-08-31,-0.003884469061918792,0.0048708761997158555,0.0004932035688985318
1995-09-01,-0.0029859182172465282,0.007419354825916596,0.002216718304335034
1995-09-05,-0.00015902734801234058,0.0031644891198242355,0.0015027308859059474
1995-09-06,-0.0028945989857337906,0.002953514125355642,2.945756981092575e-05
1995-09-07,0.005383772919095239,-0.00324313152207516,0.0010703206985100398
1995-09-08,0.00530944710293954,0.0008912561284090539,0.003100351615674297
1995-09-11,-0.00011281929989170642,-0.00201042077411358,-0.0010616200370026432
1995-09-12,-0.0016569983763443977,0.00971946770803465,0.004031234665845126
1995-09-13,0.00275206131470124,0.005301047030017638,0.004026554172359439
1995-09-14,-0.010701678196627184,0.01475547445014982,0.0020268981267613177
1995-09-15,0.008512961133462907,0.004565573602332659,0.006539267367897783
1995-09-18,0.01934667224078032,0.008617972384240008,0.013982322312510165
1995-09-19,-0.007335480488293435,0.005945584992359527,-0.000694947747966954
1995-09-20,-0.011683903348020028,0.007384846076928118,-0.002149528635545955
1995-09-21,0.0011382056955012397,-0.03026847312184971,-0.014565133713174236
1995-09-22,0.0010465191168253863,-0.00588524484035557,-0.002419362861765092
1995-09-25,0.0023213268012447956,-0.006040594815535214,-0.001859634007145209
1995-09-26,0.0033528008902263843,-0.00013407996692141834,0.001609360461652483
1995-09-27,0.00043709692278233166,-0.0016570916629417942,-0.0006099973700797313
1995-09-28,0.0006841260139244528,0.00341393554751906,0.002049030780721756
1995-09-29,-0.012115284248448646,0.014886620806051881,0.0013856682788016177
1995-10-02,-0.003850970057614361,0.0007008943042535608,-0.0015750378766804002
1995-10-03,-0.0021081443751130168,0.0045666198562997855,0.0012292377405933844
1995-10-04,-0.006969522116466523,0.0038806490589279106,-0.001544436528769306
1995-10-05,-0.010953095406077498,0.0053725147939817815,-0.002790290306047858
1995-10-06,0.00527836417041385,0.001429474717506866,0.0033539194439603584
1995-10-09,0.0035636136999453254,-0.007036058332972086,-0.0017362223165133803
1995-10-10,0.002796413057778869,0.006082138420263409,0.004439275739021139
1995-10-11,0.0025178805078657257,0.00834297087471057,0.005430425691288147
1995-10-12,-0.005219464859909666,0.0034972149098219654,-0.0008611249750438504
1995-10-13,-0.0034308201151606837,0.013310898442668534,0.004940039163753925
1995-10-16,-0.0014060454944810447,0.0015478945428984588,7.092452420870703e-05
1995-10-17,-0.00029317401285750217,0.0010019931801110108,0.0003544095836267543
1995-10-18,0.004361320780589855,0.0026653221882163873,0.003513321484403121
1995-10-19,-0.007039844121628386,0.009432816018334192,0.0011964859483529029
1995-10-20,0.0052398183711778075,-0.009552766826317867,-0.00215647422757003
1995-10-23,0.0002861547943762933,-0.006778605089040943,-0.003246225147332325
1995-10-24,-0.005588204250014346,0.009094787355796427,0.0017532915528910404
1995-10-25,-0.0018462309189493553,0.0009402806671244575,-0.0004529751259124489
1995-10-26,0.002039172567027893,-0.009036675833208824,-0.0034987516330904655
1995-10-27,0.00036586014200458384,0.004482477289100898,0.002424168715552741
1995-10-30,-0.00017689563852543578,0.001641331153137334,0.0007322177573059491
1995-10-31,-0.0009810570530083297,-0.0013618614874841904,-0.00117145927024626
1995-11-01,-0.003100195247604496,0.011885939545181218,0.004392872148788361
1995-11-02,-0.0003672389348230033,0.00910478227690717,0.0043687716710420835
1995-11-03,-0.0017770437735194753,-0.005251008359064929,-0.0035140260662922026
1995-11-06,0.0004392752957204267,0.0010291322624740823,0.0007342037790972545
1995-11-07,0.00722830406602196,-0.0092124892402303,-0.00099209258710417
1995-11-08,-0.005900786072675517,0.00922806733550307,0.001663640631413776
1995-11-09,-0.0015500086128529737,-0.013650126458594147,-0.00760006753572356
1995-11-10,0.014108548776967666,-0.0006722120362310091,0.006718168370368328
1995-11-13,-0.0005700715032531702,0.009267076574807418,0.004348502535777124
1995-11-14,-0.0066041467350378994,-0.0064913732754796425,-0.0065477600052587705
1995-11-15,0.004395931383379926,-0.0016814604349970456,0.0013572354741914405
1995-11-16,0.00042783485973771373,0.01206998200766693,0.0062489084337023215
1995-11-17,0.004765706196027874,0.0032193208295191534,0.003992513512773514
1995-11-20,-0.00594421277838952,-0.007977432833210157,-0.0069608228057998385
1995-11-21,0.0019125610848681146,-0.0014283606287081069,0.00024210022808000386
1995-11-22,-0.004959394813733328,0.002550662507830307,-0.0012043661529515105
1995-11-24,0.0011485468726034963,0.00639988668192211,0.003774216777262803
1995-11-27,0.005424909405007188,-0.0035186044439037495,0.0009531524805517192
1995-11-28,0.0018249046978698253,0.0027863919225339833,0.0023056483102019045
1995-11-29,-0.0015326424338320843,0.011833648578780444,0.00515050307247418
1995-11-30,-0.005117437467741885,0.012339382295766832,0.0036109724140124737
1995-12-01,-0.0035047301887847467,0.004977168649843717,0.000736219230529485
1995-12-04,-0.00321103954185107,0.014706217441570898,0.005747588949859914
1995-12-05,0.0034770762549348787,0.0007686169589931917,0.0021228466069640353
1995-12-06,0.0030443925770392184,-0.0010474216863898824,0.0009984854453246681
1995-12-07,0.008081236716195978,-0.004135338526312964,0.001972949094941507
1995-12-08,0.004705628917469741,0.0018129682975160256,0.003259298607492883
1995-12-11,-0.005022014334017617,0.010628921298045959,0.002803453482014171
1995-12-12,0.0028998938481842474,-0.00015412072036829482,0.0013728865639079763
1995-12-13,0.0007938897509603899,0.0022626755915642234,0.0015282826712623068
1995-12-14,-0.003428570512129539,-0.005895234756811547,-0.004661902634470543
1995-12-15,0.004136635005911979,-0.00044720728284633644,0.0018447138615328212
1995-12-18,0.0014138329772004658,-0.012374424996285913,-0.005480296009542723
1995-12-19,-0.003301361786640118,0.020616061331842198,0.00865734977260104
1995-12-20,-0.001729047750066232,-0.011763465063956572,-0.006746256407011402
1995-12-21,0.0004354122053841054,-0.0028194626883373437,-0.0011920252414766193
1995-12-22,0.0001628033895439546,0.015525483276080455,0.007844143332812204
1995-12-26,-0.003523311332423594,0.0047121133278827925,0.0005944009977295992
1995-12-27,0.0012078876438812666,0.00039455404020609066,0.0008012208420436787
1995-12-28,0.0007819532983281991,0.005909041220274263,0.003345497259301231
1995-12-29,-0.0008123813966932939,0.006451866643692747,0.0028197426234997268
1996-01-02,0.0072415231157709785,0.003099243167321815,0.005170383141546397
1996-01-03,0.004873360155578545,0.005203606235244384,0.005038483195411465
1996-01-04,-0.00111531089490088,-0.010757719187552637,-0.005936515041226759
1996-01-05,0.0029090211959555464,-0.006838073062236698,-0.0019645259331405756
1996-01-08,0.004616914828728172,-0.009380130723475865,-0.0023816079473738465
1996-01-09,-0.011439997020113828,-0.0035711955833485336,-0.007505596301731181
1996-01-10,0.0005122968749451975,-0.017406111584689767,-0.008446907354872284
1996-01-11,-0.0064961947445342704,-0.013539953134173192,-0.01001807393935373
1996-01-12,-0.005290820189120033,0.0074499281451494,0.0010795539780146836
1996-01-15,-0.0012366811075117223,0.0015212675929580477,0.00014229324272316268
1996-01-16,0.004742375464431697,0.010889543222781054,0.007815959343606375
1996-01-17,0.005980064475569035,0.009333838526278379,0.007656951500923707
1996-01-18,0.0005874133447353594,0.00850479472816683,0.004546104036451094
1996-01-19,0.0031354584966600484,0.005031658112305552,0.0040835583044828
1996-01-22,0.0046118746077741,-0.017157803284915934,-0.006272964338570917
1996-01-23,0.0009922697422506599,0.002858184799512744,0.001925227270881702
1996-01-24,0.00994258821093531,0.010596130198057198,0.010269359204496254
1996-01-25,0.0003161583200877878,-0.010074178492414761,-0.0048790100861634865
1996-01-26,0.00264531333512922,0.012987594156470753,0.007816453745799987
1996-01-29,0.0024070810562607215,0.003993317739175606,0.003200199397718164
1996-01-30,0.0013659389721267555,0.016307917941718438,0.008836928456922596
1996-01-31,-0.004856201400114472,0.0038281157817580155,-0.0005140428091782283
1996-02-01,-0.005930672190682439,0.006216771407257567,0.0001430496082875641
1996-02-02,-0.006177961557827943,-0.0013260046463821485,-0.0037519831021050457
1996-02-05,-0.008260514538393552,-0.01899690918158047,-0.01362871185998701
1996-02-06,0.004309647133627868,0.008193570093077876,0.0062516086133528725
1996-02-07,0.00643857747225058,0.0021092094884038307,0.004273893480327205
1996-02-08,0.006116619517206851,0.008089615483127307,0.007103117500167079
1996-02-09,0.004277152897251949,0.0020944881024366757,0.0031858204998443124
1996-02-12,0.003305487044595078,0.006857548234888697,0.005081517639741887
1996-02-13,0.003526562279618048,-0.005246681393204289,-0.0008600595567931205
1996-02-14,-0.011354516882993784,0.0002864591337451448,-0.00553402887462432
1996-02-15,-0.003403947291873328,-0.012410457237886266,-0.007907202264879797
1996-02-16,-0.005628613689099183,-0.006128839801913086,-0.005878726745506135
1996-02-20,0.01961497160833907,-0.03917989299647467,-0.0097824606940678
1996-02-21,-0.004118765695627567,0.0054268167758057375,0.0006540255400890854
1996-02-22,0.0029129377224828305,0.0048716483569056215,0.003892293039694226
1996-02-23,-0.003798796854419197,-0.003594606643796785,-0.003696701749107991
1996-02-26,-0.00848771280581977,-0.00042236183003718347,-0.004455037317928476
1996-02-27,-0.0008979731395619379,-0.003998842430117513,-0.0024484077848397254
1996-02-28,0.0016233712958964408,-0.0006296361972511612,0.0004968675493226398
1996-02-29,0.0030668103761056827,-0.004582098065599759,-0.0007576438447470381
1996-03-01,0.013487250052699684,0.00979861839239736,0.011642934222548522
1996-03-04,0.003946983496874254,0.0003061470630362445,0.002126565279955249
1996-03-05,0.002767902462084781,-0.006701060132153998,-0.0019665788350346084
1996-03-06,-0.006540527033405963,-0.007418687805744565,-0.006979607419575264
1996-03-07,-0.0006658661829684682,0.005892460095871366,0.002613296956451449
1996-03-08,-0.011942440179379302,-0.03318087216940047,-0.022561656174389887
1996-03-11,0.0013223143687107282,0.007748174161458745,0.004535244265084736
1996-03-12,-0.004461370384261402,-0.010804017813330163,-0.007632694098795783
1996-03-13,-0.0011485314108091052,-0.0037730720654888046,-0.002460801738148955
1996-03-14,0.0020571527497479456,0.005768370376831668,0.003912761563289807
1996-03-15,-0.0030495926367314144,-0.01776427289698018,-0.010406932766855797
1996-03-18,0.00300127085374733,0.008113415411251912,0.005557343132499621
1996-03-19,0.004379212321625725,-0.001113269172282767,0.0016329715746714788
1996-03-20,-0.0013319839787708067,0.005628449107788393,0.002148232564508793
1996-03-21,0.003905256529528929,-0.0012892956699221572,0.0013079804298033858
1996-03-22,-0.0008373486190793927,-0.002260104297221671,-0.0015487264581505319
1996-03-25,0.003478468015757191,0.015658346237754413,0.009568407126755801
1996-03-26,0.0009400561551793562,0.010643196322130516,0.0057916262386549355
1996-03-27,-0.005576121748695737,-0.009330517530848733,-0.007453319639772235
1996-03-28,-0.005052170272930038,-0.014819359442668429,-0.009935764857799234
1996-03-29,0.00594826740784075,0.022453082651709567,0.01420067502977516
1996-04-01,0.0013629555086092805,0.01877542824973773,0.010069191879173506
1996-04-02,0.006407568039287824,0.0035594183425100108,0.004983493190898917
1996-04-03,-0.00779772917622222,0.0052240056488185,-0.0012868617637018598
1996-04-04,-0.006357760189411319,0.001056134564120219,-0.0026508128126455496
1996-04-05,-0.010779032332543253,-0.014319622947174955,-0.012549327639859104
1996-04-08,-0.007374337394087558,3.653770040829676e-05,-0.0036688998468396303
1996-04-09,0.011052942614446361,0.010216970749239253,0.010634956681842807
1996-04-10,-0.011934919306865438,0.008255908436363063,-0.0018395054352511875
1996-04-11,-0.004828754721398955,-0.0037367187515041853,-0.00428273673645157
1996-04-12,0.014329377587460234,0.015428528200947918,0.014878952894204076
1996-04-15,0.008788321897890942,-0.00016488519016089553,0.004311718353865023
1996-04-16,0.007767428606659424,-0.008352213224419935,-0.0002923923088802554
1996-04-17,-0.005239570375460671,0.001479500290432502,-0.0018800350425140847
1996-04-18,-0.024484635743716676,-0.001448893351984054,-0.012966764547850364
1996-04-19,0.008947477936327459,0.005080565058023738,0.007014021497175598
1996-04-22,-0.004909331822581879,0.0071885908391462845,0.0011396295082822029
1996-04-23,-0.005802977195527309,0.0007875684484514987,-0.002507704373537905
1996-04-24,-0.002785617427353899,-0.005200755775588714,-0.003993186601471307
1996-04-25,0.0029333357535691724,0.005153744802634448,0.00404354027810181
1996-04-26,-0.004327036216724412,-0.00699499044046961,-0.005661013328597011
1996-04-29,0.0023931462417346623,-0.01506612769337867,-0.006336490725822004
1996-04-30,0.003451678434887672,-0.009756241841960622,-0.0031522817035364746
1996-05-01,0.0042415998825645704,0.01596953389346076,0.010105566888012667
1996-05-02,-0.021530640465437973,-0.03413114018177332,-0.027830890323605646
1996-05-03,-0.005319849259860376,0.008073651360081686,0.001376901050110655
1996-05-06,0.0013621184237442615,-0.0057774500922890834,-0.002207665834272411
1996-05-07,-0.006340941862484947,0.000973954536580596,-0.0026834936629521757
1996-05-08,0.0019391780268227738,0.0017616453434563726,0.0018504116851395733
1996-05-09,-0.0019236212013245707,-0.0004901823905914074,-0.001206901795957989
1996-05-10,0.015201604325648443,0.0009937911698582197,0.00809769774775333
1996-05-13,0.003670262893219029,0.007733641936776781,0.005701952414997905
1996-05-14,0.01113266548877478,0.004371414327081197,0.0077520399079279885
1996-05-15,0.008097245514052559,0.005517036834601523,0.006807141174327041
1996-05-16,-0.00023297868296921325,0.0020992125120267375,0.0009331169145287621
1996-05-17,0.016112263560512038,0.0030855923105562303,0.009598927935534135
1996-05-20,-0.0009084970737962193,-0.0105098683282122,-0.00570918270100421
1996-05-21,0.005169131370295961,-0.0021442236553452635,0.0015124538574753487
1996-05-22,0.002680024408898224,-0.0050005034437632725,-0.0011602395174325243
1996-05-23,-0.00712661388445875,0.006410228617587538,-0.00035819263343560585
1996-05-24,0.010930275338309314,0.0050961026692124,0.008013189003760857
1996-05-28,0.001059457605153977,-0.0014175321624232131,-0.00017903727863461804
1996-05-29,-0.018220058031203953,-0.013868885791279293,-0.01604447191124162
1996-05-30,0.0012602776827505204,-0.003340484580268784,-0.0010401034487591318
1996-05-31,-0.014615819188918903,0.0031779813781224607,-0.005718918905398222
1996-06-03,0.002702042752317744,-0.006492509462320424,-0.0018952333550013398
1996-06-04,0.006805842053690508,0.002983204870806883,0.0048945234622486955
1996-06-05,0.01317676500894776,-0.005091554952447634,0.004042605028250063
1996-06-06,0.005329647491580881,-0.0025221356772428894,0.0014037559071689958
1996-06-07,-0.016008085883167947,0.025554602258468544,0.004773258187650299
1996-06-10,-0.005094600845702308,0.00980121306287174,0.002353306108584716
1996-06-11,0.005292359863064526,-0.002085089453491766,0.00160363520478638
1996-06-12,-0.0024629833274519668,-0.0036656132500228907,-0.003064298288737429
1996-06-13,-0.0007856509842117085,-0.0014505720260328053,-0.001118111505122257
1996-06-14,-0.0011369139061888232,-0.009111753393765985,-0.005124333649977404
1996-06-17,-0.007557837708661805,-0.0028668119696018592,-0.0052123248391318325
1996-06-18,-0.007463347201323162,-0.0007657476165668582,-0.00411454740894501
1996-06-19,0.0051759149917951445,9.120388904735211e-05,0.0026335594404212482
1996-06-20,0.0004108665365515421,0.0032781072920581313,0.0018444869143048367
1996-06-21,0.0077555709039890865,0.008888329749863139,0.008321950326926113
1996-06-24,-0.0011272294799178242,-0.002522493888848295,-0.0018248616843830597
1996-06-25,0.004084983933786142,0.0011422649849096005,0.002613624459347871
1996-06-26,-0.0015094559257908344,-0.003394900017444192,-0.0024521779716175133
1996-06-27,0.007437811051010245,-0.013692799762976587,-0.0031274943559831707
1996-06-28,0.013499977573047375,-0.0006067783367162736,0.006446599618165551
1996-07-01,-0.008461433390275172,0.006132414420780859,-0.0011645094847471567
1996-07-02,0.0005901408682373384,-0.0020816268151732367,-0.0007457429734679491
1996-07-03,-0.00045300826705406655,0.00016365716167160378,-0.00014467555269123138
1996-07-04,-4.013191077455207e-05,-5.079643759136258e-05,-4.546417418295732e-05
1996-07-05,-0.0190423132046677,0.013427678714099296,-0.002807317245284203
1996-07-08,0.0011190804137375257,-0.001007952923356639,5.5563745190443325e-05
1996-07-09,-0.005421716656783317,0.004113868309032344,-0.0006539241738754867
1996-07-10,-0.0009302841327195424,0.0004556478937910069,-0.00023731811946426772
1996-07-11,-0.010523477335008842,0.004786234635789268,-0.002868621349609787
1996-07-12,0.006381924043909048,0.004139739959135345,0.0052608320015221964
1996-07-15,-0.016920159410884945,-0.005431917934395312,-0.011176038672640129
1996-07-16,0.0013371051782223482,-0.016400627036961997,-0.007531760929369824
1996-07-17,0.011239657020594103,-0.004045086304729136,0.0035972853579324835
1996-07-18,0.013231911169349304,-0.013173766907192755,2.907213107827475e-05
1996-07-19,-0.0031379289306529834,-0.010800132322586255,-0.006969030626619619
1996-07-22,-0.00851941532433164,-0.004819308853309982,-0.006669362088820812
1996-07-23,0.002243199454285638,-0.005854363359573784,-0.0018055819526440731
1996-07-24,0.0035943384869444573,-0.001299424772954505,0.0011474568569949761
1996-07-25,-0.0012021934601846363,-0.0028551203548167706,-0.0020286569075007033
1996-07-26,0.00999625878676115,-0.005070049132649228,0.0024631048270559613
1996-07-29,-0.01278358925325589,0.00857661836479895,-0.0021034854442284695
1996-07-30,0.004912941978956642,-0.004037485576910603,0.0004377282010230195
1996-07-31,-0.002544243097383786,-0.012817449936339076,-0.007680846516861431
1996-08-01,0.007874353624206598,0.005707485570118173,0.006790919597162386
1996-08-02,0.011114030158676335,0.008147437675159928,0.00963073391691813
1996-08-05,-0.004477689833001497,-0.009186819064401778,-0.006832254448701638
1996-08-06,0.00475667252139782,0.0041859905374913575,0.004471331529444589
1996-08-07,-0.00036288031609551553,0.006109371079803049,0.002873245381853767
1996-08-08,-0.007213450156583165,0.004427496197828769,-0.001392976979377198
1996-08-09,0.0025584523418345287,0.007666144308323193,0.005112298325078861
1996-08-12,-0.013563489541928425,0.014149250468226704,0.0002928804631491394
1996-08-13,-0.0049746202449238875,-0.009984589913289977,-0.007479605079106932
1996-08-14,0.007601607627514019,0.0022694264969256766,0.004935517062219848
1996-08-15,-0.002040247649317627,-0.0031179636981412758,-0.0025791056737294515
1996-08-16,-0.002248427501431042,0.0062853364759797815,0.0020184544872743695
1996-08-19,6.841909983089584e-05,-0.004900296783741961,-0.0024159388419555325
1996-08-20,0.0008286155898657107,0.0014727351301368802,0.0011506753600012956
1996-08-21,0.0014153806426349506,-0.0021513850110132684,-0.0003680021841891589
1996-08-22,-0.008563911793970081,0.005327907761061469,-0.0016180020164543061
1996-08-23,-0.007689994403803812,0.005243971516426157,-0.0012230114436888274
1996-08-26,-0.010674715471259944,0.007556538177270686,-0.001559088646994629
1996-08-27,0.003562045236269105,-0.0010603123080780955,0.0012508664640955049
1996-08-28,0.002192204515298922,0.0031212398749352324,0.0026567221951170773
1996-08-29,-0.008797103769316023,0.007139417078330673,-0.000828843345492675
1996-08-30,0.0012163130395772123,0.006118484458068603,0.0036673987488229074
1996-09-02,-7.022141045902386e-05,-0.00014952720517974412,-0.00010987430781938398
1996-09-03,-0.004992179827217013,0.00787795314852539,0.0014428866606541885
1996-09-04,-0.0014916405257738676,-0.004366233589270945,-0.0029289370575224065
1996-09-05,-0.012384408934901238,0.012381745539343871,-1.3316977786831732e-06
1996-09-06,0.008836073134881984,-0.0007552134263358869,0.004040429854273049
1996-09-09,0.007033465949451643,-0.0009642711943673517,0.003034597377542146
1996-09-10,-0.002995813480996052,0.012014483626887517,0.0045093350729457325
1996-09-11,-0.0018412387971609868,0.00046744660383049726,-0.0006868960966652448
1996-09-12,0.0019275633273650155,0.0021809536095545104,0.002054258468459763
1996-09-13,0.021380808500382764,-0.018127666727656856,0.0016265708863629543
1996-09-16,0.010326552339867621,-0.008219394992388128,0.0010535786737397466
1996-09-17,-0.0037607279619815944,0.006399796258341853,0.0013195341481801294
1996-09-18,-0.013423110633921334,-0.007179274862827383,-0.010301192748374358
1996-09-19,0.010635979566000929,0.00857704046678463,0.009606510016392778
1996-09-20,-0.00042798583191969945,0.0068495970171713475,0.003210805592625824
1996-09-23,-0.0010446175425810479,-0.004525693441204175,-0.0027851554918926114
1996-09-24,-0.007484073468461618,-0.0149126857198079,-0.011198379594134758
1996-09-25,0.014570200415394976,0.004675807482805062,0.009623003949100019
1996-09-26,0.010721765705971146,-0.003285513845214999,0.0037181259303780733
1996-09-27,-0.0020100064325415355,0.0042583855062347555,0.00112418953684661
1996-09-30,0.004402016040210756,0.0034513684417997502,0.003926692241005253
1996-10-01,0.004660744458513505,-0.004354377520537396,0.00015318346898805443
1996-10-02,0.009071515736236614,-0.005968397874688191,0.0015515589307742114
1996-10-03,-0.007902631309547438,-0.001662897755520149,-0.004782764532533793
1996-10-04,0.01764117978866037,-0.0075645935834385844,0.005038293102610893
1996-10-07,-0.012400075771498766,0.008543874272728767,-0.0019281007493849997
1996-10-08,0.0019888909654022977,-0.0009619541184205338,0.0005134684234908819
1996-10-09,-0.0036283533160919165,-0.0014180362978044217,-0.002523194806948169
1996-10-10,0.0011194223991490549,-0.008165058195742234,-0.0035228178982965896
1996-10-11,0.0035998598206600056,-0.007522494255190728,-0.0019613172172653613
1996-10-14,-0.01074830888814515,0.0027742408357368,-0.003987034026204175
1996-10-15,0.0018292774806296687,0.006933724528731207,0.004381501004680438
1996-10-16,0.0012545794913728905,0.0018638973315945623,0.0015592384114837265
1996-10-17,0.008192963037888643,-0.00341212789613435,0.0023904175708771465
1996-10-18,0.005146664950231137,0.004369807209797386,0.004758236080014262
1996-10-21,-0.0008802583166948258,0.0007923292204812821,-4.3964548106771844e-05
1996-10-22,-0.013192803746465928,-0.0001133296486062919,-0.0066530666975361105
1996-10-23,0.007401723911107246,0.0005793745348654437,0.003990549222986345
1996-10-24,0.006485705776309373,-0.0029067512622628867,0.0017894772570232432
1996-10-25,0.0019190544994855665,0.006055688091887044,0.003987371295686305
1996-10-28,-0.0031507529540831664,0.005789455197260883,0.0013193511215888582
1996-10-29,0.013082863960619556,-0.006569883098277133,0.0032564904311712115
1996-10-30,-0.010018031525602265,0.004205788071193369,-0.002906121727204448
1996-10-31,0.013827707576204584,-0.0005610170603303465,0.006633345257937118
1996-11-01,-0.004493716840734446,-0.0006684414043425924,-0.002581079122538519
1996-11-04,0.003940831354095746,0.004684719023932877,0.004312775189014312
1996-11-05,0.00854231845474102,0.0030181975792864485,0.005780258017013734
1996-11-06,0.0009243673309205667,0.006787953925879032,0.003856160628399799
1996-11-07,-0.008083921267210198,-0.011234923717026805,-0.009659422492118501
1996-11-08,-0.010223305887886088,0.0035316760363619305,-0.003345814925762079
1996-11-11,-0.002430282248044663,-0.011972084424574923,-0.007201183336309793
1996-11-12,0.010358762503393956,-0.008190683872824296,0.0010840393152848297
1996-11-13,-0.012364024779430379,0.007036758234141214,-0.0026636332726445826
1996-11-14,-0.0009264405059684082,0.0025092331154230596,0.0007913963047273257
1996-11-15,0.00877931457575712,-0.0009702534094864219,0.0039045305831353493
1996-11-18,0.006444172320619943,0.002912529890891617,0.00467835110575578
1996-11-19,0.0032672467662730282,0.004484918979015102,0.003876082872644065
1996-11-20,0.0043002934187055305,-0.008121516967286775,-0.0019106117742906225
1996-11-21,-0.008220802892565698,0.00687119765417938,-0.0006748026191931589
1996-11-22,0.006350864513752585,0.002228644509308194,0.004289754511530389
1996-11-25,0.01727984053279174,-0.0004949104454244551,0.008392465043683642
1996-11-26,0.0013209228673893827,-0.00030752668176866883,0.0005066980928103569
1996-11-27,0.0048052145372625265,0.0037597863119539685,0.004282500424608248
1996-11-29,0.011842081963119689,-0.0011910389495448875,0.005325521506787401
1996-12-02,0.003945030825164888,0.0165596426558153,0.010252336740490094
1996-12-03,0.007098939092346306,-0.01910006759554129,-0.006000564251597493
1996-12-04,-0.005354035642543394,0.00485556297590621,-0.00024923633331859225
1996-12-05,-0.016947819382365087,0.011408005446356862,-0.0027699069680041126
1996-12-06,-0.004003346363354112,0.008484704006275769,0.0022406788214608285
1996-12-09,0.014132874498010572,0.002353565807463586,0.008243220152737079
1996-12-10,0.005376861511080417,-0.003051684998672883,0.001162588256203767
1996-12-11,-0.0152947689941602,0.0064112486143753835,-0.0044417601898924085
1996-12-12,-0.011479924265108434,0.0016092728945833051,-0.0049353256852625645
1996-12-13,0.00643360697678392,-0.0006038931465391693,0.0029148569151223754
1996-12-16,-0.01328412584350038,0.006194284388487407,-0.0035449207275064865
1996-12-17,-0.004068554649172944,-0.0005674390013247004,-0.002317996825248822
1996-12-18,-0.004754209685276906,-0.0009356669702616072,-0.0028449383277692566
1996-12-19,0.01566777946005169,-0.003039861377884537,0.006313959041083577
1996-12-20,0.007581230201228574,0.0035741755656705032,0.005577702883449539
1996-12-23,0.0031172653018300355,-0.00043957337885372195,0.0013388459614881569
1996-12-24,-0.0025180765133600014,0.003624155363023266,0.0005530394248316323
1996-12-26,0.005412941693367769,-0.0017706932842941707,0.0018211242045367989
1996-12-27,0.010680751938460511,0.0054317969575039616,0.008056274447982237
1996-12-30,0.008810951802822091,0.006671448462917178,0.007741200132869634
1996-12-31,-0.011924242857641277,0.013801366001682637,0.00093856157202068
1997-01-02,-0.0167448744740488,0.0010396981684005473,-0.007852588152824126
1997-01-03,0.009671305793405811,0.012141030172385426,0.010906167982895619
1997-01-06,-0.01146982249170814,0.001850526741868758,-0.004809647874919692
1997-01-07,-0.002657918055737773,-0.002666470863358923,-0.002662194459548348
1997-01-08,0.001983477300712485,0.005896622029548598,0.003940049665130541
1997-01-09,0.011833931038681446,-0.0020377417313303466,0.00489809465367555
1997-01-10,-0.018437221253093487,0.004209052255854785,-0.007114084498619351
1997-01-13,0.0018497805996007392,-0.004674510394482282,-0.0014123648974407712
1997-01-14,-0.0007160014177759609,-0.0008562036858317267,-0.0007861025518038438
1997-01-15,-0.005792803722965331,0.0034546674469811437,-0.0011690681379920935
1997-01-16,-0.00213263007957062,-0.0003637565261908708,-0.0012481933028807453
1997-01-17,0.006700976087525308,0.0006437013155226216,0.003672338701523965
1997-01-20,0.003783544446805947,0.005075199688899321,0.004429372067852634
1997-01-21,0.005339458625315802,0.002608141609194436,0.003973800117255118
1997-01-22,0.0036073011987132393,0.003527754542984015,0.003567527870848627
1997-01-23,0.0017001917019896016,0.0007077312454415674,0.0012039614737155845
1997-01-24,-0.006150727617839408,-0.002079106850449753,-0.0041149172341445805
1997-01-27,0.003441734811805462,0.002307012726740927,0.0028743737692731946
1997-01-28,0.006851091571127338,0.0024019594716976583,0.0046265255214124985
1997-01-29,-0.0013030613897163671,0.012743905887363816,0.005720422248823725
1997-01-30,-0.0032422653220265363,0.007202753641537647,0.001980244159755555
1997-01-31,0.0047427281105267595,-0.012323008030840337,-0.003790139960156789
1997-02-03,0.004198042988153496,-0.002165066267929984,0.0010164883601117558
1997-02-04,0.001466232966810484,0.0010634939157803853,0.0012648634412954346
1997-02-05,0.008017632652956687,-0.0023955644093849606,0.002811034121785863
1997-02-06,0.0035462947149105897,0.0002520988105176454,0.0018991967627141175
1997-02-07,-0.006115291499798419,-0.007001386180615904,-0.006558338840207161
1997-02-10,-0.004138770463718886,0.00205328148199146,-0.0010427444908637131
1997-02-11,-0.0026666029859716183,0.0019507466457062835,-0.0003579281701326674
1997-02-12,0.00980861083400236,0.0009344599494735827,0.005371535391737972
1997-02-13,-0.000321573951262069,-0.004834084446130909,-0.002577829198696489
1997-02-14,9.648511178610326e-05,-0.009115739566069155,-0.004509627227141526
1997-02-18,-0.0075737138481600606,-0.009586829688223584,-0.008580271768191823
1997-02-19,0.00515035807317498,0.0007163746263438479,0.002933366349759414
1997-02-20,-0.009215495194471453,-0.01307100134433567,-0.011143248269403562
1997-02-21,0.005868776409730081,-0.0033450904871987677,0.0012618429612656565
1997-02-24,0.0027075974312206087,0.0038581957217004854,0.0032828965764605473
1997-02-25,-0.006998454460449934,-0.0005284159410636144,-0.003763435200756774
1997-02-26,0.008444214889751002,0.01957846730451046,0.01401134109713073
1997-02-27,-0.007303252780191806,-0.015055949551192027,-0.011179601165691916
1997-02-28,-0.0010853569360147006,-0.009071614231993985,-0.005078485584004343
1997-03-03,0.001634162931736194,0.0036489205820062812,0.0026415417568712374
1997-03-04,-0.00013350841837105444,0.014128373955294307,0.006997432768461626
1997-03-05,-0.0007749029097049025,0.006037714791997831,0.002631405941146464
1997-03-06,-0.004534619709939615,-0.0002669309611891759,-0.0024007753355643957
1997-03-07,-0.0007191550043895811,0.003087093919703045,0.001183969457656732
1997-03-10,-0.008119927914798169,0.0030783894349216234,-0.0025207692399382723
1997-03-11,0.0052062246214712865,-0.0062352608637582475,-0.0005145181211434805
1997-03-12,0.003685716417678948,-0.0034066669834474706,0.00013952471711573878
1997-03-13,-0.0018120985796836126,-0.011139037445536903,-0.006475568012610258
1997-03-14,-0.0029795336292578094,-0.007243307110168508,-0.005111420369713159
1997-03-17,0.0052178976681798075,-0.0012646762356357468,0.0019766107162720306
1997-03-18,-0.009339438427098293,0.0007217110752814709,-0.004308863675908411
1997-03-19,-0.002605475240487938,-0.002224289723115722,-0.0024148824818018303
1997-03-20,0.00018890110290841443,-0.00029934500193844947,-5.522194951501752e-05
1997-03-21,0.003178222011606266,0.002288713247608051,0.002733467629607159
1997-03-24,0.009098062883491038,0.0016704920725934339,0.005384277478042236
1997-03-25,-0.0030566869106563527,0.006640071745550447,0.001791692417447047
1997-03-26,-0.0003890549289483733,-0.0021583298792139938,-0.0012736924040811835
1997-03-27,-0.018772618395648387,0.006795120237541856,-0.0059887490790532655
1997-03-31,0.01008808989804519,-0.003789274171327729,0.0031494078633587308
1997-04-01,-0.003893920070938466,-0.005794112995072885,-0.004844016533005676
1997-04-02,0.010108949084398593,-0.0026043209520431624,0.0037523140661777153
1997-04-03,0.003820872654343356,0.0006655231885351568,0.0022431979214392562
1997-04-04,0.009179770248865224,-0.003494970252759013,0.0028423999980531052
1997-04-07,-0.0032073012001534906,-0.01741070202879609,-0.01030900161447479
1997-04-08,0.0006849101187787205,-0.00041830767096239814,0.0001333012239081612
1997-04-09,-0.0001635676950706305,-0.003598132772931488,-0.0018808502340010593
1997-04-10,-0.010341051240213705,-0.005006397406334582,-0.007673724323274143
1997-04-11,-0.00873488232985288,0.006203584424636881,-0.0012656489526079997
1997-04-14,-0.007122453523203497,-0.0029073874510846046,-0.005014920487144051
1997-04-15,0.015273512136270727,-0.001704009077040961,0.006784751529614883
1997-04-16,0.006860938386550721,0.007140338723779207,0.007000638555164964
1997-04-17,-0.00042572152378957096,-0.0074193182140428185,-0.003922519868916194
1997-04-18,-0.0017046197395477571,-0.0035618116841654906,-0.002633215711856624
1997-04-21,-0.009089359013925609,0.0005428386522600967,-0.004273260180832756
1997-04-22,0.014274802160217407,-0.0052753064258162325,0.0044997478672005875
1997-04-23,-0.0016720116700625275,0.004578242435346095,0.0014531153826417838
1997-04-24,-5.588382458208578e-05,0.012369249894422138,0.006156683034920026
1997-04-25,-0.003856797782627146,-0.004249372361275592,-0.004053085071951369
1997-04-28,0.013187649124536382,0.009115298401158272,0.011151473762847327
1997-04-29,0.015289132296826739,-0.0111406244851977,0.0020742539058145196
1997-04-30,0.003984590425259072,-0.0019921691188851186,0.000996210653186977
1997-05-01,0.0021562651475940924,0.002764153437552278,0.002460209292573185
1997-05-02,0.007346023860334214,0.003483144832883832,0.005414584346609023
1997-05-05,0.006658752615845408,0.0041126842268794025,0.005385718421362405
1997-05-06,0.0023364908008672225,0.011364651970947512,0.006850571385907367
1997-05-07,-0.013606110826638738,-0.023447921235276635,-0.018527016030957688
1997-05-08,-0.0054066068330000695,0.0016520770863368648,-0.0018772648733316024
1997-05-09,-0.012873667115231382,-0.009416416050104001,-0.011145041582667692
1997-05-12,0.0014376665261837027,0.012363850711233174,0.0069007586187084385
1997-05-13,-0.005289560571785604,-0.00796413950596287,-0.006626850038874237
1997-05-14,0.004060329286602309,0.010151337115722936,0.007105833201162623
1997-05-15,-0.0014729039333018805,0.0022937537142793426,0.0004104248904887311
1997-05-16,-0.010796816195070665,-0.001317121593838782,-0.006056968894454723
1997-05-19,0.0031599229093634933,0.004575515426367556,0.003867719167865525
1997-05-20,0.0056324034969345675,0.011426640060864891,0.00852952177889973
1997-05-21,-0.0040080561955532735,-0.004842662954399293,-0.004425359574976284
1997-05-22,0.003689827545776696,-0.0008384707043538538,0.001425678420711421
1997-05-23,0.01064396699516693,0.011663654661569994,0.01115381082836846
1997-05-27,0.010290692796847679,-0.0002664716953984415,0.005012110550724619
1997-05-28,-0.005859057036678895,-0.0039045580005448335,-0.0048818075186118646
1997-05-29,0.005982337981076904,0.005177356577592583,0.0055798472793347435
1997-05-30,0.007040628656003753,0.010979798809770597,0.009010213732887174
1997-06-02,-0.005399830973537955,-0.005478398693368244,-0.005439114833453099
1997-06-03,0.0034954451075426547,-0.002148299303129637,0.0006735729022065088
1997-06-04,0.006655705062887817,0.0014230106959196849,0.004039357879403751
1997-06-05,-0.0027189063444618983,-0.004880208965805454,-0.0037995576551336763
1997-06-06,0.009878345658563489,0.009559579022574977,0.009718962340569234
1997-06-09,-0.011617431252054625,-0.008187884155845709,-0.009902657703950168
1997-06-10,0.0036035252732413282,0.008373700762457893,0.005988613017849611
1997-06-11,-0.0025165299202516084,-0.001941814834796162,-0.002229172377523885
1997-06-12,0.026401294967385577,0.02453068284595761,0.025465988906671594
1997-06-13,0.008736609373093474,0.009428019358611572,0.009082314365852523
1997-06-16,0.00766247372460217,0.01065845743384862,0.009160465579225395
1997-06-17,-0.003198998988519386,-0.0039443676482897065,-0.003571683318404546
1997-06-18,0.009957888404143753,0.010166264567979469,0.01006207648606161
1997-06-19,0.0069634996378078445,0.007024568602258931,0.006994034120033387
1997-06-20,0.004240098341269544,0.005085462673815793,0.0046627805075426685
1997-06-23,-0.0047660068791358,-0.002351668346440552,-0.003558837612788176
1997-06-24,0.0015050590821635754,-0.006764994875378447,-0.0026299678966074354
1997-06-25,-0.0077051638176065295,-0.0033269072756100275,-0.0055160355466082785
1997-06-26,-0.0007224148136665678,-0.00585599050061607,-0.0032892026571413185
1997-06-27,0.01190765013802852,0.017521260311415373,0.014714455224721947
1997-06-30,-0.006959346470859364,0.0031608296684043683,-0.0018992584012274976
1997-07-01,0.012504978712089866,0.021879740756265986,0.017192359734177924
1997-07-02,0.0036350048901590054,0.01474131720116687,0.009188161045662937
1997-07-03,0.0210895031131954,0.022798458600635143,0.02194398085691527
1997-07-07,0.0046457643236973946,0.014377709815389585,0.00951173706954349
1997-07-08,-0.0050355058052933555,-0.007884611522210355,-0.006460058663751855
1997-07-09,-0.012293530560402327,-0.013961230636796435,-0.013127380598599381
1997-07-10,0.009461393102566292,0.007115864615823239,0.008288628859194767
1997-07-11,0.0017231278716333693,0.004111709424589856,0.0029174186481116127
1997-07-14,-0.0055370592947187585,-0.01633938157924814,-0.010938220436983448
1997-07-15,-0.0068654747629594785,-0.000564547731182308,-0.003715011247070893
1997-07-16,0.0050547454380582444,0.015100145555642467,0.010077445496850355
1997-07-17,0.0037963835745521667,0.0001887680934748166,0.001992575834013492
1997-07-18,-0.0017432451144147793,-0.019029599038899805,-0.010386422076657293
1997-07-21,0.002737259712138234,0.0057286519580891215,0.004232955835113678
1997-07-22,-0.008810494109333563,0.010758950606826396,0.0009742282487464164
1997-07-23,-0.003832339191275996,0.00037519308140559294,-0.0017285730549352015
1997-07-24,0.004288629328382286,0.004659440952609376,0.0044740351404958315
1997-07-25,0.005557461135571256,-0.0017077647484996976,0.0019248481935357793
1997-07-28,-0.007153585834712635,-0.014366808402333408,-0.01076019711852302
1997-07-29,-0.0025939096390300434,0.004045029907033079,0.0007255601340015179
1997-07-30,-0.006758585170706143,0.0045481792488997076,-0.0011052029609032177
1997-07-31,0.0030534365862211915,0.00412206953363729,0.0035877530599292403
1997-08-01,0.0015760098147158657,-0.02739550676075214,-0.012909748473018137
1997-08-04,0.0020186895602463486,0.006063142664713667,0.004040916112480007
1997-08-05,0.007762605670668671,0.009516432366338387,0.008639519018503529
1997-08-06,-0.01093093763268748,-0.011430158368907671,-0.011180548000797576
1997-08-07,0.0019548170506292592,-0.004182344494512296,-0.0011137637219415183
1997-08-08,-0.020710518662951517,-0.039871417923079404,-0.03029096829301546
1997-08-11,0.008412679288411766,0.01220864136264832,0.010310660325530043
1997-08-12,-0.01051001480895742,-0.007344259666786268,-0.008927137237871844
1997-08-13,-0.002546769087786232,0.0030405368406909903,0.00024688387645237925
1997-08-14,0.009310505769633428,0.014441543542523343,0.011876024656078385
1997-08-15,0.0005032707139635728,-0.003799836376957457,-0.001648282831496942
1997-08-18,-0.0025082010042700824,0.007451204525640135,0.0024715017606850263
1997-08-19,-0.0017830116300012705,-0.0016822137213966652,-0.0017326126756989678
1997-08-20,-0.0025516230873282066,-0.001364511567036407,-0.001958067327182307
1997-08-21,-0.00857169292092764,-0.022055440373111128,-0.015313566647019383
1997-08-22,0.005448013493393985,-0.0012362398478433867,0.0021058868227752992
1997-08-25,0.004810714897558154,-0.0018157124586560389,0.0014975012194510576
1997-08-26,0.0026507417444614004,0.0017696087104147674,0.002210175227438084
1997-08-27,-0.0042197146840325,-0.0006762658497845226,-0.0024479902669085115
1997-08-28,-0.002785375139999732,0.0041849916505422614,0.0006998082552712647
1997-08-29,0.00864429500951006,0.001220000679844798,0.004932147844677428
1997-09-01,0.0001784000324024463,0.00025362515611858036,0.00021601259426051332
1997-09-02,-0.007417652826033242,-0.001752553088832418,-0.00458510295743283
1997-09-03,0.0016033358153583882,-0.0024438756518300312,-0.0004202699182358215
1997-09-04,0.005050267366720131,0.0009997751876948055,0.003025021277207468
1997-09-05,0.002987533909045877,0.002010127247472129,0.002498830578259003
1997-09-08,0.0023524806768420135,0.0033408849866482858,0.00284668283174515
1997-09-09,-0.006118359562449038,-0.006535910595245032,-0.006327135078847035
1997-09-10,-0.0027127983178615606,-0.003985533747725776,-0.003349166032793668
1997-09-11,-0.0015228503969482322,-0.008407753404212867,-0.0049653019005805495
1997-09-12,0.012049069524976603,0.02516356307143274,0.018606316298204674
1997-09-15,0.0010988705262649505,0.0017938575654743657,0.0014463640458696582
1997-09-16,-0.00048493348798634003,0.02436617565553428,0.01194062108377397
1997-09-17,0.00022270195856277306,0.0010891114502794587,0.0006559067044211159
1997-09-18,0.0076245763222286735,0.007003787503011158,0.007314181912619916
1997-09-19,0.0050092261380337046,0.0032274715131769063,0.0041183488256053054
1997-09-22,-0.004988606206407221,0.004416094017647997,-0.0002862560943796117
1997-09-23,0.0012099940259503816,-0.0025882665916386045,-0.0006891362828441114
1997-09-24,-0.005061246741915831,0.0004928307605408498,-0.0022842079906874907
1997-09-25,0.006182243278617423,-0.003628523645042581,0.001276859816787421
1997-09-26,-0.0017472969309378587,0.011202975452798575,0.004727839260930358
1997-09-29,0.004352455002929696,0.007285445537470967,0.0058189502702003315
1997-09-30,-0.0026974832872813702,-0.009695531409856472,-0.006196507348568921
1997-10-01,-0.0003310597540195341,0.013045978750656807,0.0063574594983186366
1997-10-02,-0.002389269533543201,0.007523843980516192,0.0025672872234864955
1997-10-03,-0.00636437601830044,-0.003351857033697741,-0.004858116525999091
1997-10-06,-0.0007977457106329026,0.0011206938196581448,0.00016147405451262113
1997-10-07,-0.005394305389774714,-0.003104465407183939,-0.004249385398479326
1997-10-08,-0.0024701462509922056,-0.021974713734634044,-0.012222429992813125
1997-10-09,0.002912887739101841,0.0007891798527376086,0.0018510337959197249
1997-10-10,-0.0034768353289764712,-0.016427385096800216,-0.009952110212888344
1997-10-13,0.002384656105382761,-0.009308646563977169,-0.0034619952292972043
1997-10-14,0.01133240606140177,0.011424334486630015,0.011378370274015892
1997-10-15,-0.002984471592153046,-0.004563536001087215,-0.0037740037966201307
1997-10-16,-0.00605002798136985,-0.007656959835524074,-0.006853493908446962
1997-10-17,0.0070282366246885025,-0.00856280408856045,-0.0007672837319359733
1997-10-20,0.005583370347478708,0.004991264509837713,0.005287317428658211
1997-10-21,-0.005593007971558163,-0.0012230441486175074,-0.003408026060087835
1997-10-22,-0.0027383264283153794,0.0029179571298856713,8.981535078514597e-05
1997-10-23,0.0010995932711078027,-0.0006613118008065106,0.00021914073515064608
1997-10-24,0.004029445665255508,0.009580673927331605,0.006805059796293557
1997-10-27,0.004663261478665544,-0.00011828363737797124,0.0022724889206437865
1997-10-28,0.004995824269936264,-0.0006793718669076636,0.0021582262015143
1997-10-29,0.002434756791777133,0.011636935433017607,0.00703584611239737
1997-10-30,-0.006643130235342659,0.0004638107721956088,-0.003089659731573525
1997-10-31,0.002121600348989037,0.006904838263695066,0.004513219306342051
1997-11-03,0.005829192746318169,-0.0004806966455239071,0.002674248050397131
1997-11-04,0.0074803516424229565,-0.004781063099168777,0.0013496442716270898
1997-11-05,0.005991170252071612,-0.0015683763118206073,0.0022113969701255025
1997-11-06,-0.002516956720606645,0.003930231061360921,0.0007066371703771379
1997-11-07,0.0007770158297561991,0.005136487381139783,0.0029567516054479913
1997-11-10,0.01165916960117611,-0.0014122339134945568,0.005123467843840776
1997-11-11,-0.0003734127813789912,-0.00026158438653498363,-0.0003174985839569874
1997-11-12,0.007538052170760817,0.008039062542935727,0.007788557356848272
1997-11-13,0.0017938743364317453,-0.0004637640486110245,0.0006650551439103604
1997-11-14,-0.0010915102931295605,0.003296219732928471,0.0011023547198994552
1997-11-17,-0.001947088833991428,0.006330315388116782,0.002191613277062677
1997-11-18,-0.0017784897377092256,0.002785284706195941,0.0005033974842433577
1997-11-19,0.00544458948250963,0.01332264165985677,0.0093836155711832
1997-11-20,0.0011266185783682819,0.0032991442685110428,0.0022128814234396625
1997-11-21,-0.001544779088666447,0.0017834797345863034,0.00011935032295992817
1997-11-24,-0.0023291531196416083,-0.007297340399107194,-0.004813246759374401
1997-11-25,0.0010559959377307664,-0.0005206737451741558,0.0002676610962783053
1997-11-26,-0.0068058152379483665,-0.0018305085637737467,-0.004318161900861057
1997-11-27,0.00041349219003538825,0.00025644547924997266,0.00033496883464268043
1997-11-28,0.004542436699742129,-0.0044507744827381535,4.583110850198786e-05
1997-12-01,-0.0008441802734377734,0.011650938623316641,0.005403379174939433
1997-12-02,0.0013126578438822987,-0.0030221673014961172,-0.0008547547288069092
1997-12-03,-0.002491553345237969,0.006425045485342696,0.0019667460700523633
1997-12-04,-0.0008673449347915202,0.0013466552194345744,0.00023965514232152714
1997-12-05,0.0007706288976554818,-0.009559940060046528,-0.004394655581195523
1997-12-08,-0.005728496973065295,-0.010489040784082283,-0.008108768878573789
1997-12-09,-0.0070291379270097445,-0.0013368090881006106,-0.004182973507555178
1997-12-10,0.0015304324451774144,0.0016306506030372592,0.001580541524107337
1997-12-11,0.0031132280604894026,0.014978151655418848,0.009045689857954125
1997-12-12,0.007273125675919618,0.013124301420055565,0.010198713547987591
1997-12-15,0.0038962843328747628,0.0032302296962941662,0.0035632570145844645
1997-12-16,-0.0007808379568324925,0.0014206938221324526,0.00031992793264998005
1997-12-17,-0.011150557593475142,-0.023690078438140496,-0.017420318015807817
1997-12-18,0.01561165497313456,0.008267451939082232,0.011939553456108396
1997-12-19,0.0029209821843030476,0.003884137439225732,0.0034025598117643895
1997-12-22,0.005138741900160363,0.0012408088052359432,0.0031897753526981534
1997-12-23,-0.006768060617310269,-0.003265083717344116,-0.005016572167327192
1997-12-24,-0.001270391073600326,-0.0032812100175509105,-0.0022758005455756182
1997-12-26,0.003926678379496524,0.003299317512225913,0.0036129979458612185
1997-12-29,-0.0006677645718417002,0.011008049551373262,0.005170142489765781
1997-12-30,0.006028327560294263,-0.0011839600930448194,0.002422183733624722
1997-12-31,0.0021642836020593632,0.010203282369385423,0.006183782985722393
1998-01-02,0.005288749008249086,0.020086857228598508,0.012687803118423796
1998-01-05,-0.008418992335012199,0.031233648283773622,0.011407327974380712
1998-01-06,0.0029793492008647862,0.000700214662354031,0.0018397819316094085
1998-01-07,-0.004411554489081439,-0.011383942231913668,-0.007897748360497553
1998-01-08,0.006816059013987932,0.018711474509681816,0.012763766761834874
1998-01-09,-0.011864398889316315,0.007086806438879943,-0.002388796225218186
1998-01-12,0.006755816098360488,0.004294270446132848,0.005525043272246668
1998-01-13,-0.008235159740422444,-0.028905534356107192,-0.018570347048264817
1998-01-14,-0.0012772629540707468,-0.0018222207839540614,-0.001549741869012404
1998-01-15,-0.004101060202263063,-0.009846796202472521,-0.006973928202367792
1998-01-16,0.004963561863528607,-0.010632003857603588,-0.0028342209970374905
1998-01-19,0.0005228128024451101,0.0004495778301855388,0.00048619531631532444
1998-01-20,-0.0002974754157320527,-0.0017109464575676661,-0.0010042109366498594
1998-01-21,0.002640750254016815,0.002939239146968149,0.0027899947004924822
1998-01-22,-0.0016314073157498487,0.0024911896923542572,0.0004298911883022043
1998-01-23,0.009526200447411218,-0.019206495948542377,-0.00484014775056558
1998-01-26,-0.014353524538874132,-0.006224351030107906,-0.010288937784491019
1998-01-27,0.0025321588843810533,-0.01655970386321503,-0.0070137724894169876
1998-01-28,0.0002598781447059058,-0.003323555339700112,-0.001531838597497103
1998-01-29,-0.00011147046337926407,0.013599080170889694,0.006743804853755215
1998-01-30,0.0061700650643470335,0.01206247418848535,0.009116269626416193
1998-02-02,-0.002620921981552998,-0.0022319552783022344,-0.0024264386299276165
1998-02-03,-0.0065187576402951685,0.011401382409470156,0.0024413123845874935
1998-02-04,-0.0024955913577630897,-0.003793531594581168,-0.0031445614761721288
1998-02-05,0.0026241858647462536,-0.005907769835810928,-0.001641791985532337
1998-02-06,0.00730858283864867,-0.00027937376291456054,0.0035146045378670544
1998-02-09,-0.008863069277554925,-0.005406971326657114,-0.00713502030210602
1998-02-10,0.0006678637605758127,-0.0015137547241994961,-0.0004229454818118417
1998-02-11,0.007014572715613457,0.014058279129322756,0.010536425922468106
1998-02-12,0.002103485672526485,0.005749314481825213,0.003926400077175849
1998-02-13,0.00046624467506502205,0.007450502966961242,0.003958373821013132
1998-02-17,0.010253181445869525,0.01451047982941477,0.012381830637642147
1998-02-18,-0.0005066259727241891,-0.004581347628097077,-0.0025439868004106334
1998-02-19,0.004165380534446998,-0.0021394918384582914,0.0010129443479943532
1998-02-20,0.00704233486766646,0.008010853947008536,0.007526594407337498
1998-02-23,-0.0007492195583860975,0.005780805773177102,0.0025157931073955023
1998-02-24,0.005726791187173903,-0.002900240428842417,0.0014132753791657432
1998-02-25,0.005804531479165019,0.0003854573415933618,0.0030949944103791905
1998-02-26,0.0023892302153375013,-0.006664996866726711,-0.0021378833256946047
1998-02-27,-0.004596719219840261,-0.00787417432743531,-0.006235446773637785
1998-03-02,-0.0033084849826039917,-0.019241538134911328,-0.01127501155875766
1998-03-03,0.0038337472961646876,0.002578112501784759,0.0032059298989747234
1998-03-04,-0.001966926767339564,0.00210935975395086,7.121649330564788e-05
1998-03-05,-0.000548280658453928,-0.003145222360404245,-0.0018467515094290866
1998-03-06,0.002978188301024357,0.004812522103381886,0.0038953552022031215
1998-03-09,-0.0014679574226691753,0.0061999042755845855,0.002365973426457705
1998-03-10,0.0024761682661011996,-0.001328577657044154,0.0005737953045285228
1998-03-11,0.005071857764162074,0.00855955519133134,0.006815706477746706
1998-03-12,0.0035339942832601583,0.008480445738991425,0.006007220011125792
1998-03-13,0.009899822626073779,0.01154995987464954,0.010724891250361659
1998-03-16,0.018610473067379375,0.020850724460431288,0.01973059876390533
1998-03-17,-0.004146876693209254,-0.001105613500791159,-0.0026262450970002066
1998-03-18,-0.0018503741840397478,-0.0020875155427249564,-0.001968944863382352
1998-03-19,0.0090149595144753,0.006493178886032524,0.007754069200253912
1998-03-20,0.010415311724760113,0.011157605933918024,0.010786458829339068
1998-03-23,-0.0035273354603058745,-0.017848027035124198,-0.010687681247715037
1998-03-24,0.007501033167179675,0.006253586172612409,0.006877309669896042
1998-03-25,-0.007445237623582028,-0.010376060789015793,-0.008910649206298912
1998-03-26,0.009394287471736932,0.003414062814322261,0.006404175143029597
1998-03-27,0.00324888693269168,-0.0019677280753443013,0.0006405794286736893
1998-03-30,-0.0041230664980507915,-0.0061334511447944575,-0.0051282588214226245
1998-03-31,0.012170786746931738,0.017498783579950848,0.014834785163441293
1998-04-01,0.008227351044772289,0.019956847555850362,0.014092099300311325
1998-04-02,0.0008688609112400067,0.0012836247971129984,0.0010762428541765026
1998-04-03,0.012706713620355152,0.015506053997443849,0.0141063838088995
1998-04-06,0.006808099330454757,0.0011849705104236465,0.003996534920439202
1998-04-07,-0.0030090010755717766,-0.005156785003638488,-0.004082893039605132
1998-04-08,-0.011067614515258542,-0.011621270522375028,-0.011344442518816784
1998-04-09,-0.0013114452913992164,-0.002882519443330071,-0.0020969823673646438
1998-04-13,0.007049417239696696,-0.008361352947876053,-0.0006559678540896782
1998-04-14,0.0024002905659072367,0.01083147801558601,0.006615884290746624
1998-04-15,-0.00595066280265541,-0.009945337170552706,-0.007947999986604058
1998-04-16,-0.0013964706250878733,0.0035755832544547505,0.0010895563146834386
1998-04-17,0.00742741499295713,0.004253171524736327,0.005840293258846729
1998-04-20,0.0007148730472435021,-0.0032771653338425732,-0.0012811461432995356
1998-04-21,0.0003387224685229426,-0.014911743919265603,-0.00728651072537133
1998-04-22,0.008133920083459164,0.006446277813266797,0.00729009894836298
1998-04-23,-0.0043232813968227275,-0.008337223237934229,-0.006330252317378478
1998-04-24,-0.00422612916669109,0.003287905097116746,-0.0004691120347871721
1998-04-27,-0.0013254276084943557,-0.01671548650615577,-0.009020457057325064
1998-04-28,-0.00816720000251223,-0.005370005214262786,-0.006768602608387507
1998-04-29,0.008251450772214935,0.006616552984529423,0.007434001878372179
1998-04-30,0.0031512329699848146,0.02931526388080643,0.01623324842539562
1998-05-01,-0.0045855331845777655,0.0026567739171179904,-0.0009643796337298876
1998-05-04,-0.0019237128567455297,-0.006676613224752973,-0.004300163040749251
1998-05-05,-0.005031761015109782,-0.01242142307693072,-0.008726592046020252
1998-05-06,4.3773346416118436e-05,0.0008439400099209049,0.00044385667816851165
1998-05-07,-0.0012942943138123972,0.0007083306530163726,-0.0002929818303980123
1998-05-08,0.004210352522584905,0.00122455236314614,0.0027174524428655224
1998-05-11,0.0032400984486172604,0.004319666241734493,0.0037798823451758766
1998-05-12,0.005377053236494552,0.014404320320336355,0.009890686778415453
1998-05-13,0.0028678266518716387,-0.0015214168053695675,0.0006732049232510356
1998-05-14,-0.002513161973703531,-0.0059360026567646515,-0.004224582315234092
1998-05-15,0.0034850539954300714,0.0028323909118559117,0.0031587224536429913
1998-05-18,0.004169110791357416,0.017024868815250095,0.010596989803303756
1998-05-19,9.794515976566469e-05,0.004408013282340475,0.00225297922105307
1998-05-20,0.006395165356091521,0.006599076374152502,0.006497120865122012
1998-05-21,-0.0063861771087662675,-0.006649558807493946,-0.006517867958130107
1998-05-22,0.001580915814052587,0.0018725680073113224,0.0017267419106819547
1998-05-26,-0.0021514866309284516,0.02491068074184256,0.011379597055457054
1998-05-27,-0.0025779989400859567,0.011209895550716381,0.004315948305315212
1998-05-28,0.006425702833304549,0.00274467968262926,0.0045851912579669045
1998-05-29,-0.007181259371177725,-0.0018473393750517088,-0.0045142993731147165
1998-06-01,0.0023598860915089127,0.01686586355101057,0.009612874821259741
1998-06-02,-0.0012479289742021733,-0.009520532666939257,-0.005384230820570715
1998-06-03,-0.0029891364759715993,-0.002722995491591407,-0.002856065983781503
1998-06-04,0.0019816228184935144,-0.0008234711566750571,0.0005790758309092287
1998-06-05,0.006138073126653073,0.010703368190497891,0.008420720658575482
1998-06-08,0.006161358272555743,0.005245959564235498,0.00570365891839562
1998-06-09,0.005408939446501389,0.004942692273954815,0.005175815860228102
1998-06-10,0.0033740863106064833,0.005489906313453848,0.004431996312030166
1998-06-11,0.0012771443130970366,0.019949698384695912,0.010613421348896474
1998-06-12,0.0016512558006858157,0.0013308254444864373,0.0014910406225861267
1998-06-15,0.0035830587042884826,0.01858632572301742,0.011084692213652951
1998-06-16,-0.0007481468974661335,-0.014908045647337331,-0.007828096272401733
1998-06-17,-0.011438240868514811,-0.031203004791830254,-0.021320622830172532
1998-06-18,0.005223673230455694,0.010800780388975702,0.008012226809715698
1998-06-19,-0.001735029615323937,-0.008905099945606688,-0.005320064780465312
1998-06-22,0.0030715470479547894,0.004623209043146202,0.003847378045550496
1998-06-23,-0.0029418022638792343,-0.0017038728225350123,-0.0023228375432071233
1998-06-24,0.005579252879539275,0.0017436180186115732,0.0036614354490754238
1998-06-25,0.006751221000884696,0.005432529401083554,0.006091875200984125
1998-06-26,0.0029148377012612236,0.0014988862398770295,0.0022068619705691264
1998-06-29,0.007132497737549986,-0.0036934231397063462,0.00171953729892182
1998-06-30,-0.008997524124718544,-0.003826801922833567,-0.006412163023776056
1998-07-01,-0.0007623374220681652,0.0037164032879306204,0.0014770329329312276
1998-07-02,0.007477209915486428,0.006856155201200323,0.007166682558343376
1998-07-06,0.005748187799155523,0.01346750860842357,0.009607848203789546
1998-07-07,-0.0006622721749402,-0.012322669470474534,-0.006492470822707367
1998-07-08,0.000578415198331866,0.002410093165347137,0.0014942541818395013
1998-07-09,0.0032780357266529686,0.006503433605173129,0.0048907346659130485
1998-07-10,0.006326830178218632,0.007811474365021483,0.007069152271620058
1998-07-13,0.0011907273498800446,-0.014247049564920605,-0.00652816110752028
1998-07-14,-0.0025375050150047485,-0.001184622004053725,-0.0018610635095292368
1998-07-15,0.00026894714930798726,-0.0013359709426994857,-0.0005335118966957492
1998-07-16,0.004506268558446514,-0.002562829275441418,0.0009717196415025479
1998-07-17,0.001590363106982012,-0.008484522809306536,-0.0034470798511622622
1998-07-20,0.010168194782635958,0.007523896023707266,0.008846045403171611
1998-07-21,-0.006005007590660175,0.0068835925101929235,0.00043929245976637426
1998-07-22,0.0017578007576277458,0.0014259561117347626,0.0015918784346812542
1998-07-23,-0.0019430260879469935,0.0013607225671266347,-0.0002911517604101794
1998-07-24,0.0019644256683677055,-0.0009149424322837242,0.0005247416180419906
1998-07-27,-0.0013924045056204308,0.002806379752999748,0.0007069876236896586
1998-07-28,-0.008287526895209747,-0.006503843773059914,-0.00739568533413483
1998-07-29,0.0021623252076805495,0.0006606092660466472,0.0014114672368635984
1998-07-30,0.006080690239625243,0.0023911860587635413,0.004235938149194392
1998-07-31,-0.003479841101535155,0.003960739693240613,0.00024044929585272904
1998-08-03,0.004967757976821687,0.01780059150275487,0.011384174739788278
1998-08-04,-0.013989724973626676,-0.0011858971589368314,-0.007587811066281753
1998-08-05,0.0020724395936390057,0.004411602881470828,0.003242021237554917
1998-08-06,0.0019586470924898313,-0.0026437127377189115,-0.00034253282261454006
1998-08-07,0.005435466090081571,0.009212020755252785,0.007323743422667178
1998-08-10,0.00726895950931285,0.002470267497473666,0.004869613503393258
1998-08-11,0.00250055617406467,0.011107725124548985,0.006804140649306827
1998-08-12,0.004671046730459542,-0.001665176934781241,0.0015029348978391503
1998-08-13,-0.010377245062240662,-0.008194867000317104,-0.009286056031278883
1998-08-14,0.00086715192512276,0.0007540168034443003,0.0008105843642835301
1998-08-17,0.004789280832356286,-0.0025255985445699057,0.0011318411438931903
1998-08-18,0.0032996440654725428,0.0036354451217226543,0.0034675445935975985
1998-08-19,-0.005360918215565167,-0.0008333939478542005,-0.003097156081709684
1998-08-20,-0.005557119809427135,0.003951656293823054,-0.0008027317578020404
1998-08-21,0.007995332253276243,0.020430547227595543,0.014212939740435894
1998-08-24,-0.0035097837969560613,0.0006373382681838331,-0.001436222764386114
1998-08-25,0.0001591110904762851,0.010734187633615364,0.005446649362045824
1998-08-26,0.0015874913959299144,0.01163543630933823,0.006611463852634072
1998-08-27,-0.01043835989218593,0.014238843039950192,0.0019002415738821306
1998-08-28,-0.004972847389134781,0.018598364116480803,0.006812758363673011
1998-08-31,-0.012975457115087413,0.0015619794534628046,-0.005706738830812304
1998-09-01,-0.006023156187536207,-0.02763514739213376,-0.016829151789834983
1998-09-02,0.002755483048366805,-0.006476654789951536,-0.0018605858707923654
1998-09-03,-0.014602047523658767,-0.008528666719326339,-0.011565357121492554
1998-09-04,-0.00046232178874438634,-0.0002825236821322193,-0.00037242273543830283
1998-09-08,0.0041340465112456055,-0.017625693365214887,-0.006745823426984641
1998-09-09,0.009920609550961716,0.029231213969315283,0.0195759117601385
1998-09-10,-0.01218469863677754,0.018027543321304747,0.0029214223422636037
1998-09-11,0.0019421064453143287,-0.017882376935687016,-0.007970135245186343
1998-09-14,0.005670187261037076,0.002794113085489732,0.004232150173263404
1998-09-15,0.0034337424022142194,-0.007812042815266039,-0.0021891502065259096
1998-09-16,0.0015443707828409216,0.01407739927173706,0.007810885027288991
1998-09-17,-0.010035396047692147,0.0006194252459812453,-0.004707985400855451
1998-09-18,-0.00768246546851231,0.004697953142012651,-0.0014922561632498294
1998-09-21,0.004225970328866749,0.0004512679144931819,0.0023386191216799653
1998-09-22,0.004559569402884225,-0.0049252491115380805,-0.00018283985432692752
1998-09-23,0.0002686450181866223,0.007516536482953006,0.003892590750569814
1998-09-24,-0.00662405204543553,-0.003617890923817711,-0.00512097148462662
1998-09-25,0.0014554078824904676,0.0030184099441046526,0.00223690891329756
1998-09-28,-6.876545833999783e-05,-0.0008920616662429289,-0.00048041356229146335
1998-09-29,-0.005551140177891675,0.0031104137235237806,-0.0012203632271839471
1998-09-30,-0.002826183574875577,0.01675994840828478,0.006966882416704602
1998-10-01,-0.007540012210943251,0.02270414480330523,0.00758206629618099
1998-10-02,0.007387838800725997,-0.007531769167839648,-7.196518355682578e-05
1998-10-05,-0.0002622915074398202,0.007445635689570617,0.003591672091065398
1998-10-06,-0.0030159406652958682,-0.01075283451438952,-0.006884387589842694
1998-10-07,-0.011495595352262442,-0.0276612617819558,-0.019578428567109122
1998-10-08,0.009074974205027335,-0.017798445120104346,-0.004361735457538506
1998-10-09,0.00728514377731704,-0.030222514012141273,-0.011468685117412118
1998-10-12,-0.0001215760071866307,0.004058860373626736,0.001968642183220053
1998-10-13,0.004563904909347581,-0.0011144729705498376,0.0017247159693988719
1998-10-14,0.0011253412257285827,0.0117872413169547,0.006456291271341641
1998-10-15,0.004034633580881396,-0.0062756543543059555,-0.0011205103867122797
1998-10-16,-0.005518749015352203,0.0014980638813201226,-0.00201034256701604
1998-10-19,0.0025331267974042435,0.01036356324995814,0.006448345023681192
1998-10-20,-0.0015655409823238453,0.002543401010998969,0.0004889300143375618
1998-10-21,0.0018673501479240348,-0.003991921973297235,-0.0010622859126866002
1998-10-22,0.005667958898069414,-0.0019238169674777469,0.0018720709652958335
1998-10-23,-0.0006353185352572613,-0.0038453258854301018,-0.0022403222103436816
1998-10-26,0.015049337424678667,-0.003516289629827825,0.005766523897425421
1998-10-27,-0.005878581889702324,0.010318906780557106,0.002220162445427391
1998-10-28,-0.0010432141622258035,7.621959378037172e-05,-0.0004834972842227159
1998-10-29,3.2319703650145366e-05,0.004211792368286365,0.002122056035968255
1998-10-30,-0.002048208530328447,-0.011298986438068235,-0.006673597484198341
1998-11-02,-0.0010129157606771947,-0.0001287124719134869,-0.0005708141162953408
1998-11-03,0.0030077584550826457,0.0020848933443841974,0.0025463258997334218
1998-11-04,-0.0011934299130028484,-0.00717318743015612,-0.004183308671579484
1998-11-05,0.003292556649377582,-0.004119476876307736,-0.000413460113465077
1998-11-06,0.002596567768949046,-0.006037603952725862,-0.0017205180918884078
1998-11-09,0.010541867933682583,0.008110246688142782,0.009326057310912683
1998-11-10,0.003377958465592371,-0.0004009998813889904,0.0014884792921016903
1998-11-11,-0.0028180493706607837,-0.005015104566890648,-0.003916576968775716
1998-11-12,-0.0026830229426590777,-0.0019194953436170003,-0.002301259143138039
1998-11-13,0.0050938117467633545,0.011557940949498491,0.008325876348130923
1998-11-16,-0.0032108675556218446,-0.0011730148483091404,-0.0021919412019654923
1998-11-17,-0.0002872242308418787,-0.0042147962492490275,-0.002251010240045453
1998-11-18,0.002663331509107199,-0.008808579713817372,-0.0030726241023550866
1998-11-19,0.001296866696827043,0.0015349445404084817,0.0014159056186177623
1998-11-20,0.00010512449564224128,0.0053337857230006365,0.002719455109321439
1998-11-23,0.003916593569466606,0.01689793618581883,0.010407264877642718
1998-11-24,0.0022647235076605435,0.004443210002937828,0.003353966755299186
1998-11-25,0.0050251654791925926,0.00252049471843529,0.003772830098813941
1998-11-27,0.007100917623067226,-0.001690002129202773,0.0027054577469322267
1998-11-30,0.007842930953813828,0.0076179993860693235,0.007730465169941575
1998-12-01,-0.00031257624248182386,0.01197230768272814,0.005829865720123157
1998-12-02,-0.0008124786078861131,0.0022464404616014525,0.0007169809268576697
1998-12-03,0.00024057239666380964,0.007681558197144402,0.003961065296904106
1998-12-04,0.0026151874290230104,-0.00262826945351247,-6.5410122447298515e-06
1998-12-07,-5.746139496148623e-05,-0.009216376832625063,-0.004636919113793275
1998-12-08,0.0036728975102443273,0.015914736092826315,0.009793816801535321
1998-12-09,-0.0034554688758309604,0.01239140082930298,0.004467965976736011
1998-12-10,-0.003328751933229809,0.007570618182885348,0.0021209331248277694
1998-12-11,-0.0036855964851858335,0.008399076599684073,0.00235674005724912
1998-12-14,-0.0060777648741549605,9.304974187962447e-05,-0.002992357566137668
1998-12-15,0.00026169059343274063,-0.007878462002253566,-0.003808385704410413
1998-12-16,-0.0037339311538520975,-0.00969560802461167,-0.0067147695892318835
1998-12-17,0.018346444700997222,0.024572984153827523,0.021459714427412374
1998-12-18,0.0006068888883645262,0.005718203046728954,0.00316254596754674
1998-12-21,0.00046263226865382676,-0.004500355922400429,-0.002018861826873301
1998-12-22,-0.003657071497631225,-0.00413779683354085,-0.0038974341655860375
1998-12-23,0.0004982971065331067,-0.003194780537401138,-0.0013482417154340154
1998-12-24,0.0012346818575287746,-0.011685130185482718,-0.005225224163976971
1998-12-28,-0.002181469321477509,0.008837791494406992,0.0033281610864647417
1998-12-29,0.002074486052788387,0.00761952031801307,0.0048470031854007285
1998-12-30,0.0019918713657891144,0.007810995108006752,0.004901433236897934
1998-12-31,-0.007006744054070672,-0.0005985922707170323,-0.003802668162393852
1999-01-04,-0.00022953797004354368,8.398376723584849e-07,-0.0001143490661855926
1999-01-05,-0.00120624148951884,-0.0023106204784405417,-0.0017584309839796908
1999-01-06,0.008519066796038597,-0.015431208257680276,-0.00345607073082084
1999-01-07,-0.01590339338627536,-0.0028676281894948258,-0.009385510787885094
1999-01-08,-0.007024749501875782,-0.015347721562649335,-0.011186235532262558
1999-01-11,-0.015214335413447999,-0.0029579764179755597,-0.00908615591571178
1999-01-12,0.019399131174360516,0.013647597244803354,0.016523364209581934
1999-01-13,0.00724280266806304,0.02120303052382069,0.014222916595941864
1999-01-14,0.004873064027805113,0.009157567020562326,0.00701531552418372
1999-01-15,0.00047143742647726584,-0.004726274303364587,-0.0021274184384436606
1999-01-19,-0.001316212457102798,0.009835114793192217,0.004259451168044709
1999-01-20,2.838805791641197e-05,-0.004092204802178293,-0.0020319083721309405
1999-01-21,-0.0007320675952677666,-0.0013715531029546639,-0.0010518103491112152
1999-01-22,0.009426926221400506,0.0059457048579963775,0.007686315539698441
1999-01-25,-0.0020897878594771015,0.006970193644867926,0.002440202892695412
1999-01-26,0.005543764965491698,0.005605203831251758,0.005574484398371728
1999-01-27,0.01029945554117596,-0.0022471364652619273,0.004026159537957017
1999-01-28,0.0033398261724016543,0.0003054908947669782,0.0018226585335843163
1999-01-29,0.0018903485801125973,-0.0005502609108570622,0.0006700438346277676
1999-02-01,-0.016280639581964938,-0.009549886363894488,-0.012915262972929713
1999-02-02,-0.015325594510952261,-0.007587247790747308,-0.011456421150849785
1999-02-03,0.004516696628015403,0.0019003652173500093,0.0032085309226827065
1999-02-04,-0.016543021157512033,-0.010470861478857577,-0.013506941318184805
1999-02-05,-0.0037665207920438005,-0.012311600261007026,-0.008039060526525412
1999-02-08,-0.004502652106672539,-0.004577963218761069,-0.004540307662716804
1999-02-09,0.008336734361257253,0.010917332689907319,0.009627033525582286
1999-02-10,0.0008668891158843956,-0.0051270562320313426,-0.0021300835580734733
1999-02-11,0.006739730490653171,0.007510021359960195,0.007124875925306683
1999-02-12,-0.016686671413525925,-0.011434205337163716,-0.014060438375344821
1999-02-16,0.028648893717895703,0.017828815478626043,0.023238854598260875
1999-02-17,0.0035241102829809347,0.0017798914845112764,0.0026520008837461057
1999-02-18,-0.00010987775971308731,-0.007844242005878566,-0.003977059882795827
1999-02-19,0.002462826787813623,0.0017811830942666947,0.002122004941040159
1999-02-22,0.008721966482440547,0.01358680706711544,0.011154386774777994
1999-02-23,-0.005245683784431987,-0.0137825177979531,-0.009514100791192543
1999-02-24,0.0002888855829006581,0.01003532468636031,0.005162105134630484
1999-02-25,-0.01554323602154976,-0.014678026663438237,-0.015110631342493998
1999-02-26,0.002760312874551244,0.009436574340944325,0.006098443607747785
1999-03-01,-0.0014251313280333193,-0.011490789888943783,-0.006457960608488551
1999-03-02,-0.002538313125456571,-0.0160348953991226,-0.009286604262289586
1999-03-03,-0.0005316087369201178,1.5104345493554226e-05,-0.0002582521957132818
1999-03-04,0.001945076704457504,-0.004001685677269382,-0.0010283044864059388
1999-03-05,0.008004668563682189,0.009282552739826836,0.008643610651754513
1999-03-08,-0.009031745250624291,-0.011859166760146183,-0.010445456005385236
1999-03-09,0.00014955008826069436,0.0032863184804471784,0.0017179342843539364
1999-03-10,-0.004213091700449591,-0.016428973162063567,-0.01032103243125658
1999-03-11,-0.003921495233970325,0.00453956673757369,0.00030903575180168215
1999-03-12,0.006325116294649833,0.011160607290498855,0.008742861792574344
1999-03-15,0.012488094643154982,0.01681542494123649,0.014651759792195736
1999-03-16,0.0007423458725743391,-0.002779732380161364,-0.0010186932537935125
1999-03-17,-0.003098821156666164,-0.010177284817996922,-0.006638052987331543
1999-03-18,0.0013127162898588522,0.00825402703550239,0.004783371662680621
1999-03-19,-0.010597067438669169,-0.01678256308954797,-0.01368981526410857
1999-03-22,-0.0035597369264622836,-0.020206797935290424,-0.011883267430876353
1999-03-23,0.0009738413516501367,-0.0005050724505057688,0.00023438445057218392
1999-03-24,0.005750555013570193,0.010511446627115412,0.008131000820342803
1999-03-25,-0.004610299368556408,-0.01212218850806388,-0.008366243938310144
1999-03-26,0.010066792795341142,-0.005195054685382068,0.0024358690549795368
1999-03-29,-0.001275461747719496,0.00021206005883112563,-0.0005317008444441852
1999-03-30,0.00735216272512759,0.006259115378537099,0.0068056390518323445
1999-03-31,0.0012534077245793982,0.010238066097916564,0.005745736911247981
1999-04-01,0.005050764894396648,0.0014951741827607537,0.003272969538578701
1999-04-02,0.007564917336148783,0.00321288762516138,0.005388902480655082
1999-04-05,0.00892909201297102,0.0031108567986992738,0.006019974405835147
1999-04-06,0.005414594871760438,0.007807698390031797,0.0066111466308961175
1999-04-07,-0.004871367303037975,-0.0026605503941316247,-0.0037659588485847995
1999-04-08,0.008687836071737875,0.012719901266469618,0.010703868669103746
1999-04-09,-0.002201079586968749,-0.007980283680581337,-0.005090681633775043
1999-04-12,0.002679359989770724,0.0072934564910939435,0.004986408240432333
1999-04-13,-0.006396602373646357,-0.014850234282662437,-0.010623418328154397
1999-04-14,-0.005508376497467966,-0.004559199527384027,-0.005033788012425997
1999-04-15,-0.004346463965501044,-0.013903035291045668,-0.009124749628273355
1999-04-16,-0.0001260327533131509,-0.0074043986431367,-0.0037652156982249255
1999-04-19,-0.0007194527030383285,-0.0007221553971599971,-0.0007208040500991628
1999-04-20,-0.003014585285568093,-0.0010536429136240408,-0.0020341140995960667
1999-04-21,0.004521273149270834,0.003128806744938137,0.0038250399471044852
1999-04-22,0.000334522629165659,-0.0045916544736959225,-0.0021285659222651317
1999-04-23,-5.2856419867652856e-05,0.0026731114452114126,0.00131012751267188
1999-04-26,0.006769746047409077,0.014469680418424764,0.010619713232916921
1999-04-27,0.004634733409932633,0.0004090613173185826,0.002521897363625608
1999-04-28,-0.0018412497089096652,-0.006861765112299574,-0.00435150741060462
1999-04-29,0.001571141244756557,0.004621270567875264,0.0030962059063159107
1999-04-30,-0.005290861873221278,-0.026791188425731947,-0.016041025149476612
1999-05-03,0.0014240111193448703,-0.0006461502026429949,0.0003889304583509377
1999-05-04,-0.007198086246919512,-0.014608270799280001,-0.010903178523099757
1999-05-05,0.002014456605859691,0.002041548179529089,0.00202800239269439
1999-05-06,-0.009028592639852395,-0.011822979924007422,-0.01042578628192991
1999-05-07,0.005330877154027984,0.008736850892348207,0.0070338640231880955
1999-05-10,0.0023586782010283276,0.0010272854870008253,0.0016929818440145764
1999-05-11,-0.003260282615273469,-0.005379324890295208,-0.004319803752784339
1999-05-12,0.001199969509941176,0.002230658149966461,0.0017153138299538186
1999-05-13,0.005508901421209962,-0.00484955488581303,0.00032967326769846577
1999-05-14,-0.004312809424098518,-0.02072961207571936,-0.012521210749908938
1999-05-17,-0.001992588140314528,-2.41816825686873e-05,-0.0010083849114416075
1999-05-18,-0.00526208654657033,0.009162841411612806,0.0019503774325212381
1999-05-19,0.012994271408299618,0.003269305641023508,0.008131788524661563
1999-05-20,0.007067079681777064,-0.0005619643448294841,0.00325255766847379
1999-05-21,0.010543466584881641,0.004157175894001271,0.007350321239441456
1999-05-24,0.008639817896331756,0.012661988852653823,0.01065090337449279
1999-05-25,-0.00833472034293814,-0.008259295019487418,-0.00829700768121278
1999-05-26,0.0030980260987629685,0.015220059166032102,0.009159042632397536
1999-05-27,-0.0024749112251127177,0.009956634466869894,0.003740861620878588
1999-05-28,-0.004374535720627867,-0.005307870622457728,-0.004841203171542798
1999-06-01,-0.011737332220177144,0.01800073304096056,0.003131700410391708
1999-06-02,0.004796466232044499,0.0020668643983406936,0.0034316653151925964
1999-06-03,-0.009417993684827305,-0.013696234327439404,-0.011557114006133355
1999-06-04,0.007216257248798601,0.0024994809565356295,0.004857869102667115
1999-06-07,0.0005684924812636525,-0.003220596137071157,-0.0013260518279037522
1999-06-08,-0.009170797635771628,0.008510861808880332,-0.0003299679134456477
1999-06-09,3.667295097601621e-05,0.003666045814286446,0.0018513593826312313
1999-06-10,-0.006496359947645822,0.004035224291035832,-0.001230567828304995
1999-06-11,-0.00364908943720325,0.0012943724583806232,-0.0011773584894113134
1999-06-14,0.0038060621615394925,-0.01476415950937691,-0.005479048673918708
1999-06-15,0.01619444339723858,0.015460956049777125,0.01582769972350785
1999-06-16,0.0007273666433776088,0.006847428966427063,0.0037873978049023363
1999-06-17,0.009549506799137273,-0.01398372102761497,-0.0022171071142388487
1999-06-18,-0.011138876473238449,-0.009123114361164792,-0.01013099541720162
1999-06-21,-0.000381363286777513,0.005297374652971171,0.0024580056830968288
1999-06-22,0.003974611306922096,0.011207839925024814,0.007591225615973455
1999-06-23,0.00294345520945748,0.0013221136785087767,0.0021327844439831285
1999-06-24,0.001596804620695301,0.0057702204652200296,0.0036835125429576653
1999-06-25,-0.002665674656236498,-0.004251325503002408,-0.003458500079619453
1999-06-28,0.004808777003712917,-0.003168387098423627,0.0008201949526446452
1999-06-29,0.0027096242795929,-0.002877422732985076,-8.389922669608803e-05
1999-06-30,0.00048147135407387615,-0.025223285684014815,-0.01237090716497047
1999-07-01,0.013347609411467797,0.020369916575470187,0.016858762993468994
1999-07-02,0.012193988389921823,0.01306949421507737,0.012631741302499597
1999-07-06,0.010093569094438823,0.03162005905461121,0.020856814074525016
1999-07-07,-0.005348120037254317,-0.0018844737707463398,-0.0036162969040003283
1999-07-08,0.009589211289005467,0.0007746380494195003,0.005181924669212484
1999-07-09,0.006407875271118746,0.010613476785285195,0.00851067602820197
1999-07-12,-0.0011436195612782552,-0.01292200092588971,-0.007032810243583982
1999-07-13,0.004194527875770418,0.0031992040020722727,0.0036968659389213453
1999-07-14,-0.008653985202864404,-0.0013399578414314908,-0.0049969715221479475
1999-07-15,-0.004066020703583752,-0.005851962254665473,-0.004958991479124613
1999-07-16,0.007184933408708171,0.010127019917881059,0.008655976663294615
1999-07-19,-0.010427545313189348,-0.006066715636908786,-0.008247130475049068
1999-07-20,0.00337144496572951,-0.01696846270659203,-0.006798508870431261
1999-07-21,3.4244822673886594e-05,-0.013193555188414946,-0.00657965518287053
1999-07-22,-0.007261985780082169,0.010070921433306717,0.0014044678266122738
1999-07-23,-0.004997793644974253,-0.0008105157290462806,-0.0029041546870102668
1999-07-26,-0.00019692216310488462,0.006951868385063271,0.0033774731109791935
1999-07-27,0.006050225393645657,0.009527950394949176,0.007789087894297417
1999-07-28,-0.0015836865240109624,0.0010619772705148924,-0.000260854626748035
1999-07-29,-0.0021377370490618212,-0.0021388711632025006,-0.002138304106132161
1999-07-30,-0.015537463575473788,-0.007715181511222646,-0.011626322543348217
1999-08-02,-0.008012164176123406,-0.012207039834465288,-0.010109602005294347
1999-08-03,0.0021745537678898716,-0.0023973180609208927,-0.00011138214651551059
1999-08-04,-0.004989979441767456,-0.007123146659200732,-0.0060565630504840935
1999-08-05,0.003744131420522101,-0.004621026974062041,-0.0004384477767699702
1999-08-06,-0.005678050975996572,0.011763898188785454,0.003042923606394441
1999-08-09,-0.0007306136984971374,0.007763018459752836,0.003516202380627849
1999-08-10,-0.0018833280833897331,-0.004114965595871889,-0.0029991468396308113
1999-08-11,0.009274032546541753,0.0010228896860700826,0.005148461116305918
1999-08-12,0.011424948712945117,0.010199382605427984,0.010812165659186551
1999-08-13,0.0054046244919747025,-0.008401453577423916,-0.0014984145427246066
1999-08-16,-0.0034792026470560444,-1.237285603897649e-05,-0.0017457877515475104
1999-08-17,0.0064497866850960275,-0.0038719466811895534,0.001288920001953237
1999-08-18,-0.0020666869308146388,0.007024631699812433,0.002478972384498897
1999-08-19,-0.008530214504662884,0.0001781328867547792,-0.004176040808954052
1999-08-20,0.003696308722237454,0.005465515037109943,0.0045809118796736985
1999-08-23,-0.0009214535191222248,0.012227529043664958,0.005653037762271366
1999-08-24,-0.002175500335511173,-0.0020514431439332616,-0.002113471739722217
1999-08-25,0.002211431030176687,-0.015428806935523452,-0.006608687952673382
1999-08-26,0.0057540639418987745,0.00442707953326647,0.005090571737582622
1999-08-27,-0.00295486910868185,0.007140091388357937,0.0020926111398380434
1999-08-30,-0.003110241877185442,0.012696685263448783,0.00479322169313167
1999-08-31,-0.01726106939320559,-0.011590616913485733,-0.014425843153345662
1999-09-01,-0.009533121009465854,0.0005870837231256373,-0.004473018643170108
1999-09-02,-0.006337673673126472,-0.004849583663183184,-0.005593628668154828
1999-09-03,0.010096855210990663,-0.00515712780742512,0.0024698637017827713
1999-09-07,-0.0029961894268639307,-0.005630289437907447,-0.004313239432385689
1999-09-08,0.005810716533841659,0.0007777879413949591,0.003294252237618309
1999-09-09,-0.013514539002963332,0.008672781665479657,-0.0024208786687418375
1999-09-10,0.00914800949203506,-0.002981874546904128,0.003083067472565466
1999-09-13,-0.0023849785904484157,0.011821117163089893,0.004718069286320739
1999-09-14,-0.0018241085110468121,0.007207016993747536,0.002691454241350362
1999-09-15,0.0005406899200909622,0.003696647947257917,0.0021186689336744396
1999-09-16,0.0036348267802188074,-0.00657364334267501,-0.001469408281228101
1999-09-17,0.0012493697399514996,-0.0016547379145240358,-0.00020268408728626812
1999-09-20,-0.0006215438763670181,0.0029477569273082707,0.0011631065254706263
1999-09-21,0.005795537810999125,-0.007894164115517252,-0.0010493131522590635
1999-09-22,0.009537723353210823,-0.00550533288392238,0.0020161952346442217
1999-09-23,0.010935022974592378,-0.009238322093314533,0.0008483504406389224
1999-09-24,0.009201491310882413,-0.011573440226605074,-0.0011859744578613307
1999-09-27,0.01492304658107825,-0.012335320287154537,0.0012938631469618569
1999-09-28,0.010791740898785035,-0.02495524574631548,-0.007081752423765222
1999-09-29,-5.473373815959026e-05,0.0122033255052,0.006074295883520205
1999-09-30,0.00012673994302984503,-0.00023484741501477867,-5.405373599246682e-05
1999-10-01,-0.005901217368948965,0.013081831023804624,0.003590306827427829
1999-10-04,0.0018716615492162206,-0.01188263253543016,-0.005005485493106969
1999-10-05,-0.009648179830672732,0.009615199324169911,-1.6490253251410375e-05
1999-10-06,0.0015281139141373966,-0.0021530538268981184,-0.00031246995638036087
1999-10-07,-0.003215077989863829,-0.0010893882065309908,-0.00215223309819741
1999-10-08,-0.003412792625413123,-0.009636229638719374,-0.006524511132066249
1999-10-11,0.005567976656161955,0.0027585976239285865,0.00416328714004527
1999-10-12,-0.005280968149668934,-0.00472220720759889,-0.005001587678633912
1999-10-13,0.0016125592866099191,0.0049253645919049025,0.003268961939257411
1999-10-14,-0.001269671081894243,-0.0019512196141747498,-0.0016104453480344965
1999-10-15,0.004143789162307818,-0.006879586674592369,-0.0013678987561422753
1999-10-18,-0.002955958085391126,0.0017894304329353916,-0.0005832638262278671
1999-10-19,-0.0043901385015870835,0.004094861592838444,-0.0001476384543743197
1999-10-20,0.003750069795262015,0.005483071500801757,0.0046165706480318855
1999-10-21,-0.003588308532907373,0.0007512521682303669,-0.0014185281823385029
1999-10-22,0.005098543288152957,0.01084668978334528,0.007972616535749119
1999-10-25,-0.0021096837132351695,-0.006079332318774505,-0.004094508016004837
1999-10-26,0.010482166979697487,0.004616836260871164,0.007549501620284326
1999-10-27,0.001707637463654594,-0.0037399737320109785,-0.0010161681341781922
1999-10-28,-0.0018391317669586619,-0.0062330297141824495,-0.0040360807405705555
1999-10-29,0.008408231976737016,-0.009313461767397852,-0.00045261489533041793
1999-11-01,0.0079413359310605,0.011664979854161366,0.009803157892610933
1999-11-02,-0.004229861651169758,-0.008974731018661478,-0.006602296334915618
1999-11-03,-0.0009345357311099689,-0.005067928241391624,-0.0030012319862507963
1999-11-04,0.005656620738055905,-0.002162850887514208,0.0017468849252708484
1999-11-05,0.009382581297363891,-0.0008451883591557068,0.004268696469104092
1999-11-08,-0.0029352043708503156,0.0014002433075695478,-0.0007674805316403839
1999-11-09,0.0010819039014230646,0.0031797618443055865,0.0021308328728643256
1999-11-10,0.0016579794818736434,0.008350472452403954,0.005004225967138799
1999-11-11,0.0065924697520904005,0.005460049938246053,0.006026259845168226
1999-11-12,0.013237044472429214,0.0025967401505285074,0.00791689231147886
1999-11-15,-0.006259516664110059,-0.006206552986701919,-0.0062330348254059885
1999-11-16,-0.001828284262954734,0.0030892796911050416,0.0006304977140751538
1999-11-17,-0.0014331453424997506,0.01068110887890658,0.004623981768203414
1999-11-18,-0.0006452812402216764,0.00628905012904826,0.002821884444413292
1999-11-19,0.0020599513422986317,-0.0011921882163934145,0.0004338815629526086
1999-11-22,-0.0041728712808685895,0.0009561084618812715,-0.001608381409493659
1999-11-23,-0.004106368327950135,-0.006125156799280055,-0.005115762563615095
1999-11-24,-0.0023987543625933598,0.006736681065377149,0.002168963351391894
1999-11-26,-0.0007333347687650722,0.012066300278248829,0.005666482754741878
1999-11-29,-0.002094655737233822,0.01422709381794982,0.006066219040357999
1999-11-30,-0.00527370766852223,-0.007279824943294911,-0.006276766305908571
1999-12-01,0.00585963075679644,-0.0008171840269781807,0.0025212233649091298
1999-12-02,0.010424353642541316,0.012473149906295935,0.011448751774418627
1999-12-03,0.002825073511895961,0.0013082565612854123,0.0020666650365906867
1999-12-06,0.007105055531285009,-0.012863239986524687,-0.002879092227619839
1999-12-07,-0.0010961572101453355,-0.0115134225995848,-0.006304789904865068
1999-12-08,0.006973538593934446,0.011083406021665656,0.009028472307800052
1999-12-09,-0.002276092760720027,0.010766741085125252,0.004245324162202612
1999-12-10,0.003128915219048141,-0.012031236028657188,-0.004451160404804524
1999-12-13,0.0016602025317104707,0.012102841250037522,0.006881521890873996
1999-12-14,-0.005514901544076739,0.010926322482804144,0.0027057104693637025
1999-12-15,-0.012654583514419828,0.011743042359271748,-0.0004557705775740401
1999-12-16,-0.0002174795455268982,0.00714288726014329,0.003462703857308196
1999-12-17,-0.0025485324784308297,0.0013841865242699653,-0.0005821729770804322
1999-12-20,-0.002802622747460903,-0.0013140239968854853,-0.002058323372173194
1999-12-21,0.0023922233539104935,0.004586291842380184,0.0034892575981453388
1999-12-22,-0.008386713868326961,-0.000906402846731847,-0.004646558357529404
1999-12-23,0.0022026301330079975,0.001359911418661269,0.0017812707758346332
1999-12-27,0.002776886649672055,-0.002183597868289048,0.00029664439069150344
1999-12-28,-0.00239251138339052,0.0028540474966188066,0.0002307680566141434
1999-12-29,-0.004460745704975606,-0.0020771784891764743,-0.00326896209707604
1999-12-30,-0.004022662048712292,-0.00830517001076174,-0.006163916029737015
1999-12-31,-0.0007916556146578128,0.008695287073015933,0.00395181572917906
2000-01-03,-0.0002545254021021563,0.013051759642114582,0.006398617120006213
2000-01-04,0.01970459414228509,-0.022345634701804607,-0.0013205202797597591
2000-01-05,-0.006357246712448544,0.0017599985064080921,-0.002298624103020226
2000-01-06,0.003796446033066353,-0.007131638633618589,-0.0016675963002761181
2000-01-07,0.0005692141923873992,-0.008244539120801996,-0.003837662464207298
2000-01-10,0.0033141622149930666,0.0036452468461214637,0.003479704530557265
2000-01-11,0.0038557584740400094,0.0033378149941275252,0.003596786734083767
2000-01-12,-0.004553527845508912,0.0020070043849846997,-0.0012732617302621061
2000-01-13,0.004427562996157447,-0.021819376948366203,-0.008695906976104378
2000-01-14,0.0020066267954061915,0.007892721982687118,0.0049496743890466545
2000-01-18,-0.005651088018714461,0.0002522499961869113,-0.002699419011263775
2000-01-19,-0.003992049487029567,-0.0032680942579257958,-0.0036300718724776816
2000-01-20,0.003445714140721617,-0.002601287159137976,0.00042221349079182044
2000-01-21,0.0010124730296012532,-0.001642473187733718,-0.00031500007906623247
2000-01-24,0.012354196971302075,-0.021207523106063563,-0.004426663067380744
2000-01-25,0.01047939128244188,0.0010496683822408567,0.005764529832341369
2000-01-26,-0.0005783491399322331,0.002354414899871917,0.000888032879969842
2000-01-27,-0.002096189945922972,-0.009902902019511954,-0.005999545982717463
2000-01-28,0.02000310891681004,-0.0028787808606651442,0.008562164028072448
2000-01-31,-0.0018706759177543365,0.02220520086919757,0.010167262475721616
2000-02-01,0.008873565123079036,-0.0036525790038612325,0.002610493059608902
2000-02-02,0.0015349332185267046,-0.004860721757098427,-0.001662894269285861
2000-02-03,-0.0004117918463603145,-0.0001380252144806457,-0.00027490853042048014
2000-02-04,-0.026462014280320606,-0.013182852431243806,-0.019822433355782206
2000-02-07,0.010182652821041981,-0.009719265362465354,0.0002316937292883136
2000-02-08,0.004077375565347775,-0.00549300594775183,-0.0007078151912020274
2000-02-09,-0.006596011093994951,-0.0035322502232006696,-0.00506413065859781
2000-02-10,-0.010237642690016056,0.005725230904977608,-0.002256205892519224
2000-02-11,0.001644202676850141,0.0007337081893417845,0.0011889554330959627
2000-02-14,0.007521219238475094,-0.003088733730186173,0.0022162427541444606
2000-02-15,0.006697805727272573,-0.0035597958812327406,0.0015690049230199163
2000-02-16,0.002518391816943833,-0.003280179600609535,-0.00038089389183285105
2000-02-17,-0.0007287132260822983,-0.0008377855461937673,-0.0007832493861380328
2000-02-18,-0.0005290014481727707,-0.013647871369237112,-0.0070884364087049415
2000-02-22,-0.0013643714952366157,-0.011484352598683,-0.006424362046959808
2000-02-23,-0.0017103038523589554,0.012418864275483655,0.0053542802115623496
2000-02-24,0.0008627702410150657,-0.012407838323761371,-0.0057725340413731525
2000-02-25,0.0049224530842395696,0.009776604816251753,0.007349528950245661
2000-02-28,0.004844071561188517,0.003100426248815835,0.003972248905002176
2000-02-29,0.009789600943319024,-0.002468459744869153,0.0036605705992249354
2000-03-01,-0.005332035286965808,0.013918693276627227,0.00429332899483071
2000-03-02,0.007043532903145437,0.0009962259605296856,0.004019879431837561
2000-03-03,0.0020503091060522557,-0.0024086126165866954,-0.00017915175526721987
2000-03-06,0.004442794187078614,0.0017930275501187923,0.003117910868598703
2000-03-07,-0.003098270884411411,0.0022194921863736253,-0.0004393893490188929
2000-03-08,-0.009741712922107897,-0.01896259966782354,-0.014352156294965718
2000-03-09,0.0019092814943651,-0.003924414663395487,-0.0010075665845151937
2000-03-10,0.00032571013300168936,0.008472531069011299,0.004399120601006494
2000-03-13,-0.0017365826908595935,-0.012190773413463649,-0.006963678052161621
2000-03-14,0.0017466749508779768,-0.011919039907561015,-0.005086182478341519
2000-03-15,-0.0008159978246774708,-0.0019169890015777807,-0.0013664934131276257
2000-03-16,0.002876156396786913,-0.003542878873128336,-0.00033336123817071135
2000-03-17,0.009885496752799356,-0.014462713288620203,-0.002288608267910423
2000-03-20,-0.0074496812705645635,0.006259711840721639,-0.0005949847149214621
2000-03-21,-0.0007744927425735195,0.0022633358154729426,0.0007444215364497116
2000-03-22,0.002283164087546627,-0.004721976942756969,-0.001219406427605171
2000-03-23,0.0006030498106951612,0.0033001354069791674,0.0019515926088371643
2000-03-24,0.005511117287320208,0.009874962410457391,0.0076930398488888
2000-03-27,0.004360245494143331,-0.0011395894277770908,0.0016103280331831202
2000-03-28,-0.007083019932773112,0.006062689981565244,-0.000510164975603934
2000-03-29,0.005553879822638297,-0.001491929144411885,0.0020309753391132062
2000-03-30,0.0009994951218608424,-0.020631076852848467,-0.009815790865493812
2000-03-31,-0.009199680647815374,0.0015051770833385137,-0.00384725178223843
2000-04-03,0.008731780192128199,-0.007170737667098664,0.0007805212625147675
2000-04-04,-0.011347093216597035,-0.02244255444487926,-0.016894823830738148
2000-04-05,0.005401784474294527,0.002815671772865279,0.004108728123579903
2000-04-06,-0.0007543490519789714,-0.0006930878880874555,-0.0007237184700332135
2000-04-07,0.0005326947848242658,-0.004288879718247165,-0.0018780924667114495
2000-04-10,-0.008057648243781107,-0.011725645138423703,-0.009891646691102405
2000-04-11,0.0008595028782555431,0.012898969030447835,0.006879235954351689
2000-04-12,0.005707319438336357,0.004698525841450282,0.005202922639893319
2000-04-13,0.0005062534047732033,-0.011776390148378486,-0.005635068371802642
2000-04-14,-0.003589769796235884,-0.014890732713293636,-0.00924025125476476
2000-04-17,-0.002041819414174063,0.014298209895605886,0.006128195240715911
2000-04-18,0.002908365485115665,0.002733710173117303,0.002821037829116484
2000-04-19,0.006880201738743827,-0.006810032060404416,3.508483916970541e-05
2000-04-20,0.004401618691057102,0.001787216777259933,0.0030944177341585173
2000-04-24,0.002049933924655286,0.0021241619250570464,0.0020870479248561663
2000-04-25,0.002393314238340256,0.0036202317137927734,0.0030067729760665145
2000-04-26,0.0045420556227226865,0.003400074533080182,0.003971065077901435
2000-04-27,0.0029368161449132425,0.015496023695798543,0.009216419920355892
2000-04-28,0.009821615330025589,0.007299092391423705,0.008560353860724648
2000-05-01,0.004464045587601404,-0.006487152722634059,-0.0010115535675163274
2000-05-02,-0.005373017179562314,-0.001851221894369216,-0.003612119536965765
2000-05-03,-0.005812583372936269,-0.00034723201276326825,-0.0030799076928497687
2000-05-04,-0.011088777172599176,0.011688835206039975,0.00030002901672039964
2000-05-05,0.0018758962758520712,0.009695871125442995,0.0057858837006475325
2000-05-08,0.00868976909120842,0.009675256071056171,0.009182512581132295
2000-05-09,0.0034745183063645507,-0.005144493080947065,-0.0008349873872912571
2000-05-10,-0.007120083135537716,-0.0025294588640504406,-0.004824770999794078
2000-05-11,0.004095392628550596,0.003950017569248347,0.004022705098899472
2000-05-12,-0.0014237824659796574,0.0011717293914989303,-0.00012602653724036353
2000-05-15,0.00995300973099606,-0.003692324835750537,0.0031303424476227613
2000-05-16,0.0007995431877864179,0.005244248313498787,0.0030218957506426025
2000-05-17,0.004572261279624695,0.006478732501012534,0.005525496890318614
2000-05-18,-0.0009651015952702811,0.014684304597630727,0.006859601501180223
2000-05-19,-0.013016549536635752,-0.008205832543754666,-0.010611191040195209
2000-05-22,-0.007513408568720235,-0.01895899170507167,-0.013236200136895953
2000-05-23,-0.0028694910788854564,0.009316620537814953,0.0032235647294647485
2000-05-24,0.010735060284683186,0.004807711270507429,0.007771385777595308
2000-05-25,0.004734277738620721,-0.007283836874704465,-0.001274779568041872
2000-05-26,-0.009102416777160529,-0.015012727234489055,-0.012057572005824791
2000-05-30,0.013927516371734831,0.00026415139098939967,0.007095833881362115
2000-05-31,-0.0016459387320013194,-0.0133669270841542,-0.007506432908077759
2000-06-01,0.009985402808198336,-0.0006734767898955182,0.004655963009151409
2000-06-02,-0.011451708034739994,-0.016895401309239555,-0.014173554671989774
2000-06-05,-0.008599632006584037,-0.0032639238436290826,-0.00593177792510656
2000-06-06,-0.010806919160874817,0.0036254729218295726,-0.0035907231195226224
2000-06-07,0.004871119078700397,0.0018858558708483423,0.0033784874747743695
2000-06-08,0.0012438025486462443,-0.0018785914979345334,-0.00031739447464414455
2000-06-09,0.0015864583622668617,-0.0034769993078003756,-0.000945270472766757
2000-06-12,0.0011910921389064453,0.014485103205478408,0.007838097672192427
2000-06-13,0.0029919113895778182,0.000652268376511235,0.0018220898830445267
2000-06-14,-0.01025649445070519,0.01588337808676552,0.0028134418180301643
2000-06-15,0.0029987472181125466,-0.003157019479763737,-7.91361308255952e-05
2000-06-16,-0.009322257003227996,-0.006691538143797758,-0.008006897573512877
2000-06-19,0.0012170109523439135,0.0010366713843353306,0.0011268411683396221
2000-06-20,0.0030127091630016145,-0.0007944783081018367,0.0011091154274498888
2000-06-21,0.0003758339324398149,0.005064943716849195,0.0027203888246445053
2000-06-22,0.002579215247659271,0.00047178888594801623,0.0015255020668036435
2000-06-23,0.0032852029211616882,0.001175125430338488,0.0022301641757500883
2000-06-26,-0.00399485373273788,0.0053820457922897965,0.0006935960297759581
2000-06-27,-0.0005166990517930519,-0.002525285697960713,-0.0015209923748768824
2000-06-28,-0.00853615026177772,0.0037796109115246605,-0.00237826967512653
2000-06-29,0.004548346702468632,-0.005631849877775233,-0.0005417515876533006
2000-06-30,0.002197452359746866,0.010174934333808026,0.006186193346777447
2000-07-03,0.003411104787761629,0.012857330859013777,0.008134217823387703
2000-07-05,0.0022041035859854123,-0.008432561021791704,-0.003114228717903146
2000-07-06,0.003809946702081555,-0.0057074358082602,-0.0009487445530893227
2000-07-07,0.005331762911771733,-0.0009306005980824044,0.0022005811568446645
2000-07-10,-0.009081442954808581,-0.0018290166207428967,-0.005455229787775739
2000-07-11,0.0046141942451848,-0.0022243706777610303,0.0011949117837118848
2000-07-12,0.010749425228853263,0.001316283304780885,0.0060328542668170735
2000-07-13,0.004053460940195682,0.002654098111024758,0.0033537795256102197
2000-07-14,-0.00016114022969650524,0.003226572571103995,0.001532716170703745
2000-07-17,-0.005082597483542697,0.0031445826597246854,-0.0009690074119090056
2000-07-18,0.007113819779331399,0.003877140269925807,0.0054954800246286035
2000-07-19,0.003834090146870618,-0.005854641227520444,-0.001010275540324913
2000-07-20,-0.006402899142985381,-0.023772136308541483,-0.015087517725763432
2000-07-21,-0.004068388653371267,-0.00974114148448532,-0.006904765068928294
2000-07-24,-0.0025391067550009903,0.0016411742616139122,-0.00044896624669353905
2000-07-25,0.00016227837823333145,0.00016744044774663177,0.00016485941298998162
2000-07-26,-0.004293351109531563,-0.00259905291116472,-0.0034462020103481414
2000-07-27,0.0029048142241757174,0.005404504399670675,0.004154659311923196
2000-07-28,0.002869960916229681,0.00024359809387949742,0.0015567795050545892
2000-07-31,-0.005049768775493783,-0.0013120536093838388,-0.0031809111924388112
2000-08-01,0.0003219223924779362,0.007016851819944048,0.003669387106210992
2000-08-02,0.0034796578789224866,0.0032545527392297455,0.003367105309076116
2000-08-03,0.004821740073709101,0.009920239810292417,0.007370989942000759
2000-08-04,0.004190712889960768,0.012274914706930021,0.008232813798445395
2000-08-07,0.0013078506830313346,-0.0037920040409652627,-0.0012420766789669642
2000-08-08,0.0013494542481432,0.0013796171612098752,0.0013645357046765377
2000-08-09,0.0013704773460862215,0.007855743613254891,0.004613110479670557
2000-08-10,0.0013509792563162815,-0.003042730270984464,-0.0008458755073340912
2000-08-11,-0.0015912280957123463,-0.011129157927647019,-0.0063601930116796825
2000-08-14,0.0064658161641310994,0.003083658951464289,0.004774737557797695
2000-08-15,-0.0012290570991802545,-0.00829193348091818,-0.004760495290049217
2000-08-16,-0.0029601716506275234,-0.013285556861445499,-0.008122864256036512
2000-08-17,-0.0007041766446022953,0.007571031012906732,0.0034334271841522184
2000-08-18,0.0012975512753984858,0.012369828509614515,0.0068336898925065006
2000-08-21,0.003780878411940535,0.0029093978852792026,0.003345138148609869
2000-08-22,-0.0017657014913933671,0.005844433056753486,0.0020393657826800592
2000-08-23,-0.001557266531792001,0.0021184004694776745,0.0002805669688428368
2000-08-24,-0.003067938589679846,-0.005989342280105094,-0.00452864043489247
2000-08-25,-0.0015928000132410373,0.0009724879521723512,-0.00031015603053434303
2000-08-28,0.005204045139234904,-0.009218486789675602,-0.002007220825220349
2000-08-29,0.004335886376693325,-0.006055659023144121,-0.0008598863232253981
2000-08-30,-0.0002306635468115852,0.007031468304107925,0.00340040237864817
2000-08-31,-0.006736000312131736,0.00494842132089452,-0.0008937894956186081
2000-09-01,-0.00639443323131174,-0.0005406311772553748,-0.0034675322042835577
2000-09-05,0.006454713059858364,0.002375517303203976,0.00441511518153117
2000-09-06,0.00645577259020724,0.015886670531087374,0.011171221560647307
2000-09-07,0.0011170567253308138,-0.0004179451386750495,0.00034955579332788216
2000-09-08,-0.005890746443331551,0.0014566483605031291,-0.002217049041414211
2000-09-11,0.007717535985906645,0.005912047746303453,0.006814791866105049
2000-09-12,-0.005352240052110281,0.005749393941260195,0.0001985769445749571
2000-09-13,-0.005379871218397709,0.009515547173718096,0.0020678379776601936
2000-09-14,0.0013733439809238425,6.010514369371257e-06,0.0006896772476466069
2000-09-15,0.0002387881813392641,0.0018263958466325663,0.0010325920139859152
2000-09-18,0.002615958561219982,-0.00810861070448931,-0.002746326071634664
2000-09-19,-0.0025110957499514357,0.006797336325599228,0.0021431202878238963
2000-09-20,0.008503063117977534,-0.008452857453029554,2.5102832473989853e-05
2000-09-21,-0.004852770108001862,-0.004658159536180299,-0.00475546482209108
2000-09-22,-0.0018121184869251093,-0.012718022415377936,-0.007265070451151523
2000-09-25,-0.00604631819614989,-0.0024742711236687576,-0.004260294659909324
2000-09-26,-0.005119593502461777,-0.0032281847623524683,-0.004173889132407123
2000-09-27,-0.005192267055495457,-0.009555231859510946,-0.007373749457503201
2000-09-28,0.008668325004161481,0.003966028762400752,0.0063171768832811165
2000-09-29,0.003291931024035382,0.000742265479615296,0.002017098251825339
2000-10-02,0.008782340054053744,0.0012139233843540703,0.004998131719203907
2000-10-03,0.007166645961909201,-0.003833764990917967,0.001666440485495617
2000-10-04,0.004707955287306004,-0.0017351153526120287,0.0014864199673469878
2000-10-05,-0.002067155969571275,0.00924652985053512,0.0035896869404819223
2000-10-06,-0.0025740997020459212,0.0035273406058295344,0.0004766204518918066
2000-10-09,-0.0013561792564542095,0.0033723024448908245,0.0010080615942183076
2000-10-10,-0.004084886344236187,0.0012000098927655277,-0.0014424382257353296
2000-10-11,0.0018042422141900142,0.005177758360859299,0.0034910002875246566
2000-10-12,-0.00841762393418173,0.007979547718338293,-0.00021903810792171796
2000-10-13,0.007073880112909754,0.004088470454547013,0.0055811752837283835
2000-10-16,0.005282197918836809,-0.0008851723233478091,0.0021985127977445004
2000-10-17,-0.0050804446212331196,0.0018402506253019958,-0.0016200969979655619
2000-10-18,0.0013607957045113105,0.010215323607269355,0.005788059655890332
2000-10-19,0.00027122766991461713,-0.007574094243804707,-0.003651433286945045
2000-10-20,0.0023417219703632773,0.007490691082196012,0.004916206526279644
2000-10-23,-0.0017911783168395483,0.009524873814121601,0.0038668477486410264
2000-10-24,-0.00046924784395315075,-0.006763168610518448,-0.0036162082272357997
2000-10-25,0.009360779096587337,0.005358752570104714,0.007359765833346025
2000-10-26,0.004296031174633337,0.006980948735894767,0.005638489955264052
2000-10-27,-0.003446832788899737,-0.014888375236247456,-0.009167604012573596
2000-10-30,-0.0011080160933148188,0.00020914636673238738,-0.0004494348632912157
2000-10-31,0.001646696934286074,-0.014807423640246075,-0.006580363352980001
2000-11-01,-0.00605903009142829,0.0022191482303116163,-0.001919940930558337
2000-11-02,0.004194428333855483,-0.010831605635180526,-0.003318588650662521
2000-11-03,0.0029263218225269562,-0.020450985780133372,-0.008762331978803209
2000-11-06,0.006802752134468841,0.003251872368460858,0.00502731225146485
2000-11-07,0.00032225702637989767,-0.0012378245201921786,-0.00045778374690614047
2000-11-08,0.0030591750348615042,0.008874014832162078,0.005966594933511791
2000-11-09,-0.009712072451538462,0.009151330571711786,-0.00028037093991333754
2000-11-10,0.00036509931620242603,0.01474670919271335,0.007555904254457888
2000-11-13,-0.00346994807512396,0.007552958938940339,0.0020415054319081897
2000-11-14,0.002074181970880656,-0.0006372962037202963,0.0007184428835801799
2000-11-15,0.00020655163427059283,0.006551349014195014,0.0033789503242328033
2000-11-16,-0.00048321122175392663,0.008957188982007903,0.004236988880126988
2000-11-17,0.00689977505241295,-0.007694184469648345,-0.00039720470861769747
2000-11-20,-0.0029915762077697247,0.0069307817803336905,0.001969602786281983
2000-11-21,0.0033933492863614098,0.006206914364343574,0.004800131825352492
2000-11-22,-0.0031977741159406785,0.013838579255398581,0.005320402569728952
2000-11-24,0.010346090185419519,-0.006895344131264919,0.0017253730270772997
2000-11-27,-0.013782600734771529,-0.015755651248502155,-0.014769125991636843
2000-11-28,-0.008409714763472846,0.007695176556779826,-0.00035726910334651007
2000-11-29,-0.000796831568058767,0.015226370981419643,0.007214769706680438
2000-11-30,-0.01316755208652228,0.0006822474709732925,-0.006242652307774494
2000-12-01,0.0047627171948468605,-0.01592066719328403,-0.005578974999218585
2000-12-04,-0.008423028827520412,-0.007620046394841565,-0.008021537611180988
2000-12-05,-0.0008668888946884541,0.005426542684922976,0.002279826895117261
2000-12-06,-0.012192493872772938,0.006041103167996835,-0.0030756953523880513
2000-12-07,-0.0041297694220521625,0.011991630405123086,0.003930930491535462
2000-12-08,0.010474591356998967,-0.007630085803874548,0.0014222527765622097
2000-12-11,0.0013335600727868275,-0.0036331966850261382,-0.0011498183061196554
2000-12-12,-0.00039845630947383365,0.0037751250615027303,0.0016883343760144484
2000-12-13,-0.0002096810764879932,0.009142476299193623,0.004466397611352815
2000-12-14,-0.008939987195561508,0.002140760471440943,-0.0033996133620602825
2000-12-15,-0.004918602100527646,0.011894887278743528,0.003488142589107941
2000-12-18,0.00690291461502136,-0.0029422793072339023,0.0019803176538937288
2000-12-19,0.005362855190344943,-0.0011305145974702835,0.0021161702964373297
2000-12-20,-0.017769727896091252,0.00462196395637952,-0.006573881969855866
2000-12-21,-0.0021350310236415383,0.002340593150303243,0.00010278106333085242
2000-12-22,-0.0018802089993791252,-0.005746783834771576,-0.0038134964170753504
2000-12-26,-0.0019784167180588053,-0.002105301726362359,-0.0020418592222105824
2000-12-27,-0.0032208406371183104,-0.00514981305871049,-0.0041853268479144
2000-12-28,0.006761475996451708,-9.111366951516162e-05,0.003335181163468273
2000-12-29,0.0061855636489867305,-0.000356994314374853,0.002914284667305939
2001-01-02,-0.011571639029071212,0.03425117168782343,0.011339766329376107
2001-01-03,0.017219333187502794,-0.02653961494957514,-0.004660140881036173
2001-01-04,-0.005340144590144413,0.015165731953616543,0.0049127936817360655
2001-01-05,-0.005067513931448684,0.013682324238375008,0.004307405153463163
2001-01-08,-0.0031084012632229983,-0.000437849261938821,-0.0017731252625809097
2001-01-09,0.008314793980643938,-0.002724732378195635,0.0027950308012241517
2001-01-10,0.012401090866630058,-0.006085028689541476,0.0031580310885442908
2001-01-11,-0.00237118081211073,0.004572712827016854,0.001100766007453062
2001-01-12,0.0059634653514920605,-0.00017259522999848998,0.0028954350607467852
2001-01-16,-0.002989531866821983,0.01246821569654804,0.004739341914863028
2001-01-17,0.0010740710535101544,0.007816669690090481,0.004445370371800318
2001-01-18,0.0025287166421713476,-0.00535985023643039,-0.0014155667971295213
2001-01-19,0.0021182774598727666,0.0053018071123326176,0.003710042286102692
2001-01-22,-0.011223317336872802,-0.014544315063927024,-0.012883816200399913
2001-01-23,0.00157475254300997,-0.0017219778366055834,-7.361264679780675e-05
2001-01-24,0.004970543281650958,0.006608139121125766,0.0057893412013883625
2001-01-25,0.0013539640738002992,0.006450650684304375,0.003902307379052337
2001-01-26,0.0007261663656967967,0.013316529095229518,0.007021347730463157
2001-01-29,-0.005364423548714954,0.002367247067598443,-0.0014985882405582553
2001-01-30,-0.00319464632986354,-0.004364264350582673,-0.0037794553402231063
2001-01-31,0.0002405413026769648,0.007044014073594925,0.0036422776881359447
2001-02-01,-0.0019538243584651368,-0.005791865938971257,-0.003872845148718197
2001-02-02,0.00556928030514,0.004852501619379324,0.005210890962259662
2001-02-05,0.0016712704918240597,0.0007205866172282172,0.0011959285545261383
2001-02-06,0.004887223794951357,0.0022100695358560326,0.0035486466654036947
2001-02-07,0.0047908124128820916,0.011591744732518203,0.008191278572700147
2001-02-08,0.012337732657912312,0.016732552781103534,0.014535142719507923
2001-02-09,0.000620959647046657,0.01009544015694639,0.005358199901996524
2001-02-12,-0.006955648558507296,-0.0030860424904237647,-0.00502084552446553
2001-02-13,0.0062711381535273366,-0.0006089411276232213,0.0028310985129520578
2001-02-14,0.0005677151774319839,-0.011512035807080559,-0.0054721603148242875
2001-02-15,0.005534213380401162,-0.0020445178901695622,0.0017448477451157997
2001-02-16,0.00013512098771733375,0.006905178775264101,0.0035201498814907174
2001-02-20,0.0021625307712495948,0.009188899906796055,0.005675715339022825
2001-02-21,-0.006955688704438246,0.009024099655279451,0.0010342054754206025
2001-02-22,-0.002081755851822915,0.005857717795528763,0.001887980971852924
2001-02-23,-0.0019725664870647087,0.0036360994255516203,0.0008317664692434558
2001-02-26,-0.005825168404193433,0.0017074820223479678,-0.002058843190922733
2001-02-27,0.004078917893581765,0.004783684126515984,0.004431301010048874
2001-02-28,0.006858428487072416,-0.0034999060929241338,0.0016792611970741411
2001-03-01,0.0014243681086176167,-0.004740020556610085,-0.001657826223996234
2001-03-02,0.005547344699437169,-0.0036044774073071655,0.0009714336460650017
2001-03-05,0.002378519006192372,-0.002989306064525683,-0.00030539352916665553
2001-03-06,-0.0013054834964706856,-0.005781478656833699,-0.003543481076652192
2001-03-07,0.000744742114197757,0.01566995407711312,0.00820734809565544
2001-03-08,-0.005412851444616663,-0.002007906407416345,-0.0037103789260165038
2001-03-09,0.0002942372493623575,-0.0020178341091653712,-0.0008617984299015069
2001-03-12,0.008816625261554715,0.00925143839553068,0.009034031828542698
2001-03-13,9.3112768777863e-05,0.0038717689178270104,0.001982440843302437
2001-03-14,0.006173592614393532,0.02297200312432495,0.014572797869359241
2001-03-15,0.00012597200747636742,0.02519130570175458,0.012658638854615474
2001-03-16,0.0033912547437275915,0.018315236318385535,0.010853245531056564
2001-03-19,-0.004699915849508213,-0.011636429100811021,-0.008168172475159618
2001-03-20,0.0033753960872465036,-0.0010874959522159018,0.001143950067515301
2001-03-21,-3.3821889177776995e-05,0.015201553293858826,0.007583865702340525
2001-03-22,-0.0023559848751273336,0.01770899416591737,0.007676504645395018
2001-03-23,-0.0036593801710976545,-0.013035402197927577,-0.008347391184512616
2001-03-26,-0.0011339585279574395,-0.012764392903927165,-0.006949175715942302
2001-03-27,-0.0034843678735950027,-0.01816853043644039,-0.010826449155017697
2001-03-28,0.0029427229249747314,0.011539509631159767,0.007241116278067249
2001-03-29,0.002373872348104264,0.013117323988166136,0.0077455981681352
2001-03-30,-0.001298338184022794,0.02518187366627605,0.011941767741126628
2001-04-02,0.006877081175670838,-0.006378269212320802,0.00024940598167501804
2001-04-03,0.0021688310549610127,-0.0012043153330502199,0.0004822578609553964
2001-04-04,-0.0012127346622181705,-0.0021062402030507326,-0.0016594874326344516
2001-04-05,-0.005174084673605611,-0.010806649511707995,-0.007990367092656804
2001-04-06,-0.00035637777366881896,0.014001487665538727,0.006822554945934953
2001-04-09,-0.0009699956268231941,-0.004086017130392503,-0.002528006378607849
2001-04-10,-0.005957605044945186,-0.008936320375689867,-0.007446962710317527
2001-04-11,-0.0016127272952344777,-0.008298872444483043,-0.00495579986985876
2001-04-12,-0.0031963892864592717,-0.01452681147227015,-0.00886160037936471
2001-04-16,-0.0018989371982670827,-0.0073886104213220895,-0.004643773809794586
2001-04-17,0.0028981480559410818,0.01348704814332894,0.008192598099635011
2001-04-18,-0.005278218721834324,-0.003769244958150053,-0.004523731839992188
2001-04-19,-0.020158576339413384,-0.019245478710766938,-0.019702027525090163
2001-04-20,-0.004127721561647107,0.00037518949851783536,-0.001876266031564636
2001-04-23,0.007638114880747587,0.02124149534609625,0.01443980511342192
2001-04-24,-0.0013115785230183629,0.002055870080007505,0.00037214577849457105
2001-04-25,0.0019433804150012332,-0.008610458259766429,-0.003333538922382598
2001-04-26,0.002311562373002413,-0.00022125557655676276,0.001045153398222825
2001-04-27,-0.007461986995658009,-0.0014064553811761514,-0.00443422118841708
2001-04-30,0.0035292808168331533,-0.008900866401278905,-0.0026857927922228756
2001-05-01,-0.0017262637415868382,-0.0038125198459761224,-0.00276939179378148
2001-05-02,-0.001497172271389508,-0.005453062799791374,-0.0034751175355904407
2001-05-03,0.006510675101749698,0.015368091720861935,0.010939383411305816
2001-05-04,-0.0045712266072788785,-0.004365035007593355,-0.004468130807436117
2001-05-07,-0.0007819920507875653,0.0071151420699647385,0.0031665750095885865
2001-05-08,-0.0009051486165965548,0.01058828303290445,0.004841567208153948
2001-05-09,-0.0020020014798635168,0.0061671431618355735,0.0020825708409860284
2001-05-10,-0.005495782665785235,-0.0016744155764637858,-0.0035850991211245106
2001-05-11,-0.004460185373617932,-0.014868459612575002,-0.009664322493096466
2001-05-14,0.005342957174043681,-3.2002114077899575e-05,0.0026554775299828907
2001-05-15,-0.006205374079663152,-0.004077898843706303,-0.0051416364616847276
2001-05-16,-0.012976190896231303,-0.009915820919407807,-0.011446005907819554
2001-05-17,0.00021457959830822448,-0.007299221780612856,-0.003542321091152316
2001-05-18,-0.01807399675604361,-0.006979374086208293,-0.012526685421125953
2001-05-21,-0.00505204508675092,0.002894735139777841,-0.0010786549734865393
2001-05-22,0.0017308706484363558,0.011805097169850256,0.006767983909143306
2001-05-23,0.010769994019208392,0.0032572390428132958,0.007013616531010843
2001-05-24,-0.0007740167100315472,-0.010336397578219154,-0.00555520714412535
2001-05-25,-0.003133579348590446,0.0050979677986343,0.0009821942250219271
2001-05-29,0.0062646532013069245,0.010311337544475685,0.008287995372891304
2001-05-30,0.009536643986237063,0.008750585485781311,0.009143614736009187
2001-05-31,0.01517017184386289,0.005013582742001444,0.010091877292932167
2001-06-01,0.0011116886164145876,-0.003922051166570415,-0.0014051812750779137
2001-06-04,0.0020609773349545106,0.01039109546866084,0.006226036401807676
2001-06-05,-0.003202277103763731,0.006487473420386304,0.0016425981583112863
2001-06-06,0.00708930766862568,0.0030149242173601104,0.005052115942992895
2001-06-07,-0.006546323290065899,-0.0075984986098864594,-0.007072410949976179
2001-06-08,-0.00483131574496401,0.0030196905707539213,-0.0009058125871050442
2001-06-11,0.013216697072678304,0.015109886517567592,0.014163291795122948
2001-06-12,-0.001263670218535758,0.0016009468307801125,0.00016863830612217723
2001-06-13,-0.0036200994133726433,-0.0019268880032783037,-0.0027734937083254735
2001-06-14,-0.001630068018631076,0.005624081111983464,0.001997006546676194
2001-06-15,-0.0030607753472586545,0.010660047207820576,0.0037996359302809608
2001-06-18,0.0010009840709150747,-0.004386849273943622,-0.0016929326015142736
2001-06-19,0.002791921630850904,2.973237017751366e-05,0.0014108270005142088
2001-06-20,-0.003823874773607668,0.005387128350587001,0.0007816267884896665
2001-06-21,-0.004167105888993653,-0.0018045792284967217,-0.002985842558745187
2001-06-22,0.005329069067529093,0.01517041522756671,0.010249742147547902
2001-06-25,-0.006273328040186025,0.0009743437362297369,-0.0026494921519781443
2001-06-26,-0.006559262906205957,-0.014388735406761438,-0.010473999156483699
2001-06-27,0.004926531243845333,-0.00728303658217407,-0.0011782526691643683
2001-06-28,0.002095102105484514,-0.0010722220167392734,0.0005114400443726203
2001-06-29,-0.011860511783848645,-0.01430486087995137,-0.013082686331900007
2001-07-02,0.006514168499636989,-0.002932113512140468,0.0017910274937482603
2001-07-03,0.0016480322718958745,-0.0032866840706581436,-0.0008193258993811345
2001-07-05,0.011670420078843346,0.009061434302301037,0.01036592719057219
2001-07-06,0.004752662656573694,0.00851586716346019,0.006634264910016942
2001-07-09,0.0013654515000051954,-0.005513151181934995,-0.0020738498409648997
2001-07-10,0.00764355803434824,-3.0440721115475736e-05,0.003806558656616382
2001-07-11,-0.004453280824962264,-0.01141961053557808,-0.007936445680270172
2001-07-12,0.004064121439297897,-0.005923147126204819,-0.0009295128434534611
2001-07-13,0.0006373917103338054,-0.0029520581967079204,-0.0011573332431870575
2001-07-16,0.010681260455687827,0.010153682499343881,0.010417471477515854
2001-07-17,-0.005820625160731021,-0.009369507349176307,-0.007595066254953663
2001-07-18,0.00553056352093282,0.0003215657424470799,0.00292606463168995
2001-07-19,-0.006111149096526226,-0.00679286744935696,-0.006452008272941593
2001-07-20,0.005268565860966143,-0.004464179423682964,0.00040219321864158955
2001-07-23,0.006078503059091887,0.012746619684673966,0.009412561371882927
2001-07-24,0.0011017231944205307,1.5282902945158768e-05,0.0005585030486828447
2001-07-25,-0.008072479325132179,-0.009945862410906312,-0.009009170868019245
2001-07-26,0.0032983072491231695,0.0034355810480198035,0.0033669441485714865
2001-07-27,0.0038520823447397564,0.0077040026832816974,0.005778042514010727
2001-07-30,0.009231222213461458,0.006254444733018086,0.007742833473239771
2001-07-31,0.0013353292825561166,0.0014545381906573903,0.0013949337366067536
2001-08-01,-0.006898931660505884,-0.007726138675006636,-0.0073125351677562605
2001-08-02,-0.005833716019597264,-0.005653210606073134,-0.0057434633128351995
2001-08-03,0.0014771371699573012,0.004096539800282902,0.002786838485120102
2001-08-06,0.00375652832715568,0.007125642328417116,0.005441085327786398
2001-08-07,-0.0021757415030353258,8.966363940900639e-05,-0.0010430389318131597
2001-08-08,0.013417637436255164,0.014241543890829088,0.013829590663542127
2001-08-09,-0.015254757455840722,-0.015517059117876852,-0.015385908286858787
2001-08-10,0.0034557118558016155,0.006325007279144388,0.004890359567473001
2001-08-13,-0.0019097965762730096,0.0030411702088837403,0.0005656868163053653
2001-08-14,0.0005381937983388032,-0.008334375054155223,-0.00389809062790821
2001-08-15,-0.005515976351936032,-0.00862643679733487,-0.00707120657463545
2001-08-16,0.006856765006725763,-0.00241210159653636,0.0022223317050947015
2001-08-17,0.010577379030751117,0.0036642382080212675,0.007120808619386192
2001-08-20,-0.0009223475297665879,-0.00010552215774069134,-0.0005139348437536396
2001-08-21,0.002402608190555456,0.0013786987732635073,0.0018906534819094817
2001-08-22,-0.002464544864607459,-0.003333241962841284,-0.002898893413724371
2001-08-23,0.002133114445094195,-0.00022606775184353355,0.0009535233466253308
2001-08-24,-0.0006471265969556963,-0.004910994827492833,-0.0027790607122242647
2001-08-27,-0.0005988562002504094,-0.004245955108445964,-0.0024224056543481866
2001-08-28,0.013862839688590459,0.014117774712008913,0.013990307200299687
2001-08-29,0.003086823098658288,0.002081273732938002,0.0025840484157981453
2001-08-30,-0.0022541081054389444,0.006515602033887795,0.0021307469642244253
2001-08-31,-0.0023782341525987486,-0.00894262981870722,-0.005660431985652985
2001-09-03,-6.954957636823063e-05,-8.528346133004405e-05,-7.741651884913734e-05
2001-09-04,-0.010677361830882423,-0.0009848296975038745,-0.005831095764193149
2001-09-05,0.000584160574185478,0.0032120599334863552,0.0018981102538359166
2001-09-06,0.018555018927530302,0.023248016917741438,0.020901517922635872
2001-09-07,0.007972722061086165,0.01215015305103274,0.010061437556059451
2001-09-10,-0.002611649599811154,-0.005227895114291652,-0.003919772357051403
2001-09-11,0.022965129472043096,0.012835074220828465,0.01790010184643578
2001-09-13,-0.005787157225853606,0.01215345105322972,0.003183146913688057
2001-09-14,-0.01349314925640146,0.003923627802873691,-0.004784760726763884
2001-09-17,0.005087405748900521,0.009133709615883624,0.0071105576823920725
2001-09-18,-0.007141032114739174,0.0004977067654135044,-0.0033216626746628347
2001-09-19,0.0021969327391443264,0.0129143997558058,0.007555666247475063
2001-09-20,-0.0036247975719397316,-0.00799948526119462,-0.005812141416567176
2001-09-21,0.004693178642600559,0.0044406825927319465,0.004566930617666253
2001-09-24,-0.0012679456912821011,0.007473189814555807,0.003102622061636853
2001-09-25,-0.0014091569492592616,0.006566196030503172,0.0025785195406219552
2001-09-26,0.006026676353414559,0.006383477528960897,0.006205076941187728
2001-09-27,0.007549444198252302,0.007101301826277695,0.0073253730122649985
2001-09-28,0.001188537835704462,-0.002511738397541273,-0.0006616002809184054
2001-10-01,0.004311701806142829,0.012220116803939465,0.008265909305041147
2001-10-02,0.008698530937439178,0.005725745602294588,0.007212138269866883
2001-10-03,-0.0071281765950181744,-0.005820732802550134,-0.006474454698784155
2001-10-04,-0.0009958630982064378,-0.0030740948223347414,-0.0020349789602705894
2001-10-05,-0.0019361002726637337,0.0023053497040249845,0.00018462471568062543
2001-10-08,0.0021181051571020344,0.00034514564982384273,0.0012316254034629385
2001-10-09,0.002948357337502323,-0.008157817558680879,-0.0026047301105892777
2001-10-10,0.004214795037505072,-0.008345778878547589,-0.002065491920521258
2001-10-11,-0.0006601388659109452,-0.010909467352845516,-0.00578480310937823
2001-10-12,-0.0038931826140796246,0.011255297359229728,0.003681057372575052
2001-10-15,0.006598063238855973,0.011656805109250467,0.00912743417405322
2001-10-16,-0.0003019118052361027,-0.0009877792510217906,-0.0006448455281289466
2001-10-17,-0.0009666154000155592,0.0029222456723012337,0.0009778151361428374
2001-10-18,0.0025848481012852283,0.0061979674789012,0.004391407790093215
2001-10-19,-0.004209272472349887,-0.007241216890394841,-0.005725244681372364
2001-10-22,0.007840710611281755,0.004218453488219405,0.00602958204975058
2001-10-23,-0.004270657977795144,-0.003068123753169456,-0.0036693908654823
2001-10-24,0.0034874279496440075,0.005673072925888604,0.004580250437766306
2001-10-25,-0.00599663138575446,-0.0008917991286970364,-0.003444215257225748
2001-10-26,-0.005033907697322669,-0.004269580128714582,-0.004651743913018626
2001-10-29,0.001910204273353245,0.016579014174022345,0.009244609223687795
2001-10-30,-0.0029932700653363255,0.0038997681671992957,0.00045324905093148513
2001-10-31,0.007865261037193882,0.014957329333901622,0.011411295185547753
2001-11-01,0.0012532650218809956,-2.6748612923762643e-05,0.0006132582044786165
2001-11-02,-0.005971178975943152,-0.005318456146194856,-0.005644817561069004
2001-11-05,0.0015040477204992118,0.0009037449036660447,0.0012038963120826283
2001-11-06,-0.0028285176809475505,0.0006901865278579377,-0.0010691655765448064
2001-11-07,-0.0006480694596194176,0.006598245481709854,0.0029750880110452184
2001-11-08,0.006853905616490411,-0.01638921229475037,-0.0047676533391299795
2001-11-09,0.00045316661251125793,-0.011843833885978141,-0.0056953336367334415
2001-11-12,-0.003531958593678095,-0.002389265854996975,-0.002960612224337535
2001-11-13,0.0035150023823340704,-0.013040916783641403,-0.004762957200653666
2001-11-14,-0.006590686739907963,-0.012540875813163361,-0.009565781276535661
2001-11-15,-0.0007321948129741232,-0.013710668533610266,-0.007221431673292195
2001-11-16,8.511332466085131e-05,-0.0137014810514262,-0.006808183863382674
2001-11-19,0.004297783839438282,-0.00022856365676370634,0.002034610091337288
2001-11-20,-0.00029516276842650067,-0.001419242700819258,-0.0008572027346228793
2001-11-21,-0.004037381512182303,-0.006993419035198858,-0.005515400273690581
2001-11-23,0.002650509703271638,-0.004073153560542612,-0.0007113219286354869
2001-11-26,0.007134910240221529,0.012407527635242511,0.00977121893773202
2001-11-27,-0.0019261602119426868,0.000657636756231565,-0.0006342617278555609
2001-11-28,-0.0002678875548860508,0.008935218981941915,0.004333665713527932
2001-11-29,0.0023110688799669278,0.010152497914942313,0.006231783397454621
2001-11-30,-0.004373417813055842,-0.011167361518141905,-0.007770389665598874
2001-12-03,0.0025363676125783946,0.006245071329890477,0.004390719471234436
2001-12-04,0.007559012644863302,0.004362007866508357,0.005960510255685829
2001-12-05,-0.0038311588678070947,-0.01660538341552381,-0.010218271141665453
2001-12-06,-0.003943583388215906,-0.006732147070548873,-0.00533786522938239
2001-12-07,-0.004530052592072044,-0.004895284917975826,-0.0047126687550239355
2001-12-10,0.0010503940506696448,0.011110682729379748,0.0060805383900246965
2001-12-11,-0.0009319858711579224,0.0035355394801530786,0.001301776804497578
2001-12-12,0.003259968273872307,0.005117074520046731,0.004188521396959519
2001-12-13,-0.0030583603388840536,-0.0029729440460196247,-0.003015652192451839
2001-12-14,-0.007927820973152522,-0.008873327350764869,-0.008400574161958696
2001-12-17,-0.0018540320763916784,-0.00239287504967875,-0.002123453563035214
2001-12-18,0.0012550851310053632,0.00035717079509980747,0.0008061279630525854
2001-12-19,0.013902836605301885,0.007069758666193796,0.01048629763574784
2001-12-20,0.0012616294337002005,0.009676598029345855,0.005469113731523028
2001-12-21,-0.0022447998933059635,0.005900426946708355,0.0018278135267011959
2001-12-24,-0.006055239780302043,0.00176575123941217,-0.0021447442704449365
2001-12-26,0.004732884230347563,-0.004874789480179831,-7.095262491613403e-05
2001-12-27,0.0053821634109226975,0.005597931008658896,0.005490047209790797
2001-12-28,0.0015597069894810653,0.004627650418693163,0.003093678704087114
2001-12-31,0.005820658282879927,0.010491426123454673,0.008156042203167301
2002-01-02,0.002619852338115414,-0.008182212298781239,-0.0027811799803329124
2002-01-03,-0.005878015967637593,-0.005373523140411666,-0.005625769554024629
2002-01-04,-0.008720171480143833,-0.012699190671362257,-0.010709681075753045
2002-01-07,-0.003023910157831622,-0.0019210137457351597,-0.002472461951783391
2002-01-08,0.0009574130013447343,0.0034026140105561,0.002180013505950417
2002-01-09,-0.011656464773569231,-0.0014167035507012496,-0.006536584162135241
2002-01-10,0.003653813619996324,0.008303566428520348,0.005978690024258336
2002-01-11,-0.0102118240656879,-0.0005932977598746126,-0.005402560912781257
2002-01-14,-0.0031724936573350555,0.0009261664161107499,-0.0011231636206121528
2002-01-15,0.00666672933569838,0.002836026342432145,0.004751377839065263
2002-01-16,-0.005498120823437124,0.00513872734391835,-0.00017969673975938702
2002-01-17,-0.0007663184040885908,-0.005710655296936058,-0.0032384868505123243
2002-01-18,0.0076069267563481004,0.008685157412684408,0.008146042084516254
2002-01-22,0.00940789599299614,0.009380671105132573,0.009394283549064356
2002-01-23,-0.00021040868953071078,-0.006821900537234763,-0.003516154613382737
2002-01-24,-0.0008195944851791413,-0.006037814978149169,-0.0034287047316641553
2002-01-25,0.00172099905971388,0.00598655109808666,0.0038537750789002703
2002-01-28,0.005929611243146262,0.004961363958367174,0.0054454876007567175
2002-01-29,-0.0061776891323436734,0.019776408430708117,0.0067993596491822215
2002-01-30,-8.803475793282519e-05,-0.0016477326695354207,-0.0008678837137341229
2002-01-31,-0.001822220044129181,-0.008752931373086397,-0.005287575708607789
2002-02-01,-0.006800774087541012,0.0028156397053380193,-0.0019925671911014964
2002-02-04,-0.005918562849997396,0.010174629892373017,0.0021280335211878105
2002-02-05,-0.008589444992471763,0.013840793351595812,0.0026256741795620247
2002-02-06,0.0002662150801427325,0.005513653888359995,0.002889934484251364
2002-02-07,-0.00706934445887721,-0.0012642927262933284,-0.004166818592585269
2002-02-08,0.006608945443945847,0.0033859156750102744,0.004997430559478061
2002-02-11,0.006864791580555655,-0.013467065891473274,-0.0033011371554588094
2002-02-12,-0.01582336930947626,-0.010638370679835998,-0.01323086999465613
2002-02-13,-0.0019094354682812151,-0.010974455438831668,-0.006441945453556442
2002-02-14,0.003169210016735195,0.0031922288228467197,0.0031807194197909575
2002-02-15,0.010467201972532836,0.01773010649060007,0.014098654231566452
2002-02-19,0.005822909688990952,0.004636924192642582,0.005229916940816768
2002-02-20,-0.0013792454046357753,-0.003673022528157568,-0.0025261339663966717
2002-02-21,-7.254827093434394e-05,0.007753530797556939,0.0038404912633112974
2002-02-22,0.0069309522533686,0.0018067468281935128,0.004368849540781056
2002-02-25,0.0024217501819586962,0.001129701733481453,0.0017757259577200746
2002-02-26,-0.00018006454891251068,0.00349881131640831,0.0016593733837478996
2002-02-27,0.00045478954648965684,0.0011227350362210437,0.0007887622913553503
2002-02-28,0.001951657210675143,-0.002592494919698143,-0.0003204188545115
2002-03-01,-0.007985572011228922,-0.024450026899553834,-0.01621779945539138
2002-03-04,8.728773130514287e-05,-0.01076119108320122,-0.005336951675948038
2002-03-05,0.0034418636645237735,-0.010647638724637367,-0.0036028875300567966
2002-03-06,-0.002173833755493784,-0.007714322908924014,-0.004944078332208899
2002-03-07,-0.008228991476125408,-0.021643635264286625,-0.014936313370206017
2002-03-08,0.0003224780463852916,-0.002970379516375174,-0.0013239507349949412
2002-03-11,0.0046074366719400465,0.00015453341639589042,0.0023809850441679683
2002-03-12,-0.00019806983231410733,0.00549305859109316,0.002647494379389526
2002-03-13,0.0015860725512380975,0.011978333258834701,0.006782202905036399
2002-03-14,-0.009216542886354897,-0.014723331115946807,-0.011969937001150852
2002-03-15,0.0028324917849068543,-0.00439156382186797,-0.0007795360184805577
2002-03-18,0.005510663030330723,-0.0034618719181138966,0.0010243955561084132
2002-03-19,-0.003201838499884567,-0.001366658078574926,-0.0022842482892297465
2002-03-20,-0.00521094373197452,0.00457518721543179,-0.00031787825827136497
2002-03-21,0.0048442688510864085,-0.005788534660980072,-0.00047213290494683155
2002-03-22,-0.0018578910405372094,0.009287142897683603,0.0037146259285731967
2002-03-25,0.0006810621280809251,0.005702309365104824,0.0031916857465928744
2002-03-26,0.001961236510493729,-0.005462079178085022,-0.0017504213337956466
2002-03-27,-0.010684797991511898,0.000418860021863811,-0.005132968984824043
2002-03-28,-0.0054437858792991956,0.003753708156079047,-0.0008450388616100743
2002-04-01,-0.0014309322288851983,-7.324706304105755e-05,-0.000752089645963128
2002-04-02,0.008518180364935556,0.004460339503481923,0.006489259934208739
2002-04-03,0.016549681033295755,0.00521611459299666,0.010882897813146207
2002-04-04,0.0034542634416405643,0.001415277674097557,0.0024347705578690606
2002-04-05,0.008237313887983952,0.007150643290168524,0.007693978589076238
2002-04-08,0.0007749652628666866,-0.00101887139924653,-0.00012195306818992165
2002-04-09,0.0013184955976066018,0.005274290076935272,0.0032963928372709366
2002-04-10,-0.003883617742082111,-0.0012598880483632067,-0.0025717528952226587
2002-04-11,0.0009416355720049307,0.012671785956587892,0.006806710764296411
2002-04-12,0.004927785817295493,0.011002959255096138,0.007965372536195815
2002-04-15,0.007325895428091921,-0.0010065733174352486,0.0031596610553283363
2002-04-16,-0.00817299580282442,-0.013997088912005747,-0.011085042357415083
2002-04-17,-0.012873450138184209,-0.005560467591165017,-0.009216958864674612
2002-04-18,0.002485965423288189,0.010023438892283893,0.006254702157786041
2002-04-19,0.005316102840744834,0.0027217100766082996,0.004018906458676566
2002-04-22,-0.004004350883722098,0.0011596573392634241,-0.001422346772229337
2002-04-23,0.003068014108690729,0.004072876537874879,0.003570445323282804
2002-04-24,0.004647839380666446,0.009527758864142833,0.007087799122404639
2002-04-25,-0.001590570067173446,0.005990097694576818,0.002199763813701686
2002-04-26,-0.004792276256825944,0.0074407674985954315,0.0013242456208847437
2002-04-29,0.0008143980042147731,0.002172217614898753,0.0014933078095567631
2002-04-30,0.004710680458735863,-0.0037605234961141883,0.0004750784813108372
2002-05-01,-0.0009933066612086987,0.0025148164004056292,0.0007607548695984653
2002-05-02,-0.0010827163249252042,0.002796130931127645,0.0008567073031012204
2002-05-03,0.002544657511068584,0.013257154189680974,0.007900905850374779
2002-05-06,-0.0006525056607571498,0.003743966085943334,0.0015457302125930922
2002-05-07,-0.0021979502934852276,-0.0013223407746127706,-0.001760145534048999
2002-05-08,-0.004899595202499173,-0.02856008673172768,-0.016729840967113427
2002-05-09,0.0015200082175279596,0.010679801528645517,0.006099904873086738
2002-05-10,0.0014357275035610966,0.008675722744079777,0.005055725123820437
2002-05-13,-0.013048469405257569,-0.022534642835831918,-0.017791556120544744
2002-05-14,-0.0030210262356758595,-0.02179351194284096,-0.01240726908925841
2002-05-15,-0.008320849314041747,0.010657087824879204,0.0011681192554187283
2002-05-16,0.01489136452617771,0.011283001190513807,0.013087182858345758
2002-05-17,-0.006572741102355245,-0.0021895249388696495,-0.004381133020612447
2002-05-20,-0.002053380319611517,0.009960540758318258,0.0039535802193533705
2002-05-21,0.00032921073232680036,0.005834570132151576,0.0030818904322391883
2002-05-22,0.007562378397825596,0.011275333525866219,0.009418855961845907
2002-05-23,-0.01034002230207771,-0.0066140680960280794,-0.008477045199052895
2002-05-24,0.004077125924127945,0.004511107828509567,0.004294116876318756
2002-05-28,-0.012049641984015246,0.0034037311259053596,-0.004322955429054943
2002-05-29,0.004025152201136569,0.005896044199920912,0.00496059820052874
2002-05-30,-0.0018287245732479486,0.007951475008112658,0.0030613752174323545
2002-05-31,-0.0028338975647076168,-0.0065593431123752155,-0.004696620338541416
2002-06-03,-0.0031005065102098967,0.004840359821693982,0.0008699266557420425
2002-06-04,0.0018780757592085887,0.0028173796907902645,0.002347727724999427
2002-06-05,0.004197314303801458,-0.006477154396921064,-0.0011399200465598033
2002-06-06,0.005488510876092033,0.012833468158018132,0.009160989517055082
2002-06-07,-0.0011428256740721118,-0.0017818270580077977,-0.0014623263660399548
2002-06-10,0.005372298282076671,-0.0018247496777794065,0.0017737743021486324
2002-06-11,0.012097354760988789,0.018908666786893187,0.015503010773940989
2002-06-12,0.0018801958726378414,-0.0027626619674573755,-0.00044123304740976705
2002-06-13,-0.0004952152147857528,-0.006785893253299818,-0.0036405542340427854
2002-06-14,0.011714462076138034,0.012958108521072346,0.01233628529860519
2002-06-17,-0.0026648722235124945,-0.006178975545901015,-0.004421923884706755
2002-06-18,-0.000673107248963938,0.007161723601042758,0.00324430817603941
2002-06-19,0.013295442246899731,0.01702361432314966,0.015159528285024695
2002-06-20,-0.012544925656419209,-0.00539967271063746,-0.008972299183528334
2002-06-21,0.00622376232508215,0.011346584217093777,0.008785173271087963
2002-06-24,-0.012371495506633001,-0.009624811872680767,-0.010998153689656884
2002-06-25,-0.0016697428589644019,0.0026150752046424602,0.00047266617283902917
2002-06-26,0.004971238497292992,0.01578485832767101,0.010378048412482
2002-06-27,-0.01779743206326854,-0.0182853705665087,-0.01804140131488862
2002-06-28,0.00028261895602496004,-0.0006861892146555737,-0.00020178512931530684
2002-07-01,-0.00404899270358603,0.007598838299218664,0.0017749227978163169
2002-07-02,0.01661121312522465,0.002353584014585453,0.009482398569905051
2002-07-03,0.004749552157010011,-0.0010887034530847896,0.0018304243519626105
2002-07-05,-0.015028523839764848,-0.022615633777698818,-0.018822078808731834
2002-07-08,0.002817069499874431,0.02093283221836395,0.011874950859119191
2002-07-09,0.00029242841566262754,0.019698825770539562,0.009995627093101095
2002-07-10,0.013688735963977449,0.012152323994340195,0.012920529979158822
2002-07-11,0.0012905997260900994,0.00944538811414395,0.005367993920117025
2002-07-12,0.010713614476883935,0.0014901714331926469,0.006101892955038291
2002-07-15,-0.011913268416676885,0.005705678541568834,-0.0031037949375540257
2002-07-16,-0.012124370372031299,-0.018385561112801724,-0.015254965742416512
2002-07-17,0.008347893345527518,0.005565926332914645,0.006956909839221082
2002-07-18,0.007565315099562732,0.007859448101858074,0.007712381600710402
2002-07-19,0.002444129638523163,0.023342789415861265,0.012893459527192213
2002-07-22,0.0042732434798853506,0.006210793942216056,0.005242018711050704
2002-07-23,0.021294638445798098,-0.012457996771748482,0.004418320837024808
2002-07-24,-0.009366064191914731,0.0002845141008110568,-0.004540775045551837
2002-07-25,0.010701068692437586,0.007289373198241308,0.008995220945339447
2002-07-26,0.0107962999683109,-0.01265541522047806,-0.0009295576260835792
2002-07-29,-0.009829835021122094,-0.02387106236598856,-0.016850448693555328
2002-07-30,-0.0014730526450959251,-0.007464606207921518,-0.004468829426508721
2002-07-31,0.008500088756093746,0.01137615154495382,0.009938120150523783
2002-08-01,0.0043305203757964435,0.013505257142545034,0.008917888759170739
2002-08-02,0.011533582936202935,0.018452215327577282,0.014992899131890109
2002-08-05,0.007757281533599222,0.007375622398948709,0.0075664519662739654
2002-08-06,-0.008353754650141362,-0.02824372054276145,-0.018298737596451405
2002-08-07,0.0003747779558309456,0.016428640748331332,0.008401709352081139
2002-08-08,-0.001570037156392256,-0.01796070751092348,-0.009765372333657868
2002-08-09,0.002642849187757744,0.008064783060320343,0.005353816124039044
2002-08-12,-0.0027645743722842587,0.0035854602172680147,0.00041044292249187804
2002-08-13,0.004768978054704523,0.01321096806697453,0.008989973060839526
2002-08-14,-0.007300393189762375,-0.003832712064151443,-0.005566552626956909
2002-08-15,-0.007678468525958539,-0.01629007243312027,-0.011984270479539405
2002-08-16,-0.005022106253535325,-0.009557083358173225,-0.007289594805854275
2002-08-19,0.008332930110332832,-0.008033745719742276,0.00014959219529527782
2002-08-20,0.013376274226218572,0.0034742859944361924,0.008425280110327383
2002-08-21,-0.0011178616936477078,0.00039421747525195713,-0.00036182210919787533
2002-08-22,-0.006886718349880758,-0.012531715684002407,-0.009709217016941583
2002-08-23,0.004964607344599801,0.010756271822656443,0.007860439583628122
2002-08-26,-0.00018557258426751691,0.006082121318375802,0.002948274367054142
2002-08-27,-0.006358404663514214,-0.0003883766357806191,-0.0033733906496474166
2002-08-28,0.008534046467292408,0.007825519611732458,0.008179783039512433
2002-08-29,0.005493461366503095,0.006696827990195635,0.006095144678349365
2002-08-30,-0.0005142497835926719,0.0037596100504011095,0.0016226801334042187
2002-09-03,0.009479740870936153,0.02230252307266248,0.015891131971799317
2002-09-04,-0.0017302161858076827,0.0021735358811958276,0.0002216598476940724
2002-09-05,0.0065541388522060064,0.011802016661098865,0.009178077756652435
2002-09-06,-0.016859978184734576,-0.009708583398833516,-0.013284280791784047
2002-09-09,-0.010774652647074548,0.0017479579001601084,-0.004513347373457219
2002-09-10,0.0025288028331526607,-0.0032466857780065624,-0.00035894147242695085
2002-09-11,-0.003905050665187799,-0.001420302346942521,-0.00266267650606516
2002-09-12,0.010081222920359574,0.002613551091677067,0.006347387006018321
2002-09-13,0.019835577520455044,-0.009657268107393834,0.005089154706530605
2002-09-16,0.004234078694133708,0.004805396350823254,0.004519737522478481
2002-09-17,0.003313584456423104,0.0031002127630212644,0.003206898609722184
2002-09-18,0.005693450403427645,0.007978253271421468,0.006835851837424556
2002-09-19,0.01303050536646792,0.008334044179204667,0.010682274772836294
2002-09-20,0.005046406086021676,-0.0004537728001432282,0.0022963166429392236
2002-09-23,0.018833799479253885,0.01243362072508716,0.015633710102170524
2002-09-24,-0.0006191843689868538,0.00934236783315012,0.004361591732081634
2002-09-25,-0.015520440031027306,-0.021744021115108918,-0.018632230573068113
2002-09-26,-0.003107198860310516,-0.0016517610120546746,-0.0023794799361825953
2002-09-27,0.015826925012254838,0.01590849716995577,0.015867711091105303
2002-09-30,0.015265142058611536,0.015618050464415762,0.01544159626151365
2002-10-01,-0.014975015108445032,-0.019763940905379283,-0.01736947800691216
2002-10-02,0.004788580901979951,0.003972324378335516,0.004380452640157734
2002-10-03,0.005214957371186428,0.0010099919697220705,0.003112474670454249
2002-10-04,0.0023566180417127105,0.004302462947437757,0.003329540494575234
2002-10-07,0.004925009147431859,0.008882459431258894,0.0069037342893453766
2002-10-08,-0.004080114573512261,-0.010841215475741137,-0.007460665024626699
2002-10-09,0.013332135631829145,0.012684619922645059,0.013008377777237103
2002-10-10,-0.012940128594766932,-0.01855755032110994,-0.015748839457938438
2002-10-11,-0.0172761641851409,-0.01737211676983711,-0.017324140477489005
2002-10-14,0.0062981200204159215,0.006019437570394552,0.006158778795405237
2002-10-15,-0.036279802074796176,-0.02854684665104391,-0.03241332436292004
2002-10-16,0.003290202464285497,0.0023961304146431425,0.00284316643946432
2002-10-17,-0.01672646715656485,-0.016272812852050053,-0.016499640004307453
2002-10-18,0.003639621682817723,-0.003245950236827659,0.00019683572299503192
2002-10-21,-0.014920467324270738,-0.010775274241603053,-0.012847870782936897
2002-10-22,0.007235229597550135,-0.0012507920394333797,0.0029922187790583778
2002-10-23,-0.0008396255104768468,-0.00492277832026218,-0.002881201915369513
2002-10-24,0.006697213048569044,0.013397454782014213,0.01004733391529163
2002-10-25,0.00019151930158171855,-0.0004987316243676346,-0.00015360616139295803
2002-10-28,0.007208061668103231,0.008036342378440253,0.007622202023271742
2002-10-29,0.014674177794623522,0.011984148817970114,0.013329163306296818
2002-10-30,-0.004137411537367816,-0.002257989602290221,-0.0031977005698290185
2002-10-31,-0.0007799177467862162,0.014465173983157205,0.006842628118185494
2002-11-01,-0.011330355057664531,-0.00492296110424283,-0.00812665808095368
2002-11-04,-0.007385684657002858,-0.010039936351182305,-0.008712810504092582
2002-11-05,-0.002838512885023785,-0.0036689514808984774,-0.003253732182961131
2002-11-06,-0.001487673339549726,0.00034543862878458624,-0.0005711173553825698
2002-11-07,0.01963726553919718,0.013763364861052308,0.016700315200124743
2002-11-08,0.00702759097895054,0.0020980983367142837,0.004562844657832412
2002-11-11,-0.0005243745121437455,0.007809199455156344,0.0036424124715062995
2002-11-12,0.0022262909038080017,-0.001704001623900305,0.0002611446399538483
2002-11-13,-0.0013815679967565033,-0.005893443473454054,-0.0036375057351052784
2002-11-14,-0.01766828819483988,-0.015899180085610327,-0.016783734140225104
2002-11-15,-0.0009320723135217284,-0.002236580485376869,-0.0015843263994492988
2002-11-18,0.003729404172121447,0.00567129488502529,0.004700349528573369
2002-11-19,0.0005313963984407089,0.0032506653963654698,0.0018910308974030893
2002-11-20,-0.016276424649937674,-0.01414740390955496,-0.015211914279746316
2002-11-21,-0.010018638412120669,-0.006667697496090226,-0.008343167954105448
2002-11-22,-0.0010745642057220803,-0.00032395453338860043,-0.0006992593695553404
2002-11-25,-0.005496525604317982,-0.009989752999642137,-0.00774313930198006
2002-11-26,0.016405592079475482,0.007282248198023499,0.01184392013874949
2002-11-27,-0.02664308537006013,-0.02064934747769917,-0.02364621642387965
2002-11-29,0.0077010318202715795,0.007940299001402359,0.00782066541083697
2002-12-02,0.004046754383275321,0.0027857897364084155,0.003416272059841868
2002-12-03,0.012228957604609816,0.0027688842882826006,0.007498920946446208
2002-12-04,0.0025982389914709888,0.0074303532321548255,0.005014296111812908
2002-12-05,0.021192514531998597,0.0020361621009647823,0.01161433831648169
2002-12-06,0.0033251865743681866,0.005650043925031776,0.0044876152496999815
2002-12-09,0.01070947442215808,0.008344885795588711,0.009527180108873396
2002-12-10,-0.003584338457954599,-0.002892558464994249,-0.0032384484614744243
2002-12-11,0.0020004198487233787,0.006621620144264914,0.004311019996494147
2002-12-12,0.0059059939000524475,0.011784313651128746,0.008845153775590597
2002-12-13,-0.0008400090378008232,0.008279445214775348,0.0037197180884872626
2002-12-16,-0.005932587883524057,-0.0068533082685614585,-0.006392948076042758
2002-12-17,0.00515127226039921,0.005312831087549404,0.005232051673974307
2002-12-18,0.013132322746888171,0.009774958069678917,0.011453640408283543
2002-12-19,0.014036073529964237,0.01327190384537231,0.013653988687668274
2002-12-20,-0.0013618334104404906,-0.006922849839679136,-0.004142341625059814
2002-12-23,-0.003210802163009482,0.001247902582610393,-0.0009814497901995444
2002-12-24,0.012371796144340072,0.010098269099527706,0.011235032621933889
2002-12-26,0.009053254955865115,0.0069043853051256885,0.007978820130495402
2002-12-27,0.015371028116743282,0.01271639000318895,0.014043709059966117
2002-12-30,0.0011227836517592265,0.00046907368628737575,0.0007959286690233012
2002-12-31,0.0003767454198110588,0.0028723915268371253,0.001624568473324092
2003-01-02,-0.04447223243907852,-0.02904183346142822,-0.03675703295025337
2003-01-03,-0.004113644141459679,0.011128908517808839,0.00350763218817458
2003-01-06,-0.010624477109108145,-0.0016088766367421778,-0.0061166768729251616
2003-01-07,2.9153266064781725e-05,5.976133930262927e-05,4.44573026837055e-05
2003-01-08,-0.00020025008092816693,0.020594308876470274,0.010197029397771054
2003-01-09,-0.01981223137065118,-0.019607445418338806,-0.019709838394494993
2003-01-10,0.01301566491037782,-0.005126652361928587,0.0039445062742246165
2003-01-13,0.007247365220857018,-0.007032803929372328,0.00010728064574234497
2003-01-14,0.0030971512184654712,0.002147169017598502,0.0026221601180319866
2003-01-15,-0.0006888309666301533,0.005309633223646578,0.0023104011285082124
2003-01-16,0.005443370758672028,0.009166978211110033,0.007305174484891031
2003-01-17,0.011096305917708986,0.013006886733620932,0.012051596325664958
2003-01-21,0.0007967758321172785,0.011665008407973977,0.006230892120045628
2003-01-22,0.006526517049666521,0.00928128904030759,0.007903903044987056
2003-01-23,-0.004883907140998683,0.0007090656376831211,-0.002087420751657781
2003-01-24,0.01248750361122873,0.01804707024988143,0.015267286930555079
2003-01-27,0.005983183320498151,-0.007400797512441456,-0.0007088070959716526
2003-01-28,-0.006937594740433144,0.0029194470647748716,-0.002009073837829136
2003-01-29,-0.0055981772899565945,-0.006509667993905592,-0.006053922641931093
2003-01-30,-0.0005243347051138163,0.01601078437190342,0.007743224833394803
2003-01-31,-0.0041219940179113715,-0.003447122078300682,-0.0037845580481060265
2003-02-03,-0.0008546039221585139,-0.0024266329908365866,-0.0016406184564975502
2003-02-04,0.009875005001349762,0.018769297967786733,0.014322151484568248
2003-02-05,-0.005868122536376251,-0.009008147417609207,-0.007438134976992729
2003-02-06,0.008099936861611041,0.004220418277944035,0.006160177569777539
2003-02-07,0.008882946651168415,0.0068351706178474214,0.007859058634507919
2003-02-10,-0.01688763620557283,-0.011110450398387959,-0.013999043301980395
2003-02-11,0.0023322250111460457,0.0019374193612725669,0.0021348221862093064
2003-02-12,0.01559746085412269,-0.003964152942876842,0.005816653955622924
2003-02-13,0.01268694620818665,0.016187187808573734,0.014437067008380192
2003-02-14,-0.01924225438022974,-0.012054025959214308,-0.015648140169722026
2003-02-18,-0.005308383534468177,-0.009527215113947801,-0.0074177993242079895
2003-02-19,0.011725142449853506,0.004925041025886128,0.008325091737869817
2003-02-20,0.0036038776801765172,0.003810352499406164,0.0037071150897913406
2003-02-21,-0.008646141635042362,-0.01208868057651184,-0.0103674111057771
2003-02-24,0.01095778970811104,0.00897760490532842,0.00996769730671973
2003-02-25,-0.0011100282488631808,-0.001574287189892881,-0.001342157719378031
2003-02-26,0.006533730032288041,0.012264070342020207,0.009398900187154124
2003-02-27,0.0031226370565814857,-0.00983035799649091,-0.0033538604699547125
2003-02-28,0.00999878328398522,0.0017493608292086292,0.005874072056596924
2003-03-03,-0.0011946248886201766,0.011413488446707034,0.005109431779043428
2003-03-04,0.008294482311190732,0.004515474403876264,0.006404978357533498
2003-03-05,0.004588512873086341,0.010712419088048214,0.007650465980567277
2003-03-06,-0.0004878850266645907,0.0020853775803062182,0.0007987462768208138
2003-03-07,0.003588632963420235,0.0004502836553064596,0.0020194583093633475
2003-03-10,0.015914504784982644,0.00756935384964535,0.011741929317313996
2003-03-11,-0.0017613719382695134,-0.004066549836170103,-0.002913960887219808
2003-03-12,-0.003033534499056364,-0.004625639726497989,-0.0038295871127771767
2003-03-13,-0.030275937168832458,-0.033154740690533056,-0.03171533892968276
2003-03-14,0.00654257388432351,-0.005360148787323829,0.0005912125484998404
2003-03-17,-0.019040311293215158,-0.029551790722048783,-0.02429605100763197
2003-03-18,-0.01191952538053283,-0.012792211061551645,-0.012355868221042237
2003-03-19,-0.003728494011604105,-0.012534862925706276,-0.00813167846865519
2003-03-20,-0.007968808676144405,-5.206460692835814e-06,-0.00398700756841862
2003-03-21,-0.013874640204769556,-0.025364779747834968,-0.01961970997630226
2003-03-24,0.030976916298683814,0.021691014753244208,0.02633396552596401
2003-03-25,-0.00614043654289381,-0.002553879961860721,-0.004347158252377265
2003-03-26,0.007430747429481097,0.006975030027714724,0.0072028887285979105
2003-03-27,0.007274558553988889,0.0101583903551504,0.008716474454569644
2003-03-28,0.010117461558827354,0.010966767856482823,0.010542114707655089
2003-03-31,0.007143343720525827,0.02913936287059838,0.018141353295562105
2003-04-01,-0.005792233111061996,-0.004726491769522208,-0.005259362440292102
2003-04-02,-0.02090335823033945,-0.019706926200780177,-0.02030514221555981
2003-04-03,0.007519844742151931,-0.0023386918707668943,0.0025905764356925183
2003-04-04,-0.0032167450872378346,-0.0016032358160168103,-0.0024099904516273222
2003-04-07,-0.016202153249182574,-0.007135183181738069,-0.011668668215460322
2003-04-08,0.010554315570627634,0.011092783334727812,0.010823549452677723
2003-04-09,0.011395822440266783,0.013870457469375748,0.012633139954821265
2003-04-10,-0.0032095984832711325,-0.005387784105040123,-0.004298691294155627
2003-04-11,-0.0020454988050109192,-0.007033103928597148,-0.004539301366804033
2003-04-14,-0.011629945434240707,-0.00913190901505467,-0.010380927224647687
2003-04-15,-0.0032028008823377072,0.007205388911827891,0.002001294014745092
2003-04-16,0.009596904482103447,0.005665542648377152,0.0076312235652403
2003-04-17,-0.009623494026942231,-0.00014221169474342,-0.004882852860842826
2003-04-21,0.004895145397300438,-0.003451229988856851,0.0007219577042217936
2003-04-22,-0.0036767142263828545,0.002981160351908011,-0.00034777693723742173
2003-04-23,-0.0030319679380831563,-0.004360948218852922,-0.003696458078468039
2003-04-24,0.017113357912721363,0.013857907212786888,0.015485632562754125
2003-04-25,0.011723024071866397,0.0005288941119068153,0.006125959091886606
2003-04-28,-0.004437925843521126,-0.008255976850706377,-0.006346951347113751
2003-04-29,-0.011438404614003474,0.002900863389646841,-0.004268770612178317
2003-04-30,0.011338600152465567,0.0172112776773669,0.014274938914916234
2003-05-01,-0.0001375204471191603,0.007830178201442918,0.0038463288771618787
2003-05-02,-0.011406151584402295,-0.006689713956506506,-0.0090479327704544
2003-05-05,-0.0017045231907224648,0.01236684905881498,0.005331162934046257
2003-05-06,0.005894975416425829,0.01143767007504987,0.008666322745737849
2003-05-07,0.004120188736025738,0.010982862949688182,0.0075515258428569595
2003-05-08,0.010143432176687502,0.00606568509868458,0.00810455863768604
2003-05-09,-0.017223568844132404,0.01185185231628924,-0.002685858263921582
2003-05-12,-0.0037460501526467046,0.0038186015928510374,3.6275720102166373e-05
2003-05-13,-0.0010197013031622484,-0.0004128815871928053,-0.0007162914451775269
2003-05-14,0.011042320630379403,0.013214800951413891,0.012128560790896647
2003-05-15,-0.01146387356701619,-0.0019522559506903667,-0.0067080647588532785
2003-05-16,0.012089693352993217,0.014014168573622645,0.01305193096330793
2003-05-19,0.022503255250570727,0.0029230387534225875,0.012713147001996657
2003-05-20,0.006550331792627413,0.01557071010939445,0.01106052095101093
2003-05-21,-0.004850090978085916,-0.004339156607208471,-0.0045946237926471935
2003-05-22,0.008078762475020106,-0.002770527753942382,0.002654117360538862
2003-05-23,0.0010721033687790783,0.0012869426053806316,0.001179522987079855
2003-05-27,-0.01068117824061759,-0.009184361672225576,-0.009932769956421582
2003-05-28,0.003357381256659512,-0.010236511291240114,-0.0034395650172903006
2003-05-29,0.004603334263528424,0.018347480930663327,0.011475407597095876
2003-05-30,-0.005819532955743826,-0.01199928580220841,-0.008909409378976118
2003-06-02,-0.004970811965745362,-0.0064758254460235256,-0.005723318705884444
2003-06-03,0.014916295140363495,0.005468079995630345,0.01019218756799692
2003-06-04,0.0037780878071351797,-0.001741754752005255,0.0010181665275649622
2003-06-05,-0.009129517080090079,0.0076065043347103905,-0.0007615063726898442
2003-06-06,-0.005292496462458637,0.0013345940417515603,-0.0019789512103535385
2003-06-09,0.01631914854716697,0.009012918138055881,0.012666033342611425
2003-06-10,0.0009561341455953504,0.008542173974460839,0.004749154060028095
2003-06-11,-0.007475824317943216,0.004146597989648695,-0.0016646131641472606
2003-06-12,-0.003567553919863427,0.0014962663934372184,-0.0010356437632131044
2003-06-13,0.028182077078983347,-0.0020567147708078263,0.013062681154087761
2003-06-16,-0.011422647516799913,-0.012276449370514446,-0.011849548443657178
2003-06-17,-0.017211317379859325,-0.011334064207955328,-0.014272690793907326
2003-06-18,-0.013288228063581427,-0.009092953300606266,-0.011190590682093847
2003-06-19,0.008487149780121371,0.006336383463886206,0.007411766622003789
2003-06-20,0.0016463960443255771,-0.009054325045264917,-0.0037039645004696697
2003-06-23,0.01837421803583778,0.005238962442530066,0.011806590239183921
2003-06-24,0.008347074407548484,-0.003232969814393971,0.0025570522965772564
2003-06-25,-0.009451245911398265,-0.0030663805391108107,-0.0062588132252545375
2003-06-26,-0.009175939987501821,-0.02964372851139397,-0.019409834249447894
2003-06-27,0.0013212867352207151,-0.0026359279346706305,-0.0006573205997249577
2003-06-30,0.012979882173889052,0.016769835185215062,0.014874858679552058
2003-07-01,-0.006735829750843117,0.005945380764375317,-0.00039522449323390035
2003-07-02,-0.004696895247787555,-0.003872390045135348,-0.004284642646461451
2003-07-03,0.0019232523196395356,-0.009652777861181938,-0.003864762770771201
2003-07-07,-0.01352389022857416,-0.01765480917304027,-0.015589349700807215
2003-07-08,-0.008653385477680768,-0.008373684384202515,-0.008513534930941641
2003-07-09,-0.0003418813469975741,0.006898832563425685,0.0032784756082140554
2003-07-10,0.013617785444058688,-0.0010871149763229102,0.006265335233867889
2003-07-11,0.003925258995905039,0.007936620161396665,0.005930939578650853
2003-07-14,-0.012953021788043596,-0.009835370097894836,-0.011394195942969216
2003-07-15,-0.012655969583565093,-0.023897295996689535,-0.018276632790127315
2003-07-16,-0.003745977705523659,-0.0018853733079379283,-0.0028156755067307937
2003-07-17,0.007025339790994954,-0.006926793328144313,4.92732314253206e-05
2003-07-18,-0.005927670723673957,0.004662266094472551,-0.0006327023146007029
2003-07-21,-0.015392591176505134,-0.016276187922769567,-0.01583438954963735
2003-07-22,0.0017526979417946318,0.0018875450011621266,0.0018201214714783792
2003-07-23,0.0009746650531138254,0.018925999554937137,0.009950332304025481
2003-07-24,-0.00369589367873911,0.0007081183293783393,-0.0014938876746803855
2003-07-25,-0.007291583542180845,0.004607553175348518,-0.0013420151834161636
2003-07-28,-0.019276272618357262,-0.0021262659760726468,-0.010701269297214953
2003-07-29,-0.007382812736556072,-0.012857984226959187,-0.01012039848175763
2003-07-30,0.013064130143017117,-0.0007676281125539948,0.006148251015231561
2003-07-31,-0.024576444133674425,-0.012482278631398726,-0.018529361382536576
2003-08-01,-0.002472427554570387,-0.002211429966546003,-0.002341928760558195
2003-08-04,0.00980326203610317,0.010273455212044015,0.010038358624073592
2003-08-05,-0.001565976036636665,-0.020179047024095398,-0.010872511530366032
2003-08-06,0.009092054973603455,0.01321931842736884,0.011155686700486148
2003-08-07,-0.0037834685074620705,0.006998613468014254,0.0016075724802760917
2003-08-08,0.004279944235644706,-0.004759752864024748,-0.0002399043141900212
2003-08-11,-0.004772054707509295,0.009488816265825914,0.0023583807791583097
2003-08-12,-0.011563846529882474,-0.0049915599488957255,-0.0082777032393891
2003-08-13,-0.016196615388872054,-0.012303771895768853,-0.014250193642320453
2003-08-14,-0.004634951081020059,0.0005810103910117362,-0.0020269703450041614
2003-08-15,0.00011420900787686351,0.0039013537624350476,0.0020077813851559555
2003-08-18,-0.012177657446297355,0.0036153183058587075,-0.004281169570219324
2003-08-19,0.014944653356232615,0.003815400690018797,0.009380027023125705
2003-08-20,-0.006472134699209167,-0.003891458641080048,-0.005181796670144607
2003-08-21,-0.005662673715092065,-0.013983509302972751,-0.009823091509032407
2003-08-22,0.0052657712730523306,0.0005103106453502181,0.0028880409592012745
2003-08-25,-0.00603813431998396,-0.005960807580703733,-0.005999470950343847
2003-08-26,0.00910668200174443,0.0041508177677972045,0.006628749884770817
2003-08-27,-0.005674573843105597,-0.003019630755772152,-0.004347102299438875
2003-08-28,0.009128115804247765,0.011426378607908932,0.010277247206078349
2003-08-29,-0.014336961426797247,0.006424326099979979,-0.0039563176634086344
2003-09-02,-0.01539714370244868,-0.01958021873398638,-0.01748868121821753
2003-09-03,-0.0050276678559842735,0.0053211418465104205,0.00014673699526307352
2003-09-04,0.007899454541494813,0.009487658588920244,0.008693556565207528
2003-09-05,0.02218680631069097,0.02139134536468861,0.02178907583768979
2003-09-08,-0.004359574479651781,0.0006967937625893131,-0.0018313903585312338
2003-09-09,0.005458705499304422,0.004188915237904096,0.0048238103686042595
2003-09-10,0.015371723062267958,-0.0014625305085141237,0.006954596276876918
2003-09-11,-0.005508580954241124,0.01005533504865304,0.002273377047205958
2003-09-12,0.007879215199367552,0.007048713723367439,0.0074639644613674954
2003-09-15,0.00047965886401406374,0.0004912641863589499,0.0004854615251865068
2003-09-16,-0.006066817637647387,0.0031317046219585414,-0.0014675565078444226
2003-09-17,0.005716476627068014,0.007841237605461203,0.006778857116264608
2003-09-18,-0.002730197563716152,0.008021081155280187,0.0026454417957820177
2003-09-19,-0.005175243422360668,0.007143828677997338,0.000984292627818335
2003-09-22,-0.006435286225539831,0.009310636047103412,0.0014376749107817906
2003-09-23,0.007603991552337397,0.0021638860519472805,0.004883938802142339
2003-09-24,0.008836058185599446,-0.0002646690187215432,0.004285694583438951
2003-09-25,0.0002834246637898947,-0.007382359410486573,-0.0035494673733483394
2003-09-26,0.005692195989637613,0.0015079162616348468,0.0036000561256362296
2003-09-29,-0.007038037674452517,0.01077686518395219,0.0018694137547498367
2003-09-30,0.018979092593634044,0.012169393606270732,0.015574243099952388
2003-10-01,-0.007823124015087543,0.014590030195388567,0.003383453090150512
2003-10-02,-0.006440705892377474,-0.0016077154724997381,-0.004024210682438606
2003-10-03,-0.013761194676329691,-0.025994216915390007,-0.01987770579585985
2003-10-06,0.0063524254901972735,0.010797522197301132,0.008574973843749202
2003-10-07,-0.014319684294938215,0.0025152980060651926,-0.005902193144436511
2003-10-08,0.001098794934295487,0.0014043602690619495,0.0012515776016787184
2003-10-09,-3.7164507893277035e-05,0.0027158886417003878,0.0013393620669035554
2003-10-10,0.00878446629474867,0.013794746519208576,0.011289606406978622
2003-10-13,-0.006734584059321935,0.007061922901800664,0.00016366942123936454
2003-10-14,0.0029910001515963654,-0.013857061617908725,-0.00543303073315618
2003-10-15,-0.005143166617948365,-0.004216825030559108,-0.004679995824253736
2003-10-16,-0.00485838766568008,-0.009326513901002685,-0.007092450783341383
2003-10-17,0.003440285524423022,0.005318970843578296,0.0043796281840006585
2003-10-20,-0.000456256366833357,0.0073444803686868705,0.003444112000926757
2003-10-21,0.0012648294385258837,0.0017285740273611395,0.0014967017329435115
2003-10-22,-0.00021011829071455402,0.010182745554063113,0.00498631363167428
2003-10-23,-0.011744385452291293,-0.009305841544611495,-0.010525113498451394
2003-10-24,0.012140590199613511,0.010994873998410438,0.011567732099011975
2003-10-27,-0.009088043257910459,-0.002624883628473632,-0.005856463443192046
2003-10-28,-0.002822450365222103,0.015636736286955215,0.006407142960866556
2003-10-29,-0.010843799818474179,-0.00179993202047777,-0.006321865919475974
2003-10-30,-0.008895515142501859,-0.007878511860576644,-0.008387013501539252
2003-10-31,0.006993009233530275,0.002052904859072951,0.004522957046301613
2003-11-03,-0.0005203304145050344,-0.014901604776267393,-0.007710967595386213
2003-11-04,0.0020979945128366084,0.012956414483026608,0.007527204497931608
2003-11-05,-0.005426739059541775,-0.0004917529073817688,-0.0029592459834617718
2003-11-06,-0.001203283066232193,-0.009877207797058005,-0.005540245431645099
2003-11-07,-0.0016749129385912483,-0.0013920315476534388,-0.0015334722431223436
2003-11-10,0.0025233469587004143,-0.0010880749333643364,0.0007176360126680389
2003-11-11,-0.0027018794009535285,0.0038611938701104695,0.0005796572345784705
2003-11-12,0.003137416877811511,0.010835617341100577,0.006986517109456044
2003-11-13,0.004953787668232906,0.01286097336080093,0.008907380514516918
2003-11-14,0.004276720583048717,0.005044300374595274,0.004660510478821996
2003-11-17,0.0069811998684105965,-0.005811798759875431,0.0005847005542675828
2003-11-18,0.004448307859395864,0.011160526675276276,0.00780441726733607
2003-11-19,0.004045184463458723,-0.021887073736938666,-0.008920944636739972
2003-11-20,0.005607037264111588,0.003606503348993063,0.004606770306552326
2003-11-21,-0.001300502283890957,0.005749117311445685,0.002224307513777364
2003-11-24,-0.005056294674087999,-0.010989387519761326,-0.008022841096924662
2003-11-25,0.0020512014721409525,0.004719578161131512,0.0033853898166362325
2003-11-26,-0.006403078980751634,0.008311776896544642,0.0009543489578965041
2003-11-28,-0.007243062622775083,-0.0012352424309420885,-0.004239152526858586
2003-12-01,-0.007490661106455796,0.005584065383420407,-0.0009532978615176945
2003-12-02,-0.004744474485188996,0.011277557050543396,0.0032665412826772
2003-12-03,-0.007474405441596373,-0.0006546235383334657,-0.004064514489964919
2003-12-04,0.0043637013201150866,0.005203202980157929,0.004783452150136508
2003-12-05,0.010337321057306616,0.016543445672805888,0.013440383365056253
2003-12-08,-0.004106337496814691,0.005489504044646143,0.000691583273915726
2003-12-09,-0.0074253240591813435,-0.007151569490442918,-0.007288446774812131
2003-12-10,0.00521974086062193,-0.0008452151794306659,0.002187262840595632
2003-12-11,0.0006802785646340371,0.010039071783262625,0.005359675173948331
2003-12-12,-0.0008408135173701024,0.008703369575957022,0.00393127802929346
2003-12-15,-0.0005938675592590671,-0.004568899757892646,-0.0025813836585758566
2003-12-16,0.00018236825560241057,0.008703254345691185,0.004442811300646798
2003-12-17,0.007573991214740761,0.00997672623508946,0.008775358724915111
2003-12-18,0.00029956132518099677,0.010503707965437802,0.0054016346453093994
2003-12-19,-0.005054788883982628,-0.00011936120515975661,-0.002587075044571192
2003-12-22,0.0003001375273656416,-0.004655225627248993,-0.002177544049941676
2003-12-23,-0.0017490581458209442,-0.008703838058269693,-0.005226448102045318
2003-12-24,0.013549704103533424,0.01726277661127283,0.015406240357403128
2003-12-26,-0.007454722382310523,0.003762057052071281,-0.001846332665119621
2003-12-29,-0.008937261424808895,0.0036733903164123324,-0.002631935554198281
2003-12-30,0.003816753428598403,0.0009187394133929415,0.0023677464209956724
2003-12-31,-0.002022940062850559,0.0013333543155350088,-0.00034479287365777505
2004-01-02,-0.018491666893409555,0.00012314204296162012,-0.009184262425223967
2004-01-05,0.002535887360506858,0.020674394780486608,0.011605141070496733
2004-01-06,0.005942201311209674,0.012624148855201033,0.009283175083205353
2004-01-07,0.0030079117060904876,0.00019413665996587565,0.0016010241830281815
2004-01-08,-0.0026323581039578497,0.012735862375445918,0.005051752135744034
2004-01-09,0.012641853278523376,0.015089850585510706,0.013865851932017042
2004-01-12,-0.011484206243656613,0.0014110360720631162,-0.005036585085796748
2004-01-13,-0.011334028884266231,-0.001957271224546427,-0.006645650054406329
2004-01-14,-0.004524117683672382,1.366575154394915e-05,-0.0022552259660642165
2004-01-15,-0.010993194074478588,-0.014496198043713928,-0.012744696059096259
2004-01-16,-0.0038440986467274743,-0.0042592353642137,-0.004051667005470588
2004-01-20,0.003673194529235348,0.009656654994072564,0.006664924761653956
2004-01-21,-0.0029491385145195663,0.005740105505306732,0.0013954834953935828
2004-01-22,0.003258655257626618,0.006554776263482943,0.0049067157605547805
2004-01-23,-0.007818500915600182,-0.01245474427330127,-0.010136622594450726
2004-01-26,-0.006658563123725989,-0.0013433842523155205,-0.004000973688020755
2004-01-27,0.003399765779109015,0.0018952921959708674,0.002647528987539941
2004-01-28,0.009542279919108448,-0.02790134568967269,-0.009179532885282123
2004-01-29,-0.010252270578589026,-0.008776994388081015,-0.00951463248333502
2004-01-30,-0.00979543613296726,0.011631858401297242,0.0009182111341649911
2004-02-02,0.0060441296846062455,-0.005530709975062291,0.0002567098547719771
2004-02-03,-0.0010479100085395807,0.0075837255349875034,0.0032679077632239615
2004-02-04,-0.0018283357078800787,-0.008826127197642777,-0.005327231452761427
2004-02-05,-0.003273306050597302,-0.0070995221518210345,-0.005186414101209168
2004-02-06,0.0035030147867845043,0.02090871004609321,0.012205862416438857
2004-02-09,-0.0016120328336005738,0.007471243164110227,0.0029296051652548264
2004-02-10,0.0038945507238619813,0.0002824084327870247,0.002088479578324503
2004-02-11,-0.0034230984310588152,0.024094987775097627,0.010335944672019405
2004-02-12,-0.0005116885725544679,-0.0021687390051561865,-0.0013402137888553272
2004-02-13,0.001166418582779266,-0.00028040718247259713,0.00044300570015333446
2004-02-17,0.0024200926773748446,0.016552201962060996,0.009486147319717921
2004-02-18,0.006229416952275636,-0.014889431047958337,-0.004330007047841351
2004-02-19,-0.00432198948235212,0.0022389008198719527,-0.0010415443312400837
2004-02-20,-0.002380779886435672,-0.022578495336079054,-0.012479637611257362
2004-02-23,-0.011719405129120255,0.01639290527482911,0.0023367500728544276
2004-02-24,0.00013760482135238448,0.01557694213053347,0.007857273475942927
2004-02-25,-0.0010704036951257865,-0.0054244946959260566,-0.0032474491955259213
2004-02-26,-0.005639048055405339,0.00010644032496683586,-0.0027663038652192516
2004-02-27,0.0034217443997916286,0.009663540847413525,0.006542642623602577
2004-03-01,-0.00041136193898922894,0.009800526654315755,0.004694582357663263
2004-03-02,0.0017233931366639403,-0.023136391054800316,-0.010706498959068188
2004-03-03,0.004268379568445835,-0.010320626499002233,-0.003026123465278199
2004-03-04,0.00040286679536622925,0.005188032051873994,0.002795449423620112
2004-03-05,0.00591091967269372,0.026066133755287272,0.015988526713990495
2004-03-08,0.005734407450963556,-0.007264133160291728,-0.0007648628546640859
2004-03-09,-0.0034421475987871453,0.0064336569041233485,0.0014957546526681016
2004-03-10,-0.00129452990814027,-0.01677206498227605,-0.00903329744520816
2004-03-11,0.0028074394585946576,0.0013133362638095875,0.0020603878612021225
2004-03-12,-0.0067057502759273035,8.249094351203577e-05,-0.0033116296662076337
2004-03-15,-0.005325153062051854,0.005702297498049993,0.00018857221799906945
2004-03-16,-0.000390615911460225,0.014577578343040349,0.007093481215790062
2004-03-17,-0.006613991233203264,0.012679595066143069,0.0030328019164699025
2004-03-18,-0.0015801225266097894,0.008576871951659603,0.003498374712524907
2004-03-19,-0.0003292742360310187,-0.007261131981238402,-0.00379520310863471
2004-03-22,-0.013632601192788633,0.01643952537418821,0.0014034620906997891
2004-03-23,0.006557406215748041,-0.0020734696170564386,0.002241968299345801
2004-03-24,-0.0033962413266876335,-0.006435862975676149,-0.004916052151181891
2004-03-25,0.0051611517706362155,-0.005021805897566743,6.967293653473627e-05
2004-03-26,0.006611301190451635,-0.009768730221915845,-0.0015787145157321048
2004-03-29,-3.09467323738841e-05,-0.0007863885587073972,-0.00040866764554064067
2004-03-30,-0.001961636971717243,0.006120467944702124,0.0020794154864924403
2004-03-31,-0.0005496791546670855,0.016196824947994543,0.007823572896663729
2004-04-01,0.0009524653853159827,0.0026026481161332497,0.0017775567507246162
2004-04-02,-0.004149963700953113,-0.02363928529136769,-0.013894624496160402
2004-04-05,-0.004230258646725628,-0.013653825852047911,-0.008942042249386769
2004-04-06,0.005369883289583622,0.004943895731408662,0.0051568895104961415
2004-04-07,-0.0013207995938371241,0.009109809380497463,0.0038945048933301694
2004-04-08,-0.0050481045970647235,-0.007238147853570763,-0.006143126225317743
2004-04-12,0.010879681875097982,-0.006169963767006321,0.0023548590540458307
2004-04-13,0.0037926853893736606,-0.038323690234500836,-0.017265502422563587
2004-04-14,-0.013009552404529676,-0.00755959688737982,-0.010284574645954747
2004-04-15,0.014034802685827618,-0.017495676323525704,-0.0017304368188490434
2004-04-16,-0.005424717252266139,0.018347115164659505,0.006461198956196683
2004-04-19,1.1517252345803058e-06,0.0008487944885174133,0.0004249731068759968
2004-04-20,-0.0011119968858469722,-0.019773826534614007,-0.01044291171023049
2004-04-21,0.006096147624785095,-0.02209476608689614,-0.007999309231055523
2004-04-22,-0.0017519841409148534,0.015958103496833853,0.007103059677959499
2004-04-23,0.0072023815366736126,-0.007379634617608011,-8.862654046719928e-05
2004-04-26,0.0027166110931962965,0.0030338500958396264,0.0028752305945179612
2004-04-27,-0.005018946028530647,0.010153785964788737,0.002567419968129045
2004-04-28,-0.0042823978235850425,-0.02638583489542348,-0.015334116359504261
2004-04-29,0.0025003729521795126,0.0007576164529602761,0.0016289947025698943
2004-04-30,-0.0007998267491374647,0.0015150332875027012,0.0003576032691826182
2004-05-03,-0.0042597771338012385,0.007845781643333114,0.0017930022547659377
2004-05-04,-0.00041386456910479054,0.014920299462935186,0.007253217446915198
2004-05-05,0.0036015016341256964,0.006871134340591279,0.005236317987358487
2004-05-06,0.0027369461288009197,-0.015499834111507517,-0.006381443991353299
2004-05-07,0.007145091111027842,-0.008628307422263523,-0.0007416081556178402
2004-05-10,0.004009809783853857,-0.022370072381368775,-0.009180131298757459
2004-05-11,-0.004001876341007716,0.003817470964716962,-9.220268814537683e-05
2004-05-12,0.0024304023826348256,0.0016768834774405095,0.0020536429300376676
2004-05-13,0.00012137749231167514,-0.004769862153553544,-0.002324242330620934
2004-05-14,-0.0020299586538706157,-0.013620759035565812,-0.007825358844718213
2004-05-17,-0.008480617602336397,-0.0037226660333770038,-0.0061016418178567
2004-05-18,-0.0002918376119019101,-0.00415536909259097,-0.00222360335224644
2004-05-19,0.008883727104030343,0.02396176833931752,0.01642274772167393
2004-05-20,-0.00836360386991637,-0.019644856568975064,-0.014004230219445718
2004-05-21,0.01077778823596875,0.006611396101114544,0.008694592168541647
2004-05-24,-0.007529441417195701,0.010482741570224689,0.0014766500765144939
2004-05-25,0.0015692342324800956,0.013272327877318477,0.007420781054899286
2004-05-26,-0.007661082530342757,-0.004808728094533875,-0.0062349053124383155
2004-05-27,0.0027441199319770183,-0.00057554177176534,0.001084289080105839
2004-05-28,0.008843791462717241,0.004512906569801654,0.006678349016259448
2004-06-01,-0.004637767664488854,0.026997478906234006,0.011179855620872576
2004-06-02,0.006159057299734362,-0.008055554039345755,-0.0009482483698056965
2004-06-03,0.0002912780340136219,-0.01614779302326328,-0.00792825749462483
2004-06-04,0.0030797349886036306,0.011981070729217768,0.007530402858910699
2004-06-07,0.0011887392458344974,0.007433045329685287,0.0043108922877598925
2004-06-08,-0.0013220804356526255,-0.007169042576042421,-0.004245561505847523
2004-06-09,-0.0065761620209285766,-0.011769247740315047,-0.009172704880621812
2004-06-10,0.005974797735211359,0.0020618750647695807,0.00401833639999047
2004-06-11,0.0017459727018682032,0.0016868127238010744,0.0017163927128346387
2004-06-14,-0.0023791342213926227,-0.0029599136046006996,-0.002669523912996661
2004-06-15,0.0010712982005152178,-0.011224251946082777,-0.00507647687278378
2004-06-16,-0.0019455565382956608,-0.00064002723010238,-0.0012927918841990204
2004-06-17,0.003431914797863016,0.0023927565793990463,0.002912335688631031
2004-06-18,0.005955618236975345,0.005321947770309034,0.0056387830036421895
2004-06-21,-0.0006781731506075666,-0.006114570180623849,-0.003396371665615708
2004-06-22,-0.0019675405424998825,-0.0034171160634027553,-0.002692328302951319
2004-06-23,0.0006988756129708402,0.008385265576282629,0.004542070594626735
2004-06-24,0.009741221196966647,0.003158937060363866,0.0064500791286652565
2004-06-25,-0.003855411795905552,-0.0006888207252697327,-0.0022721162605876424
2004-06-28,0.01022286696773223,-0.004037333520238892,0.003092766723746669
2004-06-29,-0.014308426831575627,-0.013638265860153483,-0.013973346345864555
2004-06-30,-0.005029369372193067,-0.006682856907718784,-0.005856113139955925
2004-07-01,0.0022249963396081093,-0.007315378144567447,-0.0025451909024796692
2004-07-02,-0.0037873458521326658,-0.00485023997640379,-0.004318792914268228
2004-07-06,-0.0025476401186532577,-0.007302986731852686,-0.004925313425252972
2004-07-07,0.011440905936237646,0.012289967826669735,0.011865436881453691
2004-07-08,0.004289098621650436,-0.0027628363212588783,0.0007631311501957788
2004-07-09,0.005202448758303834,0.0016024839314409023,0.0034024663448723683
2004-07-12,-0.003486064861581691,0.0011005927345974205,-0.0011927360634921354
2004-07-13,0.0014505289249171867,-0.007325250463137786,-0.0029373607691102997
2004-07-14,-0.0007595709005465784,0.005518524831881041,0.0023794769656672312
2004-07-15,0.004537259201660917,-0.012749882268884292,-0.0041063115336116875
2004-07-16,0.0012387291932993189,0.01865747492660969,0.009948102059954504
2004-07-19,-0.00012025706759189326,-0.001908905604077071,-0.001014581335834482
2004-07-20,0.0014437454347386693,-0.014233687608069647,-0.006394971086665488
2004-07-21,0.0018026328489085012,-0.02968819250409597,-0.013942779827593734
2004-07-22,-0.0009404580670460919,0.007890550110667274,0.003475046021810591
2004-07-23,-0.014066968675820525,-0.011464365313700882,-0.012765666994760703
2004-07-26,0.006541857732772894,-0.002452874295353048,0.002044491718709923
2004-07-27,-0.0017952206129347044,-0.015809591842160544,-0.008802406227547624
2004-07-28,0.006442656651404513,0.008901669116624742,0.007672162884014628
2004-07-29,-0.0009322284478508661,0.003814853936979623,0.0014413127445643784
2004-07-30,-0.003595759923803115,0.013847366119926681,0.005125803098061783
2004-08-02,-0.004080998808996558,0.0037592734121801963,-0.0001608626984081808
2004-08-03,-0.0014330660800590837,-0.00021641001634602636,-0.000824738048202555
2004-08-04,-0.0015727276990630773,-0.008088933961579683,-0.004830830830321381
2004-08-05,-0.008151451542399038,-0.002725936969425493,-0.005438694255912265
2004-08-06,-0.00043065173278931403,0.024545630413063034,0.01205748934013686
2004-08-09,-0.0025884565963091256,-0.0023846352698118868,-0.002486545933060506
2004-08-10,0.006999964279302593,-0.004435773308678778,0.0012820954853119074
2004-08-11,0.002650911706501232,0.0048167630655896534,0.0037338373860454424
2004-08-12,0.0023672682962248255,0.006150215577264149,0.0042587419367444874
2004-08-13,0.0061188302336464585,0.018611103508882523,0.012364966871264491
2004-08-16,0.0017834710120723837,-0.00398720048987402,-0.0011018647389008178
2004-08-17,-0.012268573206506529,0.0037107106003748226,-0.004278931303065853
2004-08-18,0.004728008742694349,0.005613015729818335,0.005170512236256342
2004-08-19,-0.005224579170414955,0.003979030084678198,-0.0006227745428683783
2004-08-20,0.0027325459118737894,-0.0051829021486698035,-0.001225178118398007
2004-08-23,-0.006288405232032124,-0.01500221468592049,-0.010645309958976307
2004-08-24,-0.002015946757667094,-0.004723993548709812,-0.003369970153188453
2004-08-25,0.00912868363872076,0.0065763615442353054,0.007852522591478034
2004-08-26,-0.0006141670575905632,0.0044759367924853705,0.0019308848674474037
2004-08-27,0.00015341680079437414,0.0006071924994354319,0.00038030465011490303
2004-08-30,-0.002783110637158249,0.0002629246260863935,-0.0012600930055359277
2004-08-31,-0.004301979805167304,0.011443338833707453,0.0035706795142700742
2004-09-01,-0.009884863696692269,-4.2498011193699856e-05,-0.004963680853942985
2004-09-02,0.008313825420567602,-0.005914642389574064,0.0011995915154967688
2004-09-03,0.007428709694115377,-0.01779786470758326,-0.005184577506733941
2004-09-07,0.002094233138902108,0.007244624289489033,0.0046694287141955705
2004-09-08,-0.008573953627653503,0.011124805097574027,0.001275425734960262
2004-09-09,-0.0017663932193807185,-0.0025918321747267626,-0.0021791126970537407
2004-09-10,0.002598210066910205,0.004694464507502246,0.0036463372872062253
2004-09-13,-0.0029718727098092274,0.004849235108611235,0.0009386811994010038
2004-09-14,0.0012429022851224159,0.006571429837076856,0.003907166061099636
2004-09-15,-0.0044576935468223205,-0.01612522838951786,-0.010291460968170092
2004-09-16,-0.0024402708029534195,0.01764891114855438,0.00760432017280048
2004-09-17,0.006414363956036686,-0.0025225857831676396,0.001945889086434523
2004-09-20,-0.004153400380622042,0.009568909545073064,0.0027077545822255106
2004-09-21,0.00388717807164819,0.008528584529406505,0.006207881300527348
2004-09-22,-0.001437050602092505,0.0045567996841588045,0.0015598745410331499
2004-09-23,0.005502930867967322,-0.0023773000789935675,0.0015628153944868771
2004-09-24,0.0027265670149456364,0.002282824796417648,0.002504695905681642
2004-09-27,-0.0036299102174052814,0.004992906617664698,0.0006814982001297084
2004-09-28,0.004484135682649994,0.004278980341272335,0.0043815580119611645
2004-09-29,0.008971716382402415,-0.006350443904230449,0.0013106362390859828
2004-09-30,0.015044358747140505,0.008256211254631956,0.01165028500088623
2004-10-01,0.007744497933489169,0.0021720092276032482,0.0049582535805462085
2004-10-04,-0.003645393556131104,-0.0012527469573287249,-0.0024490702567299145
2004-10-05,-0.001574670089399119,0.0038544156111510433,0.0011398727608759622
2004-10-06,0.006810332129070799,-0.0014536204241225258,0.0026783558524741367
2004-10-07,-5.161991636759664e-05,-0.003104904359474411,-0.0015782621379210038
2004-10-08,-0.0032300854709640314,0.01327395659776279,0.005021935563399379
2004-10-11,-0.000601750745663911,-0.0016857447089850396,-0.0011437477273244752
2004-10-12,-0.013428939055183359,-0.0030075524940388117,-0.008218245774611086
2004-10-13,-0.0289359965268344,-0.012092723874927432,-0.02051436020088092
2004-10-14,-0.00973227381944476,0.008978639970919413,-0.00037681692426267364
2004-10-15,0.0062519240525425995,-0.0032392368844914032,0.0015063435840255981
2004-10-18,0.002470030822008824,-0.0003472284440674284,0.0010614011889706978
2004-10-19,-0.0012042034108366542,-0.004514681552295648,-0.002859442481566151
2004-10-20,-8.809022292650937e-05,0.011017346477710155,0.005464628127391823
2004-10-21,0.006743933755889422,-0.00023204404391535005,0.003255944855987036
2004-10-22,-0.003575415988330802,-0.0016258325111364754,-0.0026006242497336384
2004-10-25,-0.0027722491685202803,-2.581343498217822e-05,-0.0013990313017512293
2004-10-26,0.0006810710742816898,0.0007968974650395597,0.0007389842696606248
2004-10-27,0.013870436536604068,-0.009209904346876747,0.0023302660948636604
2004-10-28,-0.003451332846565071,-0.0010328557454307706,-0.0022420942959979206
2004-10-29,0.005240475010961782,0.014172184070142962,0.009706329540552372
2004-11-01,0.008921515585898402,-0.0059470994276522,0.0014872080791231011
2004-11-02,-0.004249572688305288,-0.001297393090450612,-0.00277348288937795
2004-11-03,0.006882078407809657,0.013314720507166459,0.010098399457488059
2004-11-04,0.007435266601149232,0.0027584482464890234,0.005096857423819128
2004-11-05,0.017444298040042324,-0.007055358799726597,0.005194469620157864
2004-11-08,0.0027183163353741518,-0.002074381316608577,0.0003219675093827873
2004-11-09,0.003355534117902708,-0.0009437093985696755,0.0012059123596665161
2004-11-10,8.707364140689983e-05,-0.012645795338917623,-0.0062793608487553615
2004-11-11,0.005849449745081732,0.0056511357764555134,0.005750292760768622
2004-11-12,0.0017688097718177955,0.0067255861390651565,0.004247197955441476
2004-11-15,-0.005151981141904655,-0.006726332589408223,-0.005939156865656439
2004-11-16,-0.0019268568265558691,-0.006758091496188635,-0.004342474161372252
2004-11-17,-0.0019252774466447771,0.014779568787470079,0.006427145670412651
2004-11-18,-0.0010953485237079,-0.002263026049259616,-0.0016791872864837581
2004-11-19,0.012456985629001263,0.0013951057865022446,0.0069260457077517535
2004-11-22,0.001250715695992955,0.004695884298944438,0.0029732999974686966
2004-11-23,0.003591314589069214,0.0008231653117814731,0.0022072399504253436
2004-11-24,0.007509359434071338,0.006754635210607894,0.007131997322339616
2004-11-25,-3.7716889707379138e-06,-1.973540167984699e-06,-2.872614569361306e-06
2004-11-26,0.008338825309437345,0.005081460056638189,0.0067101426830377675
2004-11-29,0.01012796656874859,-0.002584572820049175,0.003771696874349708
2004-11-30,-0.000561885759462582,0.0013032820810929885,0.0003706981608152032
2004-12-01,0.009830696005516937,0.007832096821842684,0.008831396413679811
2004-12-02,-0.002311385654944112,-0.008723170067694738,-0.005517277861319425
2004-12-03,-0.010962402219293954,0.017587150595229604,0.003312374187967825
2004-12-06,-0.004203381835392188,-0.001706721152618898,-0.002955051494005543
2004-12-07,-0.002121650079454226,-0.0010253105885151817,-0.0015734803339847038
2004-12-08,-0.016257151316113064,-0.003026235527824361,-0.009641693421968713
2004-12-09,0.0018064008634106072,-0.0012133488176153864,0.00029652602289761043
2004-12-10,0.0003668059190280429,-0.0031862239527926215,-0.0014097090168822893
2004-12-13,0.004128513080062069,0.0014724021931274663,0.002800457636594768
2004-12-14,-0.002049921579459771,-0.0012597124645339654,-0.0016548170219968681
2004-12-15,-0.000632495952041897,0.00965776734363158,0.004512635695794841
2004-12-16,0.007467882422578621,-0.012951370825999477,-0.0027417442017104283
2004-12-17,0.0014085000349765206,0.0004133377979027409,0.0009109189164396307
2004-12-20,0.0019291344112546507,-0.0008447412578902339,0.0005421965766822084
2004-12-21,-0.0006191784484490284,0.0026867272486943376,0.0010337744001226545
2004-12-22,-0.0024840262506856817,-0.004164179935147843,-0.0033241030929167625
2004-12-23,0.0011685934248659973,0.002066576576969779,0.001617585000917888
2004-12-24,-5.67744322538639e-06,-0.0003021254459872943,-0.00015390144460634034
2004-12-27,0.00839730695127515,-0.0037116750160437056,0.0023428159676157218
2004-12-28,0.002511544687351146,0.004898576299259486,0.0037050604933053163
2004-12-29,0.0015599907820035544,-0.002473098627182622,-0.0004565539225895339
2004-12-30,-0.005584361189651628,0.004150589822414592,-0.0007168856836185181
2004-12-31,-0.005129994920486087,0.0021878776722383223,-0.0014710586241238825
2005-01-03,0.0007380527029223491,-0.0014939213538823354,-0.0003779343254799931
2005-01-04,-0.0022662737392973482,-0.016143967712039277,-0.009205120725668313
2005-01-05,-0.001323068815279582,-0.002834889795094977,-0.0020789793051872794
2005-01-06,-0.0073813088750879574,-0.0034694280446758504,-0.005425368459881904
2005-01-07,0.00037083895596590904,-0.0037746718060688166,-0.0017019164250514538
2005-01-10,0.001400927584070633,0.0006313896775948358,0.0010161586308327344
2005-01-11,-0.0010746418214571873,0.0019288028234372323,0.0004270805009900225
2005-01-12,0.005462128970268725,0.011286733459652238,0.008374431214960482
2005-01-13,-0.00924091982959139,0.0006211810144395891,-0.004309869407575901
2005-01-14,0.010048604738468367,0.005647259078819939,0.007847931908644154
2005-01-17,0.0004567934231584688,-3.896754513912247e-05,0.00020891293900967317
2005-01-18,0.0020534682991187694,0.0028631388719039396,0.0024583035855113545
2005-01-19,-0.00461464060272574,-0.007288864887798234,-0.005951752745261987
2005-01-20,-0.005295824299825268,0.0003577167431855028,-0.0024690537783198826
2005-01-21,-0.002341214201370988,0.002864623232412366,0.00026170451552068904
2005-01-24,-0.0010904050549652923,0.001867898256317599,0.0003887466006761534
2005-01-25,0.0014325983794732,-0.010730116103006948,-0.004648758861766874
2005-01-26,0.007104503804294764,0.00296555862142455,0.0050350312128596576
2005-01-27,0.004607632491686444,0.0028968649738873972,0.0037522487327869202
2005-01-28,-0.006997831798741354,0.0031107681674521284,-0.0019435318156446127
2005-01-31,1.0156936270715107e-05,0.0017007520756863784,0.0008554545059785468
2005-02-01,-0.0004790859129797948,0.0006638877943464721,9.240094068333865e-05
2005-02-02,0.0019292167319715976,0.00222463149371584,0.0020769241128437187
2005-02-03,-0.00121569843342616,-0.0028094463683266875,-0.002012572400876424
2005-02-04,-0.007142289421363111,0.004883967689169097,-0.0011291608660970068
2005-02-07,-0.004920014160483805,0.0008693506009441217,-0.002025331779769842
2005-02-08,0.0010691231908667232,0.004064543631083843,0.002566833410975283
2005-02-09,-0.012423686414887345,-0.0005214847420569283,-0.006472585578472137
2005-02-10,0.007433219260893428,-0.009012059667495265,-0.0007894202033009185
2005-02-11,0.005356531304923562,-0.005144624971399996,0.00010595316676178341
2005-02-14,-0.0023614168796217945,-0.0011947136263908014,-0.0017780652530062979
2005-02-15,0.006195960064949122,0.004688661120742968,0.005442310592846045
2005-02-16,0.009645357728850418,-0.0009940537671272072,0.004325651980861605
2005-02-17,-0.0036143266890061947,-0.008132959122176138,-0.005873642905591166
2005-02-18,0.004818023778678461,-0.0014490096658532055,0.001684507056412628
2005-02-22,-0.007759012523369091,-0.003657478350733717,-0.005708245437051404
2005-02-23,0.001659288877898548,0.001828917359334421,0.0017441031186164846
2005-02-24,0.003113300740547923,0.0006172938636003334,0.0018652973020741282
2005-02-25,-0.005432984553807105,-0.00042402236011222175,-0.0029285034569596635
2005-02-28,0.0009440070539057936,-0.004382273945572573,-0.0017191334458333898
2005-03-01,0.00030288210960675843,-0.0018761463483372362,-0.0007866321193652388
2005-03-02,-0.001451894615798826,-0.0036333500242226426,-0.0025426223200107345
2005-03-03,0.0009622334869576282,-0.0011460992635649134,-9.193288830364258e-05
2005-03-04,0.0025084761967763547,0.008687193040364782,0.005597834618570568
2005-03-07,0.0074080960760623486,0.005176329216211242,0.006292212646136795
2005-03-08,0.007280312973197828,0.0061892908028381285,0.006734801888017978
2005-03-09,0.005084660627911972,0.0015413909266186567,0.0033130257772653144
2005-03-10,-0.009725827525684587,-0.006962362712883653,-0.00834409511928412
2005-03-11,-0.0014500532148876196,0.0021304630593223356,0.000340204922217358
2005-03-14,-0.00018183664153233073,-0.0018600129365923224,-0.0010209247890623266
2005-03-15,-0.007833004633395271,-0.006399252151769304,-0.007116128392582287
2005-03-16,0.006066579921211671,0.004115880615891994,0.005091230268551832
2005-03-17,-0.005635923259661107,-0.006017830354187116,-0.005826876806924112
2005-03-18,0.008536611451641833,0.005145681541075796,0.0068411464963588145
2005-03-21,0.0038496268912739263,-0.0007042993654853347,0.0015726637628942957
2005-03-22,0.004336497822803027,0.0028033064990200572,0.003569902160911542
2005-03-23,-0.00445387734570764,-0.000849824335717462,-0.0026518508407125507
2005-03-24,0.0012517181189404185,0.0017899459908181947,0.0015208320548793066
2005-03-28,0.0013538581962992068,-0.0002280321362816524,0.0005629130300087772
2005-03-29,-0.00011449287558684814,-0.00011336963330264987,-0.000113931254444749
2005-03-30,0.0018603710673264933,0.00010312625907922171,0.0009817486632028576
2005-03-31,-0.0002524149991789952,-0.0007033283318756149,-0.0004778716655273051
2005-04-01,-0.002868957756356785,0.0013550860077384624,-0.0007569358743091613
2005-04-04,0.0036943229934386836,0.0025806840672070804,0.0031375035303228818
2005-04-05,0.004032530980651474,0.0012775272314142798,0.002655029106032877
2005-04-06,-0.0020858665048048976,-0.0012738460698589241,-0.0016798562873319108
2005-04-07,0.0007435965046592751,-0.0037216870524837548,-0.0014890452739122397
2005-04-08,0.0021264037718582394,0.004321567496201078,0.0032239856340296586
2005-04-11,-0.0018836663693906342,0.0022180569414172457,0.00016719528601330579
2005-04-12,-0.005836943592859706,0.0009767632560720985,-0.0024300901683938034
2005-04-13,-0.007204165665275893,-0.0038731088768741103,-0.005538637271075002
2005-04-14,-0.008605960422973426,-0.004195100589151125,-0.006400530506062275
2005-04-15,-0.0014788299843621312,0.007817874075672838,0.0031695220456553538
2005-04-18,0.001470315088796518,0.005827365419539363,0.00364884025416794
2005-04-19,-0.005487815700310389,-0.0009354878218350147,-0.0032116517610727017
2005-04-20,0.0015812375171473287,0.002087143411523031,0.00183419046433518
2005-04-21,0.00199361420048113,-0.012253039695943206,-0.005129712747731038
2005-04-22,0.0014874646341581491,0.008916683657355939,0.005202074145757044
2005-04-25,-0.0057947275274121985,-0.005227037434569988,-0.005510882480991093
2005-04-26,-0.003155886468347133,-0.0033084274066146006,-0.0032321569374808667
2005-04-27,-0.0015732694813233564,0.00034993251285334243,-0.000611668484235007
2005-04-28,0.001159965335722643,0.003957906206440461,0.002558935771081552
2005-04-29,0.005459080127475234,0.002267847271647493,0.003863463699561364
2005-05-02,0.0012399097320514104,0.00011302115801948889,0.0006764654450354496
2005-05-03,0.003264800805705817,-0.0015445357681385854,0.0008601325187836159
2005-05-04,-0.0018050613098354667,0.007466461888545368,0.002830700289354951
2005-05-05,-0.0015844708011484364,0.005740829753225211,0.002078179476038387
2005-05-06,0.0031946501212376057,-0.02117742392309673,-0.00899138690092956
2005-05-09,0.004488534500451745,-0.0023555995706551875,0.0010664674648982787
2005-05-10,-0.006909745972233926,0.0031825405141553036,-0.0018636027290393114
2005-05-11,0.0043522432150365,-7.344424090166428e-05,0.002139399487067418
2005-05-12,-0.007258943906113222,-0.01064322434237642,-0.00895108412424482
2005-05-13,0.0033530664569835235,0.0017185283855576869,0.0025357974212706054
2005-05-16,-0.007598942955203563,-0.004681025595317873,-0.006139984275260718
2005-05-17,0.000372325272199889,0.0014931448676008402,0.0009327350699003647
2005-05-18,-0.005576235128026672,0.0060068462052703005,0.0002153055386218141
2005-05-19,0.006415738656125596,-0.005149255798306316,0.0006332414289096401
2005-05-20,-0.002134970723360024,-0.00849144582685878,-0.005313208275109402
2005-05-23,-0.016623750649848848,-0.002521609753164172,-0.00957268020150651
2005-05-24,0.0004520995996471576,0.004145896619773538,0.0022989981097103476
2005-05-25,-0.0014562647798153344,-0.0036046325236468585,-0.0025304486517310964
2005-05-26,0.0004979855020929569,-0.006102707981833873,-0.002802361239870458
2005-05-27,0.004341433456758689,0.006473251037038467,0.005407342246898578
2005-05-30,0.00021094170119889466,0.0005024509350346455,0.0003566963181167701
2005-05-31,0.0012155768374605001,-0.004893542625116231,-0.0018389828938278655
2005-06-01,0.0019523956946490234,0.015544355724498655,0.00874837570957384
2005-06-02,0.016301808748631314,0.011363572265144612,0.013832690506887964
2005-06-03,0.003216579726995228,-0.010071726937160812,-0.0034275736050827918
2005-06-06,-0.0015673555289435071,0.0010615738105960984,-0.0002528908591737044
2005-06-07,-0.004313643138444791,0.002523633870860301,-0.0008950046337922451
2005-06-08,0.0072395697254947645,-0.005363518302704328,0.0009380257113952182
2005-06-09,-1.8503739704167665e-05,-0.0003746012002867588,-0.00019655246999546324
2005-06-10,0.00823330523964518,-0.005707753048664986,0.001262776095490097
2005-06-13,-0.0050746298535378105,-0.0016802729848935764,-0.0033774514192156935
2005-06-14,-0.007939661724080583,-0.007631286861423489,-0.007785474292752036
2005-06-15,-0.0057710223425264245,-0.002337670453980627,-0.004054346398253526
2005-06-16,0.006218225896196322,0.009491311657288361,0.007854768776742342
2005-06-17,-0.00265092934474216,-0.0031913907495579475,-0.0029211600471500537
2005-06-20,-0.010789839801626181,-0.0026244266601534874,-0.006707133230889834
2005-06-21,0.0031271850528893,0.001706621667967331,0.0024169033604283154
2005-06-22,0.0009073720556161948,0.009256244219222469,0.005081808137419331
2005-06-23,0.0033843753430661053,0.0017039271788948415,0.0025441512609804735
2005-06-24,-0.01089607299830528,0.004625000436664065,-0.0031355362808206076
2005-06-27,0.016652643985781552,0.003429551723427923,0.010041097854604737
2005-06-28,0.007043659328238132,-0.00841107877339163,-0.0006837097225767487
2005-06-29,0.0031324436497874543,-0.0024915620894206563,0.00032044078018339897
2005-06-30,0.0020413189155733306,0.0035809803276374724,0.0028111496216054015
2005-07-01,-0.008212208972595822,-0.0048128233620987945,-0.006512516167347308
2005-07-04,-0.00026418023938405824,-0.00046212098461851004,-0.00036315061200128414
2005-07-05,-0.004046187599767786,0.00023051379350162924,-0.0019078369031330785
2005-07-06,0.003371600464537997,0.002564960653381138,0.0029682805589595672
2005-07-07,0.0006271121870144692,0.001931563821814181,0.0012793380044143251
2005-07-08,0.010311278612169074,0.0055264859731143385,0.007918882292641706
2005-07-11,0.0004007734042852794,-1.747655772967185e-05,0.00019164842327780378
2005-07-12,-0.00634128169104699,-0.007022999029861775,-0.006682140360454383
2005-07-13,5.5643775410644516e-05,0.0025268993386439514,0.001291271557027298
2005-07-14,-0.002884814549762969,-0.0038029244831798746,-0.003343869516471422
2005-07-15,-0.0002847969121093664,0.001858165113752585,0.0007866841008216093
2005-07-18,-0.004249981981162282,-0.006164255085763472,-0.005207118533462877
2005-07-19,0.014677794573243691,0.01055013828447085,0.01261396642885727
2005-07-20,0.00692891329234481,0.004653030167084218,0.005790971729714513
2005-07-21,-0.00553551203909565,-0.012042329474149568,-0.008788920756622609
2005-07-22,0.007495192310535902,0.011119197111217755,0.009307194710876827
2005-07-25,0.0030392409224959628,0.0008708023298535811,0.001955021626174772
2005-07-26,-0.0008894657428021906,0.001208361730096713,0.00015944799364726116
2005-07-27,0.001293122010969947,0.0005733697553022053,0.0009332458831360762
2005-07-28,0.0019272852335259544,0.006508423788082759,0.004217854510804356
2005-07-29,0.0011227891435167958,-0.004659997470397002,-0.001768604163440103
2005-08-01,1.7915155703121912e-05,0.0005293297690742278,0.0002736224623886749
2005-08-02,-0.0016179663920920751,0.0016612552423072014,2.164442510756311e-05
2005-08-03,0.004404079230056229,-0.0009558831632257662,0.0017240980334152316
2005-08-04,-0.0008493890087756693,-0.0026896401826898494,-0.0017695145957327594
2005-08-05,0.0027057183257961997,0.0014555227684995874,0.0020806205471478934
2005-08-08,-0.004472465013867152,-0.0007826878969839264,-0.0026275764554255393
2005-08-09,-0.003140379633303745,-0.0030261514831991364,-0.0030832655582514407
2005-08-10,-0.0047366832599265545,-0.0016726250745741627,-0.0032046541672503585
2005-08-11,-0.00029556027301635025,-0.0027548588010876535,-0.0015252095370520019
2005-08-12,0.00899990326401924,0.003486501185332053,0.006243202224675647
2005-08-15,0.006663528276822109,0.004167282626812323,0.0054154054518172155
2005-08-16,0.008401055023150122,-0.00247299224508467,0.002964031389032726
2005-08-17,-0.011703289290760161,-0.01153592166219855,-0.011619605476479356
2005-08-18,0.004036621154161945,0.00024415555494303046,0.0021403883545524876
2005-08-19,-0.005150493255124073,0.0025347348381061976,-0.0013078792085089376
2005-08-22,0.0004217045890034625,-0.0010916033629752942,-0.00033494938698591583
2005-08-23,0.006500416754244117,0.0010212651081408241,0.0037608409311924705
2005-08-24,-0.001394566778940531,-0.001411560147400105,-0.001403063463170318
2005-08-25,-0.004350829911974637,0.002452542687442608,-0.0009491436122660145
2005-08-26,0.008613214342594157,0.0016721454046421242,0.00514267987361814
2005-08-29,0.0019256296684138795,0.0011688229807566698,0.0015472263245852745
2005-08-30,0.012182954121473712,-0.002732609001886002,0.004725172559793855
2005-08-31,-0.0021690678131071404,0.002572282265544876,0.00020160722621886777
2005-09-01,-0.00997050005561599,-0.0027719739198741517,-0.00637123698774507
2005-09-02,0.0044991123008906765,0.0028099887959276747,0.0036545505484091756
2005-09-05,-0.000163013139488762,0.00034099603925321275,8.899144988222537e-05
2005-09-06,-0.004986470045070474,0.0016338920713552308,-0.0016762889868576216
2005-09-07,0.003193529947634488,-0.0022922943659408283,0.0004506177908468298
2005-09-08,-0.004313190387699719,-0.0019442345167722792,-0.003128712452235999
2005-09-09,-0.006863159813946676,0.0003881571202001601,-0.0032375013468732582
2005-09-12,0.009066889609365794,-0.002441996729913231,0.0033124464397262816
2005-09-13,-0.002501022658836057,-0.005277028975883349,-0.0038890258173597033
2005-09-14,-6.298890333952081e-05,-0.0010687587488252641,-0.0005658738260823924
2005-09-15,0.006254207477217518,0.0009795538821721615,0.0036168806796948397
2005-09-16,0.002481699476933187,0.005250521963765635,0.003866110720349411
2005-09-19,0.010181474241291788,0.006391652715749431,0.008286563478520609
2005-09-20,0.0028793136160731145,-0.0003289427070083559,0.0012751854545323793
2005-09-21,0.0006550654900025644,-0.002356945434516016,-0.0008509399722567259
2005-09-22,0.00041469581536479486,-0.0022231248065789334,-0.0009042144956070692
2005-09-23,0.0007552028196677303,-0.0013766777233458994,-0.00031073745183908454
2005-09-26,0.005892058795912981,0.004430327547564988,0.005161193171738984
2005-09-27,0.006558392047720317,0.0017572175612069168,0.004157804804463617
2005-09-28,0.004381724999366364,0.004663786259651258,0.004522755629508811
2005-09-29,-0.002167976333562434,0.0020673380043649226,-5.031916459875569e-05
2005-09-30,-0.004866281354657709,-0.0006980964991100168,-0.0027821889268838627
2005-10-03,0.003708274285725774,0.0032880830635652275,0.0034981786746455007
2005-10-04,-0.001175313693364891,-0.005446222102969738,-0.003310767898167315
2005-10-05,-0.001218263637913947,-0.006020786172058112,-0.0036195249049860295
2005-10-06,-0.0047048318866169565,-0.01020989513993082,-0.0074573635132738885
2005-10-07,0.01494969343444952,0.009563671682293102,0.01225668255837131
2005-10-10,-0.002036666071530631,-0.0016997514971715322,-0.0018682087843510816
2005-10-11,0.0041897060942082485,0.004120168396738734,0.004154937245473491
2005-10-12,-0.00982185735571846,-0.01045633311865513,-0.010139095237186795
2005-10-13,-0.000911354040866229,-0.0016877291063411438,-0.0012995415736036864
2005-10-14,-0.0011673492436242486,-0.00015051341930959213,-0.0006589313314669204
2005-10-17,0.013831505850480118,0.009569021681612942,0.01170026376604653
2005-10-18,0.008179820346797859,0.00011031172456175526,0.0041450660356798065
2005-10-19,-0.0014372552718994868,-0.0010200901018138514,-0.001228672686856669
2005-10-20,-0.0076001326967934215,-0.00695793544567871,-0.007279034071236066
2005-10-21,0.005302415219214152,0.002330383523597145,0.0038163993714056483
2005-10-24,0.0015362024180620992,0.005123202771816857,0.0033297025949394782
2005-10-25,-0.0043119609154347515,0.003130140431000414,-0.0005909102422171687
2005-10-26,0.003840579260268284,0.003860942600737798,0.003850760930503041
2005-10-27,-0.004120305521924924,-0.007970569301254673,-0.006045437411589798
2005-10-28,0.00845737068226259,0.0021716505985512444,0.005314510640406917
2005-10-31,0.003848047253743969,-0.0008881761475710469,0.001479935553086461
2005-11-01,0.0030175268731076153,0.0018067274458340745,0.002412127159470845
2005-11-02,0.003010739877702124,0.004102020732003428,0.0035563803048527763
2005-11-03,0.0031137410859584614,0.008418525476301487,0.005766133281129975
2005-11-04,0.005591086219754189,0.0032900387418877725,0.004440562480820981
2005-11-07,-0.001563025678995225,-0.0026452247768755915,-0.0021041252279354085
2005-11-08,-0.0015461730365082626,-0.0026147389307349914,-0.002080455983621627
2005-11-09,0.00317018796203786,0.0023365494305363456,0.0027533686962871026
2005-11-10,0.009075814290544815,-0.00032562560676962073,0.004375094341887598
2005-11-11,0.0037794720419942903,-0.0005366103497686591,0.0016214308461128155
2005-11-14,0.001644897120480473,0.003047092357029088,0.0023459947387547806
2005-11-15,0.005092104640536718,-0.00174488610733385,0.001673609266601434
2005-11-16,0.0019195069671159636,0.0061096882678945644,0.004014597617505264
2005-11-17,0.0015805484764169872,0.0003747490107887141,0.0009776487436028508
2005-11-18,0.005697029895901199,0.007771257496096315,0.006734143695998757
2005-11-21,0.0013554827365117716,0.0009321184808478942,0.0011438006086798328
2005-11-22,-0.006869599584636954,-0.005760864173584888,-0.0063152318791109205
2005-11-23,0.0047652138874330835,0.00469342746809582,0.004729320677764452
2005-11-24,-0.00017253231004382572,-0.00031960488359484944,-0.00024606859681933755
2005-11-25,0.004361232835455497,0.005274668089819552,0.004817950462637524
2005-11-28,-0.004296554867267611,-0.008014757816930668,-0.00615565634209914
2005-11-29,0.008229191601414429,0.00845014627474034,0.008339668938077385
2005-11-30,-0.0010690266577929658,-0.001032260272451618,-0.0010506434651222918
2005-12-01,0.008664384470353002,0.011342395956825211,0.010003390213589106
2005-12-02,0.0007057050039869165,0.002841545855575468,0.0017736254297811924
2005-12-05,-0.0009651596656196669,-0.0020798990885171867,-0.0015225293770684267
2005-12-06,0.0013287738545708352,-0.0017826348633777386,-0.0002269305044034517
2005-12-07,0.006250782078636648,0.007231958198095898,0.006741370138366273
2005-12-08,-0.00532992265000118,-0.007632697766051621,-0.0064813102080264005
2005-12-09,0.005752405019510145,0.004048175860590194,0.00490029044005017
2005-12-12,-0.011367939610068902,-0.010087890189491537,-0.01072791489978022
2005-12-13,0.0037708609996272495,0.001081911612902681,0.002426386306264965
2005-12-14,-0.016884366724885216,-0.015938716498817368,-0.016411541611851294
2005-12-15,-0.00021361352017561274,0.0004228287709849936,0.00010460762540469043
2005-12-16,-0.002934802022631064,-0.006974822918206054,-0.004954812470418559
2005-12-19,0.0036568738095387634,-0.002111325886183596,0.0007727739616775837
2005-12-20,0.0021591373090743197,0.002004235743093899,0.0020816865260841096
2005-12-21,0.0033052763252615068,0.00396055610227222,0.0036329162137668635
2005-12-22,0.0006566403308416373,-0.0032240108774851534,-0.0012836852733217581
2005-12-23,-0.0005313225006521726,-0.0024998624100598995,-0.001515592455356036
2005-12-27,0.0028617311936736125,-0.002622258250115602,0.00011973647177900525
2005-12-28,0.0011728326371744757,0.006488962695627149,0.0038308976664008123
2005-12-29,-0.00017667568293535892,-0.004540516843651793,-0.002358596263293576
2005-12-30,-0.0006087899049540279,0.0005803355993705805,-1.4227152791723729e-05
2006-01-03,-0.010636812858607634,-0.002969289631275863,-0.006803051244941748
2006-01-04,-0.00011497212634226984,0.00028341225892488373,8.422006629130695e-05
2006-01-05,-0.0020461930869063705,-0.0006009921399586009,-0.0013235926134324858
2006-01-06,-0.0009422583464497279,0.006905856251822969,0.0029817989526866205
2006-01-09,0.003251388079894322,0.00417940421455263,0.003715396147223476
2006-01-10,-0.0020657112015060614,0.0003122263679680757,-0.0008767424167689928
2006-01-11,-0.0030302237943933925,0.0007712257218297728,-0.00112949903628181
2006-01-12,-0.0022750898129312146,-0.004231829832989089,-0.0032534598229601516
2006-01-13,-0.0008985492312791163,-0.0033014809202510276,-0.002100015075765072
2006-01-16,0.00022051209929699442,0.0004960250108070485,0.00035826855505202145
2006-01-17,0.00481596490100805,0.005913625720547165,0.005364795310777607
2006-01-18,-0.002160664402625193,-0.0033331425137630463,-0.0027469034581941196
2006-01-19,0.0031486409394939577,0.007409655118240688,0.005279148028867323
2006-01-20,-0.008750125389913935,-0.009942344675355352,-0.009346235032634643
2006-01-23,-0.0039320721329989105,-0.004072427104307555,-0.004002249618653232
2006-01-24,0.0005552460526349992,-0.0016810442901859296,-0.0005628991187754651
2006-01-25,0.00556730889356157,0.008040424133998319,0.006803866513779944
2006-01-26,0.005133636628582259,0.008494055181184512,0.006813845904883386
2006-01-27,0.01482617859364004,0.010385475463811631,0.012605827028725836
2006-01-30,0.004010265368105682,0.006930913990714391,0.005470589679410037
2006-01-31,-0.003993782871505085,-0.003924204634375418,-0.003958993752940251
2006-02-01,0.007278815823244793,0.0052792208501146656,0.006279018336679729
2006-02-02,-0.000365598693267152,-0.0024264066190207976,-0.0013960026561439748
2006-02-03,0.0034620573776866607,0.0006247644168513196,0.0020434108972689903
2006-02-06,0.005404796684239764,0.004748577557309274,0.005076687120774519
2006-02-07,-0.010189179222492526,-0.007606400777393984,-0.008897789999943255
2006-02-08,0.005687216315232754,0.005668867035180853,0.005678041675206804
2006-02-09,0.0031213121541763685,0.0015323189111932545,0.0023268155326848115
2006-02-10,-0.00507052704919637,-0.002549476654746291,-0.0038100018519713306
2006-02-13,-0.0006250396874340424,-0.0039480914248126095,-0.002286565556123326
2006-02-14,0.005932131978085469,0.005004353590206593,0.005468242784146031
2006-02-15,-0.0007472292114716704,-0.00459937525602,-0.002673302233745835
2006-02-16,0.0026660770163965263,0.0012625045176657271,0.0019642907670311266
2006-02-17,-0.0026812376931483286,-0.0035744821071605286,-0.0031278599001544286
2006-02-20,-0.0020510443715234714,-0.0011860077802246234,-0.0016185260758740474
2006-02-21,0.0011087558060475721,0.0046402312043976185,0.002874493505222595
2006-02-22,0.0038012156626203316,0.0016006255198525077,0.0027009205912364195
2006-02-23,-0.01081717302949531,-0.0028523630301452363,-0.006834768029820273
2006-02-24,0.0020961773883671937,0.0013608813227326396,0.0017285293555499167
2006-02-27,-0.0030218113314811343,-0.0031865109152282895,-0.003104161123354712
2006-02-28,-0.0076516390288755365,-0.009350875139173037,-0.008501257084024287
2006-03-01,0.009267112540907453,0.005788375248928046,0.007527743894917749
2006-03-02,-0.004882644803478608,-0.002807600829699291,-0.0038451228165889495
2006-03-03,-0.0002697319267180231,0.00017550291845891807,-4.7114504129552526e-05
2006-03-06,0.002078737133432822,0.001964205132531748,0.002021471132982285
2006-03-07,0.0069011811153935594,0.00317617282348567,0.005038676969439614
2006-03-08,-0.0032461376721418613,-0.0028913606921961124,-0.003068749182168987
2006-03-09,-0.0003525039277934435,-0.0019058739447925883,-0.001129188936293016
2006-03-10,0.007776103031643897,0.003925910559866525,0.005851006795755211
2006-03-13,0.0035471577665703,0.0076165877416692115,0.005581872754119756
2006-03-14,-0.0077287273483419945,-0.00560327021870184,-0.006665998783521917
2006-03-15,0.00091339996339771,-9.257444864523176e-05,0.0004104127573762391
2006-03-16,-0.009872174154732983,-0.0044166453121717965,-0.00714440973345239
2006-03-17,0.0014759606099359487,-0.0007983882853811334,0.00033878616227740765
2006-03-20,0.004537938186860467,0.003116241240678988,0.003827089713769728
2006-03-21,0.004498117896130346,0.00045521056827073575,0.002476664232200541
2006-03-22,0.0031124515095571096,0.001428226392679728,0.0022703389511184186
2006-03-23,0.012292599304806928,0.013425280221382094,0.012858939763094511
2006-03-24,-0.003573910287686487,-0.0071407309775326075,-0.005357320632609547
2006-03-27,0.001130128735327568,0.0014398622648295707,0.0012849955000785694
2006-03-28,0.004715702572365052,0.008661154412999353,0.006688428492682202
2006-03-29,0.007519200356229049,0.007715442246418574,0.007617321301323811
2006-03-30,-0.0018009985541637076,-0.00016554887650021394,-0.0009832737153319608
2006-03-31,-0.0023698444622154776,-0.0018281788125412899,-0.0020990116373783836
2006-04-03,0.0061749105311843305,0.008508302437905972,0.007341606484545151
2006-04-04,-0.008140203168057802,-0.0032376202501785585,-0.0056889117091181805
2006-04-05,0.0018678928223082618,-0.0013754019891397448,0.0002462454165842585
2006-04-06,0.006738104060328288,0.006007133624171146,0.006372618842249717
2006-04-07,0.002584899835270823,0.005502836862010018,0.00404386834864042
2006-04-10,0.004104898040494879,0.007563161473579666,0.005834029757037272
2006-04-11,-0.005481709051191304,-0.007266400455286489,-0.006374054753238897
2006-04-12,0.0049795559711715625,0.006355849847713851,0.005667702909442707
2006-04-13,0.0013648177242664228,0.0008404934248867625,0.0011026555745765926
2006-04-17,-0.001854860792405614,-0.0032200237655454367,-0.0025374422789755254
2006-04-18,6.627620027568285e-05,-0.0022371308792962963,-0.0010854273395103067
2006-04-19,-0.00013265780096916036,0.004578257980491365,0.0022228000897611022
2006-04-20,0.003164580012113637,0.0033573325915315197,0.0032609563018225784
2006-04-21,0.001455245939147862,0.0024883628069301746,0.0019718043730390183
2006-04-24,-0.012376665031496181,-0.011368759520942696,-0.011872712276219438
2006-04-25,0.008976488752910393,0.01032378426626998,0.009650136509590186
2006-04-26,0.0034438530810717615,0.004197228265169237,0.0038205406731204993
2006-04-27,-0.009260714188779079,-0.01084655271369311,-0.010053633451236095
2006-04-28,-0.004427132883285966,-0.007846774898638371,-0.006136953890962169
2006-05-01,0.001281863647759945,0.006315209214989654,0.0037985364313747995
2006-05-02,-0.0008322986634413877,0.0021752817141059075,0.0006714915253322599
2006-05-03,0.0024971769202250574,0.0009138840044424568,0.001705530462333757
2006-05-04,0.002612787164264178,0.0020742163417083737,0.0023435017529862758
2006-05-05,-0.002065022032639018,-0.0012263427304661512,-0.0016456823815525845
2006-05-08,-0.0018007743754928913,0.002511187064409868,0.00035520634445848826
2006-05-09,0.0014422896891718145,0.004283936164335069,0.002863112926753442
2006-05-10,-0.0028666391274307186,-0.001860958857439742,-0.00236379899243523
2006-05-11,-0.0038794856495870246,0.001315573924950443,-0.0012819558623182908
2006-05-12,-0.00787232921794548,-0.005793008708934296,-0.006832668963439889
2006-05-15,-0.004176689966101351,-0.008483871043028984,-0.006330280504565167
2006-05-16,-0.004923668259238878,-0.003293584682436885,-0.0041086264708378815
2006-05-17,0.0017929514998645693,0.002359505032445708,0.0020762282661551386
2006-05-18,-0.007625295615124468,-0.0070236960582019115,-0.0073244958366631896
2006-05-19,0.002963883649743322,-0.0007222001493657588,0.0011208417501887818
2006-05-22,-0.006507311440718296,0.0003457707153865045,-0.0030807703626658956
2006-05-23,0.002624533037195246,0.006922471405023716,0.004773502221109481
2006-05-24,0.0005327415408475549,-0.010198394683588897,-0.004832826571370671
2006-05-25,0.0039060016454307727,0.003650826221055534,0.0037784139332431533
2006-05-26,0.004543284788140903,-0.0015898364969548439,0.0014767241455930296
2006-05-29,-0.000480349220463572,-5.874472122724043e-05,-0.00026954697084540625
2006-05-30,-0.005729139049676031,0.0066367070997806,0.0004537840250522845
2006-05-31,0.007280881022075384,0.0015696788735522823,0.004425279947813833
2006-06-01,0.002726364460296473,-0.007483565785271163,-0.002378600662487345
2006-06-02,-0.009864945064116117,-0.013150554680678645,-0.011507749872397381
2006-06-05,0.003393432165592305,0.004170835587870201,0.0037821338767312527
2006-06-06,0.0008633201926083051,-0.0027870285982824826,-0.0009618542028370888
2006-06-07,0.0012185725828585655,-0.0009102632252319826,0.00015415467881329143
2006-06-08,-0.001088009094717922,-0.00707474130784354,-0.004081375201280732
2006-06-09,-0.0016334356659790776,-0.0013376662239000532,-0.0014855509449395654
2006-06-12,-0.001419800451491302,-0.004415123947754796,-0.002917462199623049
2006-06-13,-0.006671593234774236,-0.006560381270164589,-0.006615987252469412
2006-06-14,0.007595895501916851,0.012138802035724745,0.009867348768820798
2006-06-15,0.008766839650522213,0.001853902998773036,0.005310371324647624
2006-06-16,0.0016638927731100525,0.0048863716967883514,0.003275132234949202
2006-06-19,3.9864284643888886e-05,0.0010048625212659595,0.0005223634029549242
2006-06-20,0.001887244940133476,-0.00032841794376549475,0.0007794134981839907
2006-06-21,0.0031331658027326766,0.0012468721268376758,0.0021900189647851764
2006-06-22,0.006260302871691054,0.0019606668781390066,0.00411048487491503
2006-06-23,0.004642318170538779,0.003574028530663835,0.004108173350601306
2006-06-26,0.00035005410078205494,0.007097040930928702,0.0037235475158553786
2006-06-27,-0.002771305818048242,-0.003925986296635435,-0.0033486460573418386
2006-06-28,0.004527209895879644,0.0029541127933578556,0.0037406613446187495
2006-06-29,-0.00422687612733735,-0.004854508411203737,-0.004540692269270544
2006-06-30,-0.005229193854900338,-0.005134833866909119,-0.005182013860904729
2006-07-03,0.004095891760286638,-0.001001707967106831,0.0015470918965899037
2006-07-04,-4.034613647594164e-05,-6.959087749056666e-05,-5.496850698325415e-05
2006-07-05,0.010962128248691626,0.014822202022704834,0.012892165135698231
2006-07-06,-0.0014963033620538407,-0.0038972996093344136,-0.0026968014856941273
2006-07-07,-0.011716783711472967,-0.005934688948246648,-0.008825736329859807
2006-07-10,0.0016430251414409557,-0.005648585817516008,-0.0020027803380375264
2006-07-11,0.001649567437184365,-0.002998794311731719,-0.0006746134372736769
2006-07-12,0.004500041695253615,0.0007916450963686177,0.0026458433958111162
2006-07-13,-0.007005861668957596,0.004384883810261952,-0.001310488929347822
2006-07-14,0.00101118772789567,0.0004795101692393798,0.0007453489485675248
2006-07-17,0.0008093834510983704,-0.002111319417809125,-0.0006509679833553773
2006-07-18,0.0038379763842597394,0.005377597473342212,0.004607786928800976
2006-07-19,-0.008927343028163724,-0.007193648306001539,-0.008060495667082631
2006-07-20,-0.006538767687560903,-0.0020492183767829948,-0.0042939930321719486
2006-07-21,-0.003278873184364234,0.0052177687963049,0.000969447805970333
2006-07-24,0.003105827913668311,-0.00673761429940249,-0.0018158931928670896
2006-07-25,0.003065403984554517,-0.0012594770329830076,0.0009029634757857547
2006-07-26,-0.0067786333049987945,-0.0010329866746013744,-0.0039058099898000844
2006-07-27,0.0007762107183885076,0.0030915640546717526,0.00193388738653013
2006-07-28,-0.008745155621289843,-0.012119471414806895,-0.01043231351804837
2006-07-31,0.0009772888071243643,0.001714361478212249,0.0013458251426683066
2006-08-01,0.0003774149372951579,0.0038634588883820343,0.0021204369128385962
2006-08-02,0.001394882189863143,-0.0023142506992762423,-0.0004596842547065496
2006-08-03,-0.002243460875437697,0.00038576486308487,-0.0009288480061764135
2006-08-04,-0.0070673127601223965,-0.0029842066843399303,-0.005025759722231163
2006-08-07,0.004724204403053506,0.008962553770288515,0.006843379086671011
2006-08-08,-0.004677572271968261,-0.0013785918626815913,-0.003028082067324926
2006-08-09,0.003153973816578495,0.0006368757206903823,0.0018954247686344386
2006-08-10,-0.0024566972967777325,-0.00433919716691043,-0.0033979472318440814
2006-08-11,0.002351624995133087,0.005825784760435377,0.004088704877784232
2006-08-14,0.0037630496063328998,0.004323158305557843,0.004043103955945371
2006-08-15,-0.00945759725819614,-0.008503559186510122,-0.008980578222353132
2006-08-16,-0.008625118795859714,-0.007784379564803918,-0.008204749180331816
2006-08-17,-0.0031983027330522106,-0.005507389524974963,-0.004352846129013587
2006-08-18,-0.002006267278502863,-0.0014140380377628246,-0.0017101526581328437
2006-08-21,0.0018393148012861254,0.005066949559755502,0.003453132180520814
2006-08-22,0.0001371923630479024,-0.0030864624355623014,-0.0014746350362571995
2006-08-23,0.0005119358293281393,-0.0013615766542487847,-0.0004248204124603227
2006-08-24,0.0020559507084427064,-0.0008879265295970185,0.000584012089422844
2006-08-25,0.0003420281000499704,0.002647782721534537,0.0014949054107922537
2006-08-28,-0.00032932475811648575,0.00141017091906575,0.0005404230804746321
2006-08-29,-0.004391734793621245,-0.004012750358506975,-0.00420224257606411
2006-08-30,0.0013085853593665401,-0.0010277118459856435,0.00014043675669044833
2006-08-31,-0.0003145336312404429,-0.00160890128037253,-0.0009617174558064865
2006-09-01,-0.002955225158658157,-0.0009790845866707316,-0.0019671548726644442
2006-09-04,-0.0024297326188710976,-0.0020630258466308882,-0.0022463792327509927
2006-09-05,0.007683419084513574,0.006167981953763102,0.006925700519138338
2006-09-06,0.0026413825264273443,0.0030184620284284696,0.002829922277427907
2006-09-07,-0.000928961295689267,-0.006947355574063315,-0.003938158434876291
2006-09-08,-0.003175453046433091,-0.006737619691158556,-0.004956536368795823
2006-09-11,-0.0011742005218288113,0.0007245506988684839,-0.00022482491148016369
2006-09-12,-0.005602248580416638,0.0007165210775176173,-0.0024428637514495102
2006-09-13,-0.0025692489780294162,-0.0026680170750941453,-0.002618633026561781
2006-09-14,-0.0010669985911695122,0.002684313119863198,0.000808657264346843
2006-09-15,0.002974707702973336,-0.0021574979411999665,0.0004086048808866847
2006-09-18,0.005644734625483905,0.003610633647142699,0.004627684136313303
2006-09-19,-0.009623965860749609,-0.005481174527164446,-0.007552570193957027
2006-09-20,-0.0012908285135939156,0.0010860473390727993,-0.00010239058726055816
2006-09-21,-0.007990549497611603,-0.009890549057983667,-0.008940549277797635
2006-09-22,-0.003246722743804242,-0.002766738304194122,-0.0030067305239991817
2006-09-25,-0.0025861905429379614,-0.004038223811243312,-0.0033122071770906366
2006-09-26,0.006935986730715523,0.004131161348864226,0.005533574039789874
2006-09-27,0.00222480934224577,-0.002184051006185659,2.037916803005542e-05
2006-09-28,0.006811348515394962,-0.001418177522127302,0.00269658549663383
2006-09-29,0.0010261697056876044,-0.0003494035994228956,0.0003383830531323544
2006-10-02,-0.003484290465160315,-0.002739120451203661,-0.003111705458181988
2006-10-03,-0.006400473402791989,-0.001710784751501693,-0.004055629077146841
2006-10-04,-0.006508371761320822,-0.0035381943885445634,-0.005023283074932693
2006-10-05,0.004929978516458367,0.003305440967160843,0.004117709741809605
2006-10-06,0.012371123101909234,0.010569358121476063,0.011470240611692648
2006-10-09,0.004223638716070492,0.0034529839666747578,0.003838311341372625
2006-10-10,0.002959899702042297,0.00015122751556113015,0.0015555636088017135
2006-10-11,0.0033555836293396703,0.004709671937789826,0.004032627783564748
2006-10-12,-0.0017435599268522733,0.0026951369940983513,0.000475788533623039
2006-10-13,0.006764938648992853,0.006114475447134766,0.006439707048063809
2006-10-16,0.0006597875425296963,-1.5927311542888226e-05,0.000321930115493404
2006-10-17,-0.003161062194497518,-0.00311801901732432,-0.0031395406059109192
2006-10-18,-0.001316685097224817,-0.0022831744406633862,-0.0017999297689441016
2006-10-19,0.0009898383161226904,0.005764168060122574,0.003377003188122632
2006-10-20,-0.0001235739756417889,0.001942112122138986,0.0009092690732485985
2006-10-23,0.0021859047289662747,0.003247981475440948,0.0027169431022036113
2006-10-24,0.0017135670841666286,0.000696703305841419,0.0012051351950040238
2006-10-25,-0.002666745437066965,-0.0031121073582243528,-0.002889426397645659
2006-10-26,-0.006886873399998605,-0.0026868971722054883,-0.004786885286102047
2006-10-27,-0.005493747679701273,-0.004388044147038507,-0.00494089591336989
2006-10-30,-0.0016051524376804302,0.0012193238707015144,-0.0001929142834894579
2006-10-31,-0.007357714307107903,-0.0005285008847001651,-0.003943107595904034
2006-11-01,-0.0034142553023576864,-0.002294331105640194,-0.00285429320399894
2006-11-02,0.003099868483503163,0.0027759213381429093,0.002937894910823036
2006-11-03,0.015757294621152107,0.0008578876356373845,0.008307591128394746
2006-11-06,0.0015891459909551232,0.0006410816822681592,0.0011151138366116411
2006-11-07,-0.0075853254317799716,-0.0010467810036468587,-0.004316053217713415
2006-11-08,-0.005014270419363191,-0.0022291520373631402,-0.0036217112283631657
2006-11-09,0.009090095748037059,-0.0010370413560764405,0.0040265271959803095
2006-11-10,-0.009386134484929667,-0.012007392135262676,-0.010696763310096172
2006-11-13,0.0017597755024348777,-0.0012244318577810517,0.000267671822326913
2006-11-14,-0.005240789003228813,-0.0006337845848206173,-0.0029372867940247152
2006-11-15,0.005194400471295889,0.0014856754946281586,0.0033400379829620235
2006-11-16,-0.0030318194136809535,0.00014892652918285405,-0.0014414464422490498
2006-11-17,-0.0013823205257421202,-0.005560144261706699,-0.0034712323937244097
2006-11-20,-0.0026694146650751574,0.0018201910885251404,-0.0004246117882750085
2006-11-21,0.001994268436732836,0.004018025416843931,0.0030061469267883834
2006-11-22,-0.008045007540719474,0.004426143370180843,-0.0018094320852693156
2006-11-23,-0.0017319259736559066,-0.000795703037732638,-0.0012638145056942723
2006-11-24,-0.0058594963867542,0.008431816234886908,0.001286159924066354
2006-11-27,0.008127984554904417,-0.002045379290980508,0.0030413026319619546
2006-11-28,-0.004896010681690649,0.0031192224789546746,-0.0008883941013679874
2006-11-29,0.0007916015078001533,-0.002104693444635894,-0.0006565459684178703
2006-11-30,-0.0008567284154765162,0.007324914022871919,0.0032340928036977013
2006-12-01,-0.003966977050110797,-0.003246534838836327,-0.0036067559444735615
2006-12-04,-0.0007425443170550823,-0.00394230715237886,-0.0023424257347169713
2006-12-05,-0.0027418969790282115,-0.00013029732463255747,-0.0014360971518303845
2006-12-06,-0.0010617449707987256,-0.010466641437195069,-0.005764193203996897
2006-12-07,0.001420850334258028,-0.002792531360586482,-0.0006858405131642271
2006-12-08,0.003382239334350976,-0.0019688879667156727,0.0007066756838176517
2006-12-11,-0.00046061586533420397,0.0035716454232680396,0.001555514778966918
2006-12-12,-0.0036204707658024668,-0.0025848397084947375,-0.003102655237148602
2006-12-13,0.0015360047533411144,-0.0017431864280366114,-0.00010359083734774851
2006-12-14,-0.0011783545125590182,0.005623694883210858,0.00222267018532592
2006-12-15,-0.0002084391448276535,-0.0027742733047404597,-0.0014913562247840565
2006-12-18,0.00016523006518923556,-0.0001798915456434745,-7.3307402271194675e-06
2006-12-19,-0.0048656952460226196,0.00482428399417042,-2.0705625926099782e-05
2006-12-20,0.002672061322319314,-0.0026396703877818815,1.6195467268716223e-05
2006-12-21,0.0010472895323667259,-0.006695494279714294,-0.002824102373673784
2006-12-22,0.0015105460431448013,0.005098170887434646,0.0033043584652897237
2006-12-26,0.001326301381784414,-0.0005841126807586986,0.0003710943505128577
2006-12-27,-0.0048694289785296396,0.00811660027739583,0.0016235856494330953
2006-12-28,-0.002232151799913049,0.0073552543781413415,0.0025615512891141463
2006-12-29,0.000696311720305881,0.0014267862458757755,0.0010615489830908282
2007-01-02,-0.0047369942992513065,0.0011602937983613071,-0.0017883502504449996
2007-01-03,0.0035062814513611784,-0.01778540798568049,-0.007139563267159657
2007-01-04,-0.002114112692121645,-0.010019958932380254,-0.006067035812250949
2007-01-05,-0.0028034933866594993,-0.004674274683418389,-0.003738884035038944
2007-01-08,-0.0016226209955372492,0.0028260415245884144,0.0006017102645255826
2007-01-09,0.0050715644098196936,-0.0014856734901905738,0.00179294545981456
2007-01-10,-0.0010334957102726577,0.0030348626850924955,0.0010006834874099189
2007-01-11,-0.01003647010253649,0.018206426141155696,0.004084978019309603
2007-01-12,-0.00939396686524168,0.019049387299928944,0.004827710217343632
2007-01-15,-0.001387446778860409,0.0015059828416876355,5.926803141361326e-05
2007-01-16,0.001528320834195303,-0.004565953437299011,-0.0015188163015518539
2007-01-17,0.0006405390028105381,0.00676849505718781,0.003704517029999174
2007-01-18,0.0016602528061710115,-0.005569773384961557,-0.0019547602893952723
2007-01-19,0.0037293124951750115,0.0024796514566450853,0.003104481975910048
2007-01-22,0.0014208417264802522,0.00097901879816905,0.0011999302623246512
2007-01-23,0.0012865854022767582,0.010545953350584815,0.005916269376430787
2007-01-24,0.00021173534095546764,-0.005938410347686873,-0.002863337503365703
2007-01-25,0.00425488509328322,0.005105656474369609,0.004680270783826414
2007-01-26,0.003366228429485074,-0.0016670862835166762,0.0008495710729841989
2007-01-29,-0.004519289918917346,0.001260243016388917,-0.0016295234512642145
2007-01-30,-0.00022260448185788578,-0.00043109735717760506,-0.0003268509195177454
2007-01-31,0.0020841791592066928,-0.0026717262532540047,-0.00029377354702365597
2007-02-01,-0.0018670724950160976,0.00143623210388664,-0.00021542019556472882
2007-02-02,-0.007835562084115013,-0.0028325105703473547,-0.0053340363272311835
2007-02-05,0.0006222622313803723,-0.004514635529311835,-0.0019461866489657313
2007-02-06,0.002107115454707511,-0.001957709079453762,7.47031876268745e-05
2007-02-07,-0.001583551342444323,0.0005218554913479674,-0.0005308479255481778
2007-02-08,0.004032901814367908,0.0002537038289698554,0.002143302821668882
2007-02-09,0.006697274412685423,0.004521601602998786,0.005609438007842105
2007-02-12,-0.0017484413883090332,-0.0006321324139131005,-0.0011902869011110669
2007-02-13,-0.0027657332089456965,0.0058748861505052334,0.0015545764707797685
2007-02-14,-0.0025218973647530823,-0.0034364985348911362,-0.0029791979498221093
2007-02-15,-0.0026844227805158938,-0.0031962067586763596,-0.0029403147695961267
2007-02-16,-0.0032109985696526,0.0015159129496059205,-0.0008475428100233397
2007-02-19,0.0006396442410213835,0.001402433258932016,0.0010210387499766998
2007-02-20,-0.007126200379671038,-0.0018966240738455705,-0.004511412226758304
2007-02-21,0.006551596045215843,0.010301501640349969,0.008426548842782905
2007-02-22,0.0005467886899995652,0.008222760499144605,0.004384774594572085
2007-02-23,0.006365435481870791,-0.006530912136678724,-8.273832740396652e-05
2007-02-26,0.0022761642278717282,-0.0015512312020501563,0.000362466512910786
2007-02-27,0.00418151655517211,-0.01628780748338908,-0.006053145464108485
2007-02-28,-0.01193883984661305,-0.0004652291342703985,-0.006202034490441724
2007-03-01,0.007650679425486679,-0.01031854561130952,-0.0013339330929114206
2007-03-02,-0.0030413000768950505,-0.010991632541653475,-0.007016466309274263
2007-03-05,-0.0009500927882536954,-0.008336465234291098,-0.004643279011272396
2007-03-06,0.007790588805953286,0.00211101299541118,0.004950800900682233
2007-03-07,-0.001679052236786711,0.005548028044943878,0.0019344879040785832
2007-03-08,0.006662506501353449,0.0008872007526898878,0.0037748536270216684
2007-03-09,0.003646536800691974,-0.0026693566148785985,0.0004885900929066877
2007-03-12,-0.0019338913652377934,0.0032485556945380627,0.0006573321646501346
2007-03-13,-0.008852019925906845,-0.002412068828579812,-0.005632044377243329
2007-03-14,0.0005789507796889457,-0.0020998499286462476,-0.0007604495744786509
2007-03-15,0.010990895809651737,0.0039988032091862165,0.007494849509418977
2007-03-16,-0.006660455346499758,0.004945906712944195,-0.0008572743167777814
2007-03-19,0.0035751356361186483,0.0016255245832907646,0.0026003301097047063
2007-03-20,-0.004981059501945818,0.007582363025356504,0.0013006517617053432
2007-03-21,0.001278385848532006,0.004162747947123254,0.0027205668978276297
2007-03-22,0.007765881693231781,-0.006950389583310103,0.0004077460549608389
2007-03-23,0.0007902421345553301,-0.005400894465323009,-0.0023053261653838393
2007-03-26,0.009456647891141477,-0.0009676119828596666,0.004244517954140905
2007-03-27,-0.002440474125344738,-0.004646911889257268,-0.003543693007301003
2007-03-28,-0.007668599975745306,-0.0017229334524723429,-0.004695766714108825
2007-03-29,0.001992886247813382,0.0028588331119523388,0.0024258596798828603
2007-03-30,0.015125657970688825,-0.010099549295358713,0.0025130543376650563
2007-04-02,0.004129282185279501,-0.0004345964351385751,0.0018473428750704628
2007-04-03,0.016242873343960046,0.0006833929610785281,0.008463133152519287
2007-04-04,-0.0010859870023455385,0.003611326117770827,0.0012626695577126444
2007-04-05,0.00054949470970057,-0.001465152941000342,-0.000457829115649886
2007-04-06,0.00878692361507999,-0.011049094469453161,-0.0011310854271865851
2007-04-09,0.002920377964531879,0.0015182073746108958,0.0022192926695713874
2007-04-10,-0.0021309452603392007,0.004582330069214435,0.0012256924044376173
2007-04-11,-0.00024625903349084023,0.00021624502286114692,-1.5007005314846654e-05
2007-04-12,0.002361154203723795,-0.00216685094240301,9.715163066039258e-05
2007-04-13,0.0018737766208092852,0.003571686475840448,0.0027227315483248664
2007-04-16,0.006971347431819629,0.006330323073854239,0.0066508352528369345
2007-04-17,-0.001610414291433956,0.005355932825170066,0.0018727592668680549
2007-04-18,-0.0015561357673259896,0.0001155138423494659,-0.0007203109624882619
2007-04-19,-0.002829674339559936,-0.0011170768778976646,-0.0019733756087288003
2007-04-20,0.008113809238580724,0.0010201766729287388,0.004566992955754731
2007-04-23,0.003025273211322614,-0.0026354322214281064,0.00019492049494725387
2007-04-24,-0.0024189786391128343,0.003612511544724123,0.0005967664528056444
2007-04-25,0.0023111600991766726,0.003551320620954538,0.0029312403600656053
2007-04-26,0.007095589533674377,-0.0019304462190639457,0.0025825716573052156
2007-04-27,0.0017306662895722465,-0.0019652144502545427,-0.00011727408034114812
2007-04-30,-0.007518263916624931,0.00047939529381986256,-0.0035194343114025345
2007-05-01,-0.0035478225933670044,0.002281420091163944,-0.0006332012511015301
2007-05-02,0.008121377786631129,-0.00021458667739371426,0.003953395554618707
2007-05-03,0.007815770833287947,-0.0025899581533954533,0.002612906339946247
2007-05-04,-0.002193279159502504,0.003957159090777406,0.0008819399656374508
2007-05-07,0.0005333233629309285,0.00024256887679761802,0.00038794611986427325
2007-05-08,0.003460807136184323,-0.006671660214252832,-0.0016054265390342544
2007-05-09,-0.0007657569528530673,0.0018994833809349032,0.0005668632140409179
2007-05-10,-0.008081094317679817,-0.002241677679616663,-0.00516138599864824
2007-05-11,0.0026018769157056484,0.00325634948797387,0.002929113201839759
2007-05-14,-0.003847107344374298,0.0002864512050932891,-0.0017803280696405044
2007-05-15,-0.0012095671952839897,-0.001560166472659898,-0.0013848668339719438
2007-05-16,-0.0011868037058894293,0.004782098280027722,0.001797647287069146
2007-05-17,0.004668664134328927,-0.0023131708160738567,0.001177746659127535
2007-05-18,0.007567054787645835,-0.0004413417426854717,0.0035628565224801816
2007-05-21,0.000549110069795515,0.0001041670619923996,0.00032663856589395726
2007-05-22,0.002068950069688599,-0.0006196712943569028,0.0007246393876658481
2007-05-23,-0.0008282890697311491,-0.0009330941560850069,-0.000880691612908078
2007-05-24,-0.010116625226555114,0.0009859208321831424,-0.004565352197185985
2007-05-25,0.004677435996855749,-0.0006604418024858384,0.002008497097184955
2007-05-28,0.00015279875125304124,8.819130365905372e-07,7.684033214481589e-05
2007-05-29,0.005829962449107335,-0.0019403975931863546,0.0019447824279604901
2007-05-30,-0.00016263279799455754,0.005999405603606284,0.002918386402805863
2007-05-31,0.004817226120409202,0.0012199610112532504,0.003018593565831226
2007-06-01,0.008654870784447167,0.0030768549348463036,0.005865862859646735
2007-06-04,-0.0008140144152449298,-0.0009365503278684715,-0.0008752823715567006
2007-06-05,-0.003192535574299607,0.002751627536402957,-0.00022045401894832482
2007-06-06,-0.007053680173564844,-0.007151857899211063,-0.0071027690363879535
2007-06-07,-0.003782347119783916,-0.014539690496104237,-0.009161018807944076
2007-06-08,0.005043988978646226,0.0028090097757423995,0.003926499377194312
2007-06-11,0.0006993512316220186,0.0032309312057593885,0.0019651412186907037
2007-06-12,0.00023244430849623398,0.0008359586198997158,0.0005342014641979749
2007-06-13,0.00773660694605333,0.003952353385782132,0.005844480165917732
2007-06-14,0.006636784557496283,0.005047977781331151,0.005842381169413717
2007-06-15,-0.0023983585009757606,0.0042604623436442056,0.0009310519213342225
2007-06-18,-0.002514105881351402,0.0014090287358169366,-0.0005525385727672327
2007-06-19,0.004931960278475484,-0.002904562782159349,0.0010136987481580676
2007-06-20,-0.00586418722232547,-0.0015683632688682002,-0.003716275245596835
2007-06-21,0.006276083398776358,-0.0018565995782858045,0.002209741910245277
2007-06-22,0.0016426728981006242,-0.007791642103623518,-0.0030744846027614472
2007-06-25,-0.005812287189741973,-0.0073512826134165595,-0.006581784901579266
2007-06-26,-0.009726760494728388,0.0028303466346815123,-0.0034482069300234377
2007-06-27,0.002585617400714333,-0.0009236193597041406,0.0008309990205050961
2007-06-28,0.008947027619108901,-0.00012928167533436604,0.004408872971887267
2007-06-29,-0.00557810365176897,-0.0022649216561957644,-0.003921512653982367
2007-07-02,-0.0006356646724797213,0.0021349511983317655,0.000749643262926022
2007-07-03,0.006774173554956288,-0.0041377780544115325,0.0013181977502723778
2007-07-04,0.001991989188784862,0.0014477756640987407,0.0017198824264418014
2007-07-05,0.002737163852271928,0.005415442196680463,0.004076303024476195
2007-07-06,0.003858885845091749,0.007312265997891585,0.0055855759214916674
2007-07-09,0.0011971305021191152,-0.004080793089831796,-0.0014418312938563403
2007-07-10,-0.019711554643571848,-0.008941175221126717,-0.014326364932349282
2007-07-11,0.0024562790165822443,0.006513252236035366,0.004484765626308805
2007-07-12,0.007563399429597382,0.010603976877917205,0.009083688153757295
2007-07-13,-0.0001829010627571286,0.0004085199908674189,0.00011280946405514515
2007-07-16,0.004592935261888662,-0.014549636811996544,-0.004978350775053941
2007-07-17,0.009383357041896492,0.0030802290725237746,0.0062317930572101336
2007-07-18,-0.007195902172724127,-0.005553290587549759,-0.0063745963801369425
2007-07-19,0.005973171859713984,-0.0026913889403168993,0.0016408914596985425
2007-07-20,-0.008414015944126045,-0.010543812605415148,-0.009478914274770597
2007-07-23,0.0013967623836543927,-0.0006020463642547704,0.00039735800969981116
2007-07-24,-0.014620391241221943,-0.0034947974954783493,-0.009057594368350146
2007-07-25,-0.0003002585215524911,-0.00712554359974615,-0.0037129010606493204
2007-07-26,-0.02930853962377836,-0.00920306246731332,-0.01925580104554584
2007-07-27,-0.005112050220397028,-0.015115429864751565,-0.010113740042574296
2007-07-30,0.009163714994409104,0.0039000855405622523,0.006531900267485678
2007-07-31,-0.006184597944230402,-0.005870967649263447,-0.006027782796746924
2007-08-01,-0.0005224347918248474,0.003164176309985461,0.0013208707590803067
2007-08-02,0.005349536723033654,0.007534490948961272,0.006442013835997463
2007-08-03,-0.016550363448769277,0.0008026312180152612,-0.007873866115377008
2007-08-06,0.0034366237430014214,0.004304450169307307,0.0038705369561543644
2007-08-07,0.006228259000493034,-0.0020736594653817577,0.0020772997675556383
2007-08-08,0.014962727994780638,0.00837976248213609,0.011671245238458364
2007-08-09,-0.023296504919340304,-0.025746867270965788,-0.024521686095153046
2007-08-10,-0.0014213113418986433,-9.167074060738688e-05,-0.0007564910412530151
2007-08-13,0.0021758037300270176,-0.0029891124370964263,-0.00040665435353470433
2007-08-14,-0.014101154101967533,-0.007580489004120587,-0.010840821553044059
2007-08-15,-0.011150530700291685,-0.007436528838778167,-0.009293529769534925
2007-08-16,-0.033322176994788476,-0.005074393242836622,-0.01919828511881255
2007-08-17,0.015623852996532139,0.0028243167789374535,0.009224084887734796
2007-08-20,-0.001899189312238423,0.006292060558018372,0.002196435622889975
2007-08-21,-0.003922086237532154,0.005397881720704168,0.0007378977415860074
2007-08-22,0.009552125812768975,0.00889584191626536,0.009223983864517168
2007-08-23,0.0036083191308448567,0.001775764711809613,0.002692041921327235
2007-08-24,0.011457422054311286,-0.0008049860895078848,0.005326217982401701
2007-08-27,-0.004399824035580757,-0.005628068797097496,-0.005013946416339126
2007-08-28,-0.021688511100930927,-0.000921767131472679,-0.011305139116201804
2007-08-29,0.012283268458498179,0.005832631017113295,0.009057949737805736
2007-08-30,-0.005867999514256126,0.008435885545404124,0.0012839430155739988
2007-08-31,0.012362477608381765,-0.003964885393796982,0.004198796107292391
2007-09-03,-3.0694068986834076e-05,-4.195089385153303e-05,-3.632248141918355e-05
2007-09-04,0.004152150362881685,0.013355758564768642,0.008753954463825164
2007-09-05,-0.018859022946930634,0.009182298352309572,-0.004838362297310531
2007-09-06,0.007779050853182635,-0.0032220069858948435,0.0022785219336438956
2007-09-07,-0.024504555271679565,0.018506689132055762,-0.0029989330698119016
2007-09-10,-0.0028217815297808292,0.008657217502131293,0.002917717986175232
2007-09-11,0.013656330075609046,0.0028269857729407823,0.008241657924274915
2007-09-12,0.00715684479766217,0.003821007368321157,0.005488926082991664
2007-09-13,0.014656837617825262,-0.01019470610074971,0.002231065758537776
2007-09-14,-0.0020515276837534333,-0.0008640701459140975,-0.0014577989148337653
2007-09-17,0.0013532587685058156,-0.001584991406130949,-0.00011586631881256668
2007-09-18,0.007471534683097916,0.018297901868041262,0.01288471827556959
2007-09-19,0.00992200464155826,0.0016844690763562508,0.005803236858957255
2007-09-20,0.007486585098378933,0.00479032891388518,0.006138457006132057
2007-09-21,-0.0035137367963396266,0.008106354309381588,0.002296308756520981
2007-09-24,-0.0024322526710868902,-0.002205088944221665,-0.0023186708076542778
2007-09-25,-0.007072552466034571,-0.0004569835772869443,-0.0037647680216607578
2007-09-26,0.005263046611176975,0.005697250020774725,0.00548014831597585
2007-09-27,0.0018043194408110547,0.018512341131244614,0.010158330286027834
2007-09-28,-0.004773841148811624,0.0012179448024423611,-0.0017779481731846312
2007-10-01,0.008177305818978653,0.0025446919624501465,0.0053609988907144
2007-10-02,-0.004295190235315333,-0.012821823181142692,-0.008558506708229012
2007-10-03,0.004735260678293902,-0.002749519766900431,0.0009928704556967354
2007-10-04,-8.394425736881682e-05,0.0061998329102598,0.0030579443264454917
2007-10-05,0.012566023481025423,-0.00490044701918821,0.003832788230918607
2007-10-08,-0.006332098579300411,-0.006782126736710286,-0.0065571126580053485
2007-10-09,0.010319486441467731,0.0031906356029483673,0.006755061022208049
2007-10-10,0.0030203011385062243,0.0038805676585971305,0.0034504343985516774
2007-10-11,-0.00094361118362631,0.0036575603923817545,0.0013569746043777223
2007-10-12,0.00880151272338799,0.0015540737788381194,0.005177793251113054
2007-10-15,-0.0006361443888917811,0.007808757410155536,0.003586306510631877
2007-10-16,-0.006898871091335138,-0.0024669936395781376,-0.004682932365456638
2007-10-17,-0.01157248576176845,0.004725029379803999,-0.0034237281909822257
2007-10-18,-0.0068877253613284836,0.014474950078115863,0.0037936123583936898
2007-10-19,-0.020244391115508922,-0.0001739238293738932,-0.010209157472441407
2007-10-22,-0.0005792134913387642,-0.007200007938720855,-0.0038896107150298096
2007-10-23,0.003626996856246856,0.007490659219529231,0.005558828037888043
2007-10-24,-0.008649703590901779,-0.0014063527267386057,-0.005028028158820193
2007-10-25,0.004925940881729532,0.0013047098341274963,0.003115325357928514
2007-10-26,0.007971822301399638,0.007660967346253964,0.007816394823826801
2007-10-29,0.005291427472421469,0.008907695871193968,0.007099561671807718
2007-10-30,-0.0050535348581197135,-0.006377424549372748,-0.00571547970374623
2007-10-31,0.017562484034399976,0.002275526351076953,0.009919005192738464
2007-11-01,-0.018886917823006708,-0.0019549095793526456,-0.010420913701179677
2007-11-02,-0.009263855994303152,0.012823410644832178,0.001779777325264513
2007-11-05,-0.0010414811902878934,-0.008060957780932574,-0.004551219485610234
2007-11-06,0.010231823618930498,0.014626854658912366,0.012429339138921431
2007-11-07,-0.02196868538942378,-0.0017353077393750162,-0.011851996564399399
2007-11-08,-0.013146575812782902,-0.0031237227157934803,-0.008135149264288192
2007-11-09,-0.011563320604640255,-0.005317453378687998,-0.008440386991664127
2007-11-12,-0.01080576771558011,-0.010711848043491429,-0.01075880787953577
2007-11-13,0.010841110111898224,-0.013576536021497786,-0.001367712954799781
2007-11-14,0.01250231402050372,-0.001137769672754707,0.005682272173874507
2007-11-15,-0.027594484939239657,-0.00974345309365534,-0.018668969016447497
2007-11-16,0.003850405709002948,0.0027653684428237723,0.00330788707591336
2007-11-19,-0.019388625502419803,0.0088649622993395,-0.005261831601540152
2007-11-20,0.002719882751897616,0.012095018641332493,0.007407450696615055
2007-11-21,-0.016044218073858713,0.013845373772562885,-0.0010994221506479144
2007-11-22,0.0009323833223192312,-0.00019139655140622055,0.0003704933854565053
2007-11-23,0.006916277501255391,0.005584603395402634,0.006250440448329012
2007-11-26,-0.01957025686010952,0.019054702948782334,-0.0002577769556635929
2007-11-27,0.00988723827018603,-0.01584761665480781,-0.0029801891923108906
2007-11-28,0.01562296271960203,-0.011278840353420467,0.0021720611830907816
2007-11-29,-0.008037310302065953,0.00028759211384666103,-0.003874859094109646
2007-11-30,0.003539728887329064,-0.013492808150683168,-0.004976539631677051
2007-12-03,-0.012483918314151564,0.015348296376294396,0.0014321890310714158
2007-12-04,-0.0016483994665486802,0.012297650231949734,0.005324625382700527
2007-12-05,0.007623318702178896,-0.012448205146282539,-0.002412443222051821
2007-12-06,0.01443292679906694,-0.006185315413878006,0.004123805692594467
2007-12-07,0.014844530354620007,-0.007720093700642945,0.003562218326988531
2007-12-10,0.004048379400957462,0.006134652051661052,0.005091515726309257
2007-12-11,-0.02097233929277889,0.009781963023315883,-0.005595188134731504
2007-12-12,0.018135175673453192,0.001235156956189051,0.009685166314821123
2007-12-13,0.0024637033475655348,-0.016285820151069535,-0.006911058401752
2007-12-14,0.009271567710270018,-0.021926692782627554,-0.006327562536178768
2007-12-17,-0.00909580654292333,0.0017670633768423227,-0.0036643715830405035
2007-12-18,-0.0031098881927924477,0.003783338570489402,0.0003367251888484772
2007-12-19,0.0006589619917318015,0.006061865812717898,0.0033604139022248495
2007-12-20,-0.0029143506244610476,0.0029787079432764623,3.217865940770737e-05
2007-12-21,0.027864219035878032,-0.00605383390581063,0.010905192565033701
2007-12-24,0.008632688287031355,0.001791442800060682,0.005212065543546018
2007-12-26,0.01411762391397602,0.009303126188387656,0.011710375051181839
2007-12-27,-0.010137861099206948,0.007059054565064852,-0.001539403267071048
2007-12-28,-0.011686297835200385,0.0042511888705120335,-0.0037175544823441755
2007-12-31,-0.012942068501375492,0.0012511798830411606,-0.005845444309167166
2008-01-02,-0.0156959791140765,0.03630511802432001,0.010304569455121754
2008-01-03,0.004437956332762693,0.01117700875424978,0.007807482543506236
2008-01-04,-0.016043430823265658,0.005261975295827308,-0.005390727763719174
2008-01-07,0.0023985864951338713,-0.007026752575668199,-0.0023140830402671635
2008-01-08,0.0077461361689694554,0.017794827565255113,0.012770481867112285
2008-01-09,-0.002878868349914113,-0.005591935489329791,-0.004235401919621952
2008-01-10,0.012791445472040008,-0.0055406829505741965,0.0036253812607329058
2008-01-11,-0.0005886652373174037,0.025770859664033502,0.012591097213358049
2008-01-14,0.004112987370845337,0.018937905014851566,0.01152544619284845
2008-01-15,-0.01262323188743446,0.005993427803878498,-0.003314902041777981
2008-01-16,-0.007777966708902843,-0.011274135656670743,-0.009526051182786793
2008-01-17,-0.012526108401249939,0.013059411368819395,0.0002666514837847281
2008-01-18,-0.00796295047538221,-0.0001369520501013115,-0.00404995126274176
2008-01-21,-0.006837588827117899,0.01010841717781724,0.0016354141753496705
2008-01-22,-0.01653128700062358,-0.0011252248545042351,-0.008828255927563908
2008-01-23,-0.016074475315091246,-0.017697499684291552,-0.016885987499691398
2008-01-24,0.03969122619180708,-0.005687632468643781,0.01700179686158165
2008-01-25,-0.0050958227907811834,0.01447756723752791,0.004690872223373364
2008-01-28,0.002485475885502644,0.006581861376990033,0.004533668631246338
2008-01-29,0.007658271776243905,-0.004590246212337043,0.0015340127819534308
2008-01-30,0.003288944282547062,-0.0036167320110575864,-0.00016389386425526222
2008-01-31,-0.00397074501500132,0.007691367325877663,0.0018603111554381714
2008-02-01,-0.004642822386186433,-0.007127163285565287,-0.00588499283587586
2008-02-04,0.0007079248222638245,0.012052080532838126,0.0063800026775509755
2008-02-05,-0.016236847611660575,0.0006811710873063922,-0.007777838262177091
2008-02-06,-0.00035133795331379787,0.004223076153351966,0.001935869100019084
2008-02-07,0.013001205321157753,-0.012901323196385893,4.994106238593015e-05
2008-02-08,-0.005282958645493771,0.016824410505806946,0.005770725930156588
2008-02-11,-0.003548328180360284,0.003298758015071677,-0.00012478508264430338
2008-02-12,0.005709134760562113,-0.01227531428991551,-0.003283089764676699
2008-02-13,0.0034064068718059623,-0.004932861026337672,-0.0007632270772658547
2008-02-14,0.0030250825844982754,0.007163801751745843,0.005094442168122059
2008-02-15,-0.0018689216672791585,0.0029513554537372875,0.0005412168932290645
2008-02-18,0.0027702622691593098,-0.0031440132691948957,-0.000186875500017793
2008-02-19,0.011429955258706333,0.011196947943998994,0.011313451601352664
2008-02-20,0.01026641768309503,-0.00536922070047986,0.002448598491307585
2008-02-21,-0.012058661141140415,0.020510202363250588,0.004225770611055086
2008-02-22,-0.0008390397290430351,0.0030099615613496263,0.0010854609161532955
2008-02-25,0.017245939625367045,-0.00832021488669382,0.004462862369336612
2008-02-26,-0.002006169566494207,0.02031144540921356,0.009152637921359676
2008-02-27,-0.0015524365379483195,0.005907732220098728,0.0021776478410752043
2008-02-28,-0.01622239786056945,0.022961406408508116,0.003369504273969334
2008-02-29,-0.02630671381407504,0.021914225169061257,-0.002196244322506891
2008-03-03,-0.002773911938452965,0.01045938458795983,0.0038427363247534327
2008-03-04,0.003121858286911793,-0.004771473849055531,-0.000824807781071869
2008-03-05,0.007887187264369122,-0.006029696115704695,0.0009287455743322136
2008-03-06,-0.013606034711923613,0.011464857285266082,-0.0010705887133287658
2008-03-07,-0.011705283044083475,-0.0011444878713682367,-0.0064248854577258555
2008-03-10,-0.011200827759233834,0.01354091571521848,0.0011700439779923234
2008-03-11,0.029696755234807037,-0.021989006387072272,0.0038538744238673824
2008-03-12,-0.013367234297932188,0.026573487463453185,0.006603126582760499
2008-03-13,0.0012749436388837458,0.004186479906804649,0.0027307117728441973
2008-03-14,-0.02075749602623586,0.012105459706988769,-0.004326018159623546
2008-03-17,-0.014181610072109264,-0.007150852514841577,-0.010666231293475421
2008-03-18,0.017579496120957362,-0.00982026849391087,0.003879613813523246
2008-03-19,-0.021835668748857662,-0.0262688291855991,-0.02405224896722838
2008-03-20,-0.017227838385033407,-0.02207229233023394,-0.019650065357633674
2008-03-24,0.02702043201858072,-0.01426175111079723,0.006379340453891745
2008-03-25,0.00575398215239464,0.018881709842072988,0.012317845997233814
2008-03-26,-0.0020462670744034947,0.014244598584492575,0.00609916575504454
2008-03-27,-0.002336433003787256,-0.0004679824172866523,-0.001402207710536954
2008-03-28,-0.008659683045525451,-0.002730403393990163,-0.005695043219757807
2008-03-31,-0.008929452414951316,-0.00955428286920704,-0.009241867642079179
2008-04-01,0.009300088882128922,-0.023604414305236455,-0.0071521627115537665
2008-04-02,0.006913778545737448,0.00742451286970905,0.007169145707723249
2008-04-03,0.004191506310425781,0.0028809606830906185,0.0035362334967581994
2008-04-04,-0.004566103613705236,0.01421271316535368,0.004823304775824222
2008-04-07,0.0033679298909566873,-0.008134707347579831,-0.002383388728311572
2008-04-08,-0.0015346229883905305,-0.003339846705355095,-0.0024372348468728127
2008-04-09,-0.00010328999355823672,0.020877869752539795,0.01038728987949078
2008-04-10,0.003162148127459626,-0.009966409310154552,-0.003402130591347463
2008-04-11,-0.003442234786670876,0.011246995422250243,0.003902380317789683
2008-04-14,0.004699782790072243,0.0004055516794632785,0.002552667234767761
2008-04-15,0.003499446521989093,-0.0013219567625577828,0.001088744879715655
2008-04-16,-0.0007662401047663955,-0.009116461774066512,-0.004941350939416453
2008-04-17,0.003906815250771968,-0.01233356910870756,-0.0042133769289677955
2008-04-18,-0.00613093102653979,-0.013856659069756428,-0.00999379504814811
2008-04-21,-0.009237177520749386,-0.003397845310397831,-0.006317511415573608
2008-04-22,0.006490231708183849,0.008145703041681945,0.007317967374932897
2008-04-23,-0.0051224729886538934,-0.012515111999726714,-0.008818792494190304
2008-04-24,0.0006817006974209206,-0.02407626277628219,-0.011697281039430634
2008-04-25,-0.0007132855034264828,-0.004274098594953687,-0.0024936920491900848
2008-04-28,-0.00028723526453530994,0.009138088708357823,0.004425426721911256
2008-04-29,-0.006519585678090559,-0.011650693476443586,-0.009085139577267073
2008-04-30,-0.0006452013472899051,0.003320021519302973,0.0013374100860065337
2008-05-01,-0.006592508097069753,-0.011981337643653165,-0.00928692287036146
2008-05-02,0.004605749393350314,-0.012156191965683846,-0.0037752212861667657
2008-05-05,-0.0009020888936879462,0.009566765979410214,0.004332338542861134
2008-05-06,0.0013133386204127041,-0.0004609007204788704,0.0004262189499669169
2008-05-07,0.005823210755654415,0.004209173755391364,0.005016192255522889
2008-05-08,-0.0005722372969292393,0.012988655489921353,0.006208209096496057
2008-05-09,0.0017533135103021495,0.01052076817852707,0.006137040844414609
2008-05-12,-0.005709190721771951,-0.009742102268709382,-0.007725646495240666
2008-05-13,0.005503700572381649,-0.019815496995833595,-0.007155898211725973
2008-05-14,0.0005296501890957077,-0.011047620093918836,-0.005258984952411564
2008-05-15,-0.00843464719162755,0.007680751050029345,-0.0003769480707991029
2008-05-16,0.003213611758294484,0.009689180634475617,0.0064513961963850504
2008-05-19,0.0008475661014679846,3.627511458154067e-05,0.00044192060802476264
2008-05-20,0.0013244856224004892,0.01259609042629644,0.0069602880243484645
2008-05-21,0.013081294121434054,0.011574787550536963,0.012328040835985508
2008-05-22,-0.0005461814612024952,-0.0243343854759591,-0.012440283468580797
2008-05-23,0.0009926496599593285,0.022179188067528572,0.01158591886374395
2008-05-26,-0.0006383802126086347,-0.0004531582090903717,-0.0005457692108495032
2008-05-27,-0.002110487362493013,-0.019988748096875786,-0.0110496177296844
2008-05-28,0.0020629317069146623,-0.010916101299972907,-0.004426584796529122
2008-05-29,-0.004624344708058646,-0.0259539983173002,-0.015289171512679422
2008-05-30,0.002755256164711386,0.014628392953963065,0.008691824559337225
2008-06-02,0.0033855875016647655,0.017118944924783157,0.01025226621322396
2008-06-03,-0.005855575925770851,-0.0006511011868092021,-0.0032533385562900263
2008-06-04,0.001826923656513383,-0.005975693840466919,-0.002074385091976768
2008-06-05,0.001833614448777967,0.0022001200764520047,0.0020168672626149856
2008-06-06,0.016774942518711398,0.025705295116475523,0.02124011881759346
2008-06-09,0.002506615440349839,-0.018475595018083952,-0.007984489788867056
2008-06-10,0.0059781442386170535,-0.021297036717102803,-0.007659446239242874
2008-06-11,0.015691247748688797,0.02574813931044072,0.020719693529564757
2008-06-12,0.0017767861552664191,-0.01332182899965169,-0.005772521422192636
2008-06-13,-0.0006398717742915102,-0.0051511009352509535,-0.002895486354771232
2008-06-16,-0.00328966204663619,-0.0009562380141985653,-0.0021229500304173776
2008-06-17,0.005419604260362839,0.01285337724530089,0.009136490752831863
2008-06-18,0.0005071457690060041,0.013899706297817865,0.007203426033411934
2008-06-19,-0.0022070331111748516,-0.014844919011002747,-0.0085259760610888
2008-06-20,0.00043579221319461,0.015666140144749242,0.008050966178971925
2008-06-23,-0.0004249244413058835,-0.004823995450682922,-0.0026244599459944026
2008-06-24,0.001339928306894275,0.005773324620520639,0.003556626463707457
2008-06-25,0.0014130693413876275,0.002589082245314653,0.00200107579335114
2008-06-26,0.014804188802499962,0.03412938820258092,0.024466788502540443
2008-06-27,-0.0005611105838263658,0.006971605777883652,0.003205247597028643
2008-06-30,-0.0021202217584233457,-0.0047326788021396895,-0.0034264502802815178
2008-07-01,0.001763772686593054,0.003687393690516682,0.002725583188554868
2008-07-02,0.0032889199983823078,0.022161129931622545,0.012725024965002427
2008-07-03,0.0033748067765680817,-0.006246466360608615,-0.0014358297920202667
2008-07-04,-1.163887693292478e-05,-8.87844531126804e-06,-1.025866112209641e-05
2008-07-07,-0.002090815300050933,-0.010435611761611764,-0.006263213530831349
2008-07-08,-0.000996080492476952,-0.014094791417464671,-0.007545435954970811
2008-07-09,0.007650348968585045,0.009493498057079849,0.008571923512832447
2008-07-10,-0.0014751125189166115,0.004147946445151116,0.0013364169631172522
2008-07-11,0.0020593708249799286,-0.005143623047538609,-0.0015421261112793403
2008-07-14,0.0002087500396265986,0.0031216142521139248,0.0016651821458702617
2008-07-15,0.009925891910833581,0.0049247753053431815,0.007425333608088381
2008-07-16,-0.0054466542550409,-0.011314727081995784,-0.008380690668518341
2008-07-17,0.00010892283112570591,-0.02581147251644063,-0.01285127484265746
2008-07-18,-0.004161451529289089,-0.012071871635681675,-0.008116661582485382
2008-07-21,-0.003820852131797003,-0.0021624816658170143,-0.0029916668988070085
2008-07-22,-0.0007684076491965167,-0.013506725268506848,-0.007137566458851682
2008-07-23,-0.007294615001468337,-0.01942316650539732,-0.013358890753432828
2008-07-24,0.0063928523843796705,0.020887385543442646,0.013640118963911159
2008-07-25,0.004969012303670859,-0.005702387571562663,-0.00036668763394590194
2008-07-28,0.004414026780857955,0.014313297222056862,0.009363662001457409
2008-07-29,-0.007511600873226056,-0.009771813744110425,-0.00864170730866824
2008-07-30,-0.010738222953862824,-0.004081165882395049,-0.0074096944181289365
2008-07-31,0.006936995998880792,0.007703508728688695,0.007320252363784743
2008-08-01,0.00131836739925685,-0.0012156914153117668,5.1337991972541584e-05
2008-08-04,0.0011706877505479347,-0.017738200275526084,-0.008283756262489075
2008-08-05,-0.012644046536760776,-0.014388022573509721,-0.013516034555135248
2008-08-06,-0.005237696044862915,-0.01604390666828429,-0.010640801356573602
2008-08-07,0.005064610238761584,0.020909129132285806,0.012986869685523695
2008-08-08,-0.01202206592203408,-0.025290127909863132,-0.018656096915948606
2008-08-11,-0.008348387475435528,-0.012053986063166605,-0.010201186769301067
2008-08-12,0.0016304225976449059,0.013889347529090122,0.007759885063367514
2008-08-13,0.006606392563810616,0.013210827478593434,0.009908610021202024
2008-08-14,-0.005973466487402149,0.001977337311396149,-0.0019980645880030004
2008-08-15,-0.009202843276647834,-0.011948545593259632,-0.010575694434953733
2008-08-18,0.01280984788849601,0.016235463393292418,0.014522655640894215
2008-08-19,0.0033313617357252135,0.002915321687385988,0.003123341711555601
2008-08-20,0.0007855816036091778,0.00980305169066371,0.005294316647136444
2008-08-21,-0.0016958775677016079,0.007087543330249664,0.002695832881274028
2008-08-22,-0.001871259898320205,-0.019249257749581538,-0.010560258823950872
2008-08-25,0.006061011221314134,0.012808202052737937,0.009434606637026036
2008-08-26,-0.0016849402816544073,-0.0008129154041246325,-0.0012489278428895198
2008-08-27,-0.0024494600712240498,0.002237151692770805,-0.00010615418922662245
2008-08-28,-0.0022050985752167128,-0.00830287523053474,-0.005253986902875726
2008-08-29,0.005584633766774673,0.0036151444752186785,0.004599889120996676
2008-09-01,-0.00026578573001401,-0.0001959625959251463,-0.00023087416296957815
2008-09-02,0.005125921791486731,0.0006703252454145183,0.0028981235184506243
2008-09-03,3.2553675973373086e-05,0.0033785732688409605,0.0017055634724071668
2008-09-04,0.014659098197784395,0.013871987507792817,0.014265542852788606
2008-09-05,0.0031966970660219796,-0.007554286660988013,-0.0021787947974830166
2008-09-08,-0.0066986486274475746,-0.00785322129885836,-0.0072759349631529675
2008-09-09,0.014710524579803224,0.012010983841987184,0.013360754210895203
2008-09-10,-0.010507930122158076,-0.016054770062029468,-0.013281350092093771
2008-09-11,-0.0096889077429207,0.0005029984515039613,-0.004592954645708369
2008-09-12,0.005294944748700037,-0.022815096185185985,-0.008760075718242975
2008-09-15,0.04360496408705595,0.03978610892246989,0.04169553650476292
2008-09-16,-0.00423972599983625,-0.02352383862701792,-0.013881782313427085
2008-09-17,0.02785244383064762,0.018479848177278865,0.023166146003963245
2008-09-18,-0.003049992259019684,-0.008611310402463612,-0.005830651330741648
2008-09-19,-0.012038781865614022,-0.038391509360127786,-0.025215145612870905
2008-09-22,0.0046372751988968,0.015600406955447082,0.01011884107717194
2008-09-23,0.007787682966666559,-0.000660553311625442,0.0035635648275205586
2008-09-24,0.003843894584027373,0.001885119891903098,0.0028645072379652357
2008-09-25,-0.005834969007633736,-0.009424284210322468,-0.007629626608978102
2008-09-26,0.005348142591906348,0.004846510313732659,0.005097326452819503
2008-09-29,0.03423728954659007,0.027259175249680644,0.03074823239813536
2008-09-30,-0.006044002459800401,-0.029662668553182548,-0.017853335506491475
2008-10-01,0.010123286022000716,0.008145553013907144,0.009134419517953931
2008-10-02,0.021110430546744274,0.0049717686751214706,0.013041099610932872
2008-10-03,-0.003227526856991838,-0.0017110801740573064,-0.002469303515524572
2008-10-06,0.023827273135193523,0.031038238573670388,0.027432755854431955
2008-10-07,-0.01427753971614739,-0.003887002230929959,-0.009082270973538675
2008-10-08,-0.003427404238504704,-0.00238986228364078,-0.0029086332610727423
2008-10-09,-0.0065586303646450956,-0.006136727973334764,-0.00634767916898993
2008-10-10,0.015791143556666852,0.010832315531305712,0.013311729543986281
2008-10-13,0.010923977568268602,-0.02314329022054562,-0.006109656326138509
2008-10-14,-0.011862910281660349,-0.00999295234652766,-0.010927931314094004
2008-10-15,-0.002004445196650864,0.023676686726722483,0.01083612076503581
2008-10-16,0.00811014613980772,0.001139676392248825,0.004624911266028272
2008-10-17,0.0035013512672640097,-0.008204655560190944,-0.0023516521464634673
2008-10-20,0.006921043462912366,-0.0028659875513028406,0.002027527955804763
2008-10-21,0.009352610415153161,0.024405210433011092,0.016878910424082127
2008-10-22,0.008729615759703543,0.03484312854037017,0.021786372150036856
2008-10-23,0.003471253231014883,0.008935965261319553,0.006203609246167218
2008-10-24,-0.006083712264162459,0.014010359238846797,0.003963323487342169
2008-10-27,0.003414479137557359,-0.0012039744736564717,0.0011052523319504436
2008-10-28,0.002621390858020655,-0.0173148860120765,-0.007346747577027923
2008-10-29,-0.008784984140907625,-0.01733352178392338,-0.013059252962415502
2008-10-30,0.0026906391356068455,-0.007579210226242964,-0.002444285545318059
2008-10-31,0.00474099709052912,0.003548714047596714,0.004144855569062917
2008-11-03,0.0032320560796005424,0.007825604307296287,0.005528830193448415
2008-11-04,0.004046485754708572,-0.010555803308588565,-0.0032546587769399964
2008-11-05,0.00014415599205756346,0.021101320552830326,0.010622738272443946
2008-11-06,0.0036151529992331775,0.017664975604970778,0.010640064302101978
2008-11-07,-0.004451364720175232,-0.005205696374410121,-0.004828530547292677
2008-11-10,0.0054460865244724335,0.002409193758074611,0.003927640141273522
2008-11-11,-0.0015675475927114284,0.009552838120802114,0.003992645264045342
2008-11-12,0.0130793432346627,0.023982370753372905,0.018530856994017804
2008-11-13,-0.0028794594479656507,-0.008580951103904968,-0.00573020527593531
2008-11-14,0.0028347850785871848,-0.0028125248658198818,1.1130106383651492e-05
2008-11-17,0.0016054674244037957,0.0072683199663047815,0.004436893695354289
2008-11-18,0.0029408551902918036,0.01040842587629413,0.006674640533292967
2008-11-19,0.006733997222234227,0.012095116399933293,0.00941455681108376
2008-11-20,0.00580301095892366,0.029372839039751582,0.01758792499933762
2008-11-21,-0.012639043957525367,-0.002616095274402224,-0.0076275696159637954
2008-11-24,-0.010058734192034244,-0.03607306725128156,-0.0230659007216579
2008-11-25,0.0028060105843991387,0.011445316162222116,0.007125663373310628
2008-11-26,0.0016631614166928983,0.0026186702235263754,0.0021409158201096366
2008-11-27,-0.0001715114635712978,-0.00010942122580077442,-0.00014046634468603612
2008-11-28,0.0012896626314528377,0.006805818035357465,0.004047740333405152
2008-12-01,0.014077660567045793,0.03509002959217253,0.02458384507960916
2008-12-02,-0.006942141140043567,0.000583559343153748,-0.003179290898444909
2008-12-03,-4.4416939537363954e-05,0.0057572137878468535,0.0028563984241547448
2008-12-04,-0.0013083332742228695,0.017387319517435045,0.008039493121606088
2008-12-05,-0.011182524303664551,0.006870394489957679,-0.002156064906853436
2008-12-08,-0.002319090623154469,-0.024084612522720636,-0.013201851572937552
2008-12-09,-0.0012340095008113367,0.012076740965392473,0.0054213657322905685
2008-12-10,-0.004919797444613244,-0.013549294607858418,-0.009234546026235831
2008-12-11,0.0007228522088598881,-0.0032715651621937287,-0.0012743564766669203
2008-12-12,-0.0041925931761766615,0.0006228235379362078,-0.0017848848191202268
2008-12-15,-0.0001387790938088924,0.002051466031735962,0.0009563434689635348
2008-12-16,-0.0027416708493524164,0.0009000693936158532,-0.0009208007278682815
2008-12-17,-0.009496376734224649,0.0005229665484856172,-0.004486705092869516
2008-12-18,0.0021969665268960674,0.009146204733406264,0.0056715856301511654
2008-12-19,0.0058537457080838715,0.004600735795228593,0.005227240751656232
2008-12-22,-0.0007112018753505651,-0.0032634834835261702,-0.0019873426794383676
2008-12-23,0.0017432321290593651,0.0029937934943149477,0.0023685128116871564
2008-12-24,-0.002322085795406439,-0.0017501902896744045,-0.0020361380425404215
2008-12-26,-0.002467387057319307,-0.008564623223479168,-0.005516005140399237
2008-12-29,0.0021082434368340924,0.006639406176262947,0.00437382480654852
2008-12-30,-0.0033749298564369405,-0.0030015815378947237,-0.003188255697165832
2008-12-31,-0.0029595783829882046,-0.02264044496790376,-0.012800011675445982
2009-01-02,-0.007991244869095082,-0.01933530250381951,-0.013663273686457296
2009-01-05,0.011780537317401031,-0.0013445316505002764,0.0052180028334503775
2009-01-06,0.005072344111813017,-0.013585569306073247,-0.004256612597130115
2009-01-07,0.005926209435041676,0.01743831576006175,0.011682262597551712
2009-01-08,-0.004421199953352752,0.004350595824043476,-3.530206465463806e-05
2009-01-09,0.010754487777741026,0.004813491597330373,0.0077839896875357
2009-01-12,0.0071756896191968785,0.033543186127885954,0.020359437873541417
2009-01-13,0.0015578008300905514,0.004919505057558421,0.0032386529438244863
2009-01-14,0.009247146073108507,0.01109575708770091,0.010171451580404708
2009-01-15,-0.0003194804254480607,-0.0010926222735723869,-0.0007060513495102238
2009-01-16,-0.005881514458663361,-0.01512322807727715,-0.010502371267970255
2009-01-19,0.0009686896552687397,0.0009886706986283833,0.0009786801769485615
2009-01-20,0.004770697124575599,0.020636442406326266,0.012703569765450933
2009-01-21,-0.014839772459787027,-0.01674182967620498,-0.015790801067996005
2009-01-22,-0.0034599879205728175,0.0001074235582739931,-0.0016762821811494122
2009-01-23,-0.009824114626688616,-0.008572138707279938,-0.009198126666984278
2009-01-26,-0.0039869507125037664,-0.010633496899431737,-0.007310223805967752
2009-01-27,0.005566721700861343,0.012131444415200861,0.008849083058031101
2009-01-28,-0.006181426982434391,-0.018353531526263775,-0.012267479254349083
2009-01-29,-0.004306467105289054,-0.00038788979415917943,-0.0023471784497241166
2009-01-30,0.0032022389910771948,0.0009920651320845697,0.0020971520615808825
2009-02-02,0.006814444476358232,0.016580061968683096,0.011697253222520663
2009-02-03,-0.00955342938400726,-0.007810304912838311,-0.008681867148422786
2009-02-04,-0.0026940927418101796,-0.002478680198947937,-0.002586386470379058
2009-02-05,0.0032559004028243454,-0.012466256929985067,-0.00460517826358036
2009-02-06,-0.00535689339834759,-0.018394696618757624,-0.011875795008552606
2009-02-09,-0.00024745252211924584,-0.0016862961847504336,-0.0009668743534348397
2009-02-10,0.01072170337581341,0.027873518889458954,0.019297611132636183
2009-02-11,-0.0063436291565063686,0.005229329606689766,-0.0005571497749083014
2009-02-12,-0.0006950340147087296,0.007022490609623974,0.003163728297457622
2009-02-13,-0.0011113620177771759,-0.010584489975289015,-0.005847925996533096
2009-02-16,0.002530693868999697,0.002211334054789585,0.002371013961894641
2009-02-17,0.013060377030470395,0.03258123708166282,0.022820807056066608
2009-02-18,-0.002659075748715647,-0.0022661755767012545,-0.002462625662708451
2009-02-19,-0.005023553169459296,-0.016189067937140138,-0.010606310553299716
2009-02-20,-0.001293364851595845,0.0076906106035279686,0.0031986228759660618
2009-02-23,0.00972897632356669,0.002471642824359219,0.006100309573962954
2009-02-24,-0.003019815423651841,-0.013006404975593985,-0.008013110199622912
2009-02-25,-0.0033705015125493902,-0.005561703049515662,-0.004466102281032526
2009-02-26,0.004759984906855646,-0.0015775560954449316,0.0015912144057053574
2009-02-27,0.005766910674150441,0.011066883410851401,0.00841689704250092
2009-03-02,0.011988102577185659,0.03258725392980253,0.022287678253494096
2009-03-03,0.0042447119834404775,-0.0016186371654783097,0.0013130374089810838
2009-03-04,-0.004776670634774927,-0.02195323885258014,-0.013364954743677533
2009-03-05,0.006806981804847917,0.018325495524774787,0.012566238664811352
2009-03-06,-0.00453154008571649,-0.008951976411986817,-0.006741758248851653
2009-03-09,0.004076917000900378,0.007221241122324792,0.005649079061612585
2009-03-10,-0.009047323069293858,-0.016865781847717205,-0.012956552458505532
2009-03-11,-0.008370172951392647,0.004009949072825152,-0.0021801119392837478
2009-03-12,-0.003295712417020841,-0.015074555772755396,-0.00918513409488812
2009-03-13,-0.0002473551924952076,0.002466799137444714,0.0011097219724747532
2009-03-16,0.0033805723478890354,-0.014414187109846738,-0.005516807380978851
2009-03-17,-0.007663236815970491,-0.009974496240520393,-0.008818866528245442
2009-03-18,0.010440907845553925,0.020192051606252537,0.01531647972590323
2009-03-19,-0.00975148207638829,-0.0233652076969326,-0.016558344886660446
2009-03-20,0.005062772550845162,0.0023968625811794735,0.0037298175660123176
2009-03-23,-0.008216101900166244,-0.01564572417800361,-0.011930913039084928
2009-03-24,0.009218820789261877,0.005210465208716595,0.007214642998989236
2009-03-25,-0.009668708239081307,0.0038965241094838505,-0.002886092064798728
2009-03-26,-0.002517014771536255,-0.004540366450543277,-0.003528690611039766
2009-03-27,-0.00013249807401578525,0.011247553516630962,0.005557527721307589
2009-03-30,0.0006454837860338947,0.018158127044203068,0.00940180541511848
2009-03-31,0.011828280420718124,-0.016411279308677144,-0.00229149944397951
2009-04-01,-0.004683153448767052,0.00020251661301922498,-0.0022403184178739137
2009-04-02,0.011687068597027974,-0.025942288696974465,-0.0071276100499732455
2009-04-03,0.011201688870886694,-0.016132385672073198,-0.002465348400593252
2009-04-06,0.003525254890349083,0.007576683841351244,0.005550969365850164
2009-04-07,-0.004017034555854684,0.009352559693031205,0.0026677625685882604
2009-04-08,-0.00477164033759018,-0.0005994083885656844,-0.002685524363077932
2009-04-09,0.0002047889520349884,-0.006945690648770144,-0.003370450848367578
2009-04-13,-0.0038775760989393174,0.0016789362762744172,-0.0010993199113324501
2009-04-14,0.002476714505078958,0.005050324926320645,0.0037635197156998014
2009-04-15,-0.00196781884199273,0.0018945464754707066,-3.6636183261011665e-05
2009-04-16,0.005093457166290992,-0.007277326639854857,-0.0010919347367819325
2009-04-17,0.003900329858766969,-0.000898316890639682,0.0015010064840636436
2009-04-20,-0.016540645290452672,0.028847710473187498,0.006153532591367413
2009-04-21,0.009579475784413614,-0.012159085729496234,-0.00128980497254131
2009-04-22,-0.001353661929586683,-0.0021721245315407017,-0.0017628932305636925
2009-04-23,0.0008430279311950374,-0.00513104276170937,-0.002144007415257166
2009-04-24,0.0001448429951379749,-0.010451473341995714,-0.00515331517342887
2009-04-27,-0.008623287207362345,0.022844641896242468,0.007110677344440062
2009-04-28,0.005940098296559342,-0.002035200960364306,0.001952448668097518
2009-04-29,0.01055697821350947,-0.023269451765555654,-0.006356236776023092
2009-04-30,0.005268400837277473,-0.005249382675000903,9.50908113828532e-06
2009-05-01,0.010000151951496679,-0.0162688563902538,-0.0031343522193785604
2009-05-04,-0.006965799081329803,-0.004942418540281008,-0.005954108810805405
2009-05-05,0.001630604054703889,0.0012718779017195665,0.0014512409782117277
2009-05-06,0.0006835509966038061,-0.007934704806103858,-0.003625576904750026
2009-05-07,0.005155636211946427,-0.0064653482973590385,-0.0006548560427063056
2009-05-08,0.004704380271557994,-0.01107003471564872,-0.003182827222045363
2009-05-11,-0.008558461226772947,0.015415816826500676,0.003428677799863864
2009-05-12,-0.00048258772850601336,-0.00097256088051529,-0.0007275743045106516
2009-05-13,-0.007878899860071772,0.015503198478762404,0.0038121493093453158
2009-05-14,0.002094110811844632,-0.004656504811639032,-0.0012811969998971998
2009-05-15,-0.0038358690309095366,0.012691402920351246,0.004427766944720855
2009-05-18,0.01387060372206534,-0.02275755732085154,-0.0044434767993931
2009-05-19,0.0035887994657575594,-0.006454052959172882,-0.0014326267467076612
2009-05-20,-0.0010931541803555784,-0.0034275839629016452,-0.002260369071628612
2009-05-21,0.006100287910257655,-0.006181090690536824,-4.0401390139584506e-05
2009-05-22,0.007774022294098393,-0.012526738964173766,-0.0023763583350376863
2009-05-25,9.261881225887644e-05,-0.0006858550566980575,-0.0002966181222195905
2009-05-26,0.006452771319638686,-0.010105731115760684,-0.001826479898060999
2009-05-27,0.013544076849642702,-0.009222352335657952,0.002160862256992375
2009-05-28,-0.0010064744062926049,-0.007420015894443505,-0.004213245150368055
2009-05-29,-0.008306154562416478,0.002694881625318017,-0.00280563646854923
2009-06-01,0.026434589002256377,-0.03663823177487995,-0.0051018213863117876
2009-06-02,-0.002573750327903031,0.00035971860789222844,-0.0011070158600054014
2009-06-03,-0.0163171838055182,0.02635177739310543,0.005017296793793615
2009-06-04,0.012879218007506282,-0.023278186068056737,-0.0051994840302752275
2009-06-05,0.014297056741088734,-0.022052095605947977,-0.003877519432429621
2009-06-08,0.00146650518747934,-0.0013639501788484452,5.127750431544744e-05
2009-06-09,0.0038684885702385064,-0.008769174079557168,-0.0024503427546593306
2009-06-10,0.0019342319326764515,-0.0015482306558830753,0.00019300063839668808
2009-06-11,-0.0015731420682332901,-0.00524970157817643,-0.00341142182320486
2009-06-12,-0.0034967546975993337,0.01620746469264838,0.006355354997524524
2009-06-15,-0.007342675478002915,0.028242227441228923,0.010449775981613004
2009-06-16,-0.00161235772589569,0.006563948829896702,0.002475795552000506
2009-06-17,-0.0016305665566203793,-0.0013382845435555206,-0.00148442555008795
2009-06-18,0.007861697662527862,-0.009383000099855477,-0.0007606512186638078
2009-06-19,-0.006574408617613923,0.006536368126471525,-1.9020245571199027e-05
2009-06-22,-0.005413109259860169,0.031886099730272024,0.013236495235205929
2009-06-23,-0.0004260373279961899,-0.006348813738703086,-0.003387425533349638
2009-06-24,-0.00277455095161275,-0.005000088185410684,-0.003887319568511717
2009-06-25,-0.012128431545735778,0.0016541591640517677,-0.005237136190842005
2009-06-26,-0.0015202860591312858,0.0025908326353412414,0.0005352732881049778
2009-06-29,-0.0010001215137302828,-0.003397427383008599,-0.002198774448369441
2009-06-30,-0.0024582681798277187,0.015599498125970172,0.006570614973071227
2009-07-01,-0.0016228784879203824,-0.006936613220368718,-0.00427974585414455
2009-07-02,-0.0014673012961174388,0.024768383145221954,0.011650540924552257
2009-07-03,7.334452867631916e-05,0.00015243000017652782,0.00011288726442642348
2009-07-06,-0.004960448251314995,0.01417199530998453,0.0046057735293347675
2009-07-07,-0.014097330071089952,0.024572432974301436,0.005237551451605742
2009-07-08,-0.007149509333731404,0.026701365539344844,0.009775928102806721
2009-07-09,0.011786768054229763,-0.024087289922436094,-0.006150260934103166
2009-07-10,-0.008031007289632654,0.014869267172056002,0.0034191299412116736
2009-07-13,-1.8301841923684388e-05,-0.01469703592573355,-0.0073576688838286166
2009-07-14,0.004851748708193464,-0.008884718044894543,-0.0020164846683505392
2009-07-15,-0.0009521893911104509,-0.030018453977344293,-0.015485321684227372
2009-07-16,-0.004999495172777988,0.00571479987163641,0.00035765234942921123
2009-07-17,0.006700071899757444,-0.01374215777119749,-0.0035210429357200226
2009-07-20,-0.005503034821283022,-0.0047067097915661155,-0.005104872306424569
2009-07-21,-0.01036004313537089,0.012736841335131513,0.001188399099880312
2009-07-22,0.0012807028068658071,-0.0062800850226842776,-0.0024996911079092354
2009-07-23,0.012021299632352971,-0.028081344044239027,-0.008030022205943028
2009-07-24,-0.0077152690847646374,0.008292268707118411,0.00028849981117688673
2009-07-27,0.0032171101358016573,-0.006808598272147637,-0.0017957440681729898
2009-07-28,0.0016433413063851807,0.006986781773465731,0.004315061539925455
2009-07-29,0.00019758522834874563,0.011441699142114507,0.005819642185231627
2009-07-30,0.0044657964231969395,-0.020298811121824564,-0.007916507349313812
2009-07-31,-0.006519847716824978,0.002790821031381986,-0.001864513342721496
2009-08-03,0.013370080627031692,-0.03400726746416302,-0.010318593418565666
2009-08-04,-0.0023438412834512214,-0.0008509772395110419,-0.0015974092614811316
2009-08-05,0.004632207550923946,-0.002342955409112894,0.0011446260709055262
2009-08-06,-0.0068166609580837065,0.016795296041818435,0.004989317541867364
2009-08-07,0.002112038862423077,-0.009034188422136153,-0.0034610747798565376
2009-08-10,-0.0038970038651052084,0.010861457265402904,0.003482226700148848
2009-08-11,-0.0008768579736284261,0.011238275283669033,0.005180708655020304
2009-08-12,0.0013285318363033235,-0.007376023913910651,-0.0030237460388036637
2009-08-13,-0.010042315163745581,0.006339545123817629,-0.0018513850199639759
2009-08-14,-0.002882213469107977,0.015558608863656771,0.0063381976972743965
2009-08-17,-0.0006883741519231913,0.023095629746341405,0.011203627797209107
2009-08-18,0.0025436754330046413,-0.011740409298025369,-0.004598366932510364
2009-08-19,-0.004685949588407071,0.0010945188501791097,-0.001795715369113981
2009-08-20,-0.0028334541505951006,0.0002415320494810002,-0.0012959610505570503
2009-08-21,0.0005055707984034848,-0.017452185133891837,-0.008473307167744176
2009-08-24,0.005841273952561661,-0.0018137621241025297,0.0020137559142295656
2009-08-25,-0.008096683298962045,0.009714000939065126,0.0008086588200515409
2009-08-26,-0.0005413211422595281,0.003847385450167083,0.0016530321539537773
2009-08-27,-0.0002622716420798317,-0.002957671697124043,-0.0016099716696019375
2009-08-28,-0.001668439842963373,0.0007870877857035865,-0.00044067602862989325
2009-08-31,-0.003587750926608901,0.01645657357279313,0.006434411323092115
2009-09-01,-0.0031902094302105133,0.018864893606485078,0.007837342088137283
2009-09-02,-0.009072112706277861,0.011557403852727756,0.0012426455732249472
2009-09-03,-0.005123470842907684,-0.0008636735939596564,-0.0029935722184336704
2009-09-04,-2.9348194875173836e-05,-0.0071660600815896995,-0.0035977041382324365
2009-09-07,-0.0008553406967152452,-0.0017913886935497967,-0.001323364695132521
2009-09-08,-0.0011359592093210255,-0.001579400033341446,-0.0013576796213312357
2009-09-09,-0.0003046478124931551,-0.0005605768862997444,-0.0004326123493964498
2009-09-10,-0.0051912359417299785,-0.0006172409862989595,-0.002904238464014469
2009-09-11,-0.0037690302825600383,0.006236608714946928,0.001233789216193445
2009-09-14,0.0008312125953510392,-0.0005185712735308974,0.00015632066091007091
2009-09-15,0.006481042844901449,-0.016780772206033523,-0.005149864680566036
2009-09-16,-0.008749068673785792,-0.006370509646286589,-0.00755978916003619
2009-09-17,-0.0018855136286205663,0.007160195360784647,0.0026373408660820405
2009-09-18,-9.962735207613357e-05,0.0013918794379223869,0.0006461260429231267
2009-09-21,0.0006974325083726705,-0.00011121382150182815,0.00029310934343542116
2009-09-22,-0.003107061249618993,0.0010143194806381303,-0.0010463708844904314
2009-09-23,0.002340671357979686,0.0076414688770306905,0.004991070117505188
2009-09-24,0.0066242261153385,0.00290545937855162,0.00476484274694506
2009-09-25,-0.0035459051495112183,0.006018936655243223,0.0012365157528660025
2009-09-28,-0.0007795539204417392,0.0021686787394068516,0.0006945624094825562
2009-09-29,-0.0007035292413219605,-0.001127038226828187,-0.0009152837340750738
2009-09-30,-0.0013129481199186902,-0.0009367510952565798,-0.001124849607587635
2009-10-01,0.005966960466516408,0.0058783632361442345,0.005922661851330321
2009-10-02,-6.674668380924073e-05,0.005569230199035719,0.0027512417576132393
2009-10-05,-0.0034148248169784397,0.004786143917079382,0.000685659550050471
2009-10-06,-0.004971932263640644,-0.0033956415622254954,-0.0041837869129330695
2009-10-07,0.001300451654535786,0.0059911725076511775,0.0036458120810934818
2009-10-08,-0.0036970311076646384,-0.0054014273155544934,-0.004549229211609566
2009-10-09,0.0019541262540389705,-0.01323036978264314,-0.005638121764302085
2009-10-12,-0.0020552845953582953,-0.006608417539789705,-0.0043318510675740005
2009-10-13,0.0004976681803231845,0.005978484829544524,0.0032380765049338546
2009-10-14,-0.001244837300804507,-0.0024506958045800347,-0.0018477665526922707
2009-10-15,0.0017853598721910388,-0.009754843502751308,-0.003984741815280135
2009-10-16,-0.0010890465519194851,-0.0003711783146078596,-0.0007301124332636723
2009-10-19,-0.004299932728931822,0.006218367371461145,0.0009592173212646612
2009-10-20,0.0021624659056449034,0.0034083445662399857,0.0027854052359424447
2009-10-21,-0.0060498182227090615,-0.0019919948995337417,-0.004020906561121401
2009-10-22,0.0024968845767632843,-0.0007907007431886675,0.0008530919167873084
2009-10-23,-0.00023512348798843623,-0.011291594007891781,-0.005763358747940109
2009-10-26,0.002585369175659404,-0.005107067854805304,-0.00126084933957295
2009-10-27,0.0036032514458885123,0.008476475841676177,0.006039863643782345
2009-10-28,0.002219290104653067,0.0001367493135196404,0.0011780197090863536
2009-10-29,-0.0048656178072921975,-4.399415920852203e-05,-0.0024548059832503596
2009-10-30,0.003909758358877776,0.0027952168507563526,0.003352487604817064
2009-11-02,-0.0028744849338706363,-0.007845076721875996,-0.0053597808278733165
2009-11-03,-0.0030041471068699803,-0.0008914002556126165,-0.0019477736812412985
2009-11-04,-0.00143358336555378,0.004573947493801765,0.0015701820641239926
2009-11-05,0.00384907358891608,0.004838765156445117,0.004343919372680599
2009-11-06,0.0011503202934340943,0.00618814481816088,0.003669232555797487
2009-11-09,-0.00162449413678114,0.004885555966526556,0.0016305309148727078
2009-11-10,2.028151517014853e-05,-0.0005744895776936216,-0.00027710403126173655
2009-11-11,-0.0013406418753511636,0.004028918460348622,0.0013441382924987294
2009-11-12,0.0036051642184903253,-0.005337918976580173,-0.0008663773790449239
2009-11-13,-0.0014618957739227982,0.004542723771368793,0.0015404139987229973
2009-11-16,-0.005278745947270081,0.015538839881069905,0.005130046966899912
2009-11-17,0.002024289856634543,-0.001329797704058043,0.0003472460762882501
2009-11-18,0.00017120811362005347,0.0010008863133465571,0.0005860472134833053
2009-11-19,-0.0003762573967750196,-0.0023109342789214607,-0.0013435958378482402
2009-11-20,-0.0010379436805583475,-0.0025897246227969636,-0.0018138341516776555
2009-11-23,-0.0017471924799341764,0.008865926914431983,0.0035593672172489032
2009-11-24,0.002770715806879973,0.006989297245377477,0.004880006526128725
2009-11-25,-0.005966462313670884,0.010040161285283598,0.002036849485806357
2009-11-26,-0.002467474577066094,-0.0050678943063887875,-0.0037676844417274405
2009-11-27,0.004941199245881601,-0.0030058872465761766,0.0009676559996527122
2009-11-30,-0.0008750945697138262,0.006102480538487368,0.002613692984386771
2009-12-01,-0.000849910630621166,0.008032549850950584,0.003591319610164709
2009-12-02,-0.0021054880296221506,-0.006747096812180132,-0.004426292420901141
2009-12-03,-3.624786587346187e-05,-0.0007803950191881587,-0.0004083214425308103
2009-12-04,0.005787920828725392,-0.019511437479794894,-0.006861758325534751
2009-12-07,0.0046261911839910385,-0.00024110341296589146,0.0021925438855125733
2009-12-08,0.002706344541497114,-0.01287708208220392,-0.005085368770353403
2009-12-09,0.0035029516195036825,-0.005598400339412264,-0.0010477243599542906
2009-12-10,-0.00047716709167196176,0.0014441281675605128,0.0004834805379442755
2009-12-11,-0.0021792796697736798,-0.001431151155220476,-0.001805215412497078
2009-12-14,-0.0012787738020294567,-0.0006917720327116236,-0.0009852729173705401
2009-12-15,0.0013094754174027578,-0.005151164321144425,-0.0019208444518708336
2009-12-16,-0.0022038420149384035,0.006484094722714498,0.0021401263538880473
2009-12-17,0.005022201546512605,-0.011717564710246351,-0.003347681581866873
2009-12-18,0.0006201583841293374,0.003165033161171781,0.0018925957726505592
2009-12-21,0.0024240990572566967,0.0035669796286189517,0.002995539342937824
2009-12-22,0.00231590619907618,0.0013241327698339093,0.0018200194844550446
2009-12-23,-0.0031855104773154883,0.00319647265424961,5.481088467060823e-06
2009-12-24,-0.0016722215346319847,0.007137043846617676,0.002732411155992846
2009-12-28,-0.004096352673993662,-0.00393536559053669,-0.004015859132265176
2009-12-29,0.0005957482382629887,-0.004620319711394431,-0.002012285736565721
2009-12-30,-0.0020781556965597157,0.003378460102598746,0.0006501522030195152
2009-12-31,-0.001382675873374181,0.002150911245350318,0.00038411768598806844
2010-01-04,0.0022143481409648484,0.007974046890307653,0.005094197515636251
2010-01-05,-0.001995406691572616,-0.00752144378565065,-0.004758425238611632
2010-01-06,-0.0006988098393812485,0.01009406718048454,0.004697628670551646
2010-01-07,0.0037733875603611993,-0.0035564982182557997,0.00010844467105269981
2010-01-08,0.000655216763832033,0.000709908419755332,0.0006825625917936825
2010-01-11,0.000653397607393499,0.005028685592591503,0.0028410415999925013
2010-01-12,0.008371307560247246,-0.0030409862223298796,0.0026651606689586833
2010-01-13,0.0005201858322253118,0.007292214527391004,0.003906200179808158
2010-01-14,0.001721112878577571,0.003710449306125003,0.0027157810923512872
2010-01-15,-0.0017267075018669337,-0.005738256811684163,-0.0037324821567755483
2010-01-18,0.0011793746424376352,0.0017213795220070813,0.0014503770822223584
2010-01-19,0.0013878700169603778,0.007945400890851002,0.00466663545390569
2010-01-20,-0.0027266554455509886,-0.01351243850848779,-0.008119546977019389
2010-01-21,-0.005330166425760713,-0.014029284784809054,-0.009679725605284883
2010-01-22,-0.00434797113400675,-0.007432456688998972,-0.005890213911502861
2010-01-25,0.0010988737278724641,0.006186323522517352,0.003642598625194908
2010-01-26,0.0009627651371365882,-0.005768334958812048,-0.0024027849108377297
2010-01-27,0.005633347125200987,-0.005304314100097932,0.00016451651255152766
2010-01-28,-0.001336706803862131,-0.008925102507584099,-0.005130904655723115
2010-01-29,-0.002694825853726932,-0.0025579656900656497,-0.002626395771896291
2010-02-01,0.0023605764785379563,0.004915415646822485,0.0036379960626802205
2010-02-02,-0.0016772932125200472,0.003187917504284222,0.0007553121458820875
2010-02-03,0.00920487373468489,0.0016673768280505228,0.005436125281367706
2010-02-04,-0.005652089627115738,-0.0264357307372639,-0.01604391018218982
2010-02-05,-0.0018502247238985278,-0.005315211996147169,-0.0035827183600228487
2010-02-08,-0.002215557154300579,-0.003276540424384629,-0.0027460487893426044
2010-02-09,0.0015095158834180246,0.006546844650189329,0.0040281802668036765
2010-02-10,-0.0014299285488787897,-0.0052858799198672824,-0.003357904234373036
2010-02-11,0.001286039849610732,0.010802497483256466,0.006044268666433599
2010-02-12,9.393646887354043e-05,0.00038050805971400105,0.00023722226429377075
2010-02-15,-0.0004205783890724907,-0.0006966671584477787,-0.0005586227737601347
2010-02-16,-0.003277404270416424,0.01421603438608841,0.005469315057835994
2010-02-17,0.005574064993850497,-0.006477002909147642,-0.00045146895764857243
2010-02-18,0.004233079545082099,0.0006433415525744715,0.0024382105488282855
2010-02-19,-0.0043657089423804335,-0.006856744093033482,-0.005611226517706958
2010-02-22,-0.0005753296009502958,0.0008415219339279958,0.00013309616648885002
2010-02-23,-0.006475484261263268,-0.005229629958468726,-0.005852557109865997
2010-02-24,0.0010659360097033993,4.3021638693143885e-05,0.0005544788241982715
2010-02-25,-0.0002838805674037461,0.0028513149954247446,0.0012837172140104992
2010-02-26,-0.004839112597231049,0.005926398915541776,0.0005436431591553637
2010-03-01,0.0024484127061291864,0.0019791813584820123,0.002213797032305599
2010-03-02,0.002266200352889172,0.004851472538432794,0.003558836445660983
2010-03-03,-0.0007869484741593955,0.0038597543672896422,0.0015364029465651232
2010-03-04,-0.0002733597485297708,-0.007522829384458472,-0.0038980945664941215
2010-03-05,0.00665504947268448,0.004847821263751408,0.005751435368217944
2010-03-08,0.0008898896980755793,-0.0007573014620358534,6.629411801986292e-05
2010-03-09,0.0021616959770574167,0.00234520219157068,0.002253449084314048
2010-03-10,0.0017910140600035118,-0.0003432257272687074,0.0007238941663674022
2010-03-11,0.0018306161656366261,-0.0021065668805376587,-0.00013797535745051627
2010-03-12,-0.0014560963220958242,-0.00040069769599010413,-0.0009283970090429642
2010-03-15,-0.00015456846285776964,-0.003420679105754987,-0.0017876237843063784
2010-03-16,-0.004106101896305651,0.005936332316869221,0.0009151152102817848
2010-03-17,-0.0027179484760350425,0.0020569511343387185,-0.000330498670848162
2010-03-18,0.003599568751995006,-0.003333002015198724,0.00013328336839814087
2010-03-19,-0.0015168859762870715,-0.009498128693102549,-0.00550750733469481
2010-03-22,-0.000758667936692285,0.005169208737792064,0.0022052704005498898
2010-03-23,0.004690153475590012,0.0026373053809489065,0.003663729428269459
2010-03-24,0.008349529242336399,-0.010640173208522055,-0.001145321983092828
2010-03-25,0.005471370441048191,0.0018276581128666481,0.003649514276957419
2010-03-26,-0.001510644126475575,0.0010759163209988305,-0.00021736390273837227
2010-03-29,-0.004648889630516061,0.005443067224951758,0.00039708879721784846
2010-03-30,-0.003999349755730778,-0.0010506869043805248,-0.002525018330055651
2010-03-31,0.00028603549401188676,0.008442483639169503,0.004364259566590695
2010-04-01,-0.001832951194965687,0.0028438463110025264,0.0005054475580184197
2010-04-02,0.004237507560955999,-0.0019230776055708101,0.0011572149776925946
2010-04-05,0.0007390055267133722,0.0047323091060007035,0.0027356573163570376
2010-04-06,0.0013783965929955034,-0.001112232054989803,0.00013308226900285024
2010-04-07,-0.002286302541792377,-0.005095076784111563,-0.00369068966295197
2010-04-08,0.004681676585592208,0.004266782396265541,0.0044742294909288745
2010-04-09,0.0019175832137318207,0.007911357059229603,0.004914470136480712
2010-04-12,-0.0015209269585216955,0.000719358473449681,-0.0004007842425360073
2010-04-13,-0.005129934606590161,-0.004182126469947287,-0.004656030538268724
2010-04-14,0.005798286770660662,0.009609678689253852,0.007703982729957257
2010-04-15,0.0012168403156316897,0.0023301231904443998,0.0017734817530380446
2010-04-16,-0.004928098210533311,-0.008042869662909756,-0.006485483936721534
2010-04-19,0.007361709299681071,0.0008337654996521291,0.0040977373996666
2010-04-20,-0.0017110457710932108,-0.0028505325643352676,-0.0022807891677142393
2010-04-21,-0.00292076177459488,0.004503882897594766,0.0007915605614999429
2010-04-22,0.004099311164464438,-0.0051919937095953606,-0.0005463412725654612
2010-04-23,0.004246837705934106,0.006326185148789158,0.005286511427361632
2010-04-26,-0.0016121999817314638,0.0030357408343498547,0.0007117704263091954
2010-04-27,0.003366716450458467,-0.006099406756027968,-0.0013663451527847503
2010-04-28,0.0065228817826316985,-0.008612510412118392,-0.0010448143147433466
2010-04-29,0.0010930874599473536,0.008293971368391516,0.004693529414169435
2010-04-30,-0.008146414678272065,-0.003140377845822104,-0.005643396262047084
2010-05-03,0.010097050385569704,0.002436423949113261,0.006266737167341482
2010-05-04,-0.003764071345788195,-0.0033711116718066554,-0.0035675915087974254
2010-05-05,0.004066065358194154,0.007354819688176056,0.005710442523185105
2010-05-06,0.0006543998763966505,0.028654258898969314,0.014654329387682982
2010-05-07,-0.002629781643802364,-0.017047632994040312,-0.009838707318921338
2010-05-10,0.009314041822842522,0.004811930480852323,0.007062986151847422
2010-05-11,0.0028426404005738493,0.000520097204798596,0.0016813688026862225
2010-05-12,0.011855056530151228,0.006704509432114268,0.009279782981132748
2010-05-13,-0.0022196034494714636,0.0038635602152420753,0.0008219783828853058
2010-05-14,-0.0018012151310477292,0.009032697244266943,0.0036157410566096068
2010-05-17,0.009342785979789395,-0.007531979621793976,0.0009054031789977094
2010-05-18,-0.006453125122542118,0.009851027678803382,0.001698951278130632
2010-05-19,-0.008117393427140723,-0.009013256003767508,-0.008565324715454115
2010-05-20,-0.013331989934017071,-0.0043468132601042035,-0.008839401597060637
2010-05-21,-0.005308928910399264,0.0024093906294992,-0.0014497691404500319
2010-05-24,0.005453744553525092,0.0012508218305344655,0.0033522831920297785
2010-05-25,-3.9746488520086155e-05,0.012197292985011392,0.006078773248245653
2010-05-26,0.004018134976429375,-0.010077176215864044,-0.0030295206197173343
2010-05-27,0.00743636194616752,-0.012508098858545784,-0.0025358684561891318
2010-05-28,-0.000736443680688374,0.013263217972884954,0.00626338714609829
2010-05-31,0.00034178924572097596,0.0004992067914549301,0.00042049801858795306
2010-06-01,-0.001183048144664062,-0.00030527411463971766,-0.0007441611296518898
2010-06-02,0.007328084564095458,0.000678272676295262,0.00400317862019536
2010-06-03,0.004766207831441469,-0.008316915042088499,-0.0017753536053235148
2010-06-04,-0.012333943791799973,0.025487042145285698,0.006576549176742863
2010-06-07,0.0032703952602630847,-0.0003145644124003648,0.0014779154239313599
2010-06-08,4.2851249701240045e-05,0.005791092379945392,0.002916971814823316
2010-06-09,-0.0033415251995002173,-0.005888756007262034,-0.004615140603381126
2010-06-10,0.005378259468355756,-0.014275858084323783,-0.004448799307984013
2010-06-11,-7.021566424593407e-05,0.009435686034692699,0.004682735185223382
2010-06-14,-0.0007226105410348702,-0.011641278641035455,-0.006181944591035163
2010-06-15,0.005508658490028123,0.00128639056799839,0.0033975245290132562
2010-06-16,-0.0008980295949782781,-0.0013611342866108628,-0.0011295819407945704
2010-06-17,-0.005061681210313732,0.005533363175358472,0.00023584098252237007
2010-06-18,0.004507321928837947,-0.0029562363149949534,0.000775542806921497
2010-06-21,0.00017428611153955857,-0.0014058581254675047,-0.0006157860069639731
2010-06-22,-0.009133665816476394,0.00586733639282754,-0.001633164711824427
2010-06-23,-0.012002427180570594,0.0031385612289148265,-0.004431932975827884
2010-06-24,-0.0015735845406556997,0.0017620287625025376,9.422211092341892e-05
2010-06-25,0.001157312593002782,0.007633547886198192,0.0043954302396004875
2010-06-28,-0.00775610766376413,0.004833449542998094,-0.0014613290603830184
2010-06-29,-0.012880008217753617,-0.0006743492411006253,-0.006777178729427121
2010-06-30,-0.003282122402271151,-0.014177023573448765,-0.008729572987859958
2010-07-01,-0.020075515082113336,-0.018089789883137874,-0.019082652482625605
2010-07-02,0.0018376734144993551,-0.005357359531767706,-0.0017598430586341755
2010-07-05,-0.00022627047477269386,-0.0002483100965791278,-0.00023729028567591082
2010-07-06,-0.006007140735835498,0.0060746929711608215,3.377611766266185e-05
2010-07-07,0.009757804431413546,-0.004405210333224934,0.0026762970490943057
2010-07-08,0.007835529329174721,-0.000805902673796609,0.003514813327689056
2010-07-09,0.009230155069181716,0.0033175046232039635,0.00627382984619284
2010-07-12,-0.0034699173839840623,-0.0005960911642202308,-0.0020330042741021465
2010-07-13,0.011338944711463503,-0.004496109677519361,0.003421417516972071
2010-07-14,-0.012262329109216381,0.006907711981219543,-0.0026773085639984194
2010-07-15,-0.01648511581666653,0.0027137623724209003,-0.006885676722122815
2010-07-16,-0.018477019032611248,-0.0011398938836921666,-0.009808456458151708
2010-07-19,0.005747110712704623,-0.004182261824757788,0.0007824244439734178
2010-07-20,0.009745637687684421,0.005753864021959679,0.00774975085482205
2010-07-21,-0.008859926805866657,0.005935079140181752,-0.0014624238328424526
2010-07-22,0.012177240408593535,-0.004576439272024514,0.0038004005682845104
2010-07-23,0.008957322555058319,-0.004914376086145602,0.0020214732344563586
2010-07-26,0.0016733469370808695,0.003372212435773214,0.0025227796864270417
2010-07-27,0.001646727453221059,-0.01014338527564954,-0.00424832891121424
2010-07-28,-0.014446189341026908,0.0021868614457580733,-0.006129663947634418
2010-07-29,-0.004200880837979704,0.0014934007622168012,-0.0013537400378814512
2010-07-30,-0.015380490593343748,0.012947869138317964,-0.001216310727512892
2010-08-02,0.011313470925281175,-0.003422669994571292,0.003945400465354942
2010-08-03,-0.005872526612098094,0.003595203658461025,-0.0011386614768185345
2010-08-04,0.0003708214476067458,0.003305329164682201,0.0018380753061444735
2010-08-05,-0.013342406374973572,0.006465420949610027,-0.0034384927126817726
2010-08-06,-0.0026412570686477855,0.0001976883179663119,-0.0012217843753407369
2010-08-09,0.00661235630775346,-0.0004390636861440551,0.0030866463108047025
2010-08-10,-0.006558588133995555,-0.0027615385806262125,-0.004660063357310884
2010-08-11,-0.019657134240673634,0.00615835812855112,-0.006749388056061257
2010-08-12,-0.00027437822573591535,0.0046855904048272315,0.002205606089545658
2010-08-13,-0.005265074367584471,0.0028908706924804122,-0.0011871018375520296
2010-08-16,-0.0034473991195637975,0.005659807534645673,0.001106204207540938
2010-08-17,0.009350967949140187,-0.0007079261142131273,0.004321520917463529
2010-08-18,-0.0015489205244317286,0.0007935331025861694,-0.0003776937109227796
2010-08-19,-0.008185703634184308,0.0017244424330100183,-0.003230630600587145
2010-08-20,-0.0003315375757419656,-0.000447908032216471,-0.0003897228039792183
2010-08-23,-0.006410189127371323,0.0021891987520482894,-0.002110495187661517
2010-08-24,-0.013749536977878325,0.0030463031062831535,-0.005351616935797585
2010-08-25,0.012268990625124031,-0.005536972179202328,0.0033660092229608517
2010-08-26,-0.007882947389956693,0.003290599149711326,-0.0022961741201226833
2010-08-27,0.020312057046165944,-0.006721383509537038,0.006795336768314453
2010-08-30,-0.01618022366297243,0.010471792165259517,-0.002854215748856457
2010-08-31,-0.005142264270276389,0.004977000479061448,-8.263189560747024e-05
2010-09-01,0.01706104078440557,-0.0019445740582445155,0.007558233363080528
2010-09-02,0.0035738364975600773,0.002100659350046105,0.002837247923803091
2010-09-03,-0.0018755160736017135,0.0032991016029069935,0.00071179276465264
2010-09-06,0.00018277007250578202,0.00016306573753971642,0.0001729179050227492
2010-09-07,-0.011950188898126527,0.010525471930954775,-0.0007123584835858759
2010-09-08,0.007775797181393523,-0.00481156342397074,0.0014821168787113913
2010-09-09,0.0010745059235427851,-0.007352004315416515,-0.0031387491959368645
2010-09-10,0.0006831462281241694,-0.002661277366873355,-0.000989065569374593
2010-09-13,0.0003339312033116509,0.008985269801727204,0.004659600502519428
2010-09-14,-0.0003410429535611319,0.006891063257853531,0.0032750101521462
2010-09-15,0.016485050372071295,-0.007302614702406348,0.004591217834832474
2010-09-16,0.006214841588609943,-0.0035469457513829347,0.0013339479186135043
2010-09-17,-0.010157450194982497,0.009624202498122037,-0.00026662384843023027
2010-09-20,0.0015163619738003387,0.007913741468560026,0.004715051721180182
2010-09-21,-0.008802498068933998,0.0011950454612518404,-0.003803726303841079
2010-09-22,0.004735853357287394,0.0035188482632423014,0.0041273508102648475
2010-09-23,0.0027024354463128747,-9.456356605177974e-05,0.0013039359401305474
2010-09-24,0.0018353477743177338,0.003923157478437563,0.002879252626377648
2010-09-27,-0.00491336844667488,0.00141731282126825,-0.0017480278127033149
2010-09-28,-0.0013408267532881957,0.0012953957082166324,-2.2715522535781654e-05
2010-09-29,0.012107964248293565,0.001148543397470036,0.006628253822881801
2010-09-30,0.00046008740554586694,-0.001925675424529535,-0.000732794009491834
2010-10-01,0.021192574106929752,-0.007254043135569871,0.00696926548567994
2010-10-04,-0.007652052797111215,0.0014383717508337063,-0.003106840523138754
2010-10-05,0.00853550555257092,0.011305105874940843,0.009920305713755882
2010-10-06,-0.0008942664445571456,0.0034572128891123947,0.0012814732222776247
2010-10-07,-0.011417237106932536,0.0027742235635162117,-0.004321506771708162
2010-10-08,-0.004984045981066893,0.01359946421669108,0.004307709117812093
2010-10-11,-0.0015740968063476914,0.004966873415642095,0.0016963883046472016
2010-10-12,-0.0020736983685806865,0.0010249344007840055,-0.0005243819838983405
2010-10-13,0.009742983296934887,0.0018385859017424414,0.005790784599338664
2010-10-14,0.004392362534186224,-0.004158533142930869,0.0001169146956276775
2010-10-15,0.0025884354470222764,0.001960417742365324,0.0022744265946938002
2010-10-18,-0.0019031171643490465,0.0032358292318864354,0.0006663560337686944
2010-10-19,-0.016580757684729157,-0.00048452151155672034,-0.008532639598142938
2010-10-20,0.0020699255010586904,0.0019623087355492945,0.0020161171183039925
2010-10-21,0.0009908523326636481,-0.003418163967274848,-0.0012136558173056
2010-10-22,0.0047881830255549155,-9.201161247876387e-05,0.0023480857065380756
2010-10-25,-0.001480503060677845,0.004340972654628925,0.00143023479697554
2010-10-26,0.006520352779319816,-0.005269511569496936,0.0006254206049114402
2010-10-27,-0.003757550254698698,-0.0039581409072885765,-0.0038578455809936373
2010-10-28,-0.0030945337254176513,0.006294654992377996,0.0016000606334801723
2010-10-29,-0.006181039644502013,0.004865054728371368,-0.0006579924580653223
2010-11-01,0.003876648993164297,-0.0007624596634340378,0.0015570946648651295
2010-11-02,0.004319784734686233,0.0036309034041397924,0.003975344069413012
2010-11-03,0.0003824323050580712,-0.004083347545644416,-0.0018504576202931725
2010-11-04,0.0019078048653602248,0.015099802900395304,0.008503803882877765
2010-11-05,0.005452628024864541,0.0002116632060480943,0.0028321456154563177
2010-11-08,0.002018250463450033,-0.000904789846725785,0.0005567303083621241
2010-11-09,0.0053853196748039995,-0.004427572428334201,0.00047887362323489934
2010-11-10,-0.00146173605271882,-0.002123522588439708,-0.001792629320579264
2010-11-11,0.004266798956515965,-0.0021273650653472836,0.0010697169455843407
2010-11-12,0.008563278614488044,-0.026631752831065995,-0.009034237108288976
2010-11-15,0.0036805093033177813,-0.003863162979121591,-9.132683790190484e-05
2010-11-16,-0.003930492567513691,-0.010925442805368982,-0.007427967686441337
2010-11-17,-0.0007944557803989541,0.0016981423121862679,0.00045184326589365687
2010-11-18,0.007440487047635447,0.0029180140895621164,0.005179250568598782
2010-11-19,0.002258286966418815,-0.0016550845649768368,0.0003016012007209892
2010-11-22,-0.004638562547986969,0.006227298979945426,0.0007943682159792286
2010-11-23,-0.008114769844985303,0.006146447543087871,-0.000984161150948716
2010-11-24,0.014193510729291885,-0.005883688407110043,0.004154911161090921
2010-11-25,0.0002906031949523227,0.0004919293919933156,0.00039126629347281916
2010-11-26,-0.005956845955402906,0.0008559245500222283,-0.0025504607026903387
2010-11-29,-0.002099494690412608,0.0033402694291063185,0.0006203873693468552
2010-11-30,-0.002385285088292396,0.008184427621939409,0.0028995712668235065
2010-12-01,0.012762703617304876,0.0008639407798575489,0.006813322198581212
2010-12-02,0.007730654697741875,0.0009671990912658738,0.004348926894503874
2010-12-03,-0.0015399271338007977,0.0060730584598940795,0.002266565663046641
2010-12-06,-0.0044354952247434385,0.00907990239262947,0.0023222035839430156
2010-12-07,0.013179143366326786,-0.01893454198039562,-0.002877699307034418
2010-12-08,-0.0006887189774197489,-0.006944006736758305,-0.003816362857089027
2010-12-09,0.00027881993167421155,0.0019047049187051863,0.001091762425189699
2010-12-10,0.0017799094199258442,-0.0037536204460975092,-0.0009868555130858325
2010-12-13,8.24888574131835e-06,0.010717489873711452,0.005362869379726385
2010-12-14,0.00996386188279972,-0.01082274425647109,-0.00042944118683568497
2010-12-15,0.002237408034818566,-0.004173207339851081,-0.0009678996525162575
2010-12-16,-0.004031677933972441,0.0017721835557528041,-0.0011297471891098185
2010-12-17,-0.0005116738935676962,0.015043465838444623,0.007265895972438464
2010-12-20,0.0019203188742937716,0.005934710705597967,0.003927514789945869
2010-12-21,0.0021375504387001762,0.006545817228340542,0.004341683833520359
2010-12-22,-0.002255694567600778,0.0030155022557733415,0.0003799038440862818
2010-12-23,-0.00315290872519217,-0.0032650770784350023,-0.0032089929018135864
2010-12-27,0.00046565588064860237,0.0030272117902881107,0.0017464338354683565
2010-12-28,0.0021212064973335745,-0.0007540650306738812,0.0006835707333298466
2010-12-29,-0.002058106878739645,0.010672715900372977,0.004307304510816666
2010-12-30,0.0032645527907767587,-0.0018966421460047357,0.0006839553223860115
2010-12-31,-0.0006825284349310195,0.006280232646757302,0.002798852105913141
2011-01-03,0.0012212039919441268,0.002691283638442912,0.0019562438151935193
2011-01-04,-0.005925105926206901,-0.014096162297500188,-0.010010634111853545
2011-01-05,-0.003289309048558822,0.0008612192841473168,-0.0012140448822057527
2011-01-06,0.002896999357932221,0.0007601300748700725,0.0018285647164011467
2011-01-07,0.0007972557584388315,0.0018194386572736427,0.001308347207856237
2011-01-10,-0.00039709714674542875,0.005761028429495123,0.002681965641374847
2011-01-11,0.0037400993791386165,0.00039294172539385957,0.002066520552266238
2011-01-12,-0.006980447140140014,0.008010576780940675,0.0005150648204003305
2011-01-13,-0.008561093366267253,0.001459488003653983,-0.003550802681306635
2011-01-14,-0.0015282733353045729,-0.0015499470673314907,-0.001539110201318032
2011-01-17,0.0004578153289884511,-0.0033566083679690078,-0.0014493965194902784
2011-01-18,-0.005292432761312768,0.006858209462208295,0.0007828883504477635
2011-01-19,0.0021058104727036406,-0.00561556613917444,-0.0017548778332353997
2011-01-20,-0.00634738419155249,-0.015615305179047214,-0.010981344685299852
2011-01-21,-0.006713991753784546,0.004692175033432911,-0.0010109083601758176
2011-01-24,-0.002884981741086503,0.0039494830043088,0.0005322506316111485
2011-01-25,-0.00442163987703642,0.0006104613459498206,-0.0019055892655432997
2011-01-26,-0.0042650835157320875,0.0025383189200662735,-0.000863382297832907
2011-01-27,0.0004037006307261882,0.0024572361173038158,0.001430468374015002
2011-01-28,0.015238187649709797,0.0016098320474531998,0.008424009848581498
2011-01-31,-0.006671306051705362,0.008690537814011483,0.0010096158811530604
2011-02-01,-0.0017234166961040815,0.007041074624772582,0.0026588289643342503
2011-02-02,-0.00542752884061851,-0.0011515320947991844,-0.003289530467708847
2011-02-03,0.005780221550457056,-0.0020080123615755473,0.0018861045944407544
2011-02-04,-0.0008400443208245725,-0.006991025162340657,-0.003915534741582615
2011-02-07,-0.004025166380636902,0.0020839896381749123,-0.000970588371230995
2011-02-08,0.00024765902510765435,-0.001937232871151102,-0.0008447869230217239
2011-02-09,-0.005509060686843424,0.008369500214944047,0.0014302197640503117
2011-02-10,0.004992556973912137,-0.009882330278658494,-0.0024448866523731783
2011-02-11,-0.0032975794833942063,0.0035934100363801623,0.00014791527649297802
2011-02-14,0.004429341643448337,0.0036024608590253136,0.004015901251236825
2011-02-15,0.0007232800436728771,-0.010822211735941925,-0.005049465846134524
2011-02-16,-0.004395181544678247,-0.0015036730562497582,-0.0029494273004640023
2011-02-17,-0.0036310633894026762,0.015261111758886418,0.005815024184741871
2011-02-18,-0.0009120810079527792,-0.0010104616232601948,-0.000961271315606487
2011-02-21,0.003103235733415845,-0.0036919889925165848,-0.0002943766295503698
2011-02-22,0.011893312884622156,-0.008563267413742673,0.0016650227354397416
2011-02-23,-0.0013440800787510737,0.0017251960681006447,0.00019055799467478552
2011-02-24,0.0029796834004856866,0.00039453979367573365,0.0016871115970807102
2011-02-25,-0.0020080863266286266,0.014021368968001314,0.006006641320686344
2011-02-28,-0.0053424111204796705,0.006847855543669358,0.0007527222115948436
2011-03-01,0.011382549257009244,1.531908388912793e-05,0.005698934170449186
2011-03-02,-0.0005822382023095906,-0.0004732347643804712,-0.0005277364833450309
2011-03-03,-0.009530027315517208,-0.0083379058027498,-0.008933966559133505
2011-03-04,0.0029077912075790024,0.009095493471595613,0.006001642339587308
2011-03-07,-0.0007261714325222203,-0.007921660738993386,-0.004323916085757803
2011-03-08,0.0009192748290938605,-0.005380740949191574,-0.0022307330600488564
2011-03-09,-0.005003967377763304,-0.00017420209883648702,-0.0025890847382998954
2011-03-10,0.009452607109627337,-0.011389475506590191,-0.0009684341984814273
2011-03-11,-0.0017379170702438978,0.0017483331477278889,5.208038741995541e-06
2011-03-14,-0.0008643580912944702,0.0059049146923423786,0.002520278300523954
2011-03-15,-0.0011346880257384804,-0.025126835785803284,-0.013130761905770881
2011-03-16,0.009310930944102454,0.006261286992211001,0.007786108968156728
2011-03-17,-0.003879176960555868,0.021698850517860538,0.008909836778652334
2011-03-18,-0.0008440624937093308,0.001866587962063499,0.0005112627341770841
2011-03-21,-0.006302185522523733,0.004338672329980146,-0.0009817565962717935
2011-03-22,-0.0006342739154061118,-0.0002563396930452255,-0.0004453068042256686
2011-03-23,0.01004116934005032,2.2311221595079563e-05,0.0050317402808227
2011-03-24,-0.002584966971321576,0.00013632712956186853,-0.0012243199208798537
2011-03-25,0.005968515736287737,-0.010384189699141755,-0.002207836981427009
2011-03-28,-0.0002503723733188663,-0.008174309832560662,-0.004212341102939764
2011-03-29,5.68230476948793e-06,-0.0009704724136498098,-0.000482395054440161
2011-03-30,-0.0025156005772409566,0.004404211902301834,0.0009443056625304386
2011-03-31,-0.00021279163262263325,0.01127835699068228,0.005532782679029824
2011-04-01,-0.003787572311239276,-0.001773299391956165,-0.0027804358515977207
2011-04-04,-0.002804240294391826,0.006240169631026033,0.0017179646683171035
2011-04-05,0.0044115173900515815,-0.0038636230741586207,0.0002739471579464804
2011-04-06,0.003977411725038818,6.768332557104337e-05,0.0020225475253049306
2011-04-07,-9.882880917132945e-05,0.0024203942019707693,0.00116078269639972
2011-04-08,0.005305589068523158,0.008606920360310535,0.006956254714416847
2011-04-11,-0.0009421964005043712,-0.0014597257002843058,-0.0012009610503943384
2011-04-12,-0.013197533991777484,-0.007257121812408247,-0.010227327902092865
2011-04-13,-0.003383357031726184,0.0038338769674463495,0.00022525996786008267
2011-04-14,0.0009827491201905613,0.0015361024906998223,0.0012594258054451917
2011-04-15,-0.00443325724000556,0.010112084910903556,0.002839413835448998
2011-04-18,-0.003087847378933194,-0.0009051570799472728,-0.0019965022294402336
2011-04-19,-0.0026151941369935328,0.009529334728505885,0.003457070295756176
2011-04-20,0.005072250082609006,0.008812744472965199,0.006942497277787103
2011-04-21,-0.0013320998591211184,0.011136105307184842,0.004902002724031862
2011-04-25,-0.00496338752376945,0.0051285351792277585,8.257382772915416e-05
2011-04-26,-0.0035213398787877635,0.0043138816664886935,0.000396270893850465
2011-04-27,0.000912609480078278,-0.001239598045606506,-0.00016349428276411397
2011-04-28,-0.002042365805549894,0.004400667022821829,0.0011791506086359675
2011-04-29,-0.0002659742853428655,0.012029849473047314,0.005881937593852224
2011-05-02,0.0007274366934641734,-0.0006182216176333328,5.46075379154203e-05
2011-05-03,-0.0017064365026234745,-0.005007349937510916,-0.003356893220067195
2011-05-04,-0.007139532256984681,-0.005052677588575238,-0.00609610492277996
2011-05-05,-0.011108825651377725,-0.016866280405510685,-0.013987553028444205
2011-05-06,-0.0007768651587080514,-0.002934432504205767,-0.001855648831456909
2011-05-09,-0.0005935891170012538,0.010738532150540728,0.005072471516769737
2011-05-10,0.0035678802533043365,-0.0009896140817238768,0.00128913308579023
2011-05-11,-0.0025149720118924795,-0.00891636839387588,-0.00571567020288418
2011-05-12,0.002696942143910733,-0.00012541983146865742,0.001285761156221038
2011-05-13,0.0015790376493412424,-0.004036380712786987,-0.0012286715317228725
2011-05-16,-0.001804957553055039,0.0011550749355898574,-0.00032494130873259085
2011-05-17,-0.004912135779926509,0.0032825031612827445,-0.0008148163093218825
2011-05-18,0.0017295265224909241,0.005071676848684716,0.00340060168558782
2011-05-19,-0.0031951927203607237,0.001304310347940282,-0.0009454411862102208
2011-05-20,0.0025839583939728443,0.0017376034650542058,0.002160780929513525
2011-05-23,0.002192308671848893,-0.007608984959293985,-0.002708338143722546
2011-05-24,0.0037679648793669737,0.0017776003130246432,0.0027727825961958085
2011-05-25,-0.0025026337477278547,0.005261073730324388,0.0013792199912982669
2011-05-26,-0.005151897543255561,0.01287597521744007,0.003862038837092255
2011-05-27,0.00020316387819104454,0.006664973509282372,0.003434068693736708
2011-05-30,-7.287941557114854e-05,6.367164853545729e-05,-4.6038835178456255e-06
2011-05-31,-1.9542329932165027e-05,0.0026147073232675633,0.0012975824966676992
2011-06-01,0.006117574232663817,-1.0234563834853133e-05,0.0030536698344144817
2011-06-02,-0.0016586312362498498,-0.0014166597776855564,-0.001537645506967703
2011-06-03,0.0035598653230166878,0.005193824370962456,0.004376844846989572
2011-06-06,0.004962487438291817,-0.006088846889587767,-0.0005631797256479753
2011-06-07,-0.002409172006096862,0.003691829009107898,0.0006413285015055179
2011-06-08,-0.002730710132404792,0.0035797631470389692,0.00042452650731708867
2011-06-09,0.000973287634436463,-0.00455392065019962,-0.0017903165078815785
2011-06-10,-0.0015718232993298794,-0.006176437946913297,-0.003874130623121588
2011-06-13,-0.0021933138376527533,-0.003061159196877129,-0.002627236517264941
2011-06-14,0.008567057650231661,-0.005509200549859414,0.0015289285501861238
2011-06-15,-0.004177849377573295,-0.003483112832352051,-0.003830481104962673
2011-06-16,0.0035146790170362896,-0.0010846969040862367,0.0012149910564750264
2011-06-17,0.0004978716055895806,0.0013427313586000542,0.0009203014820948174
2011-06-20,0.00013951146835693476,-0.0004351904959310828,-0.000147839513787074
2011-06-21,-0.0018786603156460673,0.008251461093943337,0.003186400389148635
2011-06-22,0.00926913593472653,-0.008667216443452863,0.0003009597456368335
2011-06-23,-0.012527790751351344,-0.004843698417335468,-0.008685744584343406
2011-06-24,-0.0009169283928674405,-0.0026866542611345043,-0.0018017913270009724
2011-06-27,0.0020669663023668307,-0.004962241448953253,-0.0014476375732932112
2011-06-28,0.003970716035750847,-0.001590918463569677,0.001189898786090585
2011-06-29,0.003371210789250937,0.005443168065366988,0.004407189427308962
2011-06-30,0.013168252925555665,-0.007665995862345957,0.002751128531604854
2011-07-01,-0.0015217895176161604,-0.0029031149254498275,-0.002212452221532994
2011-07-04,-0.0003836793018436147,0.00033142217271291434,-2.612856456535019e-05
2011-07-05,-0.004754744516903876,0.011884439463675508,0.003564847473385816
2011-07-06,0.000861830155154929,0.001347777372250396,0.0011048037637026624
2011-07-07,0.0034304855082477955,0.0021987594753587214,0.0028146224918032584
2011-07-08,-0.01219777427400399,0.014456102387558943,0.001129164056777477
2011-07-11,0.0011501817302323964,-0.002704162197454645,-0.0007769902336111243
2011-07-12,0.004844126575171029,0.009525369852150814,0.007184748213660922
2011-07-13,0.0002618621850549287,0.016229619329075518,0.008245740757065223
2011-07-14,0.0010358213603959953,-0.005955335854954768,-0.0024597572472793866
2011-07-15,-0.0016912252626486261,0.006102069703527354,0.002205422220439364
2011-07-18,0.00297726391943725,-0.005102605184884949,-0.0010626706327238496
2011-07-19,-0.006063741082105776,0.009431308578252364,0.0016837837480732937
2011-07-20,0.005421159327651177,-0.0004997313660327753,0.002460713980809201
2011-07-21,0.0037308845836917224,0.0009093549863374296,0.002320119785014576
2011-07-22,-0.00329498074987444,0.005596500804989754,0.0011507600275576567
2011-07-25,0.0039202942211391,-0.004651155455519118,-0.0003654306171900091
2011-07-26,-0.00016051539529054722,0.011890506065510707,0.00586499533511008
2011-07-27,0.0026242033087511872,-0.013689560441811495,-0.005532678566530154
2011-07-28,-0.0022770911498077072,0.0021297527467719164,-7.366920151789542e-05
2011-07-29,-0.004998796558805161,0.012241740755718154,0.0036214720984564966
2011-08-01,-0.004067340312451548,-0.0025230091986443736,-0.0032951747555479607
2011-08-02,-0.002292141717040612,0.0023202039238611363,1.4031103410262194e-05
2011-08-03,-0.0003213756850658281,0.004179631585123428,0.0019291279500287997
2011-08-04,-0.018111145340316187,-0.021089205438557537,-0.019600175389436862
2011-08-05,0.009692787758933365,-0.005888267023080035,0.001902260367926665
2011-08-08,0.0002803533430776127,-0.004774814408429259,-0.002247230532675823
2011-08-09,-0.012866950678069613,0.020646288718967842,0.0038896690204491147
2011-08-10,0.008131897329271906,-0.005618969985939765,0.0012564636716660702
2011-08-11,0.004961896447912481,0.005348231745953623,0.005155064096933052
2011-08-12,-0.005564916038235575,0.005423779972117149,-7.056803305921294e-05
2011-08-15,0.006299244629820099,0.007411082692224844,0.006855163661022471
2011-08-16,-0.006453187526269413,0.002361439081179412,-0.0020458742225450003
2011-08-17,0.00012527281529426944,0.006716208250090866,0.003420740532692568
2011-08-18,-0.007277205026830144,-0.009875215047827629,-0.008576210037328887
2011-08-19,-0.0018169044913152036,0.0011807249046873942,-0.0003180897933139047
2011-08-22,0.0016258587283470487,0.0010340903610796298,0.0013299745447133394
2011-08-23,0.004454078062347065,0.0042869248988881906,0.004370501480617628
2011-08-24,0.0073751573059790635,-0.012921669897954194,-0.002773256295987565
2011-08-25,-0.007190408836315942,0.0013880012574965497,-0.0029012037894096962
2011-08-26,0.0010874562957843006,0.012958557990629704,0.007023007143207002
2011-08-29,0.006822100719281133,0.0024031684988088022,0.004612634609044968
2011-08-30,-0.002848272447327066,0.00601495316332698,0.0015833403579999573
2011-08-31,0.0047142691775541624,-0.002097973500612668,0.0013081478384707472
2011-09-01,-0.002484510531250515,-0.003561610487261088,-0.0030230605092558017
2011-09-02,-0.00905319826358854,0.0016162004323884752,-0.003718498915600032
2011-09-05,-0.0012057521146879447,-0.0016334843336641364,-0.0014196182241760407
2011-09-06,-0.001154811521239348,-0.008107498124196953,-0.004631154822718151
2011-09-07,0.006444615788354211,0.003708169848031193,0.005076392818192702
2011-09-08,-0.0021619506255035467,3.5506807069600117e-06,-0.0010791999723982933
2011-09-09,-0.006568167361386569,-0.0036717875860208726,-0.005119977473703721
2011-09-12,0.003212346319170996,-0.0065167414567806,-0.0016521975688048019
2011-09-13,0.009036922577244328,0.002208302601750679,0.005622612589497504
2011-09-14,0.0010440680343225721,-0.0006275150268211207,0.00020827650375072573
2011-09-15,0.005687363496984514,-0.0035281227793352724,0.001079620358824621
2011-09-16,-0.0007731434460676462,0.0004139617635802042,-0.00017959084124372098
2011-09-19,-0.009383046916029857,0.0014883791335935676,-0.003947333891218144
2011-09-20,0.003291054688481865,-0.0010223410454773122,0.0011343568215022764
2011-09-21,-0.0023459736198371303,-0.00357294292929236,-0.002959458274564745
2011-09-22,-0.008600332770174694,0.009474794741029054,0.0004372309854271802
2011-09-23,0.0026953147540372626,-0.008018321239864469,-0.0026615032429136033
2011-09-26,0.005123495408009282,-0.006610058376704067,-0.0007432814843473922
2011-09-27,0.008775950448835064,-0.009712635083561556,-0.000468342317363246
2011-09-28,-0.0012908818493464608,0.0007412314800614926,-0.0002748251846424841
2011-09-29,-0.002497677228891093,-0.0006455060604692313,-0.0015715916446801621
2011-09-30,-0.0011389681563251548,-0.0015081918393895772,-0.001323579997857366
2011-10-03,-0.007460244880228229,0.009982380278215193,0.0012610676989934818
2011-10-04,2.6419843002870058e-05,-0.002567264033691379,-0.0012704220953442546
2011-10-05,0.007308817558517714,-0.0056342655866049585,0.0008372759859563779
2011-10-06,0.0069242383467623,-0.005075604257868018,0.0009243170444471413
2011-10-07,0.003992971472633825,-0.006508443207403762,-0.0012577358673849684
2011-10-10,0.010239066064657751,-0.009131138577687617,0.0005539637434850671
2011-10-11,-0.005646457401088183,0.0069910666386557435,0.0006723046187837802
2011-10-12,-1.4600550171076966e-05,-0.0033203600125007136,-0.0016674802813358954
2011-10-13,-0.002972762965043184,0.006033605563420122,0.001530421299188469
2011-10-14,0.0009641397798669415,-0.0001589837004550274,0.00040257803970595706
2011-10-17,-0.0018883575348058036,0.0017462554696596336,-7.1051032573085e-05
2011-10-18,0.00015308753583452225,0.001996927810234064,0.0010750076730342932
2011-10-19,-0.0021894445060445457,-0.0011465073621415396,-0.0016679759340930426
2011-10-20,-0.0018974724638323624,-0.0003785085011894603,-0.0011379904825109114
2011-10-21,0.004237507486258323,-0.00015836727284611785,0.002039570106706103
2011-10-24,0.0036633564041867587,-0.003123035982151726,0.00027016021101751637
2011-10-25,-0.00500652991246342,0.004979130678631306,-1.369961691605713e-05
2011-10-26,0.0054958711765018126,-0.003069405893395646,0.0012132326415530833
2011-10-27,0.010014781536126975,-0.011275066208851305,-0.0006301423363621649
2011-10-28,-0.004634531787872656,0.0045663833463240365,-3.407422077430968e-05
2011-10-31,-0.013646298658323647,-0.0041673472967639685,-0.008906822977543808
2011-11-01,-0.008015397381284421,0.008233479802268786,0.00010904121049218254
2011-11-02,0.0007897777620067937,0.0010843519897900278,0.0009370648758984107
2011-11-03,0.00383639928075697,-0.0020820295777918417,0.0008771848514825642
2011-11-04,-0.0018036866810841583,0.0009063545718504219,-0.00044866605461686823
2011-11-07,0.0012991696783779519,0.0008989859886987399,0.001099077833538346
2011-11-08,0.0035864507879366787,0.0009423059325587909,0.002264378360247735
2011-11-09,-0.004714243335322132,-0.005952311998078401,-0.005333277666700267
2011-11-10,0.0029367154062700557,-0.0028155647227369063,6.057534176657467e-05
2011-11-11,0.006205484337888941,-0.003149816837416851,0.0015278337502360449
2011-11-14,-0.0038913411237536787,0.0027019662678629754,-0.0005946874279453517
2011-11-15,0.0014729459236763917,0.00024833300581818604,0.0008606394647472889
2011-11-16,5.6757823493006396e-05,-0.0003063781290227298,-0.00012481015276486168
2011-11-17,-0.003409201095021344,-0.0035685872368439544,-0.003488894165932649
2011-11-18,0.002573277527690496,-0.003056317055441938,-0.00024151976387572108
2011-11-21,-0.00402919307647272,-0.0030969268559485454,-0.0035630599662106327
2011-11-22,-0.0011441349518030199,0.0029718381393352925,0.0009138515937661363
2011-11-23,-0.0028396683759305315,0.0015834290116322318,-0.0006281196821491499
2011-11-24,-6.005208839638499e-05,7.430855856435927e-05,7.128235083987138e-06
2011-11-25,0.0021903270475002027,-0.0008427868832130555,0.0006737700821435736
2011-11-28,-7.89254125658935e-05,-0.004196205656791733,-0.002137565534678813
2011-11-29,0.0015993397069419765,-0.004135487238877283,-0.0012680737659676532
2011-11-30,0.005315348176238343,-0.007696925126275271,-0.0011907884750184641
2011-12-01,0.0010698010604805813,-0.0018827097958832252,-0.00040645436770132197
2011-12-02,-0.003064536009896012,0.0021508517175220098,-0.00045684214618700114
2011-12-05,0.0016465954820561724,-0.0002605706318913429,0.0006930124250824147
2011-12-06,0.00041438853600964863,-0.0001713118204970307,0.00012153835775630897
2011-12-07,-0.003163974509585846,0.00522822472575969,0.001032125108086922
2011-12-08,-0.004957272870443525,-0.0003796058769320018,-0.0026684393736877633
2011-12-09,0.004317169613969055,-0.002054476115973421,0.0011313467489978172
2011-12-12,-0.004695089879838915,-0.0024205217863385348,-0.0035578058330887246
2011-12-13,-0.00018059332808110997,-0.0003465558743324851,-0.00026357460120679754
2011-12-14,-0.0039015949764800552,0.004472245177687071,0.00028532510060350806
2011-12-15,-0.0002555346661678853,-0.00011086543990184736,-0.00018320005303486633
2011-12-16,-0.002258377955518456,0.0012783254134907456,-0.0004900262710138551
2011-12-19,-0.0016363310205497754,0.00148225398250319,-7.703851902329275e-05
2011-12-20,0.0057718104006657485,-0.006758075666129819,-0.0004931326327320355
2011-12-21,0.0017044622023427588,-0.0030679420685422354,-0.0006817399330997383
2011-12-22,0.0008787183625401564,-0.0024924423858428057,-0.0008068620116513246
2011-12-23,0.004285439988042846,-0.0051355130479546355,-0.00042503652995589487
2011-12-27,-0.00030117730241524223,-0.0008320683321926659,-0.000566622817303954
2011-12-28,-0.006159710152620561,0.004562192326539153,-0.0007987589130407039
2011-12-29,-0.00022137216272648843,0.0005604026866233609,0.00016951526194843624
2011-12-30,-0.0003220172900853176,0.003034669546446897,0.0013563261281807897
2012-01-03,0.005890384629565854,-0.007955089447517006,-0.0010323524089755763
2012-01-04,0.0016060400501630655,0.0007942152315788422,0.0012001276408709538
2012-01-05,-0.0006992025669014455,0.0032394209428503688,0.0012701091879744617
2012-01-06,-0.00047926847355653413,0.0026981528489496936,0.0011094421876965798
2012-01-09,-0.0014623566594316793,-0.0009605244789973636,-0.0012114405692145215
2012-01-10,0.001358742158063057,-0.0012427436208869904,5.799926858803331e-05
2012-01-11,-0.0028038050529138334,0.005117212936271435,0.0011567039416788007
2012-01-12,0.001049911469750966,-0.0010272904281739147,1.1310520788525638e-05
2012-01-13,-0.0032662950958487107,0.0049827385078979455,0.0008582217060246174
2012-01-16,0.00011849506546394481,0.00011254479947964927,0.00011551993247179703
2012-01-17,0.0005867256788588092,-0.0015213686634300196,-0.0004673214922856052
2012-01-18,0.0027140210288418044,-0.0018248620804984462,0.0004445794741716791
2012-01-19,0.0013260351256066305,-0.006356193048520063,-0.0025150789614567163
2012-01-20,0.0023955963980915214,0.0002993719692020994,0.0013474841836468104
2012-01-23,0.0006728778402967496,-0.004090863361307828,-0.0017089927605055395
2012-01-24,-0.0027856825910800936,-0.0030664781625570317,-0.0029260803768185626
2012-01-25,-0.0033904027945949344,0.004012525277004847,0.00031106124120495646
2012-01-26,-0.0019989284365854645,0.0015779152089564854,-0.00021050661381448953
2012-01-27,0.0006349799379707196,0.002026694618301504,0.0013308372781361119
2012-01-30,0.00023083036250067622,0.006017690741916929,0.003124260552208803
2012-01-31,-0.00023421902224392982,-0.0007036686730214117,-0.00046894384763267074
2012-02-01,0.0012254318589957256,-0.0037449502821959905,-0.0012597592116001324
2012-02-02,-0.000309655682974289,0.00192297173265019,0.0008066580248379505
2012-02-03,0.0036155488819865733,-0.008334496457650073,-0.0023594737878317494
2012-02-06,-0.002317179186279734,0.0019319603797699205,-0.00019260940325490684
2012-02-07,0.0037582493214228015,-0.0038016249857300496,-2.1687832153624055e-05
2012-02-08,-0.0002953378474354147,-0.0003539644635755739,-0.0003246511555054943
2012-02-09,0.0015271131676558298,-0.003039530605189588,-0.0007562087187668791
2012-02-10,-0.0028098566297205317,0.007382113025145015,0.0022861281977122417
2012-02-13,0.003139825572453523,-0.005734950586527065,-0.0012975625070367708
2012-02-14,-0.0032803816496974397,0.0026769882888705732,-0.00030169668041343323
2012-02-15,-0.00026816437437301375,8.012250171481272e-05,-9.402093632910051e-05
2012-02-16,0.0036416741163062677,-0.004258651980299367,-0.0003084889319965498
2012-02-17,-0.001142354292766027,-0.0015458124965007014,-0.0013440833946333642
2012-02-20,0.00011806769534263562,0.0006288131406494653,0.0003734404179960504
2012-02-21,0.0026906055364524944,-0.003253965375305863,-0.00028167991942668427
2012-02-22,-0.0034139651754720186,0.0015868385694569366,-0.000913563303007541
2012-02-23,0.0012148909617863675,0.0009926958757616993,0.0011037934187740333
2012-02-24,-0.0007633458403804436,-0.005376534306457461,-0.003069940073418952
2012-02-27,-0.00301734154335982,0.0030042508221573634,-6.545360601228293e-06
2012-02-28,-0.0005271410307897933,-0.0006874939734213959,-0.0006073175021055945
2012-02-29,-0.0006838009103255359,-0.007007537050551769,-0.003845668980438652
2012-03-01,0.0023693884815913237,-0.00014320575979964592,0.001113091360895839
2012-03-02,-0.006052773530726023,0.003002401772406549,-0.001525185879159737
2012-03-05,0.003419438564678322,-0.0033615785968648844,2.8929983906718706e-05
2012-03-06,-0.004882824883687457,0.0030688043817739177,-0.0009070102509567699
2012-03-07,0.003106464510942968,-0.0017347952705695155,0.0006858346201867262
2012-03-08,0.0022336369986759993,-0.0004712250571607579,0.0008812059707576207
2012-03-09,0.0008301869800852275,0.00048697693108877023,0.0006585819555869988
2012-03-12,-0.00026578144886931214,0.001004309052744862,0.0003692638019377749
2012-03-13,0.003852211161252561,-0.002946366100242179,0.0004529225305051911
2012-03-14,0.008226686965802752,-0.008254939140155189,-1.4126087176218223e-05
2012-03-15,-0.0013025224142888608,-0.0020706666130364316,-0.0016865945136626463
2012-03-16,0.0018531043554262877,-0.0042049592225119935,-0.0011759274335428529
2012-03-19,0.006107848355288372,-0.0027652575455242813,0.0016712954048820456
2012-03-20,-0.0021905153014949497,0.006473342918707113,0.0021414138086060814
2012-03-21,-0.005120466237449711,0.003368369713911303,-0.0008760482617692039
2012-03-22,0.0011177730321633057,0.0010303920530733072,0.0010740825426183065
2012-03-23,-0.0022654492221414334,-0.0016106713339007921,-0.0019380602780211128
2012-03-26,-0.003941460687878932,0.0011973504990505628,-0.0013720550944141844
2012-03-27,-0.004595978500638304,0.004052235406023237,-0.0002718715473075334
2012-03-28,-0.0005530524356420617,0.005437693264828234,0.0024423204145930864
2012-03-29,0.0001429407189969576,0.008595347630540073,0.004369144174768515
2012-03-30,-0.0026779282782022767,-0.015008892087990045,-0.008843410183096161
2012-04-02,-0.0017621729938743507,-0.0007962471447642422,-0.0012792100693192964
2012-04-03,-0.0007054394739307004,-0.0036231328348434737,-0.002164286154387087
2012-04-04,1.7384208469854438e-06,0.0033346685268410047,0.0016682034738439951
2012-04-05,-0.0008929135435095393,0.004969982707045003,0.002038534581767732
2012-04-06,0.0005546962917027702,0.0048107049588437464,0.002682700625273258
2012-04-09,0.0008774032861514695,0.0013928688787433843,0.0011351360824474268
2012-04-10,0.0059612415466563625,0.006923891008022409,0.006442566277339386
2012-04-11,0.0007827707332646978,-0.0030177361456633477,-0.001117482706199325
2012-04-12,-0.001175346666316487,-0.0012189013288922074,-0.0011971239976043472
2012-04-13,-4.786026945973127e-06,0.005062588524221291,0.002528901248637659
2012-04-16,0.003147601581973908,0.002286563896618132,0.0027170827392960202
2012-04-17,-0.001350554857782968,-0.0012760755033575186,-0.0013133151805702434
2012-04-18,-5.728891229490711e-05,0.0005425457654864491,0.00024262842659577102
2012-04-19,-0.0017160654206815511,-0.0022042274118493103,-0.001960146416265431
2012-04-20,-0.000737914881354709,-0.003097616616012275,-0.001917765748683492
2012-04-23,0.0014038891973776864,0.0009300037122715032,0.0011669464548245947
2012-04-24,-0.0001378444351010737,-0.0033319183969695338,-0.0017348814160353036
2012-04-25,-0.002173028963515259,0.003027916553870969,0.000427443795177855
2012-04-26,0.0004971706134222278,0.0006933180278955269,0.0005952443206588774
2012-04-27,-0.00040183411953745817,-0.0018830120061608944,-0.0011424230628491762
2012-04-30,-0.0009180244267387286,-0.00017593917758024238,-0.0005469818021594855
2012-05-01,7.865975473488806e-05,-0.0014295989725675088,-0.0006754696089163103
2012-05-02,0.0019483890308999619,0.0036032207602091334,0.002775804895554548
2012-05-03,-0.0014792416339215926,2.337911280331213e-05,-0.0007279312605591403
2012-05-04,-9.42081436593375e-05,0.005111595448461832,0.0025086936524012474
2012-05-07,-0.0006167965671196507,-0.0010933134330041265,-0.0008550550000618886
2012-05-08,-0.001544855665920961,0.0007245060091109832,-0.00041017482840498894
2012-05-09,0.0004519448813538542,0.0029063998369490184,0.0016791723591514363
2012-05-10,-0.0014327005166146288,-0.001989364954949877,-0.0017110327357822528
2012-05-11,0.00039793252713703946,0.0015128650040233083,0.0009553987655801739
2012-05-14,0.000234556914427296,0.002478806042206339,0.0013566814783168176
2012-05-15,-0.0015009283501779174,-0.0003587784368028242,-0.0009298533934903707
2012-05-16,-0.00261848173339767,-0.0007243740482410516,-0.0016714278908193608
2012-05-17,0.0010743640581219183,0.0013285007836189911,0.0012014324208704547
2012-05-18,0.000533129312531138,-0.0012338891461976655,-0.0003503799168332637
2012-05-21,-0.0021944632690340843,-0.003536124727894295,-0.0028652939984641895
2012-05-22,0.0009868240858099868,0.0013375736573754441,0.0011621988715927155
2012-05-23,-0.0012906300005357887,0.010646541510108357,0.004677955754786284
2012-05-24,0.00014270181827682256,-0.002920854036239753,-0.0013890761089814653
2012-05-25,-0.00025044694418715704,-0.0014745533189450943,-0.0008625001315661256
2012-05-28,-0.00031711653879247704,0.0005209734914011134,0.00010192847630431816
2012-05-29,-0.0008219152522057527,0.0027598050187709377,0.0009689448832825925
2012-05-30,-0.0011103816527907777,0.007070913169880426,0.0029802657585448243
2012-05-31,-0.0001338205698044111,0.004882895144632044,0.0023745372874138166
2012-06-01,0.002202831546123297,0.004843076243419269,0.003522953894771283
2012-06-04,-0.00044012820388651246,-0.006120163542599945,-0.0032801458732432285
2012-06-05,0.00028507540385559196,0.0016265013968603612,0.0009557884003579765
2012-06-06,-0.00010698532162896303,-0.007269302508625572,-0.003688143915127268
2012-06-07,-0.002651966037916162,-0.0064513393693351375,-0.00455165270362565
2012-06-08,0.00014925704672500513,0.003997730167653442,0.0020734936071892234
2012-06-11,-0.00014139201086597048,-0.0005443342752756052,-0.00034286314307078786
2012-06-12,0.0014539745055859163,-0.002149901320402358,-0.00034796340740822084
2012-06-13,-0.0004802594588012025,0.0025288092642708673,0.0010242749027348323
2012-06-14,0.0003510623207266297,-0.0008056824087975437,-0.00022731004403545702
2012-06-15,0.0006417232368373239,0.002994213300783006,0.001817968268810165
2012-06-18,-0.0018783700542009977,-0.0032171344533091584,-0.002547752253755078
2012-06-19,-0.0020774972141445894,-0.0035908557487278232,-0.0028341764814362063
2012-06-20,-0.001482806978146522,-0.001008827139444872,-0.001245817058795697
2012-06-21,-0.0014875319873548383,0.0006738895425037319,-0.0004068212224255532
2012-06-22,0.0004053455167746814,-0.0025885958544308208,-0.0010916251688280697
2012-06-25,-0.003449731358858269,0.0009859566378451036,-0.0012318873605065828
2012-06-26,-0.00042588630509126697,-0.0012163944878099888,-0.0008211403964506279
2012-06-27,-0.0003648223034130941,0.0002329613646805407,-6.593046936627671e-05
2012-06-28,-0.0015993860561740601,0.004325857048321491,0.0013632354960737153
2012-06-29,0.002971732958221398,-0.012320623767842046,-0.004674445404810324
2012-07-02,-0.0016323703478247108,0.005210890950276159,0.001789260301225724
2012-07-03,-0.0008081937210802823,-0.0026861359464113153,-0.0017471648337457988
2012-07-04,-1.3770796650121129e-05,-2.4412675967580226e-05,-1.9091736308850677e-05
2012-07-05,-0.0032365297176302067,0.00688955594357127,0.0018265131129705317
2012-07-06,0.0007871766422871671,0.004627908011601681,0.002707542326944424
2012-07-09,-0.002202695740618323,0.0012664276305379876,-0.00046813405504016767
2012-07-10,0.0004655217526486739,0.00014704907852246065,0.00030628541558556726
2012-07-11,0.0002823626669280668,-0.0011777625095074637,-0.00044769992128969847
2012-07-12,-0.0018976638688624945,0.0018118650595231119,-4.289940466969131e-05
2012-07-13,0.0005027282157600611,-0.0026546703273588558,-0.0010759710557993974
2012-07-16,-0.0023010154163950634,0.0035798855811875856,0.0006394350823962611
2012-07-17,5.621064620398459e-05,-0.0010688611859697532,-0.0005063252698828843
2012-07-18,-0.0015642996331713664,0.004155123822384869,0.0012954120946067512
2012-07-19,-0.0007264062886937731,-0.0015494925017099017,-0.0011379493952018375
2012-07-20,-0.0015012167501044264,0.005724346060120487,0.0021115646550080303
2012-07-23,0.0023328315881049754,-0.0006266832921974738,0.0008530741479537507
2012-07-24,0.0021944711128762742,-0.0018125826197419315,0.00019094424656717138
2012-07-25,-0.0009771116406713791,-0.0006302781835237528,-0.000803694912097566
2012-07-26,0.0022848074418088246,-0.004442380159114448,-0.0010787863586528119
2012-07-27,-0.0014891718766660842,-0.0026122517726436447,-0.0020507118246548646
2012-07-30,-0.001017213986332114,0.004526041127839848,0.001754413570753867
2012-07-31,0.0008842341606008274,-0.0012350869915453814,-0.00017542641547227704
2012-08-01,-0.00047561523844586736,-0.0010820631691755918,-0.0007788392038107296
2012-08-02,0.0009600876587655678,0.0037848976399088245,0.0023724926493371963
2012-08-03,-0.0024454542226501623,-0.005619581926523353,-0.0040325180745867575
2012-08-06,0.001715720494985197,-0.0006705453549655996,0.0005225875700097986
2012-08-07,-0.0006846692667680375,-0.00393716369479622,-0.002310916480782129
2012-08-08,-0.001596382264960688,8.066998600317468e-06,-0.0007941576331801853
2012-08-09,-0.003076559331695117,0.0022558953100291863,-0.0004103320108329654
2012-08-10,0.005704958188825112,0.00012464599789785975,0.002914802093361486
2012-08-13,0.003956756333513932,-0.0017528514076688001,0.001101952462922566
2012-08-14,-0.001365499619728184,-0.0010245821093298572,-0.0011950408645290205
2012-08-15,-0.004775092606284331,-0.0012105337574349962,-0.0029928131818596636
2012-08-16,-0.002757441394435449,-0.0014820715182791355,-0.0021197564563572922
2012-08-17,-0.0027341709043026,0.0013483933547430668,-0.0006928887747797666
2012-08-20,-0.002630931303329545,0.000882380643513408,-0.0008742753299080685
2012-08-21,-0.002356996744506348,-0.0027805079004927418,-0.002568752322499545
2012-08-22,0.0045988205360098355,-0.0008762641016281602,0.0018612782171908376
2012-08-23,0.006847712208473375,-0.003197849001152403,0.0018249316036604859
2012-08-24,-0.0008540649779069903,0.001494628872920422,0.00032028194750671583
2012-08-27,0.002353371456069177,0.001110063058913688,0.0017317172574914325
2012-08-28,-0.0001974755032955055,-0.0001443507098375666,-0.00017091310656653605
2012-08-29,-0.004172212979403301,-6.750712361616304e-07,-0.0020864440253197314
2012-08-30,0.002398276586222042,0.001602706107462773,0.0020004913468424073
2012-08-31,0.005074417188866541,0.0013160223962310857,0.003195219792548813
2012-09-03,-0.00018004174057133953,0.0003953491576269827,0.00010765370852782157
2012-09-04,-0.0008207062568466675,-0.0023851050217078705,-0.001602905639277269
2012-09-05,0.002748406083474552,-0.003464063321714627,-0.0003578286191200375
2012-09-06,-0.006841339809574477,0.0005423585170992836,-0.003149490646237597
2012-09-07,0.00233845938749591,-0.004096455426746817,-0.0008789980196254536
2012-09-10,0.0030645675611766197,-0.0045985159684949406,-0.0007669742036591604
2012-09-11,0.0010638477394515396,-0.0020904019266195263,-0.0005132770935839933
2012-09-12,-0.0017502932304917593,-0.0003760802923100351,-0.0010631867614008972
2012-09-13,0.00048738456751350683,0.0026566987809196695,0.001572041674216588
2012-09-14,-0.008742833513964625,0.0002552685931688261,-0.004243782460397899
2012-09-16,-0.0007427211477448386,0.00044283382625575496,-0.00014994366074454183
2012-09-17,0.00898163609657375,-0.005359198354282895,0.0018112188711454278
2012-09-18,0.002520357134830449,0.0007079078384799172,0.001614132486655183
2012-09-19,0.0013572577166777624,-0.0008792530921815028,0.00023900231224812984
2012-09-20,0.0025844138938906835,-0.001055632334280859,0.0007643907798049123
2012-09-21,0.0006240707666475373,0.0020911161077677536,0.0013575934372076453
2012-09-23,-0.0005595870046472234,0.00033497642076836716,-0.00011230529193942813
2012-09-24,0.002775509616703474,-0.0015433817769687245,0.0006160639198673748
2012-09-25,0.0035186329733279138,-0.0011942439630351208,0.0011621945051463966
2012-09-26,0.009473939026905432,-0.002686163791793611,0.0033938876175559104
2012-09-27,-0.0016357509673237717,0.0016914720771461446,2.786055491118644e-05
2012-09-28,-0.006312868422643026,0.003159789846817538,-0.0015765392879127438
2012-09-30,0.00017882064030807623,-0.00012099501034887478,2.8912814979600722e-05
2012-10-01,-7.79592855455125e-05,0.000550745420980118,0.00023639306771730274
2012-10-02,0.0003332450653049904,0.00023958414665830726,0.00028641460598164884
2012-10-03,0.004509931229008079,-0.0005015007138525104,0.0020042152575777844
2012-10-04,-0.007449900013215393,-0.0018882578271851714,-0.004669078920200282
2012-10-05,-0.0019640855727218604,-0.005710847208110676,-0.003837466390416268
2012-10-08,0.004998874716341621,-0.0003054943208309311,0.002346690197755345
2012-10-09,-0.0009006988575093304,-0.004540806710490848,-0.002720752784000089
2012-10-10,0.0026892128809041776,-0.0005683057510060292,0.0010604535649490741
2012-10-11,-0.005089344641888841,0.002861707505566573,-0.0011138185681611337
2012-10-12,0.00413248008417851,-0.0019153106187983842,0.0011085847326900628
2012-10-14,0.00011892927355262016,-0.00017192175928865036,-2.64962428680151e-05
2012-10-15,0.0004005386229967063,0.001861031752407709,0.0011307851877022075
2012-10-16,-0.005001695106021796,-0.0022154076707364607,-0.003608551388379128
2012-10-17,-0.008173683797462628,-0.0038890370045922915,-0.00603136040102746
2012-10-18,-0.000363028582177905,-0.00033399281824985033,-0.00034851070021387767
2012-10-19,0.006099982352307612,-0.0017973723636882702,0.0021513049943096708
2012-10-22,-0.0018042493037929534,0.0017287331852600327,-3.775805926646038e-05
2012-10-23,0.005271597052827235,0.0015920536425416587,0.0034318253476844467
2012-10-24,0.00034494171030230154,-0.0008361581190602184,-0.00024560820437895844
2012-10-25,-0.00440720050606634,-0.0010818869415425692,-0.0027445437238044546
2012-10-26,0.0046751699919809694,0.0004983642839961701,0.0025867671379885696
2012-10-28,3.850668829196319e-05,-0.0005557573435707963,-0.00025862532763941653
2012-10-29,0.0034970626348178315,0.00038850164226227946,0.0019427821385400554
2012-10-30,-0.0025350333870449277,-0.0015897604027816457,-0.002062396894913287
2012-10-31,0.002712140954154061,0.002202921184989965,0.002457531069572013
2012-11-01,-0.003282833802459794,0.00369557245925069,0.00020636932839544785
2012-11-02,0.004038256956240773,-0.0009142787438266908,0.001561989106207041
2012-11-04,-0.00012954030458932675,0.00010655568315849878,-1.1492310715413987e-05
2012-11-05,0.0031350942647514757,0.0012406060665225576,0.0021878501656370166
2012-11-06,-0.0076264356068041755,-0.0026978596575336295,-0.005162147632168903
2012-11-07,0.011262513811573234,0.003825084334513687,0.0075437990730434605
2012-11-08,0.0019408765022557281,-0.001671844819639961,0.00013451584130788358
2012-11-09,0.0014546192171551282,-0.0016172904222061589,-8.133560252551535e-05
2012-11-11,0.00018938651721956228,-0.00015649977521751824,1.6443371001022023e-05
2012-11-12,0.0025461526241115037,-0.0034438845044717586,-0.00044886594018012744
2012-11-13,0.003954919234509002,-0.0012107424089809788,0.0013720884127640116
2012-11-14,-0.00024201576817227107,-0.0012250479103018623,-0.0007335318392370667
2012-11-15,0.0012455401137175318,0.0016524585166233406,0.001448999315170436
2012-11-16,0.0007176846409280204,0.001600776119521797,0.0011592303802249087
2012-11-18,0.0006825539504200878,-0.00045318610030159153,0.00011468392505924814
2012-11-19,-0.00889013610160054,-0.0012544214183263264,-0.005072278759963434
2012-11-20,-0.0023766895473313486,0.0009479762728485213,-0.0007143566372414137
2012-11-21,-0.0037677485871502403,-0.00017419583006217894,-0.0019709722086062097
2012-11-22,-3.0655742022641207e-06,9.66711677540049e-05,4.680279677587039e-05
2012-11-23,-0.005440259873702658,0.001397466530739864,-0.0020213966714813974
2012-11-26,0.0022051149838011107,0.0025006530372451807,0.0023528840105231457
2012-11-27,-0.0014758221718066502,0.0030642117168479107,0.0007941947725206303
2012-11-28,0.002112070846510474,0.0012132020494998977,0.0016626364480051858
2012-11-29,-0.0026513601721698523,0.0013749640108718878,-0.0006381980806489823
2012-11-30,-0.0008884363123405156,0.0005822787758888868,-0.0001530787682258144
2012-12-02,0.0011169839752521022,-0.0006130737411218374,0.0002519551170651324
2012-12-03,-0.003117880231780827,-0.000632882467634377,-0.001875381349707602
2012-12-04,0.0016158118278563843,-0.0006834004441931517,0.00046620569183161633
2012-12-05,0.0007261039958229216,0.0022261272014805025,0.001476115598651712
2012-12-06,0.0037364007599701666,0.00039139589156833544,0.002063898325769251
2012-12-07,-0.0014751123177855856,-0.001743524778253557,-0.0016093185480195713
2012-12-09,0.00012067787844336083,-0.00012075894552564141,-4.0533541140290983e-08
2012-12-10,0.00037808275257816164,0.00170774116659421,0.0010429119595861858
2012-12-11,-0.0002572855751491388,-0.001339051575629143,-0.000798168575389141
2012-12-12,-0.004218463318532648,-0.0008042037519105229,-0.002511333535221585
2012-12-13,-2.8114724345567883e-05,-0.00331159025000337,-0.001669852487174469
2012-12-14,-0.0006055002320391879,0.002162320712206725,0.0007784102400837686
2012-12-16,-0.0003086595043321423,0.00020042089100078147,-5.411930666568043e-05
2012-12-17,-0.0029082729562520107,-0.0007207512747385254,-0.001814512115495268
2012-12-18,-0.006718558425275501,-0.002863399876614437,-0.004790979150944969
2012-12-19,0.0036023788801428282,-0.0007835034989382802,0.001409437690602274
2012-12-20,0.00434645671515919,0.00036683574402112925,0.00235664622959016
2012-12-21,0.005814808736139532,-0.0019268799046885283,0.0019439644157255016
2012-12-24,-0.0007238178819407089,-4.060953590597091e-06,-0.000363939417765653
2012-12-26,0.0013011900255611132,-0.0023647524670849973,-0.0005317812207619421
2012-12-27,0.003863231969324361,0.0026303298591852367,0.003246780914254799
2012-12-28,0.0006127046995468211,0.0001688470560762684,0.00039077587781154475
2012-12-30,0.00011817209036961066,-0.0001289399837262088,-5.383946678299065e-06
2012-12-31,-0.004548786622157965,0.0007804483038287989,-0.001884169159164583
2013-01-01,-1.794211123164079e-05,-2.4604864353582246e-05,-2.1273487792611517e-05
2013-01-02,-0.003762913866573601,-0.004121474178159758,-0.003942194022366679
2013-01-03,0.0003882482734901643,-0.004038176818769474,-0.0018249642726396549
2013-01-04,0.0030222865429490858,-0.001350512970723091,0.0008358867861129974
2013-01-06,8.744832872437324e-06,-4.381609984046992e-05,-1.7535633484016295e-05
2013-01-07,-0.0005983291820694716,0.00044702175314002964,-7.565371446472096e-05
2013-01-08,0.001487770434442853,-0.0012108720176320041,0.00013844920840542444
2013-01-09,0.0019051532998649932,0.0019266622134970015,0.0019159077566809975
2013-01-10,-0.005594140356574935,-0.002920306375828716,-0.004257223366201826
2013-01-11,0.0010323144602332533,0.0010825025227252712,0.0010574084914792624
2013-01-13,-0.0008370249235037577,0.0008339043229512574,-1.5603002762501592e-06
2013-01-14,0.00020438163838651846,0.0017551384507890793,0.0009797600445877988
2013-01-15,0.000569104417367986,0.0001156877281361415,0.0003423960727520637
2013-01-16,-0.0007923265509720667,0.0011216815844503926,0.00016467751673916297
2013-01-17,-0.003472153530541503,-0.0027682805203032013,-0.0031202170254223524
2013-01-18,0.0006985671396382249,0.001039617116274758,0.0008690921279564915
2013-01-21,-0.00016911523550469697,0.00024709349904718697,3.8989131771245e-05
2013-01-22,0.0016267555106493508,-0.00015741457820878685,0.000734670466220282
2013-01-23,0.0007062659156747888,-0.0004087763888595919,0.00014874476340759845
2013-01-24,0.0006002778344146285,-0.0005492045215670028,2.553665642381287e-05
2013-01-25,-0.0062743609936411196,-0.004630723304492766,-0.005452542149066942
2013-01-27,-0.00025032692663616763,0.00020752558172237,-2.1400672456898818e-05
2013-01-28,-0.0024658090002168966,0.0001533982636297466,-0.001156205368293575
2013-01-29,0.0006648577459727799,-0.0005257445919441441,6.955657701431791e-05
2013-01-30,-0.0017210513881203622,-0.0007539191158054591,-0.0012374852519629106
2013-01-31,0.000701276718130737,0.002261783364484314,0.0014815300413075255
2013-02-01,-0.0019132453606612995,0.0009572828242265655,-0.000477981268217367
2013-02-03,-4.406647988101325e-05,3.6957831868652323e-06,-2.018534834707401e-05
2013-02-04,0.004524361830410122,-0.00010408366729341924,0.0022101390815583515
2013-02-05,-0.0022988722154126573,0.0007231922522003368,-0.0007878399816061603
2013-02-06,0.004928055110292765,0.0001445580285094546,0.00253630656940111
2013-02-07,0.003302891494375638,-0.0014170225253692275,0.0009429344845032053
2013-02-08,-0.0007724115388417287,-0.0029019238456273193,-0.001837167692234524
2013-02-10,-0.00011149689799253898,0.00010022447951917934,-5.63620923667982e-06
2013-02-11,0.0012412291473997412,-0.0017403567026258258,-0.00024956377761304227
2013-02-12,-0.002569720649864586,-0.0013708334854813148,-0.0019702770676729505
2013-02-13,-0.0014910132374278888,-0.0011296382942509449,-0.0013103257658394168
2013-02-14,0.002368228009319267,0.00259472082206135,0.0024814744156903086
2013-02-15,-4.760936694781764e-05,0.001346077158401268,0.0006492338957267251
2013-02-17,-6.9806152019872035e-06,-7.148016032943432e-06,-7.064315617465318e-06
2013-02-18,-0.00010591634020452341,0.00013724965060728513,1.5666655201380857e-05
2013-02-19,-0.0001304948814335784,0.001286478606114773,0.0005779918623405973
2013-02-20,0.0034274686936708377,0.0066200276423544115,0.005023748168012624
2013-02-21,0.0058611161516569045,0.002571831943622721,0.004216474047639813
2013-02-22,-0.00026397502757664025,0.0010582898561841319,0.0003971574143037458
2013-02-24,0.00039200256562923276,-0.00037547523199802773,8.263666815602516e-06
2013-02-25,0.004792298026699331,0.001022613987525368,0.0029074560071123494
2013-02-26,0.00038992718542681684,0.00044685159033379103,0.00041838938788030396
2013-02-27,-0.0017925875506061243,0.0011319466820278285,-0.0003303204342891479
2013-02-28,0.0007985698934521576,0.0026132311087238257,0.0017059005010879916
2013-03-01,0.0003159019160660088,0.0044142606796189745,0.0023650812978424918
2013-03-03,0.000286412304338421,0.00034749304124198025,0.0003169526727902006
2013-03-04,0.0008524665665488289,-0.0009026308028149769,-2.5082118133074017e-05
2013-03-05,-0.001006656011054117,-0.0013889128727348629,-0.0011977844418944899
2013-03-06,0.0008797233890826658,-0.001489695513311686,-0.0003049860621145101
2013-03-07,-0.0032572914023293632,-0.0026697203414753033,-0.0029635058719023333
2013-03-08,-0.0021454903622650976,-0.0006284016677534102,-0.0013869460150092538
2013-03-10,0.00014966247843276463,0.0005291584792309461,0.00033941047883185536
2013-03-11,-0.001834174480907374,0.0006238588872837859,-0.0006051577968117941
2013-03-12,4.6984258386063274e-05,0.0007867547616685316,0.00041686951002729746
2013-03-13,0.00021123678492599693,-0.0005360031369067175,-0.00016238317599036027
2013-03-14,-0.0015035801661775132,-0.0006166177741905749,-0.001060098970184044
2013-03-15,0.0009609382297286834,0.0012276092760015612,0.0010942737528651222
2013-03-17,0.0006080460682786826,0.0005178397859095212,0.0005629429270941019
2013-03-18,0.0018965762622977595,0.001804544816530551,0.0018505605394141553
2013-03-19,0.0021521066681801006,0.0028424784826165633,0.002497292575398332
2013-03-20,-0.002270731344900685,-0.0003937791952852068,-0.001332255270092946
2013-03-21,0.0005072071808714864,-0.0005442062898337076,-1.8499554481110603e-05
2013-03-22,-0.0013129738232175445,-0.0009174208904636282,-0.0011151973568405864
2013-03-24,-5.3662202346197126e-05,-9.106233235415691e-05,-7.236226735017701e-05
2013-03-25,0.0012384034591525234,0.0013775868161377727,0.001307995137645148
2013-03-26,0.0003355709132566803,0.001856968577283727,0.0010962697452702036
2013-03-27,0.0010964985349644987,0.0026366504756312457,0.0018665745052978723
2013-03-28,0.003147485398625597,-0.006602239530052,-0.0017273770657132014
2013-03-31,0.0005595787151387238,0.000310895638330281,0.00043523717673450235
2013-04-01,0.0007061029642788678,-0.0018013789976205896,-0.0005476380166708609
2013-04-02,-0.0005853099012655917,-0.00020171233880645674,-0.00039351112003602423
2013-04-03,0.0024093027774559233,0.0036088836973718246,0.003009093237413874
2013-04-04,0.00033299291830945327,0.005244929651316669,0.002788961284813061
2013-04-05,-0.0003097786685364056,0.0009172135771077708,0.0003037174542856826
2013-04-07,0.000182842532305917,0.00013352027729127236,0.00015818140479859468
2013-04-08,-0.0014671571384800362,0.0006388554015818881,-0.00041415086844907406
2013-04-09,-0.0029496486806094347,-0.0008147869903661773,-0.001882217835487806
2013-04-10,-0.0009675887456532898,-0.0006994958382615144,-0.0008335422919574021
2013-04-11,-0.0008154479883230723,9.677866082974807e-05,-0.0003593346637466621
2013-04-12,0.0031670045678751407,0.004882162811671135,0.004024583689773138
2013-04-14,0.0014202648682123968,0.0009357494571600739,0.0011780071626862354
2013-04-15,0.004785155047298033,-0.0005518560203714347,0.002116649513463299
2013-04-16,-0.002587285018979825,0.0017742634049103252,-0.0004065108070347499
2013-04-17,0.004679910858091439,0.0009275543527106438,0.0028037326054010415
2013-04-18,0.0015401782421831547,-0.00041463868983537914,0.0005627697761738878
2013-04-19,-0.0022610985348474793,0.00038606885816034437,-0.0009375148383435675
2013-04-21,0.0005448195060495872,0.0003849706542975607,0.00046489508017357394
2013-04-22,0.0006057441881932425,-0.00041674557964742787,9.449930427290733e-05
2013-04-23,-0.00012118807399271296,-0.00028606540421099747,-0.00020362673910185523
2013-04-24,-0.001418781976071484,-0.001213793577439292,-0.001316287776755388
2013-04-25,-0.0010307135697977371,0.000393810410331037,-0.00031845157973335006
2013-04-26,0.0025155742033842526,0.00105848494205684,0.0017870295727205462
2013-04-28,0.00021939179809443365,0.00016107106914968271,0.0001902314336220582
2013-04-29,-0.0018489970452459353,0.0032015332979173157,0.0006762681263356902
2013-04-30,-0.0006465647850841067,4.40620055321821e-05,-0.0003012513897759623
2013-05-01,0.0013242975776442034,0.0002718283272609565,0.0007980629524525799
2013-05-02,0.0002665116650343027,0.0017978919543522225,0.0010322018096932625
2013-05-03,-0.006137433110540453,-0.0036959315188601085,-0.004916682314700281
2013-05-05,0.00011968150835987637,7.354598386400128e-05,9.661374611193882e-05
2013-05-06,0.00044935296383247735,-0.0023498980042359367,-0.0009502725202017296
2013-05-07,-0.00036701163828669665,0.00016858711192702404,-9.921226317983631e-05
2013-05-08,-0.00025614153747655717,-2.943019539939658e-05,-0.00014278586643797688
2013-05-09,-0.0009045721083845599,-0.00022060466872790988,-0.0005625883885562349
2013-05-10,-0.002746361484767365,-0.0011043588189252847,-0.0019253601518463247
2013-05-12,-0.0002106981171445204,-0.00011939017787863162,-0.00016504414751157602
2013-05-13,-0.0009197147967536163,-0.00017586592521293048,-0.0005477903609832734
2013-05-14,0.00010002252712522646,0.0013397317394305273,0.0007198771332778769
2013-05-15,0.0007499758608182656,0.001655328702847366,0.0012026522818328158
2013-05-16,0.0019036364290974043,0.0013003726134852753,0.0016020045212913397
2013-05-17,-0.0042361913962719305,-0.00012602302962485182,-0.002181107212948391
2013-05-19,0.0004471268572376474,0.00016300511315696947,0.0003050659851973084
2013-05-20,-0.0009478984249351042,-0.0006287082521036636,-0.0007883033385193839
2013-05-21,0.000858271907973511,0.0011522394191258308,0.001005255663549671
2013-05-22,-0.002234122560561971,-0.002025565155932301,-0.002129843858247136
2013-05-23,0.0029363683875441144,-0.0013088999383121882,0.0008137342246159631
2013-05-24,9.041903463425662e-05,-0.002117899818133958,-0.0010137403917498508
2013-05-26,0.0004157830919232758,-0.0004888552253917268,-3.6536066734225504e-05
2013-05-27,-4.240098284624665e-06,-0.0006469688819868653,-0.000325604490135745
2013-05-28,-0.007122470104590481,0.003748890959578773,-0.0016867895725058539
2013-05-29,0.0001611827510679646,-0.0015237806006865406,-0.0006812989248092881
2013-05-30,-0.0016815285590588403,0.0007011836770829896,-0.0004901724409879253
2013-05-31,0.0010509514386358547,0.0007012939774218539,0.0008761227080288543
2013-06-02,-0.00022543568165124536,-9.690890157445907e-05,-0.0001611722916128522
2013-06-03,0.0005252473826821327,-0.0030815046567650678,-0.0012781286370414677
2013-06-04,-0.0004094813479651708,0.0012033968994623393,0.00039695777574858427
2013-06-05,0.0027280645828678595,-0.0037088152420712878,-0.0004903753296017141
2013-06-06,0.00022144981865253473,-0.0009418556278727921,-0.00036020290461012867
2013-06-07,-0.005286535658285429,0.0053029592028069,8.21177226073555e-06
2013-06-09,0.0009715464626857639,0.00044296535205142097,0.0007072559073685924
2013-06-10,-0.002361361573808542,0.004080068973515144,0.0008593536998533012
2013-06-11,0.0009105327734087801,-0.0018870373356326573,-0.00048825228111193863
2013-06-12,0.003307671353490279,-0.00019041566335910057,0.0015586278450655893
2013-06-13,0.0005081897017707781,-0.0011668009200232427,-0.00032930560912623226
2013-06-14,0.0049289739150119045,-0.006989294894012354,-0.0010301604895002247
2013-06-16,0.00026535410920691156,-0.00041642944339786276,-7.55376670954756e-05
2013-06-17,-0.003062222421351269,0.004573072650198274,0.0007554251144235025
2013-06-18,-0.004666957565964536,0.0014759630596609774,-0.0015954972531517792
2013-06-19,-0.004091034814180545,-0.011434547829486986,-0.007762791321833766
2013-06-20,-0.007599706597305388,0.009733314132789342,0.001066803767741977
2013-06-21,-0.003993817667514598,0.006730549650553514,0.001368365991519458
2013-06-23,0.00039918368176088224,0.00011183739606444827,0.0002555105389126653
2013-06-24,0.004898567787859764,0.004834545132414822,0.004866556460137293
2013-06-25,-0.0025273724014180585,0.001226271420023645,-0.0006505504906972068
2013-06-26,0.0031777350199319464,6.454720861768198e-05,0.0016211411142748142
2013-06-27,0.0032631140957979934,-0.0007273987469488758,0.0012678576744245588
2013-06-28,0.012371683885315109,0.005930353132983764,0.009151018509149437
2013-06-30,0.0007453525529188842,0.0002497458979938986,0.0004975492254563914
2013-07-01,-0.004041225557484094,0.0013279230082185285,-0.001356651274632783
2013-07-02,0.004063455681022623,-0.0004009665093688417,0.0018312445858268908
2013-07-03,-0.005631311274086413,-0.0016610988305655267,-0.00364620505232597
2013-07-04,0.001406290652968857,0.0004976255606159854,0.0009519581067924212
2013-07-05,0.0036292051926933412,0.020907128330301488,0.012268166761497414
2013-07-07,0.002389348386315768,0.0008637539532202075,0.0016265511697679878
2013-07-08,0.001716074052185928,-0.007816150612172217,-0.0030500382799931443
2013-07-09,-0.0015696109304303187,-0.006284138943012726,-0.003926874936721522
2013-07-10,-0.006417807494738265,-0.0031027885684162355,-0.004760298031577251
2013-07-11,-0.006206474947256343,-0.01305337789223336,-0.00962992641974485
2013-07-12,0.006485155296410176,0.006371676506617984,0.00642841590151408
2013-07-14,0.0002507125770734181,0.00010710545861263148,0.0001789090178430248
2013-07-15,0.0036921049554940115,-6.135257712803528e-05,0.0018153761891829881
2013-07-16,-0.00600646086009181,-0.007415583363701727,-0.006711022111896768
2013-07-17,0.006674547736883448,0.0025863721891558585,0.004630459963019654
2013-07-18,0.0028268469165283862,0.0022311613248212803,0.0025290041206748335
2013-07-19,0.0011209572755929013,-0.003233042169196969,-0.0010560424468020338
2013-07-21,-0.001517116094298333,-0.0007015914450771478,-0.0011093537696877404
2013-07-22,0.0004031688597464284,-0.0031861933381235946,-0.0013915122391885831
2013-07-23,0.0031013899447803737,0.0038147856105560643,0.003458087777668219
2013-07-24,-0.002920495396847868,0.00322031951666858,0.00014991205991035607
2013-07-25,5.104723762892102e-05,0.0024657663080355813,0.0012584067728322512
2013-07-26,0.002766727061942282,0.00041643333695894226,0.0015915801994506123
2013-07-28,0.000719456791451456,0.00036321648402654614,0.000541336637739001
2013-07-29,-0.00047661168690436574,-0.0001293136849068598,-0.0003029626859056128
2013-07-30,0.0014700157014759618,0.0030905317933855154,0.0022802737474307386
2013-07-31,-0.00507915333697397,-0.00047137223132309714,-0.0027752627841485336
2013-08-01,0.0010111599492335767,0.01093469761481476,0.005972928782024168
2013-08-02,0.0022910673974529984,-0.007079566709632521,-0.0023942496560897613
2013-08-04,-0.00027828969807603034,-0.0006098140056201595,-0.0004440518518480949
2013-08-05,-0.0008620418517621012,0.002327894279708277,0.0007329262139730879
2013-08-06,-0.0020018223728585005,-0.0009959954312970284,-0.0014989089020777645
2013-08-07,-0.0004599542644975118,-0.004445229523162739,-0.0024525918938301254
2013-08-08,-0.004112339199600836,-0.003836991975436153,-0.003974665587518494
2013-08-09,0.001597796464392457,-0.0002813026156419384,0.0006582469243752593
2013-08-11,0.00017391718165421453,0.00010205094319323456,0.00013798406242372454
2013-08-12,-0.002082647479165215,-0.001662150802853933,-0.0018723991410095739
2013-08-13,0.0014884393707869676,0.007290993340255254,0.004389716355521111
2013-08-14,-0.0016718189761013077,-0.002256747264438169,-0.0019642831202697384
2013-08-15,-0.003320306485624232,-0.009040246004717154,-0.006180276245170693
2013-08-16,-0.0008266882249429962,0.002213930025008603,0.0006936209000328034
2013-08-18,-0.00023609658388939916,-0.00014184724890089375,-0.00018897191639514647
2013-08-19,-0.0044043289173598425,-0.0026301430216219444,-0.0035172359694908934
2013-08-20,0.0009506598730270954,-0.00010705198033893587,0.00042180394634407976
2013-08-21,-0.001929259580891587,-0.0027222369175414337,-0.00232574824921651
2013-08-22,0.004016871108143168,0.008118384206625879,0.0060676276573845235
2013-08-23,0.0011287152658090971,-0.00461750718020252,-0.0017443959571967116
2013-08-25,-0.00048399330848138133,-0.0002493969124288572,-0.0003666951104551193
2013-08-26,-0.0037375629844748235,-0.007353206888975686,-0.005545384936725255
2013-08-27,0.0049974834816644675,-0.007314406510368941,-0.001158461514352237
2013-08-28,0.0028353468561294385,0.0044617790744753685,0.0036485629653024033
2013-08-29,0.0012890461743730699,-0.0013112970960066912,-1.1125460816810667e-05
2013-08-30,-4.23274352827852e-05,-0.0013173016484444482,-0.0006798145418636167
2013-09-01,0.0009251108221367321,-4.9635316543518524e-05,0.0004377377527966068
2013-09-02,-0.0022885531192994276,-0.001054651401330382,-0.001671602260314905
2013-09-03,0.0016691847528102263,0.0015736037889948346,0.0016213942709025304
2013-09-04,0.003733350710599323,0.00785930830384775,0.005796329507223537
2013-09-05,0.00012186386072163576,0.007981508975382677,0.004051686418052157
2013-09-06,-0.0017103578988179673,-0.006756781765553089,-0.004233569832185528
2013-09-08,-0.0006492914679594193,-0.00026265131302028176,-0.0004559713904898505
2013-09-09,0.002728100534552085,-0.0010693329028792695,0.0008293838158364078
2013-09-10,-0.0043956908156852,0.0060685436790788765,0.0008364264316968384
2013-09-11,-0.00011883760863408641,-0.004849435704517383,-0.002484136656575735
2013-09-12,-0.002028608529546801,0.004891720900230756,0.0014315561853419775
2013-09-13,0.001112278785003805,0.001034025087499003,0.0010731519362514041
2013-09-15,-0.003042494703917714,-0.0011383556298320753,-0.0020904251668748945
2013-09-16,0.0017230967094072477,-0.003994309927184828,-0.00113560660888879
2013-09-17,-0.001024908885934202,-0.00023611534392383119,-0.0006305121149290166
2013-09-18,0.003410400520864218,-0.0032024257981421687,0.0001039873613610247
2013-09-19,-0.003814736880189792,-0.00666816021009515,-0.005241448545142471
2013-09-20,-0.0004178654338874982,-0.0007939429085398694,-0.0006059041712136838
2013-09-22,0.0007116256420706367,0.0002793914830446467,0.0004955085625576417
2013-09-23,-0.0016720869070143635,-0.0022810965434684797,-0.0019765917252414214
2013-09-24,0.0032489465919033475,-0.0024949725515215865,0.0003769870201908805
2013-09-25,-0.0010264268356304565,-0.007038977260740246,-0.0040327020481853515
2013-09-26,-0.002496971071790906,0.002107391460040563,-0.0001947898058751714
2013-09-27,0.0016675550079816963,-0.0019409211547014834,-0.00013668307335989354
2013-09-29,-0.0006583712469263257,-0.0002775630231090892,-0.0004679671350177074
2013-09-30,0.001050363501146563,0.0002411554351317177,0.0006457594681391403
2013-10-01,-0.00014061719970561316,0.005169691864442958,0.0025145373323686724
2013-10-02,0.0011715533990438532,-0.0007554786842688505,0.00020803735738750132
2013-10-03,-0.0025156232906095657,-0.0038498708671251174,-0.0031827470788673416
2013-10-04,1.7917609791342202e-05,0.001985591392227587,0.0010017545010094645
2013-10-06,-0.0018155227161833164,-0.0008549918382364377,-0.001335257277209877
2013-10-07,-0.0031170986052845816,-0.006799554450409377,-0.004958326527846979
2013-10-08,0.0007918310593631143,-0.00318951648957639,-0.0011988427151066378
2013-10-09,-0.002732217593036284,0.0018102598069409596,-0.0004609788930476622
2013-10-10,0.006374581513803191,0.009036891178033829,0.00770573634591851
2013-10-11,0.0027003527602105855,0.0036244380698696,0.0031623954150400927
2013-10-13,0.0005787668207588805,0.0002564380420953515,0.00041760243142711603
2013-10-14,-0.005214182715211825,0.0010418510878034298,-0.002086165813704198
2013-10-15,-0.0006256404746781334,-0.002201808623622827,-0.0014137245491504802
2013-10-16,0.002179188827172867,0.0020581616527363127,0.0021186752399545896
2013-10-17,0.00564845907658668,-0.004447960014525534,0.000600249531030573
2013-10-18,0.00013305033469711443,-0.0008709858713384135,-0.00036896776832064955
2013-10-20,-0.0007736678169610249,-0.0003567052273265315,-0.0005651865221437782
2013-10-21,-0.0026327707573722313,0.001014671492609718,-0.0008090496323812567
2013-10-22,0.006401427521054842,-0.001092337265508034,0.002654545127773404
2013-10-23,-0.004883283224544364,-0.0057470169440758225,-0.005315150084310093
2013-10-24,0.003892263253869301,0.002116969703021895,0.003004616478445598
2013-10-25,0.005872799214939687,0.0007565719992993875,0.0033146856071195373
2013-10-27,-0.0014571206184256632,-0.0006086828627287598,-0.0010329017405772114
2013-10-28,0.0043858981090933785,0.0029301085782840078,0.003658003343688693
2013-10-29,-0.002012312737716597,-0.0007409281930886097,-0.0013766204654026034
2013-10-30,-0.00348837538987156,0.0021818939623899246,-0.0006532407137408178
2013-10-31,0.0022738090603781867,-0.0021876829236134655,4.3063068382360624e-05
2013-11-01,-0.0008456236591011091,-0.0012767394771623763,-0.0010611815681317426
2013-11-03,0.001303389275466074,0.0005162452300089393,0.0009098172527375068
2013-11-04,0.0009302741247032234,0.0006104366532935721,0.0007703553889983977
2013-11-05,-0.0005136898156230476,0.001524830966200904,0.0005055705752889281
2013-11-06,0.004189860644798278,0.002164534435903708,0.003177197540350993
2013-11-07,-0.0025024702568812807,-0.005942685832998008,-0.004222578044939644
2013-11-08,-0.004159777926731402,0.008087810849771273,0.001964016461519936
2013-11-10,-0.0006226584053807639,-0.0002815221196864655,-0.0004520902625336147
2013-11-11,-0.0037718022290367283,-0.00045524924421822986,-0.0021135257366274793
2013-11-12,0.0009154126358087834,0.004015731016195313,0.002465571826002048
2013-11-13,0.007166207886592501,0.00378367873390986,0.00547494331025118
2013-11-14,0.00342833778775958,0.0010959693371325506,0.0022621535624460652
2013-11-15,0.008816169185652947,0.0011565090722746312,0.004986339128963789
2013-11-17,-0.0020115431294955026,-0.0008244992187118264,-0.0014180211741036644
2013-11-18,0.0022129831534791113,0.00048669239704790394,0.0013498377752635077
2013-11-19,-0.0037290072271352385,-0.00031905328545169475,-0.0020240302562934665
2013-11-20,-0.0055611132614664235,0.0031538536440503984,-0.0012036298087080126
2013-11-21,-0.0002657940316843897,0.002905045765832209,0.0013196258670739097
2013-11-22,0.00033550977913585723,-0.0004719071529922647,-6.819868692820375e-05
2013-11-24,-0.004363286269238977,-0.0015016525971919715,-0.002932469433215474
2013-11-25,0.0023177988445343446,-0.0006653946089334789,0.0008262021178004329
2013-11-26,0.007218220024132547,3.435039388667005e-05,0.003626285209009608
2013-11-27,0.0002841711863043446,0.0013864981146290126,0.0008353346504666786
2013-11-28,0.000779530647881181,0.0007614193792019966,0.0007704750135415887
2013-11-29,-0.0007733696410558146,-0.0010281290933835392,-0.0009007493672196769
2013-12-01,0.0001915758607830945,5.01692943367287e-05,0.0001208725775599116
2013-12-02,-0.0033719143212554517,0.004088476350342409,0.00035828101454347884
2013-12-03,-0.001709211291888407,-0.0014587145462173874,-0.0015839629190528971
2013-12-04,-0.006431684109026037,-9.559344460006959e-05,-0.0032636387768130532
2013-12-05,0.0008431670533607425,0.0023618375108808913,0.001602502282120817
2013-12-06,0.0003882962260050027,0.0034108666258893736,0.0018995814259471881
2013-12-08,-0.0003438401470306436,-0.00018327182168731285,-0.00026355598435897823
2013-12-09,-0.001354365898934859,0.0006686313168519991,-0.00034286729104142995
2013-12-10,0.0019495554327071526,-0.0019623196960581054,-6.382131675476384e-06
2013-12-11,-0.003817390444113458,-0.0017142249909029715,-0.0027658077175082146
2013-12-12,0.0011370793613555016,-0.000717346442723975,0.00020986645931576328
2013-12-13,0.003628206172969466,-0.0010043284970346496,0.0013119388379674083
2013-12-15,-0.0007405302996461476,-0.00045165239744133427,-0.0005960913485437409
2013-12-16,1.8843609760193207e-05,0.0024712396997151457,0.0012450416547376694
2013-12-17,-0.0016435027750517498,-0.0010356014545387852,-0.0013395521147952674
2013-12-18,0.002886541793548567,0.00741369185341707,0.005150116823482818
2013-12-19,-0.0006794272979354345,0.0005867494840713945,-4.633890693201998e-05
2013-12-20,0.0023754730103292777,-0.0002790527664243407,0.0010482101219524685
2013-12-22,7.661448222819488e-05,2.4227381239891128e-05,5.042093173404301e-05
2013-12-23,0.0015295623432666457,0.003438643442610073,0.0024841028929383593
2013-12-24,-0.002983191515342342,0.0006544937641235551,-0.0011643488756093935
2013-12-25,-0.0008265059933821257,-0.00045249279443758015,-0.000639499393909853
2013-12-26,0.005126856023635728,0.0016747088556609791,0.0034007824396483535
2013-12-27,-0.002246173208160243,0.0018721280343810365,-0.00018702258688960333
2013-12-29,-1.0860336661670873e-05,-3.6875984853162507e-06,-7.273967573493562e-06
2013-12-30,0.002376260275888691,0.0019482401471474073,0.0021622502115180493
2013-12-31,0.0032522197906759247,0.0008581136965773692,0.002055166743626647
2014-01-01,-0.001018397135459313,-0.0005164897869818608,-0.0007674434612205869
2014-01-02,0.0003874751945524863,-0.010346713642403194,-0.004979619223925353
2014-01-03,0.0007500833999072484,-0.0031108617480453578,-0.0011803891740690547
2014-01-05,0.00048352524213016455,0.00023928590371435836,0.00036140557292226147
2014-01-06,0.00012342881923564135,-0.0032955932270893966,-0.0015860822039268777
2014-01-07,0.0030658987869687446,0.00010271691708797968,0.0015843078520283622
2014-01-08,0.006934350077948092,0.003709638079140029,0.00532199407854406
2014-01-09,0.0040139426226661916,0.00025822154420845916,0.0021360820834373253
2014-01-10,-0.0022880477086728167,-0.004947188819818998,-0.0036176182642459077
2014-01-12,-0.0015922756971461789,-0.0009263319809008311,-0.001259303839023505
2014-01-13,-0.00636587213374988,-0.007413681604481886,-0.006889776869115883
2014-01-14,0.002569272745364211,0.009813434535259943,0.006191353640312077
2014-01-15,0.0029715310607961697,0.002467921094174268,0.0027197260774852188
2014-01-16,-0.000541584418439854,-0.002359398629217276,-0.0014504915238285649
2014-01-17,-0.0002757918932447767,-0.00032419587838344556,-0.0002999938858141111
2014-01-19,-6.7710740949593196e-06,-2.307461244089572e-05,-1.4922843267927519e-05
2014-01-20,0.0004998262003538536,0.00030875471672242973,0.00040429045853814167
2014-01-21,0.005040182752105982,0.0009149988083374496,0.002977590780221716
2014-01-22,-8.530549662085158e-05,0.004624649152068504,0.002269671827723826
2014-01-23,0.004195405773388674,-0.004476748469722196,-0.0001406713481667608
2014-01-24,-0.0044912023553579155,-0.009995137042758562,-0.007243169699058239
2014-01-26,0.0019364886367983136,0.0009618500502162284,0.001449169343507271
2014-01-27,-0.003307954092810193,0.0006596106760029763,-0.0013241717084036082
2014-01-28,0.0010145128678816576,0.0015126932314717242,0.001263603049676691
2014-01-29,0.0006971879448040372,-0.005189135154878968,-0.0022459736050374655
2014-01-30,0.001576658196330027,0.004111291026458543,0.002843974611394285
2014-01-31,-7.578167246000665e-05,-0.0022086356405160773,-0.001142208656488042
2014-02-02,0.001350677514665211,0.0006799356405093126,0.0010153065775872618
2014-02-03,-0.005556630474678675,-0.011689483017783444,-0.00862305674623106
2014-02-04,-0.0016298626559246596,0.003171795538206084,0.0007709664411407123
2014-02-05,-0.0007033179632665403,-0.0010397510562913871,-0.0008715345097789637
2014-02-06,0.0006122224012420937,0.005112375787255201,0.0028622990942486475
2014-02-07,0.0012393613557871506,0.005702485761614954,0.0034709235587010523
2014-02-09,0.0002512767950968954,-0.00015474752993817855,4.826463257935844e-05
2014-02-10,0.0027948772621070837,-0.0014609799248345046,0.0006669486686362896
2014-02-11,0.002954180167539955,0.004507669987113724,0.0037309250773268393
2014-02-12,0.00041559930128693366,0.0022500406837035543,0.001332819992495244
2014-02-13,-0.001412323753335005,0.0019858477884091568,0.0002867620175370758
2014-02-14,0.0006535719522218057,-0.00016527911279220784,0.00024414641971479893
2014-02-16,-0.0030577321591064945,0.0017174404860526684,-0.0006701458365269131
2014-02-17,0.000622701762397973,-0.0003138402799587018,0.0001544307412196356
2014-02-18,-0.0014885250373787846,-0.0002433529090239681,-0.0008659389732013764
2014-02-19,-0.002206762763945839,-0.0005896749431528829,-0.001398218853549361
2014-02-20,0.002468214057958566,0.00027292866385182917,0.0013705713609051978
2014-02-21,0.00064028554858374,0.0023284030501558007,0.0014843442993697704
2014-02-23,-0.0004861167419439955,-0.0003396689064785188,-0.0004128928242112572
2014-02-24,0.0018359636083378737,0.0011914830031147638,0.0015137233057263186
2014-02-25,-0.0018533999457806191,-0.0024651405666006616,-0.0021592702561906403
2014-02-26,-9.870771420704256e-05,0.00011446102082086886,7.876653306913149e-06
2014-02-27,0.007252663859851122,0.0015762491251099168,0.00441445649248052
2014-02-28,-0.0049751027376704225,0.0017000112881778366,-0.001637545724746293
2014-03-02,0.000523786159061444,0.00042666352296603336,0.0004752248410137387
2014-03-03,-0.005066404777991076,-0.007422432661041119,-0.006244418719516098
2014-03-04,0.000263072454980332,0.002238127083289051,0.0012505997691346915
2014-03-05,-0.0014387427177258037,-0.0010129228723254483,-0.0012258327950256261
2014-03-06,0.0014246394273603128,0.003868500519294401,0.0026465699733273567
2014-03-07,0.005255841704718619,0.0062086819735944695,0.005732261839156544
2014-03-09,0.0022191601349674708,0.002431919076729364,0.002325539605848417
2014-03-10,0.0029175420308112975,-0.0024190811717721885,0.0002492304295195545
2014-03-11,-0.005547463899273908,-0.0020694316984290247,-0.0038084477988514663
2014-03-12,-0.002376866048211653,-0.00589788134656667,-0.004137373697389162
2014-03-13,-0.006456562870188514,-0.0031478902352090636,-0.004802226552698789
2014-03-14,0.0005339813599212063,-0.00037929077944054684,7.734529024032975e-05
2014-03-16,-3.226215312733377e-05,-0.00022763050309285716,-0.00012994632811009547
2014-03-17,0.003013716118812376,0.0044031790651727345,0.003708447591992555
2014-03-18,-0.0016016852356389275,-5.41578661781933e-05,-0.0008279215509085604
2014-03-19,0.0027535911778015917,0.0009095784122965541,0.0018315847950490728
2014-03-20,0.002041856388424556,0.0005323182406997061,0.001287087314562131
2014-03-21,0.00012998896656042224,-0.004412887879325273,-0.0021414494563824255
2014-03-23,0.00022275707685140393,-0.0004986809862527357,-0.00013796195470066588
2014-03-24,-0.0007456984500895729,0.0022139743969495315,0.0007341379734299794
2014-03-25,-0.005699655798904272,-0.001480082760142874,-0.003589869279523573
2014-03-26,-0.007571062035031251,-0.0012505864041153622,-0.004410824219573306
2014-03-27,-0.0009599132111274972,-0.0013436113817122438,-0.0011517622964198706
2014-03-28,0.007154175374452583,0.004845167946920627,0.005999671660686605
2014-03-30,0.0006229235397595175,-0.0006840926313448753,-3.0584545792678905e-05
2014-03-31,-0.0001072949021237781,0.003276497054960099,0.0015846010764181606
2014-04-01,-0.000826082925641834,0.0026484881398679376,0.0009112026071130517
2014-04-02,0.007969269642713297,0.0014768183673565416,0.0047230440050349196
2014-04-03,0.0010402090338597302,-0.00030114483126392617,0.00036953210129790203
2014-04-04,-0.001280543673191981,-0.0003123139654838468,-0.0007964288193379139
2014-04-06,-0.0004294900329092939,0.00040835089067135593,-1.0569571118968998e-05
2014-04-07,-0.017052260956476748,-0.009690340888156975,-0.013371300922316861
2014-04-08,-0.0005102027066521998,-0.00039224776835586854,-0.0004512252375040342
2014-04-09,-0.0024799297784091623,-0.000658927545940567,-0.0015694286621748647
2014-04-10,-0.006163609747431088,-0.0004000000000000001,-0.003281804873715544
2014-04-11,0.0015462588234398653,0.0,0.0007731294117199327
2014-04-13,0.00023599046881543143,0.0,0.00011799523440771572
2014-04-14,-0.0007097440246104471,0.0,-0.00035487201230522357
2014-04-15,-0.005275752802426381,0.0,-0.0026378764012131906
2014-04-16,0.009656412152226566,0.0,0.004828206076113283
2014-04-17,0.003994230789939383,0.0,0.0019971153949696913
2014-04-20,-1.529069985013181e-05,0.0,-7.645349925065905e-06
2014-04-21,0.007837080134717874,0.0,0.003918540067358937
2014-04-22,0.0005585429994442977,0.0,0.00027927149972214885
2014-04-23,-0.007333874534120225,0.0,-0.0036669372670601126
2014-04-24,-0.0008550339978041729,0.0,-0.00042751699890208644
2014-04-25,-0.005156797654306711,0.0,-0.0025783988271533553
2014-04-27,0.00010266735385267631,-0.00014817263564553042,-2.2752640896427056e-05
2014-04-28,-0.002938049280478062,-0.0004,-0.0016690246402390311
2014-04-29,-0.0021425247740217562,-0.00137635611767598,-0.0017594404458488682
2014-04-30,-0.00024676352652282615,-0.00039999999999999996,-0.00032338176326141303
2014-05-01,0.007587074798709389,0.0,0.0037935373993546943
2014-05-02,0.003407537265594683,0.0,0.0017037686327973415
2014-05-04,8.692271010836835e-05,0.0,4.3461355054184176e-05
2014-05-05,-0.005286818403161646,0.0,-0.002643409201580823
2014-05-06,-0.006914213963991298,0.0,-0.003457106981995649
2014-05-07,-0.001327010273653333,0.0,-0.0006635051368266665
2014-05-08,0.0004644164321695233,0.0,0.00023220821608476165
2014-05-09,0.009262538170645733,0.0,0.004631269085322866
2014-05-11,0.00013878222886364727,0.0,6.939111443182364e-05
2014-05-12,0.015617748845688222,0.0,0.007808874422844111
2014-05-13,-0.0004537881008950008,0.0,-0.0002268940504475004
2014-05-14,0.001111182502046437,0.0,0.0005555912510232185
2014-05-15,0.005823423636873553,0.0,0.0029117118184367767
2014-05-16,0.0010895862210910717,0.0,0.0005447931105455358
2014-05-18,0.00017291645945285476,0.0,8.645822972642738e-05
2014-05-19,0.0017425961100993122,0.0,0.0008712980550496561
2014-05-20,-0.0016926192695880958,0.0,-0.0008463096347940479
2014-05-21,0.00014796024401044936,0.0,7.398012200522468e-05
2014-05-22,0.002697430476941108,0.0,0.001348715238470554
2014-05-23,0.005073418642175257,0.0,0.0025367093210876285
2014-05-25,0.00019035681715338056,0.0,9.517840857669028e-05
2014-05-26,0.0007609733301760436,0.0,0.0003804866650880218
2014-05-27,0.008676753595400703,0.0,0.004338376797700352
2014-05-28,0.0022043738827068242,0.0,0.0011021869413534121
2014-05-29,0.0020058580602307923,0.0,0.0010029290301153961
2014-05-30,0.002593279377318048,0.0,0.001296639688659024
2014-06-01,-0.0008683752946670863,0.0,-0.00043418764733354316
2014-06-02,0.005323170412514018,0.0,0.002661585206257009
2014-06-03,0.0022456650743156174,0.0,0.0011228325371578087
2014-06-04,0.0008054609117755969,0.0,0.00040273045588779845
2014-06-05,0.0017361578176585254,0.0,0.0008680789088292627
2014-06-06,0.0010713375838736165,0.0,0.0005356687919368082
2014-06-08,-0.0017712757145297204,0.0,-0.0008856378572648602
2014-06-09,0.002677750367107421,0.0,0.0013388751835537104
2014-06-10,0.005310289904466289,0.0,0.0026551449522331447
2014-06-11,0.0015367375541531212,0.0,0.0007683687770765606
2014-06-12,-0.006992139425616647,0.0,-0.0034960697128083233
2014-06-13,0.0010195335420749001,0.0,0.0005097667710374501
2014-06-15,0.00025827116606850175,0.0,0.00012913558303425087
2014-06-16,0.005669115809086074,0.0,0.002834557904543037
2014-06-17,0.003911785352619813,0.0,0.0019558926763099064
2014-06-18,0.0011614639812926875,0.0,0.0005807319906463437
2014-06-19,-0.00748729441976847,0.0,-0.003743647209884235
2014-06-20,0.0021748519833931146,0.0,0.0010874259916965573
2014-06-22,0.00011539153074512524,0.0,5.769576537256262e-05
2014-06-23,0.004154669075692742,0.0,0.002077334537846371
2014-06-24,0.005301739802282636,0.0,0.002650869901141318
2014-06-25,0.0031791401226312294,0.0,0.0015895700613156147
2014-06-26,-0.004257840085798361,0.0,-0.0021289200428991806
2014-06-27,-0.0005037180206556971,0.0,-0.00025185901032784855
2014-06-29,-0.0005285959989937577,0.0,-0.00026429799949687885
2014-06-30,0.012186639549152995,0.0,0.006093319774576497
2014-07-01,0.006805981024511749,0.0,0.0034029905122558747
2014-07-02,0.0005286339512662142,0.0,0.0002643169756331071
2014-07-03,0.007070038266301967,0.0,0.0035350191331509837
2014-07-04,0.0036110040455143762,0.0,0.0018055020227571881
2014-07-06,-0.00044141209216406205,0.0,-0.00022070604608203102
2014-07-07,0.0020410266870723227,0.0,0.0010205133435361613
2014-07-08,-0.004168546300934688,0.0,-0.002084273150467344
2014-07-09,0.001953556694949668,0.0,0.000976778347474834
2014-07-10,0.0010342381629974188,0.0,0.0005171190814987094
2014-07-11,0.005675442925172299,0.0,0.0028377214625861496
2014-07-13,0.00047021100172146347,0.0,0.00023510550086073173
2014-07-14,0.004988354684735444,0.0,0.002494177342367722
2014-07-15,-0.0030598014802237674,0.0,-0.0015299007401118837
2014-07-16,0.0022470884948478723,0.0,0.0011235442474239361
2014-07-17,-0.009068347098265102,0.0,-0.004534173549132551
2014-07-18,0.012138830512464562,0.0,0.006069415256232281
2014-07-20,-0.00046763286857694555,0.0,-0.00023381643428847278
2014-07-21,0.00529819491632344,0.0,0.00264909745816172
2014-07-22,0.00775350586142816,0.0,0.00387675293071408
2014-07-23,0.002121723583670595,0.0,0.0010608617918352976
2014-07-24,0.003751572130180818,0.0,0.001875786065090409
2014-07-25,-0.0006898779632085767,0.0,-0.00034493898160428834
2014-07-27,-0.0017903480306659162,0.0,-0.0008951740153329581
2014-07-28,-0.0020579809184990655,0.0,-0.0010289904592495327
2014-07-29,0.006446608500121305,0.0,0.0032233042500606525
2014-07-30,0.0012245801801067952,0.0,0.0006122900900533976
2014-07-31,0.002940034152032416,0.0,0.001470017076016208
2014-08-01,-0.00016138487598443021,0.0,-8.069243799221511e-05
2014-08-03,-0.0010709868301111965,0.0,-0.0005354934150555982
2014-08-04,-0.00133262485752758,0.0,-0.00066631242876379
2014-08-05,-0.0007204078182032758,0.0,-0.0003602039091016379
2014-08-06,-0.021500440934709448,0.0,-0.010750220467354724
2014-08-07,0.003193548667136045,0.0,0.0015967743335680224
2014-08-08,0.006517009413685545,0.0,0.0032585047068427724
2014-08-10,0.0005407621405469173,0.0,0.00027038107027345864
2014-08-11,0.0034410472473539785,0.0,0.0017205236236769892
2014-08-12,-0.0023871526853182553,0.0,-0.0011935763426591276
2014-08-13,0.010080922067013581,0.0,0.005040461033506791
2014-08-14,-0.0024107798419513104,0.0,-0.0012053899209756552
2014-08-15,-0.0012008033433108267,0.0,-0.0006004016716554133
2014-08-17,-3.550434063394584e-05,0.0,-1.775217031697292e-05
2014-08-18,0.002385905268616856,0.0,0.001192952634308428
2014-08-19,0.0048886589898871225,0.0,0.0024443294949435613
2014-08-20,0.010677772904852225,0.0,0.005338886452426112
2014-08-21,0.00101932802893663,0.0,0.000509664014468315
2014-08-22,0.0011959993532842667,0.0,0.0005979996766421334
2014-08-25,0.004328069767610125,0.0,0.0021640348838050626
2014-08-26,0.0005756406824558107,0.0,0.00028782034122790535
2014-08-27,-0.0013409469007721361,0.0,-0.0006704734503860681
2014-08-28,-0.0021519433220077884,0.0,-0.0010759716610038942
2014-08-29,0.0009185420846338989,0.0,0.00045927104231694945
2014-08-31,-1.1668485976157037e-05,0.0,-5.834242988078519e-06
2014-09-01,-0.00022465129597979883,0.0,-0.00011232564798989942
2014-09-02,0.00444814762772648,0.0,0.00222407381386324
2014-09-03,0.0029877939666671186,0.0,0.0014938969833335593
2014-09-04,0.0045377682544351676,0.0,0.0022688841272175838
2014-09-05,-0.0031987360451571447,0.0,-0.0015993680225785724
2014-09-07,0.00011915998830838713,0.0,5.9579994154193565e-05
2014-09-08,0.006203253962675641,0.0,0.0031016269813378206
2014-09-09,0.00024455005889195203,0.0,0.00012227502944597602
2014-09-10,0.001765743536111945,0.0,0.0008828717680559725
2014-09-11,0.0017371046080735765,0.0,0.0008685523040367882
2014-09-12,-0.0014842751168781497,0.0,-0.0007421375584390748
2014-09-14,-0.00011427542367681307,0.0,-5.713771183840654e-05
2014-09-15,-0.00357793924813321,0.0,-0.001788969624066605
2014-09-16,0.0020303858247166036,0.0,0.0010151929123583018
2014-09-17,0.0028318359509149483,0.0,0.0014159179754574742
2014-09-18,0.003871722520792863,0.0,0.0019358612603964315
2014-09-19,0.00195120458724569,0.0,0.000975602293622845
2014-09-21,-1.2690051706365959e-05,0.0,-6.345025853182979e-06
2014-09-22,-0.004073639645487777,0.0,-0.0020368198227438887
2014-09-23,0.0009071631289832853,0.0,0.00045358156449164266
2014-09-24,0.0013125748546212858,0.0,0.0006562874273106429
2014-09-25,-0.005730548972691663,0.0,-0.0028652744863458313
2014-09-26,0.005122226310996885,0.0,0.0025611131554984425
2014-09-28,3.0186747464161226e-05,0.0,1.5093373732080613e-05
2014-09-29,-0.0012907405523713935,0.0,-0.0006453702761856967
2014-09-30,0.0010489302959197162,0.0,0.0005244651479598581
2014-10-01,-0.007900381001082712,0.0,-0.003950190500541356
2014-10-02,-0.0013073759247766677,0.0,-0.0006536879623883339
2014-10-03,0.0046149876341259905,0.0,0.0023074938170629953
2014-10-05,1.2069793471869648e-05,0.0,6.034896735934824e-06
2014-10-06,-0.007010768922929145,0.0,-0.0035053844614645726
2014-10-07,-0.0061828538001855934,0.0,-0.0030914269000927967
2014-10-08,-0.0005705384423538454,0.0,-0.0002852692211769227
2014-10-09,-0.00467890058299032,0.0,-0.00233945029149516
2014-10-10,-0.00220022362422451,0.0,-0.001100111812112255
2014-10-12,1.1993759552413832e-05,0.0,5.996879776206916e-06
2014-10-13,-0.008963364483308416,0.0,-0.004481682241654208
2014-10-14,-0.005434674282963959,0.0,-0.0027173371414819796
2014-10-15,-0.003486395461476131,0.0,-0.0017431977307380655
2014-10-16,0.0010657063892617706,0.0,0.0005328531946308853
2014-10-17,0.00518773140126899,0.0,0.002593865700634495
2014-10-19,-3.351188195090641e-05,0.0,-1.6755940975453204e-05
2014-10-20,0.0012507968435621335,0.0,0.0006253984217810668
2014-10-21,0.001976931344685945,0.0,0.0009884656723429725
2014-10-22,0.0008814300037688235,0.0,0.00044071500188441173
2014-10-23,0.004026756498983567,0.0,0.0020133782494917837
2014-10-24,0.0016546704869107392,0.0,0.0008273352434553696
2014-10-26,-1.0523628441046226e-05,0.0,-5.261814220523113e-06
2014-10-27,-0.001650845090305025,0.0,-0.0008254225451525125
2014-10-28,0.0021111871285500144,0.0,0.0010555935642750072
2014-10-29,0.0036966596234971217,0.0,0.0018483298117485608
2014-10-30,0.0016321150514715418,0.0,0.0008160575257357709
2014-10-31,0.009138447500944726,0.0,0.004569223750472363
2014-11-02,-4.0413685620077775e-05,0.0,-2.0206842810038888e-05
2014-11-03,0.002110659249793274,0.0,0.001055329624896637
2014-11-04,0.0006138613693768771,0.0,0.00030693068468843856
2014-11-05,0.0017479937994238856,0.0,0.0008739968997119428
2014-11-06,0.0017183570454655961,0.0,0.0008591785227327981
2014-11-07,-0.004894522816022773,0.0,-0.0024472614080113865
2014-11-09,1.2103866477118077e-05,0.0,6.0519332385590385e-06
2014-11-10,0.004023860495618974,0.0,0.002011930247809487
2014-11-11,-0.0014187260984248494,0.0,-0.0007093630492124247
2014-11-12,-0.0009063945562881793,0.0,-0.00045319727814408965
2014-11-13,-0.004280609503403625,0.0,-0.0021403047517018123
2014-11-14,-0.0015905737552183994,0.0,-0.0007952868776091997
2014-11-16,0.00021470913571728425,0.0,0.00010735456785864212
2014-11-17,-0.00017490137758261647,0.0,-8.745068879130824e-05
2014-11-18,0.0005758218807245357,0.0,0.00028791094036226787
2014-11-19,0.002122523434549998,0.0,0.001061261717274999
2014-11-20,-0.002454135166000933,0.0,-0.0012270675830004666
2014-11-21,0.0008342818525000719,0.0,0.00041714092625003596
2014-11-23,4.0486996860004775e-06,0.0,2.0243498430002388e-06
2014-11-24,0.000355840637476658,0.0,0.000177920318738329
2014-11-25,-0.0025044554266834447,0.0,-0.0012522277133417224
2014-11-26,-0.0006040195469945552,0.0,-0.0003020097734972776
2014-11-27,-0.0012068203742506079,0.0,-0.0006034101871253039
2014-11-28,-0.003025167638777264,0.0,-0.001512583819388632
2014-11-30,-0.0004929098261320132,0.0,-0.0002464549130660066
2014-12-01,-0.0029836883409765907,0.0,-0.0014918441704882953
2014-12-02,0.006762428012759794,0.0,0.003381214006379897
2014-12-03,0.0013679864583075463,0.0,0.0006839932291537731
2014-12-04,-0.0021372638097719616,0.0,-0.0010686319048859808
2014-12-05,0.003729405253465971,0.0,0.0018647026267329856
2014-12-07,-5.057706893340687e-05,0.0,-2.5288534466703434e-05
2014-12-08,-0.0030883118129543443,0.0,-0.0015441559064771722
2014-12-09,-0.0010610910571359417,0.0,-0.0005305455285679709
2014-12-10,-0.0064848661455639296,0.0,-0.0032424330727819648
2014-12-11,0.0001353712130977814,0.0,6.76856065488907e-05
2014-12-12,-0.013576971040730215,0.0,-0.006788485520365107
2014-12-14,1.6685737448783236e-05,0.0,8.342868724391618e-06
2014-12-15,0.0010474871831577227,0.0,0.0005237435915788613
2014-12-16,-0.004326251445506842,0.0,-0.002163125722753421
2014-12-17,0.0017258449603382363,0.0,0.0008629224801691181
2014-12-18,0.009534136119590975,0.0,0.004767068059795487
2014-12-19,0.006903919908276057,0.0,0.0034519599541380287
2014-12-21,0.00022887238066581799,0.0,0.00011443619033290899
2014-12-22,0.0008435946194379576,0.0,0.0004217973097189788
2014-12-23,-0.0017048571156393392,0.0,-0.0008524285578196696
2014-12-24,0.00621887852557583,0.0,0.003109439262787915
2014-12-25,4.880724639325516e-05,0.0,2.440362319662758e-05
2014-12-26,0.0009834144877987176,0.0,0.0004917072438993588
2014-12-28,-0.001225238056372465,0.0,-0.0006126190281862325
2014-12-29,-0.005627694549335608,0.0,-0.002813847274667804
2014-12-30,0.0021021896150446493,0.0,0.0010510948075223246
2014-12-31,0.00637868053810397,0.0,0.003189340269051985
2015-01-01,-0.0017315232503784268,0.0,-0.0008657616251892134
2015-01-02,-0.00013911741706414214,0.0,-6.955870853207107e-05
2015-01-04,-0.0009326530552799715,0.0,-0.0004663265276399858
2015-01-05,-0.016320004843746315,0.0,-0.008160002421873157
2015-01-06,-0.0054881969443721715,0.0,-0.0027440984721860857
2015-01-07,0.004705273759247504,0.0,0.002352636879623752
2015-01-08,0.0084357238190048,0.0,0.0042178619095024
2015-01-09,-0.0014714212016613574,0.0,-0.0007357106008306787
2015-01-11,1.6256901729900803e-05,0.0,8.128450864950401e-06
2015-01-12,-0.0017409077998142633,0.0,-0.0008704538999071317
2015-01-13,0.005735867412223138,0.0,0.002867933706111569
2015-01-14,-0.0006763672620592302,0.0,-0.0003381836310296151
2015-01-15,-2.591873732913025e-05,0.0,-1.2959368664565126e-05
2015-01-16,-0.0010510556286512168,0.0,-0.0005255278143256084
2015-01-18,0.0012779446949515313,0.0,0.0006389723474757656
2015-01-19,-8.309185987928202e-06,0.0,-4.154592993964101e-06
2015-01-20,-0.0015863202273481013,0.0,-0.0007931601136740506
2015-01-21,0.001605300430814146,0.0,0.000802650215407073
2015-01-22,0.0035140387697240086,0.0,0.0017570193848620043
2015-01-23,0.0009474758065676343,0.0,0.00047373790328381716
2015-01-25,-0.0008819356767771809,0.0,-0.00044096783838859044
2015-01-26,0.0028586300119214578,0.0,0.0014293150059607289
2015-01-27,-0.0033986609872688448,0.0,-0.0016993304936344224
2015-01-28,0.004681596168818959,0.0,0.0023407980844094797
2015-01-29,0.002972722846075769,0.0,0.0014863614230378845
2015-01-30,-0.0017649738390381516,0.0,-0.0008824869195190758
2015-02-01,0.0008431254370782677,-0.0015760838613940468,-0.0003664792121578896
2015-02-02,0.0011388857295199929,-0.0004,0.00036944286475999646
2015-02-03,-0.007272418633400515,0.0,-0.0036362093167002577
2015-02-04,0.006332034650475463,0.0036679920388207896,0.005000013344648126
2015-02-05,-0.004313282887852819,-0.009429743956251376,-0.006871513422052097
2015-02-06,-0.0011121331665235007,8.446856234638932e-05,-0.0005138323020885557
2015-02-08,-0.0003258576325498887,0.0003434935103290076,8.817938889559463e-06
2015-02-09,-0.0036767476726041744,-0.0004,-0.002038373836302087
2015-02-10,0.00483616729455973,0.00641001037750659,0.005623088836033159
2015-02-11,0.0017123557765643526,0.003959420668477873,0.0028358882225211126
2015-02-12,0.005632963857161691,-0.0104396419509586,-0.0024033390468984543
2015-02-13,-0.0035811546209647376,-0.008740505330629698,-0.006160829975797218
2015-02-15,-0.0008097326158726332,0.0010898437272189986,0.0001400555556731827
2015-02-16,0.0028406299387302033,-0.0004000000000000001,0.0012203149693651015
2015-02-17,-0.009900987694828074,-0.006060658201791266,-0.007980822948309669
2015-02-18,0.013550478248671179,0.005736934504041424,0.009643706376356302
2015-02-19,-0.001441966743039887,0.0019079706098213641,0.00023300193339073855
2015-02-20,0.0014124296757746628,0.0022650270275027125,0.0018387283516386878
2015-02-22,0.0001961704718897312,-0.0003041960757735836,-5.4012801941926206e-05
2015-02-23,0.009057691476876873,-0.0004,0.004328845738438437
2015-02-24,0.004238415801657144,-0.0012810807380251102,0.001478667531816017
2015-02-25,-0.0008384712042951248,-0.002567030993288479,-0.0017027510987918017
2015-02-26,-0.0019101759258583946,0.0018094501152986454,-5.0362905279874586e-05
2015-02-27,-0.0032336929521919913,-0.0004483739170918535,-0.0018410334346419224
2015-03-01,0.00041885760488768087,-0.0006630172739956162,-0.0001220798345539677
2015-03-02,0.002287894363419706,-0.0003999999999999999,0.0009439471817098531
2015-03-03,-0.005194246187229929,-0.0025204960070441154,-0.0038573710971370224
2015-03-04,0.0027629537616923085,0.00502164727733998,0.003892300519516144
2015-03-05,0.008859543501572566,0.010981316097951154,0.009920429799761859
2015-03-06,-0.0020386224552442216,0.0043086304130806425,0.0011350039789182105
2015-03-08,-0.0011413049191201974,0.0018285882658710857,0.00034364167337544416
2015-03-09,-0.001903319222147725,-0.00039999999999999986,-0.0011516596110738625
2015-03-10,0.0027411426660440188,0.0038446596740244737,0.0032929011700342462
2015-03-11,-0.003655000635552759,0.0060717729490844365,0.0012083861567658387
2015-03-12,0.005880853902878102,0.0003810361385157384,0.0031309450206969203
2015-03-13,0.009442316892914682,0.009688241661646071,0.009565279277280377
2015-03-15,-0.0002351589063478371,0.0004934140887515555,0.0001291275912018592
2015-03-16,-0.0016052600446114173,-0.0004000000000000001,-0.0010026300223057087
2015-03-17,0.007268927813135375,0.004487388087156115,0.005878157950145745
2015-03-18,0.0024804360943372007,-0.002525184836702744,-2.237437118277172e-05
2015-03-19,0.00032733984900321523,0.002670073587033012,0.0014987067180181135
2015-03-20,-0.010937075489064755,-0.01441238537118529,-0.012674730430125023
2015-03-22,0.0032389437105941952,-0.005099515382530906,-0.0009302858359683554
2015-03-23,-0.004304542072664264,-0.007383476240809627,-0.005844009156736945
2015-03-24,0.004332520481047871,0.00038025946082088355,0.002356389970934377
2015-03-25,-0.006695147613175834,-0.012035282757086943,-0.009365215185131389
2015-03-26,-0.003966546415486672,-0.00404805263976326,-0.004007299527624965
2015-03-27,0.012866812339254175,0.010851169552132367,0.01185899094569327
2015-03-29,-0.0007159863442542724,0.0013411400917688104,0.000312576873757269
2015-03-30,-0.006197381094531769,0.0030021312811385754,-0.0015976249066965967
2015-03-31,0.004227275398403932,0.006087263246327516,0.005157269322365724
2015-04-01,-0.0046940722741889524,-0.004792046668189074,-0.004743059471189013
2015-04-02,-0.0033549933573846667,-0.004392850656839222,-0.0038739220071119444
2015-04-05,-0.0001574482748115824,0.0003298253455638786,8.618853537614811e-05
2015-04-06,-0.007868028033723818,-0.008809706925363623,-0.00833886747954372
2015-04-07,0.004698668037984738,0.014153477129623445,0.009426072583804092
2015-04-08,0.005628983430265583,0.0028272030226028275,0.004228093226434205
2015-04-09,0.004697573915080938,0.005988881902315276,0.005343227908698107
2015-04-10,3.740691435191062e-05,-3.138945218563686e-05,3.0087310831368787e-06
2015-04-12,-8.829193821039639e-05,0.00028199338475358866,9.685072327159613e-05
2015-04-13,0.004380767891719436,0.003964224138460229,0.0041724960150898325
2015-04-14,0.00044645658704632434,-0.0035930868457532622,-0.001573315129353469
2015-04-15,-0.002277077406274558,-0.0020983345635145322,-0.002187705984894545
2015-04-16,-0.001685148530999879,-0.001333733470882931,-0.0015094410009414052
2015-04-17,-0.0016048334860309789,-0.006827229292145027,-0.0042160313890880026
2015-04-19,4.0217261389205424e-05,-0.0006030614935236152,-0.00028142211606720487
2015-04-20,-0.0007925817676344795,0.0029967723132086517,0.001102095272787086
2015-04-21,-0.0019184110503260106,0.0017388145444128629,-8.979825295657386e-05
2015-04-22,-0.0010945905439575221,-0.003961241345538105,-0.0025279159447478133
2015-04-23,-0.0024721650893270394,0.000303170671090802,-0.0010844972091181187
2015-04-24,0.011083493760166046,0.00700419686991308,0.009043845315039562
2015-04-26,1.2336768527079923e-06,-0.0001760714170771543,-8.741887011222315e-05
2015-04-27,-0.0023926689945610994,-0.00027972544354270146,-0.0013361972190519004
2015-04-28,-0.00655744422524296,-0.008561250437524372,-0.007559347331383666
2015-04-29,-0.010124900010536305,-0.008895958405482967,-0.009510429208009636
2015-04-30,0.001288905331507736,-0.00016127480001355685,0.0005638152657470897
2015-05-01,0.004153225034309963,0.0007953931847916265,0.0024743091095507947
2015-05-03,3.460234962642453e-07,0.0005501456890047216,0.0002752458562504929
2015-05-04,-0.003596270508599459,-0.0005203130688580211,-0.00205829178872874
2015-05-05,-0.006251120302877526,-0.008035029102174625,-0.007143074702526076
2015-05-06,-0.005851906174983818,-0.009535902878839075,-0.0076939045269114464
2015-05-07,0.008606070382659531,0.009412548640565583,0.009009309511612558
2015-05-08,0.0013200212152801047,0.0044030282100097,0.0028615247126449026
2015-05-10,-2.683752372543752e-05,-5.036293104197098e-06,-1.5936908414817308e-05
2015-05-11,-0.011250077709753933,-0.006676537796527474,-0.008963307753140703
2015-05-12,0.004665332104272824,-0.0005931110745653465,0.002036110514853739
2015-05-13,-0.0038853644240645067,-0.00720041700339853,-0.005542890713731518
2015-05-14,-0.006427269245560117,-0.0001241073312851054,-0.003275688288422611
2015-05-15,0.00725281748363645,0.006473842007174214,0.0068633297454053326
2015-05-17,-2.8481312057399178e-05,-1.0313276984878489e-05,-1.9397294521138832e-05
2015-05-18,-0.0067004760910784125,-0.0018449596455730882,-0.00427271786832575
2015-05-19,0.008866454911192886,0.00914442172172831,0.009005438316460598
2015-05-20,0.003152939382860276,0.005418407682961508,0.004285673532910892
2015-05-21,3.6992485466088025e-05,-0.0012162431069396103,-0.0005896253107367611
2015-05-22,0.004948674771199475,0.005154220400570708,0.005051447585885091
2015-05-24,0.001924555576499805,0.0012658064549277723,0.0015951810157137885
2015-05-25,0.0008458123354034259,0.00034273443387760016,0.000594273384640513
2015-05-26,0.01006873068793931,0.01276722328933808,0.011417976988638695
2015-05-27,0.0076065046675469995,0.008242425855650787,0.007924465261598894
2015-05-28,0.0014699743227029004,0.0012962411754418681,0.0013831077490723842
2015-05-29,-0.004495293616544329,-0.002107627438080697,-0.003301460527312513
2015-05-31,0.0021859478294160937,0.001328365111078989,0.0017571564702475414
2015-06-01,-0.006052612684966019,-0.0023299095554820915,-0.0041912611202240555
2015-06-02,-0.020357757692327276,-0.01650309728561631,-0.018430427488971793
2015-06-03,-0.004985450181986823,-0.005380096223096109,-0.005182773202541466
2015-06-04,0.0019753128064302584,-0.0004749063874819035,0.0007502032094741774
2015-06-05,-0.002995528091661387,-8.272702583031744e-05,-0.0015391275587458523
2015-06-07,-0.000161097464737233,-0.00011843314731401448,-0.00013976530602562376
2015-06-08,-0.005188700284506385,-0.0073625221084912765,-0.006275611196498831
2015-06-09,-0.0076934734948706125,-0.004784864323823088,-0.00623916890934685
2015-06-10,-0.000800945559540383,-0.0028385280465933233,-0.0018197368030668532
2015-06-11,0.017687877501251267,0.009786176581987474,0.01373702704161937
2015-06-12,0.0021443774358720887,0.0004554619999916588,0.0012999197179318737
2015-06-14,1.829306977828316e-05,2.138818331338521e-05,1.9840626545834183e-05
2015-06-15,-0.0002549878287287923,0.0024232610682468586,0.001084136619759033
2015-06-16,0.0001435263672697527,-0.00014572958423608522,-1.1016084831662668e-06
2015-06-17,-0.0019128324643691327,-0.001350268230228957,-0.0016315503472990448
2015-06-18,0.0034032064521924902,0.0008943238167592675,0.0021487651344758787
2015-06-19,0.007245254737536612,0.005550258734293387,0.006397756735915
2015-06-21,8.225007715176081e-06,1.2610587258539614e-05,1.0417797486857847e-05
2015-06-22,-0.008883805426436787,-0.0021458955340522496,-0.005514850480244518
2015-06-23,-0.010242389689036508,-0.0027622222439905933,-0.0065023059665135505
2015-06-24,0.0005895791141965679,4.012785201406309e-05,0.0003148534831053155
2015-06-25,-0.00415043165837003,-0.0051077000486502485,-0.004629065853510139
2015-06-26,-0.01096239523076285,-0.00656001001328744,-0.008761202622025146
2015-06-28,-0.0007202314315937272,-0.0004914509210136576,-0.0006058411763036924
2015-06-29,-0.0020369544408496334,-0.004181674321726737,-0.0031093143812881852
2015-06-30,-0.020220083748095273,-0.01261567766023567,-0.016417880704165472
2015-07-01,0.006926166140929438,0.0033099133338887875,0.0051180397374091125
2015-07-02,0.0018004567546437158,0.004253495592986979,0.0030269761738153473
2015-07-03,0.0014824162255403092,0.0011759722717884352,0.0013291942486643722
2015-07-05,0.002494154782459299,0.0020200379872760085,0.0022570963848676535
2015-07-06,0.011030254181639273,0.006632681082807618,0.008831467632223446
2015-07-07,0.01029359531339637,0.009228914774968825,0.009761255044182598
2015-07-08,-0.001122391707506497,4.9109420590096185e-05,-0.0005366411434582003
2015-07-09,-0.012083895142927818,-0.011584912654422214,-0.011834403898675017
2015-07-10,0.001425482927608891,-0.003787728989002234,-0.0011811230306966714
2015-07-12,0.00023911723638000342,0.00022167825329135659,0.00023039774483568
2015-07-13,0.003209568774882222,0.007538315880988054,0.005373942327935138
2015-07-14,0.007509866137821731,0.00013354909297398263,0.003821707615397857
2015-07-15,0.004140610064100411,0.004604877524032816,0.004372743794066613
2015-07-16,0.006067613593207474,0.0034055666397829272,0.0047365901164952
2015-07-17,0.009203233265940873,0.003808090998542039,0.006505662132241456
2015-07-19,-0.00021669447202070968,-0.00017175126338158232,-0.00019422286770114599
2015-07-20,0.010717885956175446,0.0012851464076998496,0.006001516181937647
2015-07-21,0.0010375822474102373,0.0014387221637262757,0.0012381522055682566
2015-07-22,0.0009290237657144087,0.0009278189894813394,0.000928421377597874
2015-07-23,0.004421055510261303,0.003875249076958593,0.0041481522936099476
2015-07-24,0.0006254699703315068,-0.005299307134530491,-0.002336918582099492
2015-07-26,0.00026954077541167294,0.00018188635015365076,0.00022571356278266183
2015-07-27,0.011729068438201533,-0.0020474609818466115,0.0048408037281774605
2015-07-28,-0.0015357450914771414,-0.0020265266335798377,-0.0017811358625284897
2015-07-29,0.002755757012361696,-0.001356764821229454,0.0006994960955661211
2015-07-30,0.0020620182294164,0.0030682541347268077,0.002565136182071604
2015-07-31,0.0051445555763331525,0.008231708962865587,0.00668813226959937
2015-08-02,-0.0004865332762294882,-0.00031022992117274483,-0.0003983815987011165
2015-08-03,0.0006622978113206975,0.006644363402239788,0.0036533306067802426
2015-08-04,-0.004199449799891698,-0.007610729518704867,-0.005905089659298283
2015-08-05,-0.0007468045553738498,-0.0003846315196003902,-0.00056571803748712
2015-08-06,-0.0027891203551152844,-0.0011445125770773537,-0.0019668164660963192
2015-08-07,-0.005090478565359683,-0.00474757668407663,-0.004919027624718157
2015-08-09,0.0015791454601490251,0.0009585422354576913,0.0012688438478033583
2015-08-10,-0.010429778255270325,-0.012862655454992778,-0.011646216855131552
2015-08-11,0.00800823140956823,0.005473727635547491,0.00674097952255786
2015-08-12,0.014333011121284865,0.002308220786945367,0.008320615954115117
2015-08-13,-0.0058323233267238124,-0.00393010518981653,-0.004881214258270171
2015-08-14,0.0036628107127047575,0.0009098455004748823,0.00228632810658982
2015-08-16,0.0003127745077996446,0.0001673263842968138,0.0002400504460482292
2015-08-17,0.002694904811036805,0.006448625128711778,0.004571764969874291
2015-08-18,0.003558630775918191,-0.0013248361417243367,0.0011168973170969272
2015-08-19,-0.001544264425061363,0.004305654776895236,0.0013806951759169368
2015-08-20,-0.01395404669934851,-0.01155036311083177,-0.012752204905090141
2015-08-21,-0.01970732393321595,-0.012169888335081876,-0.015938606134148915
2015-08-23,0.0007853725362467241,0.00032531904664309056,0.0005553457914449073
2015-08-24,-0.005348363332764967,0.0018144701777739216,-0.0017669465774955225
2015-08-25,-0.0054064632229954565,-0.0022219625964416427,-0.0038142129097185496
2015-08-26,0.009745458556254636,0.0008086214097086406,0.005277039982981639
2015-08-27,0.0054449897353345674,-0.003369432147038949,0.0010377787941478092
2015-08-28,0.0022836328544738266,-0.003898020175151461,-0.0008071936603388172
2015-08-30,-1.697623675043766e-05,-1.086488662257927e-05,-1.3920561686508464e-05
2015-08-31,-0.0008702502559777616,-6.015132025763366e-05,-0.00046520078811769765
2015-09-01,0.0023935870820536278,0.0008594074158306453,0.0016264972489421366
2015-09-02,-0.0067057852821514104,0.0006899446654844656,-0.0030079203083334723
2015-09-03,0.003933773287704467,0.005841715084403249,0.0048877441860538575
2015-09-04,-0.006154213544094054,0.002784827591746947,-0.0016846929761735535
2015-09-06,0.003322531738835127,0.001683414006409621,0.0025029728726223737
2015-09-07,0.0027338566445180585,-0.002268912745198961,0.00023247194965954885
2015-09-08,-0.001469945387047191,-0.013586522462521119,-0.007528233924784155
2015-09-09,-0.005187574723831282,0.0038905457735305894,-0.0006485144751503461
2015-09-10,-0.002634163079645964,-0.008709341055891289,-0.005671752067768626
2015-09-11,-0.0006876344114982113,0.0014620465110582275,0.0003872060497800081
2015-09-13,0.000542731369552124,0.0002679560550253877,0.0004053437122887558
2015-09-14,-0.003939220797087955,-0.0019617151157782366,-0.002950467956433096
2015-09-15,-0.0007411153054536975,-0.009058882149428142,-0.00489999872744092
2015-09-16,0.0017618948572206022,-0.004849942793453952,-0.001544023968116675
2015-09-17,0.002498187335747797,0.0037565310728945376,0.0031273592043211673
2015-09-18,0.00666563855554254,0.009377048081144874,0.008021343318343708
2015-09-20,-0.0004465151232386328,-0.0003424006435839975,-0.00039445788341131515
2015-09-21,3.881729056940726e-05,-0.003234964732782651,-0.0015980737211066219
2015-09-22,-0.0024683849422060863,0.013801729475219614,0.005666672266506764
2015-09-23,-0.00121672076092522,-0.0008623375285380094,-0.0010395291447316147
2015-09-24,0.0014802756721321176,-0.0010451814191977564,0.0002175471264671806
2015-09-25,-0.002296237092448316,-0.003426141360512075,-0.0028611892264801954
2015-09-27,3.371028815964849e-05,-4.189361860160417e-06,1.4760463149744035e-05
2015-09-28,-0.0085690677581781,0.014398171886519132,0.002914552064170516
2015-09-29,0.00042845667027591037,0.003757230254109984,0.002092843462192947
2015-09-30,0.00226977104487898,-0.004990068386029186,-0.001360148670575103
2015-10-01,-0.002729578721687756,-0.0006703285796600877,-0.0016999536506739218
2015-10-02,0.010994274192906538,0.0022073781123583013,0.0066008261526324195
2015-10-04,-0.0021520109109101227,-0.0013048877896551553,-0.001728449350282639
2015-10-05,0.001596391535920616,-0.004469944341735398,-0.001436776402907391
2015-10-06,-0.004016538862359435,-0.006387153335065095,-0.005201846098712265
2015-10-07,-0.001375685509242474,-0.0049119429974542606,-0.0031438142533483674
2015-10-08,-0.0005666551955973204,0.0018030311152868936,0.0006181879598447866
2015-10-09,0.002571540133349635,-0.0014534514931858137,0.0005590443200819106
2015-10-11,-0.00047371398668838476,-0.00027799821956161753,-0.00037585610312500115
2015-10-12,0.005985011552857074,0.002300096062001932,0.004142553807429503
2015-10-13,0.0007927501002587094,-0.000558711865076711,0.00011701911759099917
2015-10-14,-0.006536733604532723,-0.004144890400377746,-0.005340812002455234
2015-10-15,0.009354553506542612,-0.0020827928034691076,0.003635880351536752
2015-10-16,0.006882510339182208,0.0007144028948053724,0.0037984566169937902
2015-10-18,9.50118095840668e-05,4.86752563436384e-05,7.18435329638526e-05
2015-10-19,0.008151571564005195,0.006037787098096559,0.007094679331050877
2015-10-20,-0.0024228449243776044,-0.00765549264845316,-0.005039168786415383
2015-10-21,0.0007169705976520503,0.0014726719036598135,0.001094821250655932
2015-10-22,0.013756657893881571,0.008398642476098435,0.011077650184990004
2015-10-23,0.009528643616437278,0.0008183849168170712,0.005173514266627174
2015-10-25,0.0024562446114788214,0.0011729218700752206,0.001814583240777021
2015-10-26,-0.009542063830039112,-0.004067405992725679,-0.0068047349113823955
2015-10-27,-0.0005876494385448484,-0.00042856358627648756,-0.000508106512410668
2015-10-28,0.0045866953226748955,-0.0016059808826949038,0.0014903572199899957
2015-10-29,-0.0021928020387113672,-0.0008945297443279307,-0.001543665891519649
2015-10-30,-0.00010568006300243066,-8.755523729279122e-06,-5.721779336585489e-05
2015-11-01,0.002893065226634267,0.00146609328976505,0.0021795792581996588
2015-11-02,-0.0017270957288004812,0.0022973746088964238,0.00028513944004797127
2015-11-03,-0.006859773842651594,-0.00037401312720303085,-0.003616893484927312
2015-11-04,0.003111183825620255,-0.00010034608783393318,0.0015054188688931609
2015-11-05,0.004341040199271113,0.004027514662513364,0.004184277430892239
2015-11-06,0.011442542690034587,0.011273337755551218,0.011357940222792903
2015-11-08,0.00020541402713772388,6.488421072279864e-06,0.00010595122410500188
2015-11-09,0.000984478591897851,0.003317961058316923,0.002151219825107387
2015-11-10,0.004763228214736836,0.0031228058003819003,0.003943017007559368
2015-11-11,0.0003008631542806328,-0.0010880966531178014,-0.00039361674941858427
2015-11-12,0.0029852641946628198,-0.001013848746921607,0.0009857077238706064
2015-11-13,-0.007069784686577394,-0.003206467134841245,-0.005138125910709319
2015-11-15,0.0002845236084582515,3.932806819015482e-05,0.00016192583832420318
2015-11-16,0.008881425789325605,-0.0008050364144896525,0.004038194687417976
2015-11-17,0.010357737764356957,0.005119586414531172,0.0077386620894440645
2015-11-18,0.0054293148446466,0.0030915173403551904,0.004260416092500895
2015-11-19,-0.0010147507571466245,-0.004301849913304224,-0.0026583003352254244
2015-11-20,0.0003261077719264652,0.0011736739625051533,0.0007498908672158093
2015-11-22,0.00263651806601329,0.0014958692459876236,0.0020661936560004567
2015-11-23,0.001980705958146971,-0.002583379593555904,-0.00030133681770446634
2015-11-24,-0.0056791514223273505,-0.004752969373254027,-0.005216060397790689
2015-11-25,-0.00018425978401361763,-0.0018642726518883744,-0.001024266217950996
2015-11-26,0.002479775695598204,0.001181161128309499,0.0018304684119538515
2015-11-27,0.004931698056123434,0.005288288536782751,0.005109993296453093
2015-11-29,0.001695525533163995,0.0009380941174811251,0.00131680982532256
2015-11-30,0.0011115401869774652,-0.004189881508371194,-0.0015391706606968643
2015-12-01,0.00522943249872188,-0.00029313149232513294,0.0024681505031983733
2015-12-02,0.0049945879142870245,0.002277184220483355,0.00363588606738519
2015-12-03,-0.015206708858682274,-0.01748698924159579,-0.016346849050139032
2015-12-04,0.010812189367310812,-0.004317157772363081,0.0032475157974738655
2015-12-06,-0.00013313900954412425,-0.0001339370520921825,-0.00013353803081815336
2015-12-07,0.0028007202678158494,0.011015629405713457,0.006908174836764653
2015-12-08,-0.005958710389192426,0.0024505441559774096,-0.0017540831166075084
2015-12-09,-0.012333740321773236,-0.0056582151760604426,-0.008995977748916839
2015-12-10,0.0025061662204744436,-0.0018190638673426804,0.0003435511765658816
2015-12-11,-0.009448367998491828,0.005328150608840031,-0.002060108694825899
2015-12-13,-0.00020059069626290324,-0.00018431683431289103,-0.00019245376528789714
2015-12-14,0.002706082559084231,-0.0049529759803829095,-0.0011234467106493392
2015-12-15,0.0038864592758917197,0.0019963484751228445,0.002941403875507282
2015-12-16,0.005331052663264051,-0.00032791716405750434,0.0025015677496032732
2015-12-17,0.010855803174497494,0.006098987850976586,0.008477395512737039
2015-12-18,-0.008816787412708528,-0.011380624158123563,-0.010098705785416046
2015-12-20,-0.0006221581192061849,-0.0006192124770400084,-0.0006206852981230967
2015-12-21,-0.0010440033052056148,0.0010685208114167,1.2258753105542572e-05
2015-12-22,0.0028424741922517586,0.0029041064405919137,0.0028732903164218363
2015-12-23,-0.0021654875375319055,8.634688820187274e-06,-0.0010784264243558592
2015-12-24,-0.004214886604227247,-0.003212421546470838,-0.0037136540753490424
2015-12-27,-7.393868080818921e-06,-5.085285828614459e-06,-6.239576954716689e-06
2015-12-28,0.0021798676750894113,0.006421245569535223,0.004300556622312317
2015-12-29,-0.0009995581734459978,-0.010726727107269001,-0.0058631426403575
2015-12-30,-0.001622659836417127,0.0008867378665383935,-0.00036796098493936674
2015-12-31,-0.002677405433622921,0.004424201241271851,0.0008733979038244649
2016-01-03,0.0003627174285737019,0.00026241409499062825,0.00031256576178216507
2016-01-04,-0.00839257335291691,0.0019732875935189434,-0.0032096428796989833
2016-01-05,0.0029191346885797356,0.00013291519183750142,0.0015260249402086186
2016-01-06,-9.235062737695848e-05,0.005750053868041483,0.0028288516203322624
2016-01-07,-0.009309198523139474,0.00562162840124827,-0.001843785060945602
2016-01-08,8.488459068023348e-05,0.004628527889872301,0.0023567062402762673
2016-01-10,0.00023268078486768566,0.00023242663764333233,0.000232553711255509
2016-01-11,0.00485658673574244,0.005605518218678029,0.005231052477210235
2016-01-12,0.007751965591368135,-0.0011577594131987107,0.003297103089084712
2016-01-13,-0.00366497606831293,0.00608534174084751,0.0012101828362672902
2016-01-14,0.004556641756065288,-0.0006757694409141649,0.0019404361575755614
2016-01-15,-0.006072417812835329,0.01227557964603522,0.0031015809165999457
2016-01-17,0.0008083694246987113,0.0007777222473188462,0.0007930458360087787
2016-01-18,0.0016663102843255007,-0.0002507205737891867,0.000707794855268157
2016-01-19,-0.001323888626015506,-0.0036858391805496154,-0.0025048639032825607
2016-01-20,0.0023308976947502592,0.005616877842021573,0.003973887768385916
2016-01-21,-0.0007610149194918641,-0.0032228220177319055,-0.001991918468611885
2016-01-22,0.0023825694600167163,-0.011352745098025085,-0.004485087819004184
2016-01-24,-0.0003637663192448734,-0.0003280947701169213,-0.0003459305446808973
2016-01-25,-0.0017927760087947428,-0.001148266581913857,-0.0014705212953542999
2016-01-26,-0.0010564523900489149,-0.004270495436106568,-0.0026634739130777414
2016-01-27,-0.0029035559382452228,0.002066075893777242,-0.0004187400222339904
2016-01-28,-0.002334296286082449,0.0023781357798814675,2.1919746899509273e-05
2016-01-29,0.016115013548622204,-0.009072961207311351,0.0035210261706554264
2016-01-31,-1.5698790039071664e-05,-0.00010403977375185058,-5.986928189546112e-05
2016-02-01,-0.001037378745088983,-0.002939136381691118,-0.0019882575633900505
2016-02-02,-2.7091041259551902e-06,0.01054071261601089,0.005269001755942468
2016-02-03,-0.016107287130576978,-0.004545030106045591,-0.010326158618311284
2016-02-04,-0.005699057404071301,0.0013443426100455417,-0.0021773573970128796
2016-02-05,0.0004832090839728294,0.006019596228161259,0.0032514026560670445
2016-02-07,0.0014513576768040153,0.0010897032354520028,0.001270530456128009
2016-02-08,0.0018893080658096812,0.015551713467716206,0.008720510766762944
2016-02-09,-0.00023642766847716408,0.00446338072967831,0.002113476530600573
2016-02-10,0.0032135523097994246,0.005368445532561006,0.004290998921180215
2016-02-11,-0.000777975619149195,0.0017196925319428904,0.0004708584563968477
2016-02-12,0.0013953577335840714,-0.014398477389274557,-0.0065015598278452425
2016-02-14,-0.00034012792575352805,-0.00025808957402967663,-0.00029910874989160234
2016-02-15,0.005362800987400954,-0.01052674224268234,-0.002581970627640693
2016-02-16,0.0041914651801772,-0.002520110655900514,0.0008356772621383429
2016-02-17,-0.0005104984075694042,-0.010389097492927376,-0.00544979795024839
2016-02-18,0.001201497471089141,0.0063084516137392015,0.003754974542414171
2016-02-19,-0.0018887881337177593,-0.0012267528744917405,-0.00155777050410475
2016-02-21,0.00014400009967337253,6.181126846938273e-05,0.00010290568407137763
2016-02-22,0.00872233662659824,-0.004965980543684899,0.00187817804145667
2016-02-23,0.0005526493114254185,0.014913210934682812,0.007732930123054115
2016-02-24,0.0022072742252136086,0.0013632747742026055,0.001785274499708107
2016-02-25,0.007241839018380802,0.00352399452573418,0.005382916772057491
2016-02-26,0.0022754828858837493,-0.005923373295946002,-0.0018239452050311264
2016-02-28,-0.002093164815144578,-0.0012040752197674148,-0.0016486200174559962
2016-02-29,-0.002383431573209846,0.00861346226328721,0.003115015345038682
2016-03-01,-0.0006950399074928906,-0.01656524789944116,-0.008630143903467025
2016-03-02,-0.006029804261333448,-0.005166251064788569,-0.005598027663061008
2016-03-03,-0.004837933632777588,-0.0026479153041283872,-0.0037429244684529877
2016-03-04,-0.012389617166164145,-0.017043116636975414,-0.014716366901569779
2016-03-06,-0.0008563881476782327,-0.0006051115286791572,-0.000730749838178695
2016-03-07,-0.006598895343278593,-0.004396723789007322,-0.005497809566142957
2016-03-08,0.007527578572288305,0.008108746500229904,0.007818162536259105
2016-03-09,-0.003332892671837789,-0.009189063680913035,-0.006260978176375412
2016-03-10,-0.01290444133338842,-0.007108406219686056,-0.010006423776537238
2016-03-11,0.0011738048832266618,-0.014703064455599884,-0.006764629786186611
2016-03-13,2.713634126539829e-05,-0.0002895554395889525,-0.0001312095491617771
2016-03-14,0.005594133956294286,-0.0003205890387183829,0.0026367724587879515
2016-03-15,0.0012573742527119602,0.0032796119505164607,0.0022684931016142104
2016-03-16,-0.004188626486182845,-0.002230943482708338,-0.0032097849844455913
2016-03-17,-0.008257348064139174,-0.0027541812112328737,-0.005505764637686024
2016-03-18,0.005534025979461408,0.003469425716835594,0.004501725848148501
2016-03-20,0.002091163669275226,0.0014498813658333533,0.0017705225175542896
2016-03-21,0.0022833725025247715,-0.006552854640863335,-0.0021347410691692817
2016-03-22,0.003834694781570905,-0.0009726525927115203,0.0014310210944296921
2016-03-23,0.008423597404650656,0.00790200778853951,0.008162802596595083
2016-03-24,0.004445460012073936,1.91352172255075e-05,0.0022322976146497216
2016-03-27,-0.0005498218496510181,-0.0004300059611238061,-0.0004899139053874121
2016-03-28,0.0021630531589395107,0.0009155945205552418,0.0015393238397473762
2016-03-29,0.0004088976418946172,0.001010130071218215,0.0007095138565564161
2016-03-30,-0.0024059182930830448,2.6449694892980712e-05,-0.001189734299095032
2016-03-31,0.0026307078528881467,0.02013339540968094,0.011382051631284543
2016-04-01,0.006326205393776046,-0.0004516231392528028,0.0029372911272616217
2016-04-03,0.0021705559599197195,0.0016478203227700166,0.0019091881413448681
2016-04-04,4.064257207110031e-05,0.0026476164978128623,0.0013441295349419812
2016-04-05,-0.004122054512912363,0.00842108231280636,0.002149513899946999
2016-04-06,0.0010218234528985024,-0.003998321844360219,-0.0014882491957308583
2016-04-07,-0.00027484520983005184,0.011377192105245171,0.00555117344770756
2016-04-08,-0.002738996430410736,-0.0024980229623040016,-0.002618509696357369
2016-04-10,-0.000511119477719714,-0.0005072405999322883,-0.0005091800388260011
2016-04-11,-0.0024385840239990785,0.0010610495924262828,-0.0006887672157863978
2016-04-12,0.001880925777113863,-0.014014020610940054,-0.0060665474169130955
2016-04-13,0.014205996000556671,-0.004064385774849586,0.005070805112853543
2016-04-14,-0.00046744681808923264,-0.0056575793009186045,-0.0030625130595039185
2016-04-15,0.0008029650906037715,0.0051558498349221,0.0029794074627629355
2016-04-17,0.0008591212624678882,0.0006704992581383741,0.0007648102603031311
2016-04-18,-0.0017338135809034801,-0.0071996061461829085,-0.0044667098635431945
2016-04-19,-0.005372377425137855,-0.015372382970845989,-0.010372380197991922
2016-04-20,-3.9201553447614174e-05,-0.012831500457684874,-0.006435351005566244
2016-04-21,-0.005910950778808229,-0.0008944998899274392,-0.003402725334367834
2016-04-22,0.0018610921653729549,-0.004063551027922509,-0.0011012294312747772
2016-04-24,-0.00040750018666253253,-0.00035769666912722207,-0.0003825984278948773
2016-04-25,0.002778569573448456,-0.0014735820895526476,0.0006524937419479042
2016-04-26,-0.002409520541146888,-0.0060862355033631035,-0.004247878022254996
2016-04-27,-0.0022382780075176295,0.00835529222750521,0.00305850710999379
2016-04-28,-0.009033990743245596,0.009009529090123546,-1.2230826561024713e-05
2016-04-29,-0.012943897189679057,0.004304795474588811,-0.004319550857545123
2016-05-01,-0.00011864213438585174,-0.0001465924803456064,-0.00013261730736572908
2016-05-02,0.001218121537048175,-0.0015480647464248332,-0.00016497160468832912
2016-05-03,-0.0017253665667546505,0.00903906503117778,0.0036568492322115644
2016-05-04,0.002962250906305833,0.006976528139199474,0.004969389522752653
2016-05-05,0.0026295798315090356,0.004176103009207113,0.003402841420358074
2016-05-06,0.004400506280402469,-0.003626869735926316,0.0003868182722380764
2016-05-08,8.340116767863669e-05,7.94558937491226e-05,8.142853071387964e-05
2016-05-09,0.0036997637324350193,0.003677903435224442,0.003688833583829731
2016-05-10,0.009185669085586072,-0.004983900956759588,0.002100884064413242
2016-05-11,-0.006806910481239832,0.004165828756571629,-0.0013205408623341015
2016-05-12,0.005762306837694565,-0.006703873422618033,-0.0004707832924617343
2016-05-13,-1.4871619298101747e-05,0.004689595271404712,0.002337361826053305
2016-05-15,0.00036400827937302816,0.0003445018901564797,0.00035425508476475396
2016-05-16,0.0038654688843652407,-0.010475385729330483,-0.003304958422482621
2016-05-17,-0.000592163318757102,-0.001637697849688883,-0.0011149305842229926
2016-05-18,0.008418633651473013,-0.014950337510911692,-0.00326585192971934
2016-05-19,-0.002788838534244126,0.0027520421270143098,-1.839820361490812e-05
2016-05-20,0.0033316529098871236,-0.0005552164693217766,0.0013882182202826735
2016-05-22,0.00018430507482570667,0.00014961147278085476,0.0001669582738032807
2016-05-23,-0.0010157388551212561,0.0002660189480759941,-0.00037485995352263103
2016-05-24,0.009130870855616377,-0.012798082156535013,-0.0018336056504593178
2016-05-25,0.001941788769083368,-0.006353978572915615,-0.0022060949019161234
2016-05-26,-0.003581082778798362,-0.00010046210854186444,-0.001840772443670113
2016-05-27,0.009086731641845475,-0.00811586248947433,0.0004854345761855722
2016-05-29,-2.2043358503460488e-05,-3.0146239423794198e-05,-2.6094798963627345e-05
2016-05-30,0.001410986415999215,-0.0007947626104903773,0.00030811190275441887
2016-05-31,-0.0036483979545842734,0.007247717608198442,0.0017996598268070843
2016-06-01,-0.0002584315606512848,0.003986839129904567,0.001864203784626641
2016-06-02,0.0013890159828591029,0.004009386651378338,0.00269920131711872
2016-06-03,-0.01637598902576627,0.0186423402124027,0.0011331755933182142
2016-06-05,-0.0010968299317453535,-0.0013316486097033945,-0.0012142392707243741
2016-06-06,0.006004577807038672,-0.0034424039842013646,0.0012810869114186535
2016-06-07,0.002873020795613148,0.006857224581109887,0.0048651226883615175
2016-06-08,-0.002707780671010083,0.007992487110233046,0.002642353219611482
2016-06-09,0.0004405869865046579,-0.0009526904365289861,-0.0002560517250121641
2016-06-10,-0.004681818423245671,0.008502919018783929,0.0019105502977691288
2016-06-12,-0.00011892030982283108,-0.00039760467504525285,-0.000258262492434042
2016-06-13,-0.005676954375387419,0.008198887773686409,0.001260966699149495
2016-06-14,0.004805325347340241,0.0029356847176351393,0.0038705050324876903
2016-06-15,-0.006739624315206691,-0.0005321775483437586,-0.0036359009317752248
2016-06-16,0.0010227569911468685,6.5450467860657426e-06,0.000514651018966467
2016-06-17,-0.005806054928695774,0.00042695717759482117,-0.0026895488755504762
2016-06-19,-9.999304795938929e-06,-5.805938579982303e-06,-7.902621687960616e-06
2016-06-20,-0.0022316169136920496,-0.00914974751967814,-0.005690682216685095
2016-06-21,0.0011024919238125563,-0.007743040109787261,-0.0033202740929873524
2016-06-22,-0.004643524616498367,-0.0010767494475694838,-0.0028601370320339254
2016-06-23,0.005701043960339655,-0.009678820294795568,-0.001988888167227956
2016-06-24,-0.01456865370639873,0.025333837085707033,0.005382591689654151
2016-06-26,0.00027722419915691504,-0.0007964821947928803,-0.0002596289978179827
2016-06-27,-0.006941585020440328,0.010046202849334575,0.0015523089144471236
2016-06-28,0.003216823359778002,-0.003740475211395016,-0.00026182592580850715
2016-06-29,0.0026403084947925373,-0.001490838699779698,0.0005747348975064197
2016-06-30,-0.007450256175651624,0.014670053794051478,0.003609898809199927
2016-07-01,-0.0017235195923392583,0.0050906342504003456,0.0016835573290305437
2016-07-03,0.00014174135964952267,-0.0003653910456713332,-0.00011182484301090527
2016-07-04,-0.0006858958898814561,0.0010991210717182774,0.00020661259091841062
2016-07-05,-0.002759232911214857,0.011187213089345803,0.004213990089065473
2016-07-06,-0.0030049949202954037,0.005436863381847155,0.0012159342307758755
2016-07-07,0.003049771214784884,0.0024242342016590787,0.0027370027082219816
2016-07-08,0.005309234028954202,0.0027045660302804715,0.004006900029617337
2016-07-10,0.00010543162354829227,-0.0003407634598920901,-0.00011766591817189892
2016-07-11,0.010603790395160594,-0.010760450442840934,-7.833002384017001e-05
2016-07-12,0.01253415746994636,-0.016238461663076242,-0.001852152096564941
2016-07-13,-0.0013347987139154293,0.0032318041650579174,0.0009485027255712441
2016-07-14,0.005480543810213719,-0.007693265359824989,-0.0011063607748056348
2016-07-15,0.0018845370055186952,-0.003847332684922128,-0.0009813978397017163
2016-07-17,-0.00013334342180448358,0.0007963927978443936,0.000331524688019955
2016-07-18,0.0027435225649573573,0.001336582120727262,0.0020400523428423098
2016-07-19,-0.004513346808599247,0.005446149748497447,0.0004664014699491
2016-07-20,0.00562162066439176,-0.0017000561517728897,0.0019607822563094354
2016-07-21,-0.0066954733961467425,0.005712048430568951,-0.0004917124827888957
2016-07-22,0.0037810999199112466,-0.002366962257478793,0.0007070688312162269
2016-07-24,-2.4214635351693676e-05,0.0004054924890049864,0.00019063892682664635
2016-07-25,0.0015728312270613062,-0.0038772336667349185,-0.0011522012198368061
2016-07-26,-0.002568482998290953,0.004758139905258695,0.001094828453483871
2016-07-27,-0.0025102709151756403,0.009021885559433247,0.003255807322128803
2016-07-28,-0.00082543057463346,0.0014618562611413745,0.00031821284325395723
2016-07-29,-0.008767129041879693,0.010925168871721366,0.0010790199149208366
2016-07-31,7.175211230747659e-05,-0.0012414100923954592,-0.0005848289900439914
2016-08-01,0.0005675529525843261,-0.0001748414936406543,0.0001963557294718359
2016-08-02,-0.002616922975146437,-0.0032560888150517863,-0.002936505895099112
2016-08-03,0.0016810331127570844,0.00018732571090721923,0.0009341794118321519
2016-08-04,-0.0049412881555449895,0.00637882895606371,0.0007187704002593605
2016-08-05,0.01263582053799392,-0.008736724589235694,0.0019495479743791124
2016-08-07,-6.637480082985308e-08,-4.6527236028457335e-05,-2.3296805414643594e-05
2016-08-08,0.001255450570282583,-0.0020860131486863612,-0.0004152812892018891
2016-08-09,-0.0031871442727767264,0.0058011395146489635,0.0013069976209361186
2016-08-10,-0.004868556747114042,0.0035513250405446424,-0.0006586158532846998
2016-08-11,0.007228999899962957,-0.008212723060589788,-0.0004918615803134155
2016-08-12,-0.004886390523086074,0.003690550017305773,-0.0005979202528901503
2016-08-14,-0.0002276228491314957,0.002091359688680482,0.0009318684197744932
2016-08-15,0.004316803971697064,-0.005231477493026647,-0.0004573367606647916
2016-08-16,-0.0007107725426825416,-0.006353836288610698,-0.0035323044156466196
2016-08-17,-0.0013610905307992627,0.0030519413857762363,0.0008454254274884868
2016-08-18,-0.0007879190117828306,-0.0002981724036772416,-0.0005430457077300361
2016-08-19,0.003885330188107979,-0.0068175900630505805,-0.0014661299374713007
2016-08-21,-1.931120255443442e-06,-2.877212124307083e-06,-2.4041661898752627e-06
2016-08-22,0.00018741901622410813,0.007521625686933172,0.0038545223515786403
2016-08-23,-0.00031837035407716874,0.0046250253683381,0.0021533275071304657
2016-08-24,0.0008597890312323437,-0.00508919232336685,-0.002114701646067253
2016-08-25,-0.0003806251349681175,-0.0023123319485869936,-0.0013464785417775555
2016-08-26,0.0045473527391622585,-0.003252200427531598,0.0006475761558153302
2016-08-28,-1.9898681278750372e-05,0.00014184367594693049,6.097249733409006e-05
2016-08-29,-0.003092863230150092,0.007884094252493378,0.002395615511171643
2016-08-30,0.0007893424493178527,-0.0021726261552170046,-0.000691641852949576
2016-08-31,0.0012176606352545007,-0.001841335192392836,-0.00031183727856916765
2016-09-01,0.0009669457260995124,0.0026365927094660594,0.0018017692177827859
2016-09-02,0.004032024481680985,-0.0038987217770520277,6.665135231447884e-05
2016-09-04,-8.857406093686822e-05,0.0005212089745134086,0.00021631745678827018
2016-09-05,-0.0003840102993750312,-0.001672630895869548,-0.0010283205976222896
2016-09-06,-0.0072689862289735865,0.014914467012859676,0.0038227403919430447
2016-09-07,0.0009078125267503188,-0.0023682857765959116,-0.0007302366249227964
2016-09-08,0.003579219876027317,-0.011703520070542138,-0.004062150097257411
2016-09-09,-0.0011287760006766865,-0.01068125456709789,-0.005905015283887288
2016-09-11,-0.00011834954335832978,0.000618024133635014,0.0002498372951383421
2016-09-12,-0.001874416700294969,-0.0005299913929816632,-0.0012022040466383162
2016-09-13,-0.0015188987240797773,-0.004809372180082284,-0.003164135452081031
2016-09-14,-0.002573621495798468,0.0003755688243212784,-0.0010990263357385948
2016-09-15,0.003342046698205193,0.006831004878816824,0.005086525788511008
2016-09-16,0.0005452867920774066,-0.00295140799548143,-0.0012030606017020117
2016-09-18,-0.00013016628354729605,-0.000525566744785191,-0.0003278665141662435
2016-09-19,0.00013215172332606382,0.0013234042223421172,0.0007277779728340905
2016-09-20,-0.0010921544687418929,0.002421817084448305,0.000664831307853206
2016-09-21,-0.002176317521231565,0.006576780200923656,0.002200231339846046
2016-09-22,0.0014406997765110292,0.0050987551841068625,0.003269727480308946
2016-09-23,-0.003860923826520253,0.0022471231771573298,-0.0008069003246814616
2016-09-25,3.4103560589926397e-06,2.1567728689585647e-05,1.2489042374289143e-05
2016-09-26,-0.006814913563083089,0.0034866825272602555,-0.001664115517911417
2016-09-27,0.002747248440319174,0.00034737139997874844,0.0015473099201489611
2016-09-28,0.0027035963688605293,-0.0025606004753296755,7.149794676542692e-05
2016-09-29,-0.0027392338308799193,0.00013099784593091594,-0.0013041179924745017
2016-09-30,0.005306824967216171,-0.0029376039738629985,0.0011846104966765861
2016-10-02,-2.0619476257010487e-05,-7.415759793268949e-05,-4.738853709484999e-05
2016-10-03,0.002709353191671447,-0.0028390798347128275,-6.486332152069035e-05
2016-10-04,0.007758361837397027,-0.012289277301122862,-0.0022654577318629177
2016-10-05,0.0035004344270511906,-0.0044508516181848805,-0.00047520859556684494
2016-10-06,0.0020177278349397397,-0.002178291206712189,-8.028168588622474e-05
2016-10-07,-0.00598995264455594,0.00362463995606649,-0.0011826563442447248
2016-10-09,0.00019984514695632377,0.0009746658558201874,0.0005872555013882556
2016-10-10,0.005219497684740363,-0.002271911534552008,0.0014737930750941778
2016-10-11,-0.006032280289496161,-0.003610806665991173,-0.004821543477743667
2016-10-12,0.0002667608100202835,-0.0018290786837247054,-0.0007811589368522109
2016-10-13,-0.0028900710909707033,0.0005001682757855065,-0.0011949514075925984
2016-10-14,0.0018033725541968903,-0.0012378444278254403,0.000282764063185725
2016-10-16,4.490361492136805e-05,-0.00020188827256462446,-7.84923288216282e-05
2016-10-17,-0.0033101592409103086,0.0031731792781681646,-6.8489981371072e-05
2016-10-18,0.00030388916174927815,0.003145237555360807,0.0017245633585550426
2016-10-19,-0.0013262094274356841,0.0032153404336878032,0.0009445655031260596
2016-10-20,0.002508887499516354,0.0009071819526294771,0.0017080347260729155
2016-10-21,-0.0016259753469588952,0.0017812294175341904,7.762703528764762e-05
2016-10-23,4.887929335353224e-06,-0.00020537339864657133,-0.00010024273465560906
2016-10-24,0.004711906557928493,0.0012282056760678684,0.0029700561169981807
2016-10-25,-0.0016456628464477556,0.00017325603473957035,-0.0007362034058540927
2016-10-26,0.003042146113451197,-0.006534097054251092,-0.0017459754703999476
2016-10-27,0.0016503017314525165,-0.0073411618970533835,-0.0028454300828004335
2016-10-28,-0.001983432570658812,0.0042890283845345495,0.0011527979069378687
2016-10-30,3.7645083994903775e-05,-0.000838734470281733,-0.0004005446931434146
2016-10-31,-0.0011778585377775562,-0.0004987688878904979,-0.0008383137128340271
2016-11-01,-0.005797181434445614,-0.002258082592081974,-0.004027632013263794
2016-11-02,-0.005249481878615046,0.0019277751270092985,-0.0016608533758028735
2016-11-03,-0.0004835859891098239,-0.0016428204493635528,-0.0010632032192366882
2016-11-04,-0.0023287761525370267,0.0036494842335126065,0.0006603540404877899
2016-11-06,3.7830471842596746e-06,-0.00013033518808286951,-6.327607044930491e-05
2016-11-07,0.01125514945188389,-0.0008470077206464881,0.005204070865618702
2016-11-08,0.006178344783404011,-0.004518576357735143,0.000829884212834434
2016-11-09,0.011354248683639087,-0.009452149116713418,0.0009510497834628344
2016-11-10,0.0069339960775579345,-0.0005626673450830461,0.0031856643662374444
2016-11-11,0.005249443112736233,-0.0041631662636894004,0.0005431384245234163
2016-11-13,3.7330300595248674e-05,-0.0011418156296034978,-0.0005522426645041246
2016-11-14,0.0026759599362511256,-0.0037292571665228,-0.0005266486151358372
2016-11-15,0.0038529319325407404,0.003284588627211738,0.003568760279876239
2016-11-16,-0.0010966461419501263,0.0022853639927303783,0.000594358925390126
2016-11-17,0.005857588032395133,0.005063536860682522,0.005460562446538827
2016-11-18,0.0031519313702607953,0.0005216272558594717,0.0018367793130601336
2016-11-20,-0.00021778039188007078,0.0016053202872073921,0.0006937699476636607
2016-11-21,0.0032331571203913383,0.0028723448794721117,0.003052750999931725
2016-11-22,-0.0007675566811294588,0.0012438147524910168,0.00023812903568077898
2016-11-23,0.0048575644225212385,0.0028716016809334595,0.003864583051727349
2016-11-24,0.0019687725752215728,0.000363955466213232,0.0011663640207174024
2016-11-25,-0.0012645147296965328,-0.000123130520420983,-0.0006938226250587579
2016-11-27,0.0005453878307204322,-0.002369457154488726,-0.0009120346618841468
2016-11-28,-0.004004143930606822,9.449477679926156e-05,-0.00195482457690378
2016-11-29,0.004673956098236363,-0.001036846766633143,0.0018185546658016102
2016-11-30,0.002107457676971239,0.0046902894579849905,0.003398873567478115
2016-12-01,-0.0009550075132497742,0.0045916617803901175,0.0018183271335701716
2016-12-02,-0.001493601677133226,-0.007117701950607526,-0.004305651813870376
2016-12-04,-5.906605926717398e-06,-0.00012749348609451737,-6.670004601061739e-05
2016-12-05,-0.0007113781983449711,0.0004081377712848029,-0.00015162021353008412
2016-12-06,0.0009783200449893505,0.002541511099303503,0.001759915572146427
2016-12-07,-0.0009678405163722904,-0.0003699126468114296,-0.00066887658159186
2016-12-08,0.0014805538789493425,0.0069005049662223105,0.004190529422585827
2016-12-09,0.0006636751956404291,0.009087978891460605,0.004875827043550517
2016-12-11,-0.0006323894969685152,0.002301233618862065,0.000834422060946775
2016-12-12,0.0018109675576541023,-0.0064355961781736625,-0.00231231431025978
2016-12-13,0.000997528915481378,0.0020774610192470636,0.0015374949673642208
2016-12-14,0.00607493588409028,0.014259445345222171,0.010167190614656225
2016-12-15,0.0014160032254957756,0.011285009871585051,0.006350506548540413
2016-12-16,0.0019922993978943714,-0.005514109180214255,-0.0017609048911599416
2016-12-18,-0.0004185163178595738,0.0008019107773791721,0.00019169722975979914
2016-12-19,0.0018263930870279716,-0.005751599559934734,-0.001962603236453381
2016-12-20,-0.002359026002977922,0.004904043063689272,0.001272508530355675
2016-12-21,0.0003658666642754687,-0.0022576808706795326,-0.0009459071032020319
2016-12-22,3.285610718098918e-05,0.0004198551053013378,0.0002263556062411635
2016-12-23,-0.00130086213495819,-0.000849309161970828,-0.001075085648464509
2016-12-26,0.001241635545500079,-0.0003604359653675532,0.0004405997900662629
2016-12-27,-0.0037132981307577842,0.002855738360393414,-0.00042877988518218516
2016-12-28,0.0035727842479739698,-0.004093749107285164,-0.00026048242965559716
2016-12-29,0.0013221228021946937,-0.00904971857862176,-0.003863797888213533
2016-12-30,0.001440964295437208,-0.004336799938192054,-0.001447917821377423
2017-01-02,-0.00014360095439594443,0.00011233063667341488,-1.5635158861264775e-05
2017-01-03,0.0015654292179184813,0.003596293110794299,0.0025808611643563903
2017-01-04,-0.0014530801218246496,-0.004337530307577759,-0.0028953052147012047
2017-01-05,-0.0018352355046161789,-0.012431665838349225,-0.007133450671482702
2017-01-06,0.0013633317668963647,0.009160502278952145,0.005261917022924255
2017-01-08,-0.0008493817021428551,0.0003274604600524256,-0.0002609606210452148
2017-01-09,0.0003789668585821072,-0.006503072853808197,-0.003062052997613045
2017-01-10,-0.001293431357404239,-0.0008040471945484504,-0.0010487392759763448
2017-01-11,-0.0018032456332232765,0.001405060883066564,-0.00019909237507835628
2017-01-12,-0.003598209797229629,-0.00032124443894229553,-0.001959727118085962
2017-01-13,-0.001387633891556556,0.002378593474774778,0.000495479791609111
2017-01-15,-0.0013595470524159774,-2.471489602883746e-05,-0.0006921309742224074
2017-01-16,0.0005978088902279515,-0.0015064311970470318,-0.00045431115340954017
2017-01-17,0.003062694891800567,-0.016378456135501113,-0.006657880621850273
2017-01-18,-0.0008690225782907119,0.013054028256228435,0.006092502838968861
2017-01-19,-0.0006387117738139265,0.0008400609993641844,0.00010067461277512896
2017-01-20,-9.969212357967679e-05,-0.00456257718867539,-0.0023311346561275337
2017-01-22,-0.0013918803293274814,0.0021322137461108823,0.00037016670839170045
2017-01-23,-0.0007391720734055299,-0.009849584326311035,-0.0052943781998582825
2017-01-24,-0.00047839052311344035,0.011787166766408294,0.005654388121647427
2017-01-25,-0.006601558959146386,0.008528581671270364,0.0009635113560619891
2017-01-26,0.0014552749122934577,0.003569190833358574,0.002512232872826016
2017-01-27,0.0031559222343853625,-0.0004884326114646529,0.0013337448114603548
2017-01-29,7.475983761019812e-06,-0.0014925096647664818,-0.000742516840502731
2017-01-30,-0.0003079032199039148,-0.001651596147327675,-0.0009797496836157949
2017-01-31,-0.00048808841861278595,-0.009856988660517544,-0.005172538539565165
2017-02-01,-0.001974000240067224,-0.00015146377803417372,-0.0010627320090506988
2017-02-02,-0.0008665733093857044,-0.0011602593367313109,-0.0010134163230585075
2017-02-03,0.0035110851291338323,0.0032688324233416453,0.003389958776237739
2017-02-05,0.0013109095664858848,-0.0006359388322786801,0.00033748536710360234
2017-02-06,0.0003235206563802865,-0.007688365479495736,-0.0036824224115577244
2017-02-07,0.0009884866021451747,7.222588994887425e-05,0.0005303562460470245
2017-02-08,0.0010907684110174473,-0.005913104635471387,-0.00241116811222697
2017-02-09,-0.0021779578024202664,0.01005362956995674,0.003937835883768236
2017-02-10,-0.005706846415019408,0.0054963478791670295,-0.00010524926792618945
2017-02-12,-0.0005740014064214699,0.0010918877239878113,0.00025894315878317067
2017-02-13,-0.0028634460419864277,0.0029252620876129517,3.090802281326198e-05
2017-02-14,0.0010411461122217037,0.005586561257865651,0.0033138536850436775
2017-02-15,-0.000877165646815064,0.0025797698957618345,0.0008513021244733852
2017-02-16,0.0019300511549731503,-0.007087783995543625,-0.0025788664202852376
2017-02-17,0.002245575211722058,0.0006915613740198466,0.0014685682928709523
2017-02-19,3.166214511369219e-05,-0.00012162434348523502,-4.4981099185771414e-05
2017-02-20,-0.0008346814633271018,0.0025676138043820265,0.0008664661705274624
2017-02-21,-0.0005827151797633278,0.003364584739583442,0.001390934779910057
2017-02-22,0.00023253534265395135,-0.004085976254068981,-0.0019267204557075147
2017-02-23,0.004273076180322602,-0.007296047592102576,-0.001511485705889987
2017-02-24,0.0008573962447381323,-0.0024048928059982834,-0.0007737482806300755
2017-02-26,-0.0002397825222626717,0.000185458330388708,-2.716209593698185e-05
2017-02-27,0.0005775803991347503,0.0074301334576104775,0.004003856928372614
2017-02-28,-0.0005580894096069007,0.0009750997855474796,0.00020850518797028945
2017-03-01,-0.0049525007266223355,0.014456236730564776,0.00475186800197122
2017-03-02,-3.7006259517632445e-05,0.0028513489699900025,0.0014071713552361851
2017-03-03,0.0007305064826669715,-0.0049166955019332515,-0.00209309450963314
2017-03-05,-0.0004911999865655161,0.0011743130916458074,0.00034155655254014566
2017-03-06,-0.00021116092816939123,0.00012067575235188543,-4.52425879087529e-05
2017-03-07,0.001041690868960025,0.0024631122882075,0.0017524015785837625
2017-03-08,0.00047186314484056363,0.007244784837743399,0.003858323991291981
2017-03-09,0.0034717604641832257,0.012552646931029499,0.008012203697606362
2017-03-10,0.0005674286767245487,0.0019424666242702812,0.001254947650497415
2017-03-12,-0.0001175877270889198,0.000511902285069217,0.00019715727899014858
2017-03-13,-0.0010937668900323693,0.005822061432643741,0.002364147271305686
2017-03-14,0.0025997560466438927,0.0020256904026701105,0.0023127232246570014
2017-03-15,-0.001054483808531278,-0.014949153266788041,-0.008001818537659659
2017-03-16,-0.001991526877450546,5.874256229141623e-05,-0.0009663921575795648
2017-03-17,-0.00017728657114394732,-0.004189303349638141,-0.002183294960391044
2017-03-19,0.0005956794323151253,-0.0003692414814360442,0.00011321897543954055
2017-03-20,0.0040660545439322225,-0.0024732511525305868,0.0007964016957008179
2017-03-21,0.0034283196755832933,-0.015976265762301475,-0.006273973043359091
2017-03-22,0.000276036226860377,0.0028048158879719538,0.0015404260574161655
2017-03-23,-0.0003018768355276549,0.0020425195639832507,0.000870321364227798
2017-03-24,0.0011062808058828547,0.0015880393149443992,0.0013471600604136268
2017-03-26,0.0011357590485139605,-0.000980872270082016,7.744338921597223e-05
2017-03-27,3.8408675474818524e-05,0.00011335607814087198,7.588237680784525e-05
2017-03-28,0.00019347836373493385,0.0071385633855280805,0.0036660208746315073
2017-03-29,-0.00031520729342154777,-0.0027566480075638406,-0.0015359276504926943
2017-03-30,-0.0003050430245247119,0.006365852876912594,0.003030404926193941
2017-03-31,0.0005158719537208433,-0.006240344592516167,-0.002862236319397662
2017-04-02,0.0002122679614218128,-6.422886046565117e-05,7.401955047808081e-05
2017-04-03,0.002047070452009701,-0.008683053921752783,-0.003317991734871541
2017-04-04,-4.704070377072229e-05,0.005382695438992692,0.002667827367610985
2017-04-05,-0.0021270149087245383,-0.0064996004620210095,-0.004313307685372774
2017-04-06,0.0014349752469635718,0.004762381574896215,0.0030986784109298935
2017-04-07,0.006672763291836244,0.006228616423855772,0.0064506898578460085
2017-04-09,5.216646081804814e-05,-6.67334371853243e-05,-7.283488183638084e-06
2017-04-10,-0.0007701703570719795,-0.005628559098926413,-0.003199364727999196
2017-04-11,-0.001173120087910195,-0.014261435866219247,-0.007717277977064721
2017-04-12,-0.0011431196990398028,-0.00909287847916446,-0.005117999089102132
2017-04-13,0.0009222193598137233,-0.0062431622659298225,-0.0026604714530580496
2017-04-16,-0.0004945202752228265,0.00038359144127045135,-5.54644169761876e-05
2017-04-17,0.0031087194260546306,0.005811161141336761,0.004459940283695696
2017-04-18,0.0008087632016033973,-0.012561728519037784,-0.005876482658717193
2017-04-19,-0.0026881313566813596,0.007720795022396102,0.0025163318328573713
2017-04-20,0.003979853517878574,0.005407055635017976,0.004693454576448274
2017-04-21,0.001400390997378254,0.0014669000109758887,0.0014336455041770715
2017-04-23,-0.002084905034900352,0.0016404507990890186,-0.00022222711790566665
2017-04-24,0.001532071796989737,0.004822558862501281,0.0031773153297455087
2017-04-25,-0.002962897728111066,0.010471083024513345,0.0037540926482011396
2017-04-26,0.0006461617214374353,-0.0027345663765028067,-0.0010442023275326856
2017-04-27,0.0009671009095264716,0.001839630892999035,0.0014033659012627534
2017-04-28,-0.001224230653120318,-0.0009660044969784829,-0.0010951175750494005
2017-04-30,-0.00011759734294414031,0.00016267664290295388,2.2539649979406786e-05
2017-05-01,-0.00952087081588427,0.0013327413452310101,-0.00409406473532663
2017-05-02,0.004380246237340559,-0.005818151821996573,-0.0007189527923280072
2017-05-03,-0.0014759616073049065,0.007143704244003924,0.0028338713183495086
2017-05-04,0.004974099210562783,-0.0001273061568125427,0.0024233965268751203
2017-05-05,-0.007475687517740006,0.0069202591834432205,-0.00027771416714839287
2017-05-07,0.0038718923290772347,-0.0028412207262027925,0.0005153358014372211
2017-05-08,0.004844795261652898,0.005744806608559881,0.00529480093510639
2017-05-09,0.002111902589419224,0.0051973376501105156,0.00365462011976487
2017-05-10,-0.0014585564531364999,-0.00017044393835232284,-0.0008145001957444114
2017-05-11,0.0031699517590493033,-0.0023996570236485726,0.00038514736770036534
2017-05-12,0.001918700995849735,-0.00728511271720214,-0.0026832058606762028
2017-05-14,-0.0010223268658763652,0.0004995934917310377,-0.00026136668707266376
2017-05-15,0.0008668718402444847,0.0015003404626270757,0.0011836061514357802
2017-05-16,0.0005065529359190263,-0.003742940905369278,-0.0016181939847251259
2017-05-17,-0.0002589166560609758,-0.024854003351432383,-0.012556460003746679
2017-05-18,0.006053667375403039,0.005658192004280628,0.005855929689841834
2017-05-19,-0.011964840999358243,0.0012862725874018223,-0.00533928420597821
2017-05-21,0.0008478123560491871,-0.00012888528738851915,0.00035946353433033396
2017-05-22,-0.00166701913173589,0.001819500334273766,7.624060126893795e-05
2017-05-23,0.005607239028624198,0.006571993058018286,0.0060896160433212415
2017-05-24,0.004544376643333353,-0.0026884116995150847,0.0009279824719091341
2017-05-25,0.0023978491232349124,0.005238539143241891,0.0038181941332384017
2017-05-26,0.0011359571725062427,-0.0018941420427657915,-0.00037909243512977437
2017-05-28,-7.907459123224347e-06,0.000250754054311149,0.00012142329759396234
2017-05-29,-0.0004210782626516877,-0.0006521271534844403,-0.000536602708068064
2017-05-30,0.004302087368653789,-0.002527773009753333,0.0008871571794502281
2017-05-31,-0.0032276742981788035,-0.0007087371994466487,-0.001968205748812726
2017-06-01,0.004099975584688421,0.00440423772556507,0.004252106655126745
2017-06-02,0.004971968754410291,-0.007032200264186288,-0.0010301157548879983
2017-06-04,-0.00011936670394024638,2.420246125069072e-05,-4.758212134477783e-05
2017-06-05,-0.0035373702706519364,0.0019847903011805646,-0.0007762899847356859
2017-06-06,-0.005563900235217518,-0.006588979137926901,-0.00607643968657221
2017-06-07,-0.009140970252291353,0.0018492951142204642,-0.0036458375690354445
2017-06-08,-0.007209629779630671,0.005555216919218972,-0.0008272064302058497
2017-06-09,0.0006807313835878858,0.0039191792478398815,0.0022999553157138837
2017-06-11,4.721416726106272e-05,0.00029350001764424173,0.00017035709245265222
2017-06-12,0.008013768276323358,-0.0008427538365085934,0.003585507219907382
2017-06-13,-0.0008810073216397882,0.0013682605853310673,0.00024362663184563955
2017-06-14,-0.0009490298912675596,-0.007270648197232427,-0.004109839044249993
2017-06-15,0.00254452346439576,0.004136070018024826,0.003340296741210293
2017-06-16,-0.009730628989162392,-0.004784426186175672,-0.007257527587669032
2017-06-18,5.2763578729213006e-05,-0.0001319856577576755,-3.961103951423124e-05
2017-06-19,0.0073558191777638345,0.008638473564456113,0.007997146371109973
2017-06-20,0.0016163985218455843,-0.0034723489387867537,-0.0009279752084705847
2017-06-21,-0.0006239217535390553,-1.574305958642616e-05,-0.00031983240656274076
2017-06-22,0.0015761181180631528,-0.0009228091149118578,0.0003266545015756475
2017-06-23,0.0003874417592646341,0.0007446064380968443,0.0005660240986807392
2017-06-25,0.0006245854392487484,-0.00040914170707616066,0.00010772186608629385
2017-06-26,0.0005023793589022593,0.000789666748691714,0.0006460230537969867
2017-06-27,-0.014243728239763869,-0.0020152790418369528,-0.00812950364080041
2017-06-28,0.0005006432169872383,0.0010692104662953009,0.0007849268416412696
2017-06-29,-0.01883585004154922,0.00325488757298171,-0.007790481234283755
2017-06-30,-0.005227416265327363,0.006805658520252569,0.0007891211274626032
2017-07-02,0.0017640468666054313,-0.0010049870424028054,0.00037952991210131297
2017-07-03,-0.008040609536815619,0.006762546082158306,-0.0006390317273286565
2017-07-04,0.0025310213444185627,-0.0009839941523976537,0.0007735135960104545
2017-07-05,-0.0016704278472517839,0.0032254307098437203,0.0007775014312959682
2017-07-06,-0.008962530714513636,-0.0012283287748209473,-0.005095429744667292
2017-07-07,0.0015888576283203107,0.007347738350795088,0.004468297989557699
2017-07-09,0.001020700331922567,-0.0008048842024165688,0.00010790806475299906
2017-07-10,-0.0036216177060720577,0.0017400568430033375,-0.0009407804315343601
2017-07-11,-0.0013820653154420022,0.0007011805661546572,-0.0003404423746436725
2017-07-12,0.008763745998648485,-0.008085258253786282,0.0003392438724311017
2017-07-13,0.0068697602982158,-0.0023259242410522607,0.0022719180285817697
2017-07-14,0.00027771942232539606,-0.004822268492497164,-0.002272274535085884
2017-07-16,-0.0008200889815177861,0.000829067544391522,4.489281436867996e-06
2017-07-17,0.0037541380695830765,9.489496657767704e-05,0.0019245165180803768
2017-07-18,2.8837951110830673e-05,-0.002533603744234719,-0.0012523828965619443
2017-07-19,0.0021028318324591323,0.0017920181769170201,0.0019474250046880763
2017-07-20,0.0006525447989869568,0.0012717742582693974,0.0009621595286281771
2017-07-21,-0.004253055151091964,-0.002991582053011561,-0.0036223186020517624
2017-07-23,0.0003368120851397221,-0.00023301479477473406,5.189864518249403e-05
2017-07-24,0.0023289849905889807,-0.0007265466792099954,0.0008012191556894927
2017-07-25,0.002478383806191125,0.0067511203443796795,0.004614752075285403
2017-07-26,-0.006506283894929842,-0.0031221427600718154,-0.004814213327500829
2017-07-27,0.0005895106853813889,-0.0009225775912208774,-0.00016653345291974426
2017-07-28,-0.0016277809515792287,-0.002063944515043017,-0.001845862733311123
2017-07-30,0.00043111328925268284,-0.00014880928889698906,0.0001411520001778469
2017-07-31,-0.004188404532464489,0.0005704747084616769,-0.001808964912001406
2017-08-01,0.003871804776182439,-0.003964507601152004,-4.635141248478247e-05
2017-08-02,0.002560295270462193,0.0008916046938111608,0.001725949982136677
2017-08-03,0.002881246144724092,-0.006355989750790112,-0.0017373718030330098
2017-08-04,0.0018271915621570329,0.001906847904471163,0.001867019733314098
2017-08-06,-8.5916745942201e-05,4.969211777393501e-05,-1.8112314084132995e-05
2017-08-07,-0.00039468264068790576,0.00253013736997415,0.001067727364643122
2017-08-08,-0.002657485032320589,-0.0019334147980144295,-0.0022954499151675092
2017-08-09,0.004579466081112432,-0.0028362483367257445,0.0008716088721933437
2017-08-10,-0.0021551909390975085,-0.005555057495431628,-0.0038551242172645685
2017-08-11,0.004031010801990169,0.0007445109954926611,0.002387760898741415
2017-08-13,0.00025530739091771354,-0.00023459706490829775,1.0355163004707895e-05
2017-08-14,0.004480740480695114,0.005160838751974375,0.004820789616334744
2017-08-15,0.0050772689680182405,0.007730476762210886,0.006403872865114563
2017-08-16,-0.001355049450555438,-0.004269397465657208,-0.0028122234581063233
2017-08-17,-0.0025427677799728923,-0.005025047816012762,-0.003783907797992827
2017-08-18,0.0035962002059744366,-0.002319660662878048,0.0006382697715481944
2017-08-20,-7.690189256501383e-06,-8.577836511741367e-05,-4.673427718695753e-05
2017-08-21,-0.002819308525513471,0.0011851554873728923,-0.0008170765190702893
2017-08-22,0.007332792175770483,0.005287931047651539,0.00631036161171101
2017-08-23,-0.001123004768073223,-0.005065403376945818,-0.0030942040725095207
2017-08-24,-0.00202561505687724,0.004331865837542507,0.0011531253903326337
2017-08-25,-0.005734342923229361,0.0007664159805110564,-0.0024839634713591523
2017-08-27,0.0002944793463018788,-0.00028051409012997536,6.982628085951733e-06
2017-08-28,-0.0005125618186891757,0.0013904485773064642,0.00043894337930864424
2017-08-29,0.0007958621927516411,-0.0005266199460525504,0.00013462112334954534
2017-08-30,0.004191126101961652,0.0020950126240348193,0.0031430693629982357
2017-08-31,0.00410336360850054,-0.004148036204486078,-2.2336297992768886e-05
2017-09-01,-0.0022676488343051984,0.003990171452039266,0.0008612613088670338
2017-09-03,-0.0006260097725174213,0.0005987701917687449,-1.3619790374338222e-05
2017-09-04,-0.001998866630002589,-0.0015960607572637173,-0.001797463693633153
2017-09-05,-0.002561274257744127,0.001875761614350756,-0.0003427563216966855
2017-09-06,0.00031910182994369566,-0.004315862874701365,-0.0019983805223788348
2017-09-07,-0.002514414013209531,0.008938386305876409,0.003211986146333439
2017-09-08,-0.008422967987346524,-0.004357091242123876,-0.0063900296147352004
2017-09-10,0.0018818585294086262,-0.002007099148848975,-6.26203097201743e-05
2017-09-11,0.011531153540854249,-0.003506366070242858,0.004012393735305696
2017-09-12,-0.004021271960963854,0.0011251066156664504,-0.001448082672648702
2017-09-13,0.005013248159268406,-0.005905752686176832,-0.0004462522634542127
2017-09-14,-0.0030641546427279407,-0.0019259258600710504,-0.0024950402513994954
2017-09-15,-0.004715386992396471,0.001526204806238443,-0.001594591093079014
2017-09-17,0.0003546509246963992,-0.00026992088123999704,4.236502172820107e-05
2017-09-18,0.0028884720956424935,-0.002035948325375861,0.0004262618851333163
2017-09-19,-0.0007451365559165844,0.00041220206186490976,-0.00016646724702583734
2017-09-20,0.004439349723048994,-0.005245389185181555,-0.0004030197310662801
2017-09-21,-0.005124762291349548,-0.0032492285862468335,-0.004186995438798191
2017-09-22,0.0012092772958121984,-0.0025323393991586543,-0.0006615310516732279
2017-09-24,-0.000414047651258573,0.0011868847174746398,0.00038641853310803344
2017-09-25,-0.0003192660439315347,-0.0010906569092410602,-0.0007049614765862975
2017-09-26,0.0007581049427792078,-0.002977134809615277,-0.0011095149334180345
2017-09-27,0.008254200956551817,-0.0045453645346476374,0.0018544182109520896
2017-09-28,-0.0031327771551433094,0.002676677479443008,-0.00022804983785015072
2017-09-29,0.007493666033631022,-0.0038798800914464607,0.0018068929710922806
2017-10-01,-0.000352225405652242,0.00020003195226737214,-7.609672669243493e-05
2017-10-02,0.002675940740784243,0.0016016783186945844,0.0021388095297394136
2017-10-03,0.0001838044900453568,0.0019628199128282516,0.0010733122014368042
2017-10-04,-9.292134202735033e-05,0.0014821015799562189,0.0006945901189644343
2017-10-05,0.009483571661139816,-0.0012073680391421224,0.004138101810998847
2017-10-06,-0.0011786170965324512,-0.00043163892945564236,-0.0008051280129940468
2017-10-08,-0.0008065845781612272,0.0006662604174883508,-7.016208033643821e-05
2017-10-09,-0.002096457907561456,0.001964748234368987,-6.585483659623452e-05
2017-10-10,0.0012468112376297462,0.002950504231576463,0.0020986577346031043
2017-10-11,-0.0006749305292212415,0.0038509056311142086,0.0015879875509464837
2017-10-12,-0.0005135415317427197,0.0011538715939437482,0.0003201650311005143
2017-10-13,-0.001506612218905428,0.001688591665669373,9.098972338197257e-05
2017-10-15,0.0004704732170455734,-0.00036074116754953483,5.4866024748019294e-05
2017-10-16,0.0022468814834013034,-0.0010498577136493668,0.0005985118848759683
2017-10-17,0.0028746459981720813,-0.0036364998650780887,-0.00038092693345300366
2017-10-18,0.0020544155540271262,-0.0019465863601819712,5.3914596922577515e-05
2017-10-19,-0.002117062333033683,0.003464453712159182,0.0006736956895627495
2017-10-20,0.0071885547873509585,-0.005334142313328383,0.0009272062370112876
2017-10-22,0.001025815404957125,-0.00114188715183995,-5.803587344141252e-05
2017-10-23,-0.007298433629805573,-0.0014188253152216741,-0.004358629472513624
2017-10-24,0.00248415118903675,-0.003909296328848727,-0.0007125725699059886
2017-10-25,-0.002052041148113059,-0.0015403554226851254,-0.001796198285399092
2017-10-26,0.005952341475717721,-0.0032785166654639842,0.0013369124051268685
2017-10-27,0.010481146328304693,0.004766182360118508,0.007623664344211601
2017-10-29,3.8914768626287956e-05,-6.817285861375122e-05,-1.4629044993731632e-05
2017-10-30,-0.004389828575136456,0.0037560034475355147,-0.00031691256380047064
2017-10-31,0.001051134010835145,0.0008450109559253462,0.0009480724833802457
2017-11-01,0.001509622596523145,0.0023336557527466814,0.0019216391746349132
2017-11-02,0.0011838444744815735,-0.002278630985701733,-0.0005473932556100798
2017-11-03,0.0019048640795396115,0.00010169070336408588,0.0010032773914518487
2017-11-05,0.00011429167737625044,-0.0002982103624313139,-9.195934252753172e-05
2017-11-06,0.0008267879204817614,0.001914919990273784,0.0013708539553777726
2017-11-07,0.0007600411418822526,0.0003547655607988931,0.0005574033513405729
2017-11-08,0.005313938654448892,-0.0007505406354084665,0.0022816990095202126
2017-11-09,-0.0035416854100345754,-0.0015129941660674553,-0.0025273397880510155
2017-11-10,0.00021320693041626093,-0.001766400958342585,-0.000776597013963162
2017-11-12,0.00043179486570487844,-0.0006790515327274638,-0.00012362833351129267
2017-11-13,-5.828159362333482e-07,0.0022459644960365357,0.0011226908400501512
2017-11-14,-0.004134627031511993,0.005218801702608419,0.000542087335548213
2017-11-15,0.0003565735178389741,-0.0011396604940823154,-0.00039154348812167063
2017-11-16,0.006231548060384946,0.0022753329658921706,0.004253440513138558
2017-11-17,-0.002106968083835705,0.00018965386087222718,-0.000958657111481739
2017-11-19,0.0005547108134638095,-0.0009905892237361289,-0.0002179392051361597
2017-11-20,0.004726776260537082,-0.0031940416747651477,0.000766367292885967
2017-11-21,0.003366920227598566,0.0031829569792931073,0.0032749386034458365
2017-11-22,-0.005805656280391174,0.0006284510172671902,-0.0025886026315619917
2017-11-23,0.00013319241146597907,-0.0001960120687046126,-3.140982861931677e-05
2017-11-24,0.002005133070053203,0.0022247054139844413,0.0021149192420188223
2017-11-26,0.00013409043170978179,-0.0003782629075141555,-0.00012208623790218687
2017-11-27,0.0020353247208802624,-0.0005062584479898131,0.0007645331364452247
2017-11-28,0.0032674950732705234,0.003468150918370835,0.003367822995820679
2017-11-29,-0.0007482048678269349,-0.00014870802387331882,-0.00044845644585012685
2017-11-30,0.002566553564533664,0.0005416598194003916,0.0015541066919670277
2017-12-01,0.0009776612003082816,-0.002354868399031185,-0.0006886035993614516
2017-12-03,0.001875039271355021,0.0002498684593442582,0.0010624538653496395
2017-12-04,-0.0011502642817436974,-0.001910688676172201,-0.001530476478957949
2017-12-05,0.002494035835764453,-0.0032259757967254806,-0.0003659699804805139
2017-12-06,0.0015255626038703648,-0.00117231910724981,0.00017662174831027742
2017-12-07,0.000624062688075592,0.0005517154515101749,0.0005878890697928835
2017-12-08,0.002765011059915883,0.001367537163801791,0.002066274111858837
2017-12-10,-0.000764059395841511,-0.0009400753689605269,-0.000852067382401019
2017-12-11,0.003364878822264779,0.003123033531273415,0.003243956176769097
2017-12-12,-0.0004390764256690591,0.000994025902307737,0.00027747473831933893
2017-12-13,-0.001021553426880259,0.003558938064156839,0.0012686923186382899
2017-12-14,-0.00326098961116149,-0.0027377519878593257,-0.002999370799510408
2017-12-15,0.007153292427181638,0.0034267698699525276,0.005290031148567083
2017-12-17,0.0009351491367295048,0.001640138622310524,0.0012876438795200143
2017-12-18,-0.001484524834592829,-0.0002753052824987154,-0.0008799150585457722
2017-12-19,0.00011588976730120051,0.0017476101835038921,0.0009317499754025463
2017-12-20,-0.00019924580006895658,0.000836943960309194,0.0003188490801201187
2017-12-21,-0.00015353162859103628,2.581601408187388e-07,-7.663673422510877e-05
2017-12-22,0.0018602185369247326,-0.00035652170938665277,0.0007518484137690399
2017-12-25,0.0002562659984653172,0.0005316593088287134,0.0003939626536470153
2017-12-26,-9.72776730648239e-05,0.0007882253696406241,0.0003454738482879001
2017-12-27,-0.0038085342464307314,0.00040264943075187453,-0.0017029424078394285
2017-12-28,-3.983968050503845e-07,0.00029000865136709407,0.00014480512728102184
2017-12-29,-0.0025308875380726974,0.0037215269477181845,0.0005953197048227435
2018-01-01,-0.0013305234924242129,-0.001061727717101949,-0.001196125604763081
2018-01-02,0.0008779209547961457,0.001309929779301706,0.001093925367048926
2018-01-03,0.006531940338049085,0.002347663147930108,0.004439801742989597
2018-01-04,0.002209787050019999,0.0029886864799070177,0.0025992367649635083
2018-01-05,0.001670509607251314,-0.001271933083670342,0.00019928826179048604
2018-01-07,0.0014687118066382264,0.0012117647766470077,0.001340238291642617
2018-01-08,0.00111355368224307,0.0015986372934046643,0.0013560954878238671
2018-01-09,0.001692478231810964,-0.004077536683161245,-0.0011925292256751406
2018-01-10,-0.0007060816918924187,-0.0009203682450996116,-0.0008132249684960151
2018-01-11,0.00172498464336391,0.004529693616416656,0.0031273391298902832
2018-01-12,0.0006298108738914889,0.01012826132155185,0.0053790360977216695
2018-01-14,0.0010992407427122465,0.0014061310224852276,0.001252685882598737
2018-01-15,9.070758774430162e-05,0.001354351270159755,0.0007225294289520283
2018-01-16,-0.0006686569098631844,-0.002610382782730693,-0.0016395198462969387
2018-01-17,0.0010630020776897899,0.0031301022872591514,0.0020965521824744707
2018-01-18,-0.0007626175628836246,-0.0016478182066048351,-0.0012052178847442299
2018-01-19,-0.0006448094410135837,-0.0014036283354823024,-0.001024218888247943
2018-01-21,0.0011492954250596097,0.0014098170211644292,0.0012795562231120196
2018-01-22,5.268314225112254e-05,0.0033990145924430973,0.0017258488673471098
2018-01-23,-0.00032731268041493095,0.0014711177723146604,0.0005719025459498647
2018-01-24,-0.003096636647806251,0.0006558366264300295,-0.001220400010688111
2018-01-25,0.0002259515668565971,-6.630158655546213e-05,7.982499015056748e-05
2018-01-26,0.0024392458781199167,0.0019774110319238786,0.0022083284550218976
2018-01-28,0.0006018840680146474,0.002607568934941998,0.0016047265014783227
2018-01-29,3.517964825129274e-05,-0.0008451177344276221,-0.0004049690430881647
2018-01-30,-0.004964687844282792,-0.004120898426519834,-0.004542793135401313
2018-01-31,0.0028333897477288055,0.000169788417535394,0.0015015890826320997
2018-02-01,0.0028533284612032826,0.006454217676898131,0.004653773069050707
2018-02-02,0.0013544107097671657,-0.002834661672540409,-0.0007401254813866215
2018-02-04,-0.0038346888019777743,-0.003760440273937783,-0.003797564537957779
2018-02-05,-0.0006971532925712347,-0.011325108850924042,-0.0060111310717476385
2018-02-06,0.0006742216868071927,0.0029921624280444844,0.0018331920574258386
2018-02-07,-0.0016711353862439854,-0.006303202502293999,-0.003987168944268992
2018-02-08,-0.00854979743759493,-0.008073419862033417,-0.008311608649814173
2018-02-09,-0.004653308635837822,-0.004709659146623396,-0.004681483891230609
2018-02-11,3.76512294070468e-05,-0.0009533255314968424,-0.0004578371510448978
2018-02-12,-4.977279000002881e-05,0.0036049269817175996,0.0017775770958587853
2018-02-13,0.0008651618142514824,0.0024557618043069824,0.0016604618092792324
2018-02-14,0.007834619069895988,0.013559287774388936,0.010696953422142462
2018-02-15,0.002950609128270515,0.005973977899253151,0.004462293513761833
2018-02-16,-5.928035662666742e-05,-0.00479175377676497,-0.002425517066695819
2018-02-18,0.000491604809782012,0.00045634602959864195,0.000473975419690327
2018-02-19,0.0021936623554444003,0.0008899074452965749,0.0015417849003704876
2018-02-20,-0.0006662997738439813,-0.0047364088238809506,-0.002701354298862466
2018-02-21,0.0051573334490011705,0.0011957357352519583,0.0031765345921265643
2018-02-22,-0.002736392504027685,0.0030442003192385197,0.0001539039076054174
2018-02-23,0.0028479895776528192,-0.0022980549089245085,0.0002749673343641554
2018-02-25,0.0010315066944427552,0.0005759582950188083,0.0008037324947307818
2018-02-26,-0.0020854568894915658,9.551647771946948e-05,-0.0009949702058860482
2018-02-27,0.0038866518856954893,-0.0018060256781020343,0.0010403131037967275
2018-02-28,-0.010832862884005525,-0.0057051834886230265,-0.008269023186314277
2018-03-01,-0.01956913681720494,-0.010737328253656867,-0.015153232535430904
2018-03-02,-0.002842279179162819,0.0011113382470693686,-0.0008654704660467253
2018-03-04,0.001107601247991908,0.0007774676652501461,0.0009425344566210271
2018-03-05,0.00941437187746351,0.006788042394982599,0.008101207136223055
2018-03-06,-3.6038321666890995e-06,0.004644866935370723,0.0023206315516020167
2018-03-07,-0.004283418471437413,-0.0033054424662964056,-0.0037944304688669094
2018-03-08,0.004150296090506503,-0.004745524745693709,-0.00029761432759360315
2018-03-09,0.0113905686363542,0.0008498456016750392,0.00612020711901462
2018-03-11,0.0030206909569426258,0.0032031973890236797,0.0031119441729831527
2018-03-12,-0.002481452603812551,-0.0009127519606893703,-0.0016971022822509607
2018-03-13,-0.0067103582452480975,-0.0001229705414761612,-0.003416664393362129
2018-03-14,-0.0014637766017102287,-0.003426951397368874,-0.0024453639995395513
2018-03-15,0.006463149608996641,0.00028429395455993795,0.0033737217817782893
2018-03-16,-0.0018635472258312265,0.0014851650831982327,-0.00018919107131649688
2018-03-18,0.001331244993072607,0.003193367833771745,0.0022623064134221762
2018-03-19,0.004468212995430481,0.0027189465517807334,0.003593579773605607
2018-03-20,0.004688577167580587,-0.0004992920476323929,0.002094642559974097
2018-03-21,-0.002604931558162409,0.005861414882349363,0.0016282416620934772
2018-03-22,-0.00511804759519943,-0.006138798149344024,-0.005628422872271727
2018-03-23,-0.012219156235303454,-0.0051194390881071986,-0.008669297661705325
2018-03-25,0.0007022841183467428,-0.0008416679686539835,-6.96919251536203e-05
2018-03-26,0.003710261224923974,0.006893624051358915,0.005301942638141445
2018-03-27,-0.0028964925271705096,-0.00825505264930028,-0.005575772588235395
2018-03-28,0.0031474701015674366,-0.007761918533375027,-0.002307224215903795
2018-03-29,-3.670057101438223e-05,0.0038975656703937192,0.0019304325496896685
2018-04-01,0.004439306257967451,-0.005753887633347325,-0.0006572906876899372
2018-04-02,-0.00675363243013786,-0.0016541155407031444,-0.0042038739854205025
2018-04-03,0.0027995283421503397,-0.00042932675686622307,0.0011851007926420582
2018-04-04,0.002726016227417455,0.00020392126169218493,0.00146496874455482
2018-04-05,0.00522895882126945,0.0019222675459219525,0.003575613183595701
2018-04-06,-0.007128723586443951,-0.004145118871256839,-0.005636921228850395
2018-04-08,-0.0024371370418148548,-0.002390542125640399,-0.002413839583727627
2018-04-09,-0.0016112967852676596,0.0019806378378485288,0.00018467052629043458
2018-04-10,0.006592425101149823,0.007333818439012325,0.0069631217700810745
2018-04-11,0.0011482318829665362,0.0017224976111282497,0.0014353647470473929
2018-04-12,0.0040570723421538505,0.0036817166572361932,0.003869394499695022
2018-04-13,0.0009487662639114618,0.0019941751024282082,0.001471470683169835
2018-04-15,0.0021706081423628,0.0017611412020088059,0.001965874672185803
2018-04-16,0.0005188387808777843,0.002776501344568148,0.001647670062722966
2018-04-17,0.0046524663058022326,0.0018970857951278262,0.0032747760504650294
2018-04-18,0.005587284370437744,0.004252155704644068,0.004919720037540906
2018-04-19,0.002960586401987554,0.000792929313337122,0.001876757857662338
2018-04-20,0.0029748516898068567,-0.0005386553835410735,0.0012180981531328917
2018-04-22,-8.112747546446472e-07,8.794709177208477e-05,4.356790850872006e-05
2018-04-23,0.007424172716013694,-0.0029417771725385195,0.0022411977717375874
2018-04-24,-0.00618562769622562,-0.0013169814655569901,-0.003751304580891305
2018-04-25,-0.00273538828003201,-0.0035309693442409362,-0.003133178812136473
2018-04-26,0.004183263215052475,-0.0008524024880437588,0.0016654303635043584
2018-04-27,-0.003111491686653557,-0.004424199774297229,-0.003767845730475393
2018-04-29,-0.0015630780628271385,-0.0007529686585558743,-0.0011580233606915064
2018-04-30,-0.004923837748164644,-0.003450495751948991,-0.004187166750056818
2018-05-01,0.007433687187528123,-0.0015486969099837615,0.0029424951387721806
2018-05-02,-0.0041946014386780245,-0.004592185255866128,-0.004393393347272076
2018-05-03,-0.0014120374798759772,-0.0002155424888472635,-0.0008137899843616203
2018-05-04,0.003297958047194228,0.0006143667362387607,0.0019561623917164943
2018-05-06,0.0037857570073099455,0.002854954636843724,0.0033203558220768347
2018-05-07,0.0022338313584613547,0.0020326552931752774,0.002133243325818316
2018-05-08,0.00460335042693948,0.0017897130300320995,0.0031965317284857898
2018-05-09,0.0024412102151588405,0.0019031537920645078,0.0021721820036116743
2018-05-10,0.0015033504404207232,0.0014681032105910473,0.0014857268255058852
2018-05-11,0.003899606628248942,0.0030228314798094276,0.0034612190540291845
2018-05-13,0.0030477309312156617,0.001579157503552663,0.0023134442173841623
2018-05-14,0.0012065547421240507,0.0009700483989539663,0.0010883015705390085
2018-05-15,0.0010032571208140092,-0.0015749130837749193,-0.00028582798148045507
2018-05-16,0.0029806384930663836,0.0033285098629418706,0.0031545741780041273
2018-05-17,-0.00044814285169329256,0.002351612704869132,0.0009517349265879198
2018-05-18,-0.004882269949021802,-0.006256629473559596,-0.005569449711290699
2018-05-20,-0.003106550861668804,-0.0011600337732470835,-0.002133292317457944
2018-05-21,0.0027160347617240553,-0.00033085811367306614,0.0011925883240254947
2018-05-22,0.002882917518337018,0.002231559198451306,0.002557238358394162
2018-05-23,-0.005163949163425708,-0.009223983228271008,-0.007193966195848358
2018-05-24,-0.004802374889792845,-0.004395121470199298,-0.004598748179996072
2018-05-25,0.0010622475625816693,-0.0014622250400347593,-0.000199988738726545
2018-05-27,-0.004707185583021284,-0.0037006773509272884,-0.004203931466974287
2018-05-28,-0.0015576100666693674,-0.0008740872037257413,-0.0012158486351975543
2018-05-29,-0.01042704344592419,-0.015976686476661346,-0.013201864961292768
2018-05-30,0.00909893739340133,0.007152601977910401,0.008125769685655865
2018-05-31,0.002583767034911006,0.0014616485689482378,0.002022707801929622
2018-06-01,0.002470637401130199,0.005158526253353677,0.0038145818272419378
2018-06-03,0.004971138016279083,0.0016004946541309003,0.003285816335204992
2018-06-04,0.005316439344160353,0.0035267781623374572,0.004421608753248905
2018-06-05,0.0033599039301366734,0.00408723189894344,0.0037235679145400566
2018-06-06,0.0005432333908481097,0.002120864739946336,0.0013320490653972229
2018-06-07,0.0020437420722938136,0.00037011823612217515,0.0012069301542079944
2018-06-08,-0.0001477882653704145,-0.004029288976164906,-0.00208853862076766
2018-06-10,0.0013504155264558186,0.001643325853827062,0.0014968706901414403
2018-06-11,0.0012721611339517021,-0.00014919744705072294,0.0005614818434504895
2018-06-12,0.0071257320684891285,0.005358105762542311,0.00624191891551572
2018-06-13,-0.0034390264079797546,-0.0018844703904501445,-0.0026617483992149495
2018-06-14,0.004436323594262801,0.0012350881028797408,0.002835705848571271
2018-06-15,-0.004265813873336844,-0.0007085742542837705,-0.002487194063810307
2018-06-17,0.00018404395335501087,-7.046304040911311e-05,5.679045647294888e-05
2018-06-18,-0.0013853654291164793,-0.00374727460113959,-0.0025663200151280346
2018-06-19,0.0006803506342349619,0.0006272935892677249,0.0006538221117513434
2018-06-20,0.002625031032197567,0.0045255895587350825,0.003575310295466325
2018-06-21,-0.004615203937917155,-0.0025530100776822977,-0.0035841070077997266
2018-06-22,0.0017780927234087402,-0.0017201957459015344,2.8948488753602905e-05
2018-06-24,-0.0009676247892703619,-0.0010009000516853057,-0.0009842624204778338
2018-06-25,-0.005869203410420917,-0.004392857236416144,-0.00513103032341853
2018-06-26,0.002770505592296344,0.0047372781399991236,0.003753891866147734
2018-06-27,-0.006202681215496344,-0.003958516758920823,-0.0050805989872085835
2018-06-28,0.0009919505641464452,0.002487303092205116,0.0017396268281757808
2018-06-29,0.005465921007592088,0.0018537956168070819,0.003659858312199585
2018-07-01,-0.0019200544817640432,-0.0012699808707675967,-0.00159501767626582
2018-07-02,-0.0004807812221873226,0.002923411295323882,0.0012213150365682798
2018-07-03,-0.0024179512531505966,-0.0018826829998839826,-0.0021503171265172894
2018-07-04,0.0011547528471319516,0.0006771170959791383,0.000915934971555545
2018-07-05,-0.0014151652362396107,0.0032808542479981794,0.0009328445058792844
2018-07-06,-0.0011781288190700978,-0.0024833082782011883,-0.001830718548635643
2018-07-08,0.0013097483348433565,0.0010986693861365284,0.0012042088604899423
2018-07-09,0.006204892748601091,0.0018839054028682311,0.004044399075734661
2018-07-10,0.0022563875679267494,0.006722672193726779,0.004489529880826765
2018-07-11,-0.00477540640458644,0.005723615984378433,0.00047410478989599663
2018-07-12,0.0035050777188550086,0.0023022661603265405,0.0029036719395907746
2018-07-13,-0.0025265269617754265,-0.0010270983740618487,-0.0017768126679186375
2018-07-15,0.001077953291865452,0.0009271743617806673,0.0010025638268230596
2018-07-16,0.000378609714629662,0.00019563436483645508,0.00028712203973305854
2018-07-17,0.0004567570608067407,0.0031010954214607577,0.0017789262411337492
2018-07-18,0.0006223485941680107,0.00209866691103036,0.0013605077525991854
2018-07-19,-0.005203227229246498,-0.0027278545235631907,-0.003965540876404845
2018-07-20,0.00209825832283598,-0.0034319755011343596,-0.0006668585891491897
2018-07-22,0.000867692160588897,-0.0011211150866746206,-0.0001267114630428618
2018-07-23,0.005677392941684975,0.008076499772046037,0.006876946356865506
2018-07-24,0.0008272898785946324,-0.00181479262719429,-0.0004937513742998287
2018-07-25,0.0017280580079888145,-0.0010530529435531868,0.0003375025322178138
2018-07-26,0.0008948501428943731,0.003052985833400907,0.00197391798814764
2018-07-27,-0.0020752758951134757,-0.0011454887627557677,-0.0016103823289346218
2018-07-29,-0.0013697880404457674,-0.0021632635715068825,-0.0017665258059763249
2018-07-30,-0.0008483971495117713,-0.0024026988000241376,-0.0016255479747679545
2018-07-31,-0.0005961738599260964,-0.00039187646673606965,-0.0004940251633310831
2018-08-01,0.001819308956750047,0.005073507070310228,0.0034464080135301373
2018-08-02,-0.0038291357102049214,0.003667345754291788,-8.089497795656661e-05
2018-08-03,-0.003321691871904666,-0.0015929933596247178,-0.002457342615764692
2018-08-05,0.0013178417706507935,0.00012963684170096555,0.0007237393061758795
2018-08-06,-0.0005258635558134722,0.0024479943055743564,0.0009610653748804421
2018-08-07,0.004011552708470109,0.0034022149557870027,0.0037068838321285555
2018-08-08,-0.0001725240930466483,-0.002870909599101677,-0.0015217168460741628
2018-08-09,-0.003975367571830107,-0.0031757084102099265,-0.003575537991020017
2018-08-10,-0.007146241206703313,-0.0025068781896272012,-0.004826559698165257
2018-08-12,-4.146350143933093e-05,0.0014794269025628422,0.0007189817005617557
2018-08-13,0.0010460706565683974,0.00196139466993143,0.0015037326632499138
2018-08-14,0.0005268819528543903,0.006433023002684538,0.0034799524777694643
2018-08-15,-0.009679663805871055,-0.0030601663448911144,-0.006369915075381085
2018-08-16,0.00343208037722108,-0.002030998012963352,0.0007005411821288639
2018-08-17,0.000490565988772304,0.001160711123451901,0.0008256385561121026
2018-08-19,0.00046304339449505273,-0.00026559226005914825,9.872556721795224e-05
2018-08-20,-0.004025899852089852,-0.00578919862446331,-0.004907549238276581
2018-08-21,0.002785910260158151,-0.0031714289753966597,-0.00019275935761925433
2018-08-22,0.0029695609961555777,0.0031902847781679474,0.0030799228871617626
2018-08-23,-0.00037499884696692257,0.003105803076069506,0.0013654021145512918
2018-08-24,0.004488814207853831,-0.0018640509475974735,0.0013123816301281789
2018-08-26,0.0015155008780433487,0.0011081223265383426,0.0013118116022908456
2018-08-27,0.003373757977415355,0.0021186672198720957,0.0027462125986437253
2018-08-28,0.006559779507420531,0.005723996736971374,0.006141888122195953
2018-08-29,0.0016632369856727043,6.863646299467373e-05,0.000865936724333689
2018-08-30,-0.003805558074987316,0.0022506252641888587,-0.0007774664053992286
2018-08-31,-0.0008762649825665623,0.0007144826751781327,-8.089115369421478e-05
2018-09-02,-0.0007599487601649538,-0.00040162925466824827,-0.000580789007416601
2018-09-03,0.0003347655015496937,-1.4085294112639758e-05,0.00016034010371852696
2018-09-04,0.0016105519247591991,0.002884492766484026,0.0022475223456216126
2018-09-05,-0.0013777797204187886,-0.005236381477017423,-0.003307080598718106
2018-09-06,-0.003356718137783222,-0.006038454039151202,-0.004697586088467212
2018-09-07,0.0024120196715663013,0.003394523427237284,0.002903271549401793
2018-09-09,0.005544135687017517,0.004182022889796607,0.0048630792884070614
2018-09-10,8.561514094016819e-05,-0.0005033334802378329,-0.00020885916964883235
2018-09-11,0.004372077408845963,0.00485232015291885,0.004612198780882407
2018-09-12,0.0010219154042479532,0.0010181460122460366,0.0010200307082469948
2018-09-13,0.003955676543215608,0.0006345348887910262,0.002295105716003317
2018-09-14,-4.695062323807717e-05,0.002474643211867107,0.001213846294314515
2018-09-16,-5.139664198686616e-05,0.004053599491604463,0.0020011014248087983
2018-09-17,-0.0017448286451049752,-0.002639410188135665,-0.00219211941662032
2018-09-18,0.0064442701433862605,0.005749386388438506,0.006096828265912383
2018-09-19,0.00470562380550992,0.00020791369855068702,0.0024567687520303033
2018-09-20,0.0015330440108774386,-0.0013869337521792994,7.305512934906958e-05
2018-09-21,0.0026900867132455147,0.00040154468155750167,0.0015458156974015082
2018-09-23,-0.0009586954172643839,-0.004404550846332488,-0.002681623131798436
2018-09-24,0.002816667495289046,0.0026867825308603947,0.00275172501307472
2018-09-25,0.002116674924952059,0.0020663809316149675,0.0020915279282835136
2018-09-26,-0.0039034528182432344,-0.0038568832541034585,-0.0038801680361733462
2018-09-27,0.0010482676193838522,0.005394374087601232,0.003221320853492542
2018-09-28,0.00044933621904741215,0.0019242832068329398,0.001186809712940176
2018-09-30,0.0016290840966651221,0.002191107665779181,0.0019100958812221518
2018-10-01,0.0003272005765593142,0.0023412867067652554,0.0013342436416622849
2018-10-02,-0.000753579196618039,-0.004417785849045282,-0.0025856825228316605
2018-10-03,0.010616811497946129,0.008910544373139912,0.00976367793554302
2018-10-04,-0.0018666310191343852,-0.0018476247541514023,-0.0018571278866428937
2018-10-05,-0.0002107028471961406,0.0008218828384825702,0.0003055899956432148
2018-10-07,-0.0007192528137174082,-0.0017916559730682816,-0.0012554543933928448
2018-10-08,-0.002149272055684016,0.00018680473419965666,-0.0009812336607421795
2018-10-09,-0.0006034945396112504,-0.0012074750591801284,-0.0009054847993956894
2018-10-10,-0.01026044326744951,-0.009091572401293413,-0.009676007834371461
2018-10-11,-0.006324792854088866,-0.012023536490664668,-0.009174164672376767
2018-10-12,0.0027716355188949385,-0.0011538166874042774,0.0008089094157453305
2018-10-14,0.0023942723251966563,0.000388599138277637,0.0013914357317371467
2018-10-15,-0.003152068144720392,-0.002376041088094479,-0.0027640546164074357
2018-10-16,0.003936803654459497,0.0016209100072141303,0.0027788568308368135
2018-10-17,0.005800653991463249,0.007026030222424874,0.006413342106944062
2018-10-18,-0.008111110525524096,-0.0054083272917404505,-0.006759718908632273
2018-10-19,0.002865945056400703,0.003747533772210833,0.003306739414305768
2018-10-21,-0.0008071063837309923,-0.0018250381305119872,-0.0013160722571214898
2018-10-22,0.005634892785676032,0.0016322554411142155,0.0036335741133951237
2018-10-23,-0.007876250368223169,-0.005615227186172944,-0.006745738777198056
2018-10-24,-0.00815572064310995,-0.008595279406472228,-0.00837550002479109
2018-10-25,-0.0008580213920219727,0.0022708698848471942,0.0007064242464126108
2018-10-26,-0.002884562807683816,0.00044589533142066595,-0.001219333738131575
2018-10-28,-0.0049141610656225215,-0.004961978813086287,-0.004938069939354405
2018-10-29,-0.0028448365283475644,-0.0007737095035275326,-0.0018092730159375485
2018-10-30,0.010783614645043233,0.004112906545936752,0.007448260595489992
2018-10-31,0.0019907801562707656,0.0027061421836918178,0.0023484611699812917
2018-11-01,-0.009010080673451014,-0.012565982356851626,-0.010788031515151321
2018-11-02,0.006940311217650063,-0.00027096068584683727,0.003334675265901613
2018-11-04,0.00013096826377995762,0.0015855955335019622,0.00085828189864096
2018-11-05,-0.000370393236571596,-0.00018846241010568736,-0.0002794278233386417
2018-11-06,0.000810950947175241,0.0010426441653228953,0.0009267975562490681
2018-11-07,0.008490084500686083,0.0019324480742102452,0.005211266287448164
2018-11-08,0.0017687560589589911,0.0034526180528720502,0.002610687055915521
2018-11-09,-0.0008940819956578571,-0.0011541749406180732,-0.001024128468137965
2018-11-11,-0.00048603312490235135,-0.0011298205403486147,-0.000807926832625483
2018-11-12,-0.0005250546348044374,-0.0027219857877660352,-0.0016235202112852363
2018-11-13,-0.008139511667412239,-0.0050989215516946676,-0.0066192166095534535
2018-11-14,-0.005009904322461971,-0.005080623465572193,-0.005045263894017082
2018-11-15,0.0059527566068574966,-0.0011772379230376492,0.0023877593419099237
2018-11-16,0.00022707340378619193,-0.0010728763717298864,-0.00042290148397184724
2018-11-18,-0.005785719442370984,-0.009572063843183667,-0.007678891642777326
2018-11-19,-0.0019340101113756148,0.004206676347832427,0.0011363331182284062
2018-11-20,-0.009548708615870965,0.011349658931440668,0.0009004751577848516
2018-11-21,0.0026832892899008435,-0.002961206195301432,-0.00013895845270029414
2018-11-22,-0.001687934068776755,-0.001194073022576263,-0.001441003545676509
2018-11-23,-0.0010305721458145135,0.002710385427514019,0.0008399066408497528
2018-11-25,-0.0017706683935693618,0.0010947240616472945,-0.0003379721659610336
2018-11-26,0.0030986330609180713,0.0008435570930830622,0.001971095077000567
2018-11-27,0.004812724634390182,0.004407739933991015,0.004610232284190599
2018-11-28,0.0012976384562285784,-0.00899279218965823,-0.0038475768667148255
2018-11-29,-0.0004226108999340082,-0.005520110256017264,-0.002971360577975636
2018-11-30,0.0007071295647263186,0.0008752968743789803,0.0007912132195526494
2018-12-02,0.00487624738963341,-0.0004032504182006466,0.0022364984857163816
2018-12-03,-0.0014578404616378334,-0.008562048733392266,-0.00500994459751505
2018-12-04,-0.00818777316687425,-0.005328815118688319,-0.006758294142781285
2018-12-05,-0.0018955746753599946,-0.0033697863849689114,-0.0026326805301644532
2018-12-06,-0.004298343172216739,-0.004034365648619426,-0.004166354410418082
2018-12-07,-0.005366425895441271,-0.00356892815261419,-0.00446767702402773
2018-12-09,-0.008189488571226571,0.0021978450271102723,-0.0029958217720581493
2018-12-10,0.007838152684854268,0.0009882727571542194,0.004413212721004244
2018-12-11,0.0025628205981446184,8.006165271918358e-05,0.001321441125431901
2018-12-12,0.0020270471510831756,-0.0057501387753437164,-0.0018615458121302704
2018-12-13,0.00023326103706174204,9.675751779461381e-05,0.00016500927742817793
2018-12-14,-0.005049039390140927,0.004719305509231939,-0.00016486694045449429
2018-12-16,0.00015166275930152508,0.0014209182516976763,0.0007862905054996008
2018-12-17,-0.007948435030313897,0.0006984068316276092,-0.003625014099343144
2018-12-18,-0.006879912136663491,0.0006363386057314741,-0.0031217867654660084
2018-12-19,-0.0023590690208705866,0.010192071035141751,0.003916501007135582
2018-12-20,-0.006140443425580462,-0.002623915202052466,-0.004382179313816464
2018-12-21,-0.004285268265882086,0.007024682860957583,0.0013697072975377483
2018-12-23,-0.0046180559538419475,0.00038937392557363525,-0.002114341014134156
2018-12-24,-0.00017509246184122155,-0.0008470671122262979,-0.0005110797870337597
2018-12-25,-0.014997117219813779,0.008594625125802703,-0.003201246047005538
2018-12-26,0.006326134802308646,-0.004458491854142433,0.0009338214740831066
2018-12-27,0.0069922265858310285,-0.007140546026749128,-7.415972045904991e-05
2018-12-28,-0.001902948299921819,-0.002411268726763879,-0.0021571085133428487
2018-12-30,-0.003377158603676744,0.0010747190200962103,-0.0011512197917902668
2018-12-31,0.0011367096558319828,-0.002928640418779126,-0.0008959653814735717
2019-01-01,-0.0037226088082041205,0.0019316603970664932,-0.0008954742055688137
2019-01-02,-0.001972056716070863,0.017185274212887975,0.007606608748408556
2019-01-03,-0.006720012328123422,0.0009265796870773326,-0.0028967163205230444
2019-01-04,0.0015082708970955614,-0.003898722473477447,-0.0011952257881909427
2019-01-06,0.011349584396855277,-0.014477966874453409,-0.001564191238799066
2019-01-07,0.0027914573235720518,-0.00592623235005981,-0.0015673875132438792
2019-01-08,0.006326439010492364,-0.007150567514642431,-0.00041206425207503377
2019-01-09,0.0002799411828918949,-0.006445146365927673,-0.003082602591517889
2019-01-10,0.0014612185684754484,0.003027185569049897,0.0022442020687626725
2019-01-11,-0.003338534179899321,0.001869985083195248,-0.0007342745483520365
2019-01-13,6.490216526847331e-05,0.003106633252962022,0.0015857677091152477
2019-01-14,-0.0037582103828169068,-0.0003554087565634009,-0.0020568095696901537
2019-01-15,0.005804804141017959,-0.004872202218502954,0.0004663009612575022
2019-01-16,-0.0007656270146746047,0.001142562534056038,0.0001884677596907167
2019-01-17,-0.0019207569275896152,-0.006560926878231771,-0.004240841902910693
2019-01-18,0.0021817385143394494,-0.0014570015771198591,0.00036236846860979513
2019-01-20,0.005777577354365708,0.001300970599914201,0.0035392739771399544
2019-01-21,0.0006767974437074931,-0.0009092943886605785,-0.0001162484724765427
2019-01-22,-0.007596240110827003,-0.0044706053031986406,-0.006033422707012822
2019-01-23,-0.0017737028752308434,-0.003977418544310895,-0.002875560709770869
2019-01-24,-0.0003273846642908121,0.004088869401412305,0.0018807423685607463
2019-01-25,0.002755645427265615,-0.0032134332897213293,-0.00022889393122785717
2019-01-27,-0.004457108366702485,-0.009432620979246548,-0.006944864672974517
2019-01-28,-0.0020789841981561172,0.0010364239371537618,-0.0005212801305011777
2019-01-29,-0.000871188211587558,0.004385777998677581,0.0017572948935450116
2019-01-30,-0.0014528034914029738,-0.005087082835327429,-0.0032699431633652016
2019-01-31,5.419867370542636e-05,0.0030536381754204716,0.0015539184245629489
2019-02-01,0.0008361833166634266,-0.001002502865202496,-8.315977426953468e-05
2019-02-03,0.004612368378270865,-0.0055532655105970715,-0.0004704485661631034
2019-02-04,0.004106754174791158,0.0016826729470291793,0.0028947135609101687
2019-02-05,-0.0020737382512861766,-0.0011419598321586889,-0.0016078490417224328
2019-02-06,0.0010598778634810947,0.002077152305115652,0.0015685150842983733
2019-02-07,-0.0022576153583507568,0.004857392932940858,0.0012998887872950505
2019-02-08,-0.004222266716261163,0.005273839409652457,0.0005257863466956469
2019-02-10,0.0010122595626751128,0.0014261380496966584,0.0012191988061858857
2019-02-11,0.0027160317372566392,0.0022327018915682243,0.002474366814412432
2019-02-12,0.001272714716346317,-0.0025768753572504377,-0.0006520803204520604
2019-02-13,0.0021136365823005215,-0.003325430565267272,-0.0006058969914833753
2019-02-14,0.00011841402729200246,0.003948031806578667,0.002033222916935335
2019-02-15,0.005694830857724043,0.005984518941041948,0.005839674899382996
2019-02-17,0.001999493543782983,-0.005730341444046691,-0.001865423950131854
2019-02-18,-0.0009047102937876347,-0.0019747613315511895,-0.0014397358126694122
2019-02-19,-0.005697437805440098,-0.001519196379605785,-0.0036083170925229413
2019-02-20,0.004287769767721414,0.0022559009671290877,0.0032718353674252507
2019-02-21,0.00711239256208407,-0.007585209357504708,-0.00023640839771031912
2019-02-22,-0.00010683427789003477,-0.002685236038067323,-0.0013960351579786789
2019-02-24,0.0002815373346344534,0.002380100022333281,0.0013308186784838673
2019-02-25,0.0012310190441302802,-0.0015804793629243558,-0.00017473015939703778
2019-02-26,0.0029171859284971486,0.008000054461546167,0.005458620195021658
2019-02-27,0.003829972122671513,-0.0011887463932307738,0.0013206128647203696
2019-02-28,0.0059558238641505305,-0.0036507026625906608,0.0011525606007799349
2019-03-01,0.005797488107384738,-5.802580398554983e-05,0.0028697311516995942
2019-03-03,0.003921219557943196,-0.0020355566370160007,0.0009428314604635977
2019-03-04,-0.00189199513028862,0.004572461765660149,0.0013402333176857645
2019-03-05,9.599409367386329e-05,0.0003330942064303582,0.00021454415005211074
2019-03-06,-0.0007821239139994653,0.004843891564898672,0.002030883825449603
2019-03-07,-0.005528570547748729,0.006996586037217108,0.0007340077447341893
2019-03-08,-0.0014316111828289564,0.006126794921122002,0.002347591869146523
2019-03-10,-0.001664178879866583,0.0018330240060897062,8.442256311156162e-05
2019-03-11,0.006597727785653806,-0.010070898086493986,-0.0017365851504200897
2019-03-12,-2.0632632201357754e-05,0.004931053266250761,0.002455210317024702
2019-03-13,-0.0005002947079547752,-0.009693850105307761,-0.005097072406631268
2019-03-14,0.003544052844158503,0.002173004755203099,0.0028585287996808007
2019-03-15,0.0005407195965719184,0.000601954475515911,0.0005713370360439147
2019-03-17,-0.003227276600046028,0.0008164605530209739,-0.001205408023512527
2019-03-18,0.00024302579264835322,-0.0013825035131828384,-0.0005697388602672426
2019-03-19,0.0017739068212202882,-0.0004273140208647296,0.0006732964001777792
2019-03-20,-0.003940281006332178,0.003650082804920701,-0.00014509910070573855
2019-03-21,0.002374913881418186,0.003101106649027741,0.0027380102652229633
2019-03-22,-0.0006798308595989592,0.005531604745789715,0.0024258869430953778
2019-03-24,-0.012272114519158581,0.004205836039311791,-0.004033139239923395
2019-03-25,-0.0026010260590534867,0.0012559168345015685,-0.0006725546122759591
2019-03-26,0.0036210549315523147,0.0018463838689173411,0.002733719400234828
2019-03-27,0.0010853664912294167,0.009564131013073261,0.005324748752151339
2019-03-28,0.005608390528286103,0.004970481280754363,0.005289435904520233
2019-03-29,0.0022596220706180953,-0.006984532522641711,-0.0023624552260118076
2019-03-31,0.003678043637040245,0.00018943445687672806,0.0019337390469584864
2019-04-01,0.00628542666163245,-0.004051911178018478,0.0011167577418069864
2019-04-02,-0.0024309542871284325,-0.001361220232818499,-0.0018960872599734658
2019-04-03,0.005720977061249168,-0.004632220714851663,0.0005443781731987525
2019-04-04,-0.0010772215876148057,0.0011287231672152593,2.5750789800226795e-05
2019-04-05,0.002229750728275045,0.0010068045124907443,0.0016182776203828946
2019-04-07,0.002182593755476162,0.0029305026169583154,0.0025565481862172387
2019-04-08,-0.00041070599074259173,-0.0028129757548269823,-0.001611840872784787
2019-04-09,-0.0033253930485749694,-0.0025068607806872346,-0.002916126914631102
2019-04-10,0.0008744707534608018,0.0013900472892596004,0.001132259021360201
2019-04-11,0.004599532113695782,-0.001107594405145949,0.0017459688542749165
2019-04-12,-0.0006139126046683661,-0.0019838610099301894,-0.0012988868072992777
2019-04-14,0.005846025518418028,-0.0030340868801446764,0.0014059693191366756
2019-04-15,0.0005890387803809252,0.0005686370142310466,0.0005788378973059858
2019-04-16,0.006766259664222334,0.0029109328141172786,0.004838596239169806
2019-04-17,-0.0011587601306754384,0.002547404410581117,0.0006943221399528393
2019-04-18,-0.0029133889605599296,0.002277232054741859,-0.0003180784529090352
2019-04-21,0.000933047515877476,0.004248127116760314,0.0025905873163188952
2019-04-22,0.003663737258550946,-0.001936286008729634,0.0008637256249106561
2019-04-23,-0.002997446301934211,0.006490079371036106,0.0017463165345509473
2019-04-24,2.3897039600056244e-05,0.00974581752163126,0.004884857280615658
2019-04-25,-0.00685113766405399,-0.001843039742195923,-0.0043470887031249565
2019-04-26,-7.332154000372415e-05,0.0025337287830334374,0.0012302036215148565
2019-04-28,-0.0027878779295160624,0.0035782004568452068,0.00039516126366457216
2019-04-29,0.002138546495650593,-0.0015514632314602818,0.00029354163209515554
2019-04-30,-0.0008735049304123012,0.002827338645219,0.0009769168574033495
2019-05-01,-0.0015943832107312443,0.00015928595865598812,-0.0007175486260376281
2019-05-02,0.0002890220605068554,-0.009681232504001384,-0.0046961052217472645
2019-05-03,-0.0021830530744401918,0.0014245330476574767,-0.00037926001339135755
2019-05-05,-0.010726770197154945,0.0039042351771431615,-0.0034112675100058916
2019-05-06,-0.0015394823522122973,0.00348711351516822,0.0009738155814779614
2019-05-07,-0.0017694855457665954,-0.006657609506683621,-0.004213547526225108
2019-05-08,-0.0002523515793025112,-0.004249064473812025,-0.002250708026557268
2019-05-09,-0.007345111569504877,0.011158199701931382,0.0019065440662132524
2019-05-10,-0.0013666451952464064,0.0023065367076730205,0.0004699457562133071
2019-05-12,0.000705462501326229,0.003093782810427513,0.0018996226558768712
2019-05-13,-0.007063595697388253,0.009203786775356876,0.0010700955389843117
2019-05-14,0.007903684523095244,-0.007085981012904194,0.00040885175509552474
2019-05-15,0.0032024621834766016,-0.00467825422332101,-0.0007378960199222041
2019-05-16,0.005326056446315798,-0.006027219564750305,-0.00035058155921725365
2019-05-17,-0.0023014260851541395,-0.0010956735192781892,-0.0016985498022161643
2019-05-19,0.004395212284700915,-0.0019973080496375833,0.0011989521175316657
2019-05-20,-0.00023512453801621938,-0.0003924982786229284,-0.0003138114083195739
2019-05-21,0.0035352771083337685,-0.005087446502966429,-0.0007760846973163301
2019-05-22,-0.0033293146210934344,0.006551184535767379,0.0016109349573369723
2019-05-23,-0.007082090570176405,0.011898654803028997,0.002408282116426296
2019-05-24,-0.0009026881829056545,0.0017181157064442665,0.000407713761769306
2019-05-26,-0.0015344473351030813,-0.0013496884227716637,-0.0014420678789373725
2019-05-27,-0.0016398580273320337,-0.005716786870196817,-0.0036783224487644253
2019-05-28,0.0017835295185729383,0.002301239621387146,0.002042384569980042
2019-05-29,0.002859422913293253,0.005753464378519563,0.004306443645906408
2019-05-30,0.0038741367629698455,0.00323216967037857,0.003553153216674208
2019-05-31,-0.012803464585345828,0.012989777188408939,9.315630153155542e-05
2019-06-02,-0.010630238337818902,0.013972521741009852,0.0016711417015954754
2019-06-03,-0.0011535207227232073,0.006370587206143424,0.002608533241710108
2019-06-04,0.0022772583021593755,-0.012074474902001087,-0.004898608299920856
2019-06-05,0.006925944268758297,-0.00010316008442292466,0.003411392092167686
2019-06-06,0.0021861537591608,0.0025013705823391666,0.0023437621707499833
2019-06-07,0.0029447661821215537,-0.0031564397965874497,-0.00010583680723294801
2019-06-09,0.008699514238024024,-0.007816914964624545,0.00044129963669973984
2019-06-10,0.0007699369407429646,-0.0008699743251695174,-5.0018692213276426e-05
2019-06-11,-0.0005678190929098059,-0.0016216860574802968,-0.0010947525751950514
2019-06-12,-0.010933619763711006,0.004245964786722494,-0.003343827488494256
2019-06-13,-0.004296124924662123,0.005164438385537753,0.00043415673043781505
2019-06-14,-0.0020610456085498646,0.0001151646161920979,-0.0009729404961788834
2019-06-16,-0.001076903419356682,0.0011089473963634263,1.6021988503372216e-05
2019-06-17,0.0019995091105712314,0.0009012313158987612,0.0014503702132349964
2019-06-18,0.003135087039176166,0.0017777065352262151,0.0024563967872011905
2019-06-19,0.002165853119660486,0.0007573101822328756,0.0014615816509466809
2019-06-20,0.0011356636367837445,0.002990420856580245,0.0020630422466819945
2019-06-21,-0.0028404090483544514,0.0038903932843047076,0.0005249921179751281
2019-06-23,0.003345201297994162,-0.007564164716404828,-0.002109481709205333
2019-06-24,0.003551133589098509,0.0051183812973209526,0.004334757443209731
2019-06-25,-0.004299437190504191,0.003185684076277196,-0.0005568765571134975
2019-06-26,0.007448341844536967,-0.011668017165450743,-0.002109837660456888
2019-06-27,0.0035153693604703558,-0.00019637911040218587,0.001659495125034085
2019-06-28,0.0003653665150431687,0.0015452072911143339,0.0009552869030787513
2019-06-30,0.01636846943921813,-0.010994589774110358,0.0026869398325538862
2019-07-01,1.1836294584921005e-05,0.004015551090546681,0.002013693692565801
2019-07-02,0.001972901883602742,0.006351266249802546,0.004162084066702644
2019-07-03,-0.0023486661721658485,0.004968988987549,0.0013101614076915756
2019-07-04,0.003008761978248842,0.0005755845116457058,0.001792173244947274
2019-07-05,-0.002375088229532693,-0.002198949183317129,-0.002287018706424911
2019-07-07,0.0020284948803033333,-0.015706299118799616,-0.006838902119248142
2019-07-08,-0.0002534692790469736,-0.0015099404409247704,-0.000881704859985872
2019-07-09,0.0038499621225278205,-0.0009335323999729108,0.001458214861277455
2019-07-10,0.0011759170055166226,0.004245329152969159,0.0027106230792428906
2019-07-11,-0.0028851589870578847,-0.006936454805608249,-0.004910806896333067
2019-07-12,-0.004509680718935382,-0.0005923500632144847,-0.0025510153910749335
2019-07-14,-0.010046901975915994,0.005083062444158822,-0.002481919765878586
2019-07-15,0.0021113165532641136,0.0015359925760337707,0.0018236545646489423
2019-07-16,0.014074377331123909,-0.0032293006677424274,0.00542253833169074
2019-07-17,-0.0027940269332573436,0.004122429030293814,0.0006642010485182351
2019-07-18,-0.007907336398134453,0.003730006857090055,-0.0020886647705221995
2019-07-19,0.0008372879104367701,-0.00481935472344606,-0.0019910334065046447
2019-07-21,0.000855638898064579,-0.004730290250346156,-0.0019373256761407885
2019-07-22,0.005779508946845897,0.0005474678801422955,0.003163488413494096
2019-07-23,0.0009403553988910731,0.0005819395020213353,0.0007611474504562042
2019-07-24,0.0019021601369618242,0.004596986426474145,0.0032495732817179844
2019-07-25,0.0008209392086485623,-0.00435831983146884,-0.0017686903114101388
2019-07-26,0.003142400648745114,-0.0006583401294483496,0.0012420302596483823
2019-07-28,0.0008016756243969247,0.0024653060689399263,0.0016334908466684255
2019-07-29,0.0060780235691223206,0.0037027395426561817,0.004890381555889251
2019-07-30,0.0048103649091975715,0.0004977623252874049,0.0026540636172424884
2019-07-31,0.004750425821926568,-0.00243546698473086,0.0011574794185978542
2019-08-01,-3.358339078026666e-05,0.018830871703140097,0.009398644156179916
2019-08-02,-0.004564218575666161,0.0057054531758858,0.0005706173001098196
2019-08-04,-0.00595544323896657,0.0031712712907811112,-0.0013920859740927294
2019-08-05,-0.011741590127517553,0.013042128370788643,0.0006502691216355447
2019-08-06,0.0010018664987212335,-0.016287210819566907,-0.007642672160422837
2019-08-07,-0.005386461078752069,0.009706683492810939,0.002160111207029435
2019-08-08,-0.000990672707776017,0.0011505642974220778,7.994579482303041e-05
2019-08-09,-0.004017675649612372,-0.0029067437757061203,-0.003462209712659246
2019-08-11,0.007108850455402405,-0.0029567238084004786,0.0020760633235009634
2019-08-12,-0.006000447342278477,0.00759938413313617,0.0007994683954288466
2019-08-13,0.01922334249979496,-0.010920446093204172,0.004151448203295394
2019-08-14,-0.008490911995203536,0.0015857429801620058,-0.0034525845075207653
2019-08-15,-0.006097329011842373,0.009401789757709889,0.0016522303729337579
2019-08-16,0.0017533723391311398,0.002655443465971697,0.0022044079025514184
2019-08-18,0.006350869507368424,-0.00300644059687261,0.0016722144552479069
2019-08-19,0.009251850949109545,-0.0006073058872465662,0.004322272530931489
2019-08-20,-0.004292994936363109,0.000834659418112014,-0.0017291677591255476
2019-08-21,0.005784576691285822,0.0016452324244407694,0.0037149045578632953
2019-08-22,-0.00038286033911407737,-0.003542729441694675,-0.001962794890404376
2019-08-23,0.0021456560273175815,-0.0006996137789335716,0.0007230211241920049
2019-08-25,-0.04707518084618383,0.014347809322254679,-0.016363685761964578
2019-08-26,0.013892653880624387,0.0028849345735754857,0.008388794227099936
2019-08-27,0.005119127391749985,-0.005285801497157785,-8.33370527039e-05
2019-08-28,0.003105391180355658,-0.0006408383029463139,0.001232276438704672
2019-08-29,0.0014962063566418685,0.0016222781615291195,0.0015592422590854941
2019-08-30,0.008752809629204909,-0.0022174810399508906,0.0032676642946270094
2019-09-01,-0.010967930571154163,0.00745725767878518,-0.0017553364461844914
2019-09-02,0.0031224534590270957,0.0028273780436109176,0.002974915751319007
2019-09-03,-0.004317562146526826,0.0021253317776704643,-0.0010961151844281808
2019-09-04,-0.0033822379129728204,0.00046473728048026733,-0.0014587503162462765
2019-09-05,0.01959229987885036,-0.011060251059325595,0.004266024409762383
2019-09-06,0.011352881457845725,-0.004691963244485397,0.0033304591066801643
2019-09-08,0.0007619828544448522,0.0015728416910090687,0.0011674122727269604
2019-09-09,0.002539447615295738,-0.0034977660294955174,-0.0004791592070998896
2019-09-10,0.011770338746273963,-0.01493513561198424,-0.0015823984328551385
2019-09-11,0.009363254752206729,-0.005314639119925102,0.0020243078161408133
2019-09-12,0.0021358641745575896,-0.008412612118573684,-0.003138373972008047
2019-09-13,0.00394562118193431,-0.0046581789596717455,-0.0003562788888687176
2019-09-15,0.013588015046935395,-0.017476020514503317,-0.001944002733783961
2019-09-16,-0.001763884703522965,1.6258437787265447e-05,-0.0008738131328678497
2019-09-17,-0.0012361209452656976,0.004245560516567192,0.001504719785650747
2019-09-18,-0.00415599266519854,0.0020344797607673637,-0.0010607564522155883
2019-09-19,-0.00424115519097226,0.0012324566655692974,-0.001504349262701481
2019-09-20,-0.0005911318796364712,0.0029341707137315576,0.0011715194170475432
2019-09-22,-0.004653557021670503,0.004034755848149871,-0.00030940058676031616
2019-09-23,-0.0026326657538831627,0.0010663060920128797,-0.0007831798309351415
2019-09-24,-0.003427202688299361,0.003435024155525342,3.910733612990432e-06
2019-09-25,-0.007343669117199416,0.0020264106558370255,-0.002658629230681195
2019-09-26,0.006987545125523444,-0.001655558495396841,0.002665993315063301
2019-09-27,-0.0013847758727307759,0.0008386631230909727,-0.0002730563748199016
2019-09-29,-0.0016977873204551976,-0.00106191141143937,-0.0013798493659472838
2019-09-30,0.0011571355035668314,-0.002373756566900652,-0.0006083105316669104
2019-10-01,0.010603589665488718,-0.004784903292501572,0.002909343186493573
2019-10-02,-0.011750659010263044,0.0017037811296899796,-0.0050234389402865325
2019-10-03,-0.020756206167951794,0.007367763840646019,-0.0066942211636528874
2019-10-04,-0.007863467026322428,0.009427903912573431,0.0007822184431255019
2019-10-06,0.003378101682862597,0.002117693638569007,0.002747897660715802
2019-10-07,0.0005586385628324438,-0.0009575345152760499,-0.00019944797622180305
2019-10-08,0.014205636664415489,-0.010959950935228396,0.0016228428645935463
2019-10-09,-0.012226960142073126,0.004115298833293054,-0.004055830654390036
2019-10-10,0.007700554278503275,-0.004557090994346315,0.00157173164207848
2019-10-11,0.014002716929001197,-0.011022236326299673,0.0014902403013507624
2019-10-13,0.016679850929292764,-0.013872291255810595,0.0014037798367410844
2019-10-14,-0.0052209056940758,0.0026652766398660055,-0.0012778145271048972
2019-10-15,-0.0019358204285115873,0.0004971533770881449,-0.0007193335257117213
2019-10-16,0.0029216800418109565,-0.006709364254923652,-0.001893842106556348
2019-10-17,-0.0017258609910062307,-0.000588561990135518,-0.0011572114905708743
2019-10-18,-0.0009169412445042267,-0.002857520499328992,-0.0018872308719166094
2019-10-20,-0.0009528137479712279,-0.0040345825737699665,-0.002493698160870597
2019-10-21,0.0011912985285279245,-0.0014864807443050454,-0.00014759110788856048
2019-10-22,0.0071755438207037996,-0.0027191618069364472,0.002228191006883676
2019-10-23,-0.007689610861003868,0.0010121203843838225,-0.003338745238310023
2019-10-24,0.006030416334251144,0.00207790141353779,0.004054158873894468
2019-10-25,-5.802831269924747e-05,0.0016066024429455352,0.0007742870651231439
2019-10-27,0.00923269120737561,-0.0010019358370229197,0.004115377685176344
2019-10-28,0.0009653062568309263,0.0008041440383594687,0.0008847251475951975
2019-10-29,0.007600184933074045,-0.003363376972118369,0.0021184039804778383
2019-10-30,-0.004717697888689758,-0.0008686489170704628,-0.0027931734028801103
2019-10-31,-0.0043626935300007256,0.004169376985813422,-9.665827209365176e-05
2019-11-01,-0.012856883628617536,0.0036991772234284503,-0.004578853202594543
2019-11-03,0.007060161450659419,-0.000467083818686326,0.0032965388159865465
2019-11-04,0.0010323755882938946,0.0006230730619706751,0.0008277243251322849
2019-11-05,0.011016628439944732,-0.0023678463230117335,0.004324391058466499
2019-11-06,0.005633699159984499,-0.002985349198469917,0.0013241749807572911
2019-11-07,-0.004292140218446825,0.0016286213810100232,-0.0013317594187184007
2019-11-08,0.0146119514611667,-0.007463176114499094,0.003574387673333803
2019-11-10,0.004366777052184056,-0.001660246769768672,0.001353265141207692
2019-11-11,-0.005451585878250603,0.004807763531027451,-0.0003219111736115763
2019-11-12,0.00677655922183275,-0.004551253552050607,0.0011126528348910712
2019-11-13,-0.006259773260092528,0.0047171153425582275,-0.0007713289587671503
2019-11-14,-0.004911389501074332,0.006566899294062346,0.0008277548964940071
2019-11-15,-0.002205683231005044,0.0031440471423563395,0.0004691819556756477
2019-11-17,-0.0018501651834051229,0.0016550529784646643,-9.75561024702293e-05
2019-11-18,0.0007512492509553233,-0.0009504595748061166,-9.960516192539665e-05
2019-11-19,-0.0012251345066667907,0.0035319019573834026,0.001153383725358306
2019-11-20,-0.0035520490177264343,0.00040425043848929255,-0.0015738992896185708
2019-11-21,-0.002529082550573455,0.0014212039705067327,-0.0005539392900333612
2019-11-22,0.003213256211499404,0.0007357811981096168,0.0019745187048045105
2019-11-24,0.006976002275555572,-0.0009408096895056414,0.003017596293024965
2019-11-25,0.002866410978326296,-0.0038896013558182615,-0.0005115951887459827
2019-11-26,-0.00043318123016478473,0.005049717988546072,0.0023082683791906438
2019-11-27,0.0027715263996321623,0.004036100526251796,0.0034038134629419793
2019-11-28,0.0006218274370505053,-0.003400219310218074,-0.0013891959365837845
2019-11-29,0.0005839132795077816,0.0012405899408366307,0.0009122516101722062
2019-12-01,0.0024822873584224776,0.0008530235695345723,0.001667655463978525
2019-12-02,0.0011386640425087033,-0.0026680756949546856,-0.0007647058262229911
2019-12-03,-0.006783819197744318,-0.0055381953558002,-0.006161007276772259
2019-12-04,-0.015545807431798501,0.00363381264064473,-0.005955997395576886
2019-12-05,0.0028412315993712666,-0.0036929813229864992,-0.0004258748618076163
2019-12-06,0.006477259839183593,-0.004563854840232052,0.0009567024994757705
2019-12-08,0.007295477284659788,-0.0021190986995808297,0.002588189292539479
2019-12-09,-0.0024902238952983144,-5.84966410427532e-05,-0.0012743602681705337
2019-12-10,-0.0006682111651703864,-0.002676965210606638,-0.001672588187888512
2019-12-11,0.002587233728769564,-0.0015781910489867342,0.000504521339891415
2019-12-12,-0.0010917254361209059,-0.00048690323437418603,-0.0007893143352475459
2019-12-13,0.010860594879259269,-0.008795688166614364,0.0010324533563224525
2019-12-15,-0.005960206286721625,0.004138444500137775,-0.000910880893291925
2019-12-16,0.0015187303494635523,-0.0014325583526624925,4.308599840052989e-05
2019-12-17,0.008972156034517627,-0.004670045972455098,0.0021510550310312646
2019-12-18,0.0027227248986846234,0.0002148770538880243,0.0014688009762863238
2019-12-19,0.00444022081977203,-0.0021060089683312805,0.0011671059257203746
2019-12-20,0.0034313958070892646,0.0014195114844007667,0.0024254536457450158
2019-12-22,0.003159400285680083,0.0034336591860240607,0.003296529735852072
2019-12-23,-0.001691950409558459,0.0002611094610359108,-0.0007154204742612741
2019-12-24,0.0027327853817104425,-0.00011864179728514901,0.0013070717922126468
2019-12-25,-0.002561572889987383,0.0010644344085327046,-0.0007485692407273392
2019-12-26,0.0007727978483291968,-0.0007692432545801011,1.7772968745478467e-06
2019-12-27,0.0022116148348400966,0.005450136157884118,0.003830875496362107
2019-12-29,-0.0054523956936392785,0.0015515469282130147,-0.0019504243827131319
2019-12-30,2.356439534192804e-06,-0.0016651005199502227,-0.000831372040208015
2019-12-31,-0.0036193949335858832,-0.00215105073168126,-0.0028852228326335717
2020-01-01,0.0004675563508989367,-0.002191496931228352,-0.0008619702901647077
2020-01-02,0.001141668084840428,0.001525306199163867,0.0013334871420021474
2020-01-03,-0.0054936606597427926,0.009160520687209182,0.0018334300137331947
2020-01-05,-0.008510582572561673,0.006120452008935633,-0.00119506528181302
2020-01-06,-9.276316733716088e-05,-0.001270463782968965,-0.0006816134751530629
2020-01-07,0.005883953649925822,-0.004151524982414011,0.0008662143337559059
2020-01-08,-0.003298871062147455,0.008906498221863656,0.002803813579858101
2020-01-09,0.017510501786538592,-0.008484673270615981,0.004512914257961306
2020-01-10,0.005989704521000248,0.003195069250262849,0.0045923868856315485
2020-01-12,-0.0034658157839899803,0.0019118236024998688,-0.0007769960907450557
2020-01-13,0.003956536921774633,-0.00031740202354460815,0.0018195674491150126
2020-01-14,0.008620327050908134,-0.00017549170431623164,0.004222417673295951
2020-01-15,-0.0074167970182250865,0.0044046650237554216,-0.0015060659972348325
2020-01-16,0.0003251201772106599,0.005655106499267731,0.0029901133382391957
2020-01-17,0.009166019981663897,-0.0013639273297035546,0.0039010463259801713
2020-01-19,0.0037832239113074974,0.0021231848938214194,0.0029532044025644584
2020-01-20,0.00013536912671434378,0.0009935437612657685,0.0005644564439900562
2020-01-21,-0.004208675084295304,0.004011921584547008,-9.837674987414786e-05
2020-01-22,0.0019688970953052423,0.004130558226126956,0.0030497276607160994
2020-01-23,-0.0035218502099863716,0.0024076383712494757,-0.0005571059193684479
2020-01-24,0.0027051393452578506,0.004977734875827091,0.0038414371105424706
2020-01-26,-0.010609141884147003,0.0072676333246975665,-0.0016707542797247182
2020-01-27,0.0018328691723887508,0.00020361495749131304,0.001018242064940032
2020-01-28,-0.00048481604888658174,0.0038741586913430015,0.0016946713212282099
2020-01-29,0.0032276908755839075,-0.0005231204610281398,0.0013522852072778838
2020-01-30,-0.006426525359816068,0.006685403311905627,0.00012943897604477924
2020-01-31,0.0021142805472012154,-0.0010598077783714698,0.0005272363844148728
2020-02-02,-0.012424875192753284,0.004561763632790567,-0.003931555779981359
2020-02-03,0.005445971945481393,0.0002890094776984938,0.002867490711589943
2020-02-04,0.0114266554860661,-0.0013460331987392804,0.00504031114366341
2020-02-05,0.0023332437056579943,-0.002707416929158251,-0.00018708661175012836
2020-02-06,0.009144400556779831,-0.005438133037293059,0.0018531337597433861
2020-02-07,0.0037373581920358244,0.0045683586652969605,0.004152858428666393
2020-02-09,-0.005447446184088019,0.0065696680497172,0.0005611109328145904
2020-02-10,0.0049941871757441594,-0.0017188455801377103,0.0016376707978032244
2020-02-11,0.0020110539064273018,0.002251936655465999,0.0021314952809466502
2020-02-12,0.002428677317976106,-0.003667518577028599,-0.0006194206295262465
2020-02-13,-0.000386828346514932,0.003279614251883102,0.0014463929526840852
2020-02-14,0.00014063110516553644,-0.0018175021211829644,-0.000838435508008714
2020-02-16,0.0007625812231624065,0.000803920157234416,0.0007832506901984113
2020-02-17,0.0007838287278636043,0.0007365450487388966,0.0007601868883012504
2020-02-18,-0.0038257021222940987,0.002323042778205676,-0.0007513296720442113
2020-02-19,0.0034852765274652085,0.003701939331390035,0.003593607929427622
2020-02-20,0.00360431684297021,0.006913512086639939,0.005258914464805075
2020-02-21,-0.006743688309357996,0.0076569179658327454,0.00045661482823737467
2020-02-23,-0.01171725572108697,0.0019406358593663578,-0.004888309930860307
2020-02-24,-0.0012017989501853523,0.003828771479080568,0.001313486264447608
2020-02-25,-0.007411396676899385,-0.003617300751973495,-0.00551434871443644
2020-02-26,-0.017929050021150528,-0.0003121546146517299,-0.00912060231790113
2020-02-27,-0.012867605642546453,0.0023659276216780145,-0.005250839010434219
2020-02-28,-0.01742771401498331,-0.00419687645308132,-0.010812295234032316
2020-03-01,-0.011579771406523963,0.011830651547916599,0.00012544007069631782
2020-03-02,0.003497866985252583,-0.004178913330838679,-0.0003405231727930478
2020-03-03,0.010166828602352213,-0.001322690861007091,0.0044220688706725604
2020-03-04,-0.013335344858649817,0.014957206231760884,0.0008109306865555334
2020-03-05,-0.0012121971896528955,-0.005684650501296216,-0.0034484238454745558
2020-03-06,-0.023661470355875278,0.01533557369759945,-0.004162948329137914
2020-03-08,-0.03266575351005766,0.02091627795574024,-0.00587473777715871
2020-03-09,-0.007923333273032563,-0.0005207525359194013,-0.0042220429044759825
2020-03-10,0.026698658167308157,-0.03544548471227761,-0.004373413272484727
2020-03-11,-0.006362890793750869,0.006750925674503235,0.0001940174403761829
2020-03-12,-0.01643887215637577,0.012458109940664678,-0.001990381107855546
2020-03-13,0.004675278020314321,-0.0007450619784436679,0.0019651080209353265
2020-03-15,-0.005441863282989668,0.009676994519647788,0.00211756561832906
2020-03-16,-0.005734150501799801,0.006746645847605232,0.0005062476729027158
2020-03-17,0.0009513265591511412,-0.0006895717918054757,0.00013087738367283276
2020-03-18,0.008056564759938309,0.00899547257377752,0.008526018666857914
2020-03-19,0.02034847020631622,-0.0019964772569537395,0.009175996474681241
2020-03-20,-0.009034816785104736,-0.000736622991527824,-0.00488571988831628
2020-03-22,-0.03864530338116076,0.03734463775974135,-0.0006503328107097042
2020-03-23,0.003854448175153257,-0.013539663515247907,-0.004842607670047325
2020-03-24,0.013622446811662452,-0.006342927853800123,0.0036397594789311645
2020-03-25,0.01645801061535615,-0.013592413512738058,0.001432798551309046
2020-03-26,-0.007321687172864722,-0.0010797339245125152,-0.004200710548688619
2020-03-27,0.004528978484647946,-0.016204203960936955,-0.0058376127381445046
2020-03-29,-0.010654540924497972,0.0033714745961132353,-0.0036415331641923682
2020-03-30,0.0022523218323711193,-0.004021830248663306,-0.0008847542081460932
2020-03-31,0.0037512859379750267,-0.002525954319860994,0.0006126658090570163
2020-04-01,-0.014036524425068642,0.007315818292254379,-0.0033603530664071315
2020-04-02,0.0027364472255172667,0.0029099573325188826,0.0028232022790180746
2020-04-03,0.00011364478536684096,0.005852903475111481,0.0029832741302391608
2020-04-05,0.0021124227175877315,-0.002091929166187272,1.024677570022974e-05
2020-04-06,0.006423475445017987,-0.006076030152888368,0.00017372264606480958
2020-04-07,0.00876654962365891,-0.009438297368873905,-0.00033587387260749797
2020-04-08,-9.129914552995677e-05,-0.0011914784056312176,-0.0006413887755805872
2020-04-09,0.00129860534868103,-0.0019486463606618847,-0.0003250205059904274
2020-04-12,-0.0037862208808183096,-0.0016776599436067578,-0.0027319404122125336
2020-04-13,0.0012818634779630715,-0.005737848408053628,-0.002227992465045278
2020-04-14,0.004615244283066334,0.0020034074690971097,0.003309325876081722
2020-04-15,-0.004194354353444013,0.009309654309728053,0.00255764997814202
2020-04-16,-0.005387556017475387,0.009642933158602662,0.002127688570563637
2020-04-17,0.009254004010588786,-0.0009626428497726192,0.004145680580408083
2020-04-19,-0.0038829128649445557,-0.0006259495923585575,-0.0022544312286515568
2020-04-20,-0.00368768298230319,0.0032998280257679324,-0.00019392747826762883
2020-04-21,-0.008295324018451096,0.01003736520824796,0.0008710205948984319
2020-04-22,-0.0016531156930236065,0.004284706859624487,0.0013157955833004403
2020-04-23,0.004125517852430204,-0.004322115413792148,-9.829878068097183e-05
2020-04-24,-0.00210965040870394,0.0004090542528784061,-0.0008502980779127669
2020-04-26,0.0022616364966074943,0.001986822146620351,0.0021242293216139226
2020-04-27,0.0008083962128792842,-0.0004160023546773548,0.00019619692910096466
2020-04-28,0.0010047224412230024,-0.0016921149073538379,-0.00034369623306541777
2020-04-29,-0.0007545571558636634,-0.0002893089581005684,-0.0005219330569821159
2020-04-30,0.0020247867453227317,-0.0009575135278844869,0.0005336366087191224
2020-05-01,-0.0009624965361951863,0.00027930624043681043,-0.00034159514787918794
2020-05-03,-0.005107710630773507,0.005286247219492507,8.926829435949987e-05
2020-05-04,0.0013038116773309116,-0.00043991497983981553,0.00043194834874554804
2020-05-05,0.006499394115268431,-0.007482131392315376,-0.0004913686385234727
2020-05-06,-0.0002956939870219719,0.001355181147589747,0.0005297435802838876
2020-05-07,-0.0005838355258064988,-0.0016882579520504167,-0.0011360467389284578
2020-05-08,-0.003999332391926659,0.004510167489384862,0.0002554175487291016
2020-05-10,0.005374846564051105,-0.006085031922487724,-0.0003550926792183092
2020-05-11,-0.0006411450123655201,0.0013123588880838435,0.00033560693785916165
2020-05-12,-0.000921723601707723,0.0069379730393888325,0.003008124718840555
2020-05-13,-0.004781103890265708,0.0035835992407455023,-0.0005987523247601026
2020-05-14,-0.004333267606817794,0.005028547297488677,0.0003476398453354417
2020-05-15,9.913879777854773e-05,0.002256790851957599,0.0011779648248680732
2020-05-17,-0.00016524872577334377,0.0003209850234319855,7.786814882932086e-05
2020-05-18,0.00024091735922377537,-0.002268340881319374,-0.0010137117610477993
2020-05-19,0.008571008885458104,-0.009304922063758691,-0.00036695658915029353
2020-05-20,-0.0008856667372514573,0.0006561683173258626,-0.00011474920996279735
2020-05-21,-0.0010804041405880255,0.00136687820818232,0.00014323703379714732
2020-05-22,-0.002044285572178813,0.0027309684117511482,0.0003433414197861677
2020-05-24,0.0025011299439620716,-0.0013082056821984058,0.0005964621308818329
2020-05-25,0.0002439373974088717,-0.00027327730255078574,-1.4669952570957014e-05
2020-05-26,0.0023491725285731653,-0.003500257319896686,-0.0005755423956617604
2020-05-27,0.0011618557927285003,-0.0035327969975361465,-0.001185470602403823
2020-05-28,0.00035494842159923415,0.002759054347487576,0.001557001384543405
2020-05-29,-0.0019475266175753882,0.0003289714996801989,-0.0008092775589475947
2020-05-31,0.0002322496099117353,-0.0008497592279066643,-0.0003087548089974645
2020-06-01,0.0013829619213954467,0.00031687316722505315,0.0008499175443102499
2020-06-02,0.003488104972997065,1.6796446192024483e-05,0.0017524507095945448
2020-06-03,0.0073976447881306225,-0.0063153227857234515,0.0005411610012035855
2020-06-04,0.001197339877251579,-0.0021517723215255923,-0.00047721622213700663
2020-06-05,0.010134606864494787,-0.009295012710009782,0.0004197970772425027
2020-06-07,0.0007502244407463185,0.0013750377334144006,0.0010626310870803595
2020-06-08,-0.0006801309375546813,1.596252852960487e-05,-0.0003320842045125382
2020-06-09,-0.004154142141629756,0.0038484304657805915,-0.00015285583792458229
2020-06-10,-0.004474166490251982,0.004097871530880974,-0.00018814747968550405
2020-06-11,-0.01073894973240923,-0.005770264585264397,-0.008254607158836812
2020-06-12,0.0014809497450149988,-0.0029014413894279216,-0.0007102458222064614
2020-06-14,-0.0003600178990559726,-0.0007063497792653119,-0.0005331838391606422
2020-06-15,0.0006440522722209242,0.0010015488824003044,0.0008228005773106143
2020-06-16,0.005463144741914659,-0.001099753041530119,0.00218169585019227
2020-06-17,-0.0004982488051792322,0.0011253629154141169,0.00031355705511744236
2020-06-18,-0.002320223439894416,0.0008355200522633257,-0.0007423516938155452
2020-06-19,-0.000956559656407376,-7.153853102576528e-06,-0.00048185675475497625
2020-06-21,-4.9285012706247445e-05,-9.151570251511952e-05,-7.040035761068347e-05
2020-06-22,0.0017603588213514231,0.0027468890134568925,0.0022536239174041576
2020-06-23,-0.0012452329131819365,0.0010586011627793256,-9.331587520130548e-05
2020-06-24,-0.0036745027433916014,0.00046169988853083906,-0.0016064014274303812
2020-06-25,-0.00107478502856413,0.0006311266215898192,-0.0002218292034871554
2020-06-26,-0.00439869346751555,0.0022913162646212557,-0.0010536886014471472
2020-06-28,-0.00010234559924536066,-0.00015546404905396734,-0.00012890482414966398
2020-06-29,0.0007749554412037692,0.0005539504582567204,0.0006644529497302448
2020-06-30,0.003935153358591622,-0.0009063511034324659,0.001514401127579578
2020-07-01,0.004611507242749729,-0.00632041524606872,-0.0008544540016594956
2020-07-02,-0.000605956873831039,0.0027122744756913194,0.0010531588009301401
2020-07-03,8.054186744325195e-06,-0.00020773269196381618,-9.983925260974549e-05
2020-07-05,-3.563836921990688e-06,-4.088178241045838e-06,-3.826007581518264e-06
2020-07-06,0.0016708134775758221,-0.00025177513378466524,0.0007095191718955784
2020-07-07,-0.001484080425187462,0.002439691582730787,0.0004778055787716625
2020-07-08,0.000551298967272609,-0.0015677877259966475,-0.0005082443793620193
2020-07-09,-0.0012720494364890779,0.0015277666636699357,0.0001278586135904289
2020-07-10,0.0008007808242024689,-0.003126574635053536,-0.0011628969054255334
2020-07-12,0.0009198398432878344,0.0025130535422930207,0.0017164466927904276
2020-07-13,-0.00241271804013591,0.0031316724200252857,0.0003594771899446878
2020-07-14,-0.0003835910830772578,-0.0016342815135618764,-0.0010089362983195672
2020-07-15,0.00015066717074929296,0.0010869214368828808,0.0006187943038160869
2020-07-16,-0.0010502059292345275,-0.0017837850106028974,-0.0014169954699187123
2020-07-17,0.0002808994984568265,0.0005175320484377396,0.00039921577344728307
2020-07-19,0.00017810017681558417,0.00045034017599459534,0.00031422017640508974
2020-07-20,0.0014308424270935045,0.0012418379297332884,0.0013363401784133966
2020-07-21,-0.0005697813129087854,0.0018165254323739195,0.0006233720597325671
2020-07-22,0.0002265036601903108,0.0006243651598385402,0.0004254344100144255
2020-07-23,-0.001603539801179519,0.00032656975607314764,-0.0006384850225531857
2020-07-24,-0.0009683400611956086,-0.002924571598578723,-0.0019464558298871659
2020-07-26,3.2255454367183996e-05,0.00016980390311388364,0.00010102967874053381
2020-07-27,0.002263745362468059,-0.000657001879190247,0.0008033717416389061
2020-07-28,-0.002152947541411177,0.0034528164773014606,0.0006499344679451419
2020-07-29,-0.0005811127036708535,0.0013726905540757406,0.0003957889252024435
2020-07-30,-0.00041639603114045575,0.003295910258098613,0.0014397571134790788
2020-07-31,-0.0014421573270588317,0.00037565489659822097,-0.0005332512152303054
2020-08-02,-0.00024828863548866727,-0.0008587605634131472,-0.0005535245994509072
2020-08-03,0.0016546542579098376,-0.0003396710291938376,0.000657491614358
2020-08-04,-0.001707870322622593,0.005177977590949026,0.0017350536341632166
2020-08-05,0.0028196426620950054,-0.0020472165666132872,0.00038621304774085906
2020-08-06,-9.054673641336654e-06,0.0026100396072084395,0.0013004924667835514
2020-08-07,0.0009101069791572936,-0.002456767322402584,-0.0007733301716226453
2020-08-09,-0.0004722757684341201,-0.001213398191014312,-0.000842836979724216
2020-08-10,0.0012017488327754604,-0.0007219650201434419,0.00023989190631600927
2020-08-11,0.005347512756817953,-0.0074719943968001344,-0.0010622408199910905
2020-08-12,0.0032130866142151136,-0.003365578513876512,-7.624594983069908e-05
2020-08-13,0.0010761262486736777,-0.0016055335139651447,-0.00026470363264573347
2020-08-14,-0.002324492566397265,0.000857120587604517,-0.000733685989396374
2020-08-16,6.114227792800048e-05,0.00017272312347035314,0.0001169327006991768
2020-08-17,-0.0004863900187552421,0.00024099843972602843,-0.00012269578951460683
2020-08-18,0.00025146027059211665,0.0048260241882325475,0.002538742229412332
2020-08-19,0.0014568118800719267,-0.002919727056625123,-0.0007314575882765981
2020-08-20,-0.00333025371160607,0.002927317918998356,-0.00020146789630385697
2020-08-21,-0.0011668113732082406,0.0006067605087512791,-0.00028002543222848075
2020-08-23,-0.0006970809442903061,-0.000470953136504374,-0.00058401704039734
2020-08-24,0.0036015118135110415,-0.0015874440055141654,0.001007033903998438
2020-08-25,0.0025777870477266375,-0.0030901008245754584,-0.00025615688842441043
2020-08-26,0.0015558380855655272,0.0018142367828895088,0.001685037434227518
2020-08-27,0.0019960726815945453,-0.00399551285642202,-0.0009997200874137372
2020-08-28,-0.0028802770670534822,0.0065875287958554515,0.0018536258644009846
2020-08-30,0.0003634029444453613,0.0004580204553232533,0.0004107116998843073
2020-08-31,-0.00043848240900981936,0.00010512073160392887,-0.00016668083870294525
2020-09-01,-0.0014957028532371862,0.001820279536055495,0.00016228834140915444
2020-09-02,-0.0028883603628368643,0.0001400020997037432,-0.0013741791315665605
2020-09-03,-0.005079051360437114,-0.003940779160571663,-0.004509915260504389
2020-09-04,0.001866598154618188,-0.005984274775888151,-0.0020588383106349816
2020-09-06,-4.4411810131470994e-05,3.1595698390110637e-06,-2.0626120146229966e-05
2020-09-07,-0.00035075957334970557,-0.0005838893276617883,-0.00046732445050574694
2020-09-08,-0.007636246345525961,0.00178676411456459,-0.0029247411154806856
2020-09-09,0.0010271800948505442,-0.003242694093617105,-0.0011077569993832802
2020-09-10,-0.00263629443474648,0.0013918528988195106,-0.0006222207679634847
2020-09-11,-0.001723995361291727,0.0014233507579072644,-0.00015032230169223135
2020-09-13,0.00013650145811037396,0.0003636781257926738,0.0002500897919515239
2020-09-14,0.0012258902708884862,0.0015848021584160168,0.0014053462146522515
2020-09-15,0.0019587270177944998,0.0008043067040749528,0.0013815168609347262
2020-09-16,-0.0005984623253915915,-0.0007509488435175517,-0.0006747055844545716
2020-09-17,-0.0031487211934426588,-0.002436992964852818,-0.0027928570791477384
2020-09-18,-0.000973845036250753,0.0005827652553875691,-0.00019553989043159196
2020-09-20,-0.0002596774080064847,-0.0003779953248038715,-0.0003188363664051781
2020-09-21,0.00011633979731713389,-0.0008808269218004438,-0.00038224356224165497
2020-09-22,-0.0004927061808913657,-0.0014841022954675404,-0.000988404238179453
2020-09-23,0.00012129876515053274,-0.0019296650899495974,-0.0009041831623995323
2020-09-24,-0.000489508620211918,-0.002385752280405406,-0.001437630450308662
2020-09-25,0.0006046791702657248,0.0022601677849478814,0.001432423477606803
2020-09-27,0.00026079607605525133,0.00037626898459429,0.0003185325303247707
2020-09-28,0.0009594587823479248,0.00023175989112771974,0.0005956093367378223
2020-09-29,-0.00015530590092419026,0.0012907459340253324,0.0005677200165505711
2020-09-30,-0.0012352596458264653,-0.003759307964582501,-0.0024972838052044833
2020-10-01,0.0008234788985122311,0.0006885881617713891,0.0007560335301418101
2020-10-02,-0.0015113605722924237,-0.0034935441161944867,-0.0025024523442434554
2020-10-04,0.0008182891305979111,0.0016230618202238143,0.0012206754754108626
2020-10-05,0.004168106900788437,-0.005526713726619408,-0.0006793034129154852
2020-10-06,-0.003388289426426065,0.0021834734103350767,-0.0006024080080454942
2020-10-07,0.0021647136426290268,-0.0029722486300826903,-0.00040376749372683174
2020-10-08,0.002679083233496021,0.0015575539473692123,0.002118318590432617
2020-10-09,-0.0005424347670689822,0.0003022737968320528,-0.00012008048511846469
2020-10-11,0.0002042722549797497,0.00022590603670447778,0.00021508914584211374
2020-10-12,0.0007558137624150233,0.0017743441175400842,0.0012650789399775537
2020-10-13,-0.0024291265860418767,0.0013283876253184,-0.0005503694803617383
2020-10-14,-0.00032046959546759546,-0.0003628724169369833,-0.0003416710062022894
2020-10-15,-0.001454518918053281,-0.00037037105940654753,-0.0009124449887299143
2020-10-16,0.0004078544709561981,-0.0007811382830022377,-0.00018664190602301977
2020-10-18,-9.836782278773116e-05,-0.00020221932795321632,-0.00015029357537047375
2020-10-19,8.6358766012326e-05,-0.0012869331496523817,-0.0006002871918200279
2020-10-20,-0.001630145561793817,-0.00148283541640002,-0.0015564904890969186
2020-10-21,0.0011545291710303206,0.0007143021285916401,0.0009344156498109804
2020-10-22,0.001242260022626943,-0.0031559816154127793,-0.0009568607963929181
2020-10-23,-0.0014301736880311833,0.0011156770173368243,-0.00015724833534717952
2020-10-25,-1.5040059701539834e-05,-2.42327978347753e-05,-1.963642876815757e-05
2020-10-26,-0.0011200666733760566,0.0012073071002090912,4.362021341651728e-05
2020-10-27,-0.0001994492697565031,0.0017468646495107272,0.000773707689877112
2020-10-28,-0.0011102753922814603,-0.001671437994729708,-0.0013908566935055841
2020-10-29,0.00018237026343147293,-0.002426653641914895,-0.001122141689241711
2020-10-30,-9.238544523642586e-05,-0.0016689993942144734,-0.0008806924197254496
2020-11-01,8.04450889373818e-05,-0.0002741128142866905,-9.683386267465435e-05
2020-11-02,0.00035740032872954577,-0.0003831523318610135,-1.287600156573386e-05
2020-11-03,0.0024560222174307743,-0.0017032317107127672,0.00037639525335900355
2020-11-04,-0.0028953423980503474,0.00539457231883097,0.0012496149603903111
2020-11-05,0.000876399269620859,0.00247288960898812,0.0016746444393044896
2020-11-06,0.000839057034227156,-7.571031546271237e-05,0.0003816733593822218
2020-11-08,0.00041639733289315043,0.0011417748056677085,0.0007790860692804295
2020-11-09,0.002443056261737801,-0.010207129101642272,-0.0038820364199522355
2020-11-10,0.0003834062330012915,-0.00198523674914524,-0.0008009152580719742
2020-11-11,0.00048763611034254614,0.001834521280061697,0.0011610786952021214
2020-11-12,-0.0021094177294445327,0.0030151146888158418,0.00045284847968565453
2020-11-13,0.00020906133847471936,0.0008080027321826277,0.0005085320353286735
2020-11-15,0.0005156619715880905,0.0012706437432902164,0.0008931528574391535
2020-11-16,0.00013592094882109413,0.0005317588801832988,0.00033383991450219646
2020-11-17,-0.001344777573359174,0.001721360221677054,0.00018829132415893997
2020-11-18,0.0002001449726926935,-0.000854081799816638,-0.00032696841356197223
2020-11-19,-0.0012957394168970505,0.0020297860847033845,0.000367023333903167
2020-11-20,-6.37978007095609e-05,0.0007745446747761205,0.00035537343703327976
2020-11-22,0.00012752019300419382,0.000480849065902643,0.0003041846294534184
2020-11-23,1.967027825710725e-05,-0.0022912942321578777,-0.0011358119769503852
2020-11-24,8.207627888653865e-05,0.001149942014608913,0.0006160091467477258
2020-11-25,0.001104494876901476,-0.000722738359533838,0.000190878258683819
2020-11-26,6.159907477385564e-05,9.704926641710947e-05,7.932417059548255e-05
2020-11-27,-0.00210584880128239,0.002018427668996613,-4.37105661428884e-05
2020-11-29,7.048194274404779e-05,0.00012152825563016754,9.600509918710766e-05
2020-11-30,0.0007260040847048273,-0.0019258493444829048,-0.0005999226298890387
2020-12-01,0.004270356541546287,-0.001315144198753842,0.0014776061713962225
2020-12-02,-0.00012893303432921964,-0.0005671150694216054,-0.0003480240518754125
2020-12-03,-0.0008779178629277316,0.002911220575172589,0.0010166513561224288
2020-12-04,0.0016836607763817783,-0.0009898923320486315,0.00034688422216657344
2020-12-06,0.00022290195607336586,0.0003895319519838819,0.0003062169540286239
2020-12-07,-0.0016231302338125338,0.0025992342983812275,0.00048805203228434685
2020-12-08,0.0005709437993954498,-0.0004353697085207965,6.778704543732662e-05
2020-12-09,-0.0006896037193310028,-0.002009543904954144,-0.0013495738121425734
2020-12-10,-0.0023211609479474506,0.0006401300613864942,-0.0008405154432804782
2020-12-11,-0.003000991742140728,0.0014385041976974578,-0.0007812437722216351
2020-12-14,0.0005884558069590017,0.0010066365832244616,0.0007975461950917316
2020-12-15,0.0024240174199152064,0.0030412224822929674,0.002732619951104087
2020-12-16,0.0010402052328326082,0.0010184304362564356,0.001029317834544522
2020-12-17,0.0006987090036396956,0.0035382387188535257,0.0021184738612466105
2020-12-18,-0.0006759914492573206,-0.00010070865111027754,-0.00038835005018379905
2020-12-21,-0.002231015986013809,-0.0010964875923406175,-0.0016637517891772134
2020-12-22,-0.001667626514287552,-0.002716706242229503,-0.0021921663782585275
2020-12-23,0.0011215085491686635,0.002275653172142449,0.0016985808606555563
2020-12-24,7.988248547783951e-05,0.0011944833589670482,0.0006371829222224438
2020-12-28,-0.0003324247361781647,0.00037484159469670936,2.1208429259272324e-05
2020-12-29,-0.0006894525565623855,0.0026006117100349957,0.0009555795767363051
2020-12-30,6.947299297825778e-05,0.0023090570292460095,0.0011892650111121337
2020-12-31,-0.0006958541654171295,0.0015827779967901117,0.00044346191568649107
2021-01-04,-0.0009433257721876337,0.0005100098667963855,-0.0002166579526956241
2021-01-05,0.001303182355085569,0.004184236766574641,0.002743709560830105
2021-01-06,0.0016622544377489408,0.0011588046386180805,0.0014105295381835106
2021-01-07,0.0018331795983345838,-0.0005209346298416074,0.0006561224842464883
2021-01-08,0.0010028815686483076,0.0007189714629487132,0.0008609265157985104
2021-01-11,3.873064817949115e-05,-0.0038941998017384453,-0.001927734576779477
2021-01-12,-0.002676799869496939,0.007411440727636502,0.0023673204290697815
2021-01-13,0.0006317318266248233,-0.003738404731895682,-0.0015533364526354294
2021-01-14,-0.0007040174003023488,0.0026736371807615485,0.0009848098902295998
2021-01-15,-0.003149157453429724,-0.0029990546538183247,-0.0030741060536240246
2021-01-19,0.0009876263638979668,0.0018193021582562517,0.0014034642610771093
2021-01-20,0.002795940092328982,0.000796179019684547,0.0017960595560067645
2021-01-21,0.0004348695796138291,0.0013748769514419423,0.0009048732655278858
2021-01-22,0.001545082271944018,-0.0057518141902049395,-0.0021033659591304607
2021-01-25,-0.0013778760742012472,0.002554218170241191,0.0005881710480199719
2021-01-26,-0.0007973310697081704,0.0015710072772490056,0.0003868381037704176
2021-01-27,-0.0025031336027291906,-0.004640243687333166,-0.003571688645031178
2021-01-28,0.0013461153550376956,-0.0005670153344963917,0.00038955001027065196
2021-01-29,-0.0025575872927543126,-6.835803389722071e-05,-0.0013129726633257666
2021-02-01,0.0027475527212075207,0.0011838316597107257,0.001965692190459123
2021-02-02,0.0019086364840916242,0.0006126210394745476,0.001260628761783086
2021-02-03,0.0013718559817186074,0.0008133074086371632,0.0010925816951778853
2021-02-04,7.410866554712754e-05,-0.0011613863304721372,-0.0005436388324625048
2021-02-05,-0.00025523345504010136,0.0036876533463070424,0.0017162099456334706
2021-02-08,0.0012480902415697027,0.001831042787156302,0.0015395665143630023
2021-02-09,0.0008616458367695987,0.0017187755646913298,0.0012902107007304643
2021-02-10,-0.0003267068496666701,-0.0012173927514307979,-0.000772049800548734
2021-02-11,-0.0003519196641678208,0.00024325986183713173,-5.432990116534454e-05
2021-02-12,0.0018462406383844086,0.00147896293549451,0.0016626017869394594
2021-02-16,0.001402720352520661,0.0010627743678590237,0.0012327473601898423
2021-02-17,-2.925814149043712e-05,-0.00021057804771917177,-0.00011991809460480444
2021-02-18,-0.0016447079238803353,0.001606588205783074,-1.9059859048630714e-05
2021-02-19,0.0018734071004047734,0.001669414221763463,0.0017714106610841182
2021-02-22,0.0008756400525377229,0.003273721318129262,0.0020746806853334924
2021-02-23,-9.18383400309616e-05,4.13080056246847e-06,-4.3853769734246565e-05
2021-02-24,0.0004591633174272563,0.003478075254998978,0.001968619286213117
2021-02-25,0.003982669337492817,-0.000986981875539935,0.0014978437309764408
2021-02-26,-8.540910922556105e-05,-0.008190692270607074,-0.0041380506899163175
2021-03-01,0.00042034335231472524,-4.911545365609605e-05,0.0001856139493293146
2021-03-02,-0.0036335726983472354,0.0005365502357754285,-0.0015485112312859034
2021-03-03,-0.0007069534312665097,-0.0015554537525740235,-0.0011312035919202666
2021-03-04,0.0005029296716237477,0.0023604816225089096,0.0014317056470663286
2021-03-05,0.0016788164111696427,0.0058745885769191765,0.0037767024940444094
2021-03-08,0.00032981312918999234,-0.0005843075923437069,-0.00012724723157685728
2021-03-09,-0.000684384993642899,-0.0007287077534155451,-0.000706546373529222
2021-03-10,-8.340304075702011e-05,-0.0012108342872729123,-0.0006471186640149662
2021-03-11,-0.0015534160555097194,0.005256061104161035,0.0018513225243256578
2021-03-12,0.00300011064724285,0.0013986098911797898,0.00219936026921132
2021-03-15,0.0008205905724549926,-0.0009438842588463611,-6.164684319568423e-05
2021-03-16,0.0010521207071269114,-0.0007211758181274042,0.00016547244449975363
2021-03-17,0.0005749896188432361,0.0008076015102220993,0.0006912955645326678
2021-03-18,0.0017384716069892446,-0.007442153998731727,-0.002851841195871241
2021-03-19,0.0010568448063278113,0.0002788725663186967,0.000667858686323254
2021-03-22,-0.0008634895051200448,0.0006234880956382232,-0.0001200007047409108
2021-03-23,0.00331595005315506,-0.007696292397255162,-0.002190171172050051
2021-03-24,0.0029412816702333823,-0.001954265850899849,0.0004935079096667666
2021-03-25,0.0023580744470190216,-0.0012204706675102378,0.0005688018897543919
2021-03-26,-0.0030650512778044973,0.005550336140596995,0.001242642431396249
2021-03-29,0.000717790609245093,-0.00022912340326225396,0.0002443336029914195
2021-03-30,0.002547166771164098,-0.0029006442290307956,-0.00017673872893334886
2021-03-31,-0.006574918968252948,0.011335036061353715,0.0023800585465503835
2021-04-01,-0.0004684227090071071,0.0009802774154601967,0.0002559273532265448
2021-04-05,-0.0047888510343836975,0.00421040956819491,-0.00028922073309439354
2021-04-06,0.004284251027368223,-0.004006868023616368,0.00013869150187592778
2021-04-07,0.0006924297265893217,-0.00015874746097674394,0.0002668411328062889
2021-04-08,-0.00405492794884173,-0.0003079335531051011,-0.0021814307509734157
2021-04-09,-0.002874176097428767,0.002046661985536895,-0.0004137570559459359
2021-04-12,-0.0006229988231411305,0.0009183848079638005,0.00014769299241133502
2021-04-13,-0.0008509971440659443,-0.0005632510123139844,-0.0007071240781899644
2021-04-14,-0.007427025719050833,0.004135852141941377,-0.0016455867885547281
2021-04-15,0.0024199938900194323,-0.0004205180552959218,0.0009997379173617552
2021-04-16,-0.0006703332202805025,0.0006865091729961099,8.087976357803734e-06
2021-04-19,-0.004432628325341545,0.002114146026963741,-0.0011592411491889018
2021-04-20,-0.0016638694821382817,-0.002843990981331284,-0.0022539302317347827
2021-04-21,-0.0026625089529787377,0.0021739497168762833,-0.0002442796180512272
2021-04-22,-0.008466869316999338,0.0009427386108883516,-0.0037620653530554935
2021-04-23,-0.004617282710329013,0.003527885466719714,-0.0005446986218046496
2021-04-26,-0.007260143003923808,0.0034272459198308016,-0.001916448542046503
2021-04-27,0.0009346966868664999,-0.000476421968019281,0.00022913735942360947
2021-04-28,0.007552935888575775,-0.0015567960777738783,0.002998069905400948
2021-04-29,-0.001317840333114076,0.0015143813353870716,9.827050113649777e-05
2021-04-30,-0.0012469313776126154,-0.001462955123139526,-0.0013549432503760707
2021-05-03,0.0019409832455766027,-0.0005096666981527479,0.0007156582737119273
2021-05-04,-0.003997600097287243,0.0003136724679254553,-0.0018419638146808938
2021-05-05,-0.0029937940937696294,0.00022995205482718192,-0.0013819210194712236
2021-05-06,-0.005175599268826843,0.004705817110372816,-0.0002348910792270135
2021-05-07,-0.0015181728806808383,0.004369356001281109,0.0014255915603001356
2021-05-10,0.005021507719076489,-0.003431498817117631,0.0007950044509794289
2021-05-11,-0.0029533830027883997,0.001803685548909042,-0.0005748487269396788
2021-05-12,-0.00022312674035416256,-0.0015408109491810349,-0.0008819688447675987
2021-05-13,0.00724056663228305,-0.003634634097708172,0.001802966267287439
2021-05-14,0.0014121094551613666,0.0020712717475437938,0.0017416906013525803
2021-05-17,0.00031932565103219714,0.0010864400372708784,0.0007028828441515378
2021-05-18,-0.0006982560226241174,-0.0007195600929513328,-0.0007089080577877251
2021-05-19,0.0009346335759147465,-0.0019843173830120047,-0.0005248419035486291
2021-05-20,0.0016028722676136244,-0.0020705067833459967,-0.00023381725786618618
2021-05-21,0.001095923593851777,-0.0014690704343008074,-0.00018657342022451522
2021-05-24,0.0014976374389291732,-0.0001535058701361237,0.0006720657843965247
2021-05-25,0.003258609094003583,-0.002772880179209076,0.0002428644573972535
2021-05-26,0.00014783386584336973,-0.00035903730338404915,-0.00010560171877033971
2021-05-27,-0.005123636263325989,0.005955737182934353,0.000416050459804182
2021-05-28,0.001495532474483306,-0.0007136340877088115,0.0003909491933872473
2021-06-01,-0.002289774279206415,0.0018822598514814908,-0.00020375721386246208
2021-06-02,0.0005780184389613194,0.00019814897373359315,0.0003880837063474562
2021-06-03,-0.0004965124492456127,-0.00249395964466156,-0.0014952360469535862
2021-06-04,0.0009583874764011802,-0.0017888031928150507,-0.0004152078582069352
2021-06-07,-0.0013967479491437135,0.00016999814042784902,-0.0006133749043579323
2021-06-08,-1.7807239388733514e-05,-7.201344845993602e-05,-4.491034392433477e-05
2021-06-09,0.0012549589001496107,-0.0022022723570841517,-0.0004736567284672705
2021-06-10,0.0013875634189897696,-4.979738755306926e-05,0.0006688830157183501
2021-06-11,-4.426383720726603e-05,-0.00044697160660671224,-0.0002456177219069891
2021-06-14,0.0005264168677464172,-0.0005515841802459943,-1.2583656249788545e-05
2021-06-15,0.0025419599472653693,-0.0030447428196053354,-0.00025139143616998306
2021-06-16,-0.004007042191670184,0.0031385791609432026,-0.0004342315153634906
2021-06-17,0.0040926914256443625,-0.004999118753580231,-0.00045321366396793407
2021-06-18,-0.006703079261068746,0.00018113373562131672,-0.003260972762723715
2021-06-21,-0.0003065314601767968,0.006602087059568993,0.0031477777996960984
2021-06-22,0.0028839903860741803,-0.001162059067501987,0.0008609656592860966
2021-06-23,-0.0027483717497051295,0.0035974033003497836,0.00042451577532232705
2021-06-24,0.0008133110730379531,0.0003783225738508991,0.0005958168234444261
2021-06-25,0.0030188031029301566,-0.0012119385890569305,0.0009034322569366131
2021-06-28,-0.0015824001841260346,-0.00010991951695437848,-0.0008461598505402065
2021-06-29,0.0009227915372615089,-0.0002421481734149304,0.00034032168192328925
2021-06-30,-0.003300490444856387,0.006019752404001625,0.0013596309795726191
2021-07-01,0.001759597288385819,-0.0002996091365033284,0.0007299940759412453
2021-07-02,0.0027834490011622443,-0.0020448144193451947,0.0003693172909085248
2021-07-06,0.007743940146287803,-0.010710488527818734,-0.0014832741907654652
2021-07-07,0.0011778615648948589,-0.0011315899809153291,2.313579198976487e-05
2021-07-08,0.0019498683601456483,-0.0064230817014272685,-0.00223660667064081
2021-07-09,-0.002333782804818763,0.00718249723443332,0.002424357214807279
2021-07-12,-0.0024424968493251325,0.0036152996547892734,0.0005864014027320704
2021-07-13,-0.00024389849747582886,0.004928812133899123,0.002342456818211647
2021-07-14,-0.0006511074027234243,-0.005546821092919798,-0.0030989642478216114
2021-07-15,-0.0004329405501939488,-0.0028532557642366907,-0.0016430981572153197
2021-07-16,-0.001283593442513076,-0.00034614491019353686,-0.0008148691763533065
2021-07-19,0.0021986029185357536,-0.012461007440901279,-0.0051312022611827626
2021-07-20,0.002220408330217208,0.0034696554375743317,0.0028450318838957695
2021-07-21,-0.0032446613464294765,0.00832646910162701,0.002540903877598767
2021-07-22,0.0016183628212834895,0.0003521838966297735,0.0009852733589566314
2021-07-23,0.0017495616911541558,0.001129477100727733,0.0014395193959409443
2021-07-26,-0.0023255827717337026,0.003041893311627517,0.00035815526994690725
2021-07-27,-0.0003707997535755433,-0.004791974980579093,-0.002581387367077318
2021-07-28,-0.000720590945701728,0.00010491082028236656,-0.0003078400627096807
2021-07-29,-0.001932800530116787,0.001628799090105901,-0.00015200072000544297
2021-07-30,0.0025622557707047273,-0.003437465729336044,-0.00043760497931565837
2021-08-02,-0.0015189802291672718,-0.0023351973597552696,-0.0019270887944612706
2021-08-03,0.00022871920799284512,-0.0013265367306111294,-0.0005489087613091421
2021-08-04,-0.0001878798346881772,-0.0002928149507344714,-0.0002403473927113243
2021-08-05,-0.002305525829403507,0.003855738212858832,0.0007751061917276626
2021-08-06,-0.0024397095948201315,0.006264044702692168,0.0019121675539360184
2021-08-09,-0.0016395099992032001,0.0020223972000054085,0.00019144360040110418
2021-08-10,-0.0019773116884271064,0.004140536393216022,0.0010816123523944576
2021-08-11,0.0017082142195210936,-0.0016682868315234325,1.996369399883053e-05
2021-08-12,-0.0022517427853508756,0.002363464281206862,5.586074792799322e-05
2021-08-13,-0.0005123657480890562,-0.005236770333305149,-0.0028745680406971025
2021-08-16,0.001299176711574683,-0.0015990313608908826,-0.00014992732465809978
2021-08-17,0.004594142484217847,-0.004163808077506615,0.00021516720335561625
2021-08-18,0.0003201847479712797,-0.004198016825054369,-0.0019389160385415447
2021-08-19,0.001871690569388617,-0.0025253894001368085,-0.00032684941537409573
2021-08-20,-0.000274321546855113,-0.0003696021277850455,-0.0003219618373200792
2021-08-23,-0.0003180910473689696,0.003350726383008793,0.0015163176678199119
2021-08-24,-0.0006486575383042093,0.0043215952011227375,0.001836468831409264
2021-08-25,-0.0010259229055439205,0.0027708683750131474,0.0008724727347346134
2021-08-26,-0.0004598528570399458,3.50695523877447e-05,-0.00021239165232610056
2021-08-27,0.002054509587404896,-0.0025288457004725633,-0.00023716805653383366
2021-08-30,0.0016584839535716796,-0.0011550520259697215,0.00025171596380097903
2021-08-31,0.0003584134611563147,-0.00012761626423149518,0.00011539859846240976
2021-09-01,0.0006802293282041902,-0.0033787730690654607,-0.001349271870430635
2021-09-02,-0.0014507979489772125,0.0008683824706280113,-0.00029120773917460063
2021-09-03,0.0004123456115829329,0.0009328645598389602,0.0006726050857109465
2021-09-07,-0.0002764390727375207,0.001277484272897066,0.0005005226000797726
2021-09-08,0.0009231184920121587,-0.002189612967513469,-0.0006332472377506553
2021-09-09,-0.0001037054272631714,-0.003908173022454115,-0.002005939224858643
2021-09-10,-0.0001301391561336283,0.0030687281934221526,0.0014692945186442622
2021-09-13,0.00042231954854015145,-0.000632741634190304,-0.0001052110428250763
2021-09-14,-0.00017811123727812592,-0.0033189502661559183,-0.001748530751717022
2021-09-15,-0.0022724526839501507,0.004346663059329902,0.0010371051876898755
2021-09-16,-0.0009710232074356048,0.0026864680921548844,0.0008577224423596398
2021-09-17,0.0012509798959686412,-0.0013127580701198412,-3.088908707559997e-05
2021-09-20,0.0013237784907516332,-0.008461856982745743,-0.0035690392459970547
2021-09-21,0.001309683703862556,-0.0009724848845437036,0.0001685994096594262
2021-09-22,-0.002722925172003623,0.0030918850318866257,0.0001844799299415014
2021-09-23,-0.003801068314137524,0.00939211787127619,0.002795524778569333
2021-09-24,0.0009610261081827515,0.002149945279648171,0.0015554856939154612
2021-09-27,-0.001991703606572058,0.003885476848477398,0.00094688662095267
2021-09-28,0.003125701766306355,-0.0037754042154975183,-0.00032485122459558163
2021-09-29,0.0025197857596043777,0.00022198705703963057,0.0013708864083220042
2021-09-30,0.000766572898298464,-0.004468117730432465,-0.0018507724160670006
2021-10-01,-0.0018064306791556464,0.0013694689067790238,-0.00021848088618831127
2021-10-04,-0.0027046223865673973,0.00011014991009981645,-0.0012972362382337903
2021-10-05,0.0008274871064555787,0.005235026372429409,0.0030312567394424937
2021-10-06,0.0005835892691401183,-0.00042799220927270445,7.779852993370693e-05
2021-10-07,-0.0015309191599577423,0.006330138530690633,0.0023996096853664455
2021-10-08,-0.00044184813083871725,0.0018322938975467722,0.0006952228833540274
2021-10-11,-0.00264573254310999,0.00443632808671167,0.0008952977718008398
2021-10-12,0.0005690115177438514,-0.0036066942783650165,-0.0015188413803105824
2021-10-13,-0.0006289519533282914,-0.002166192598532164,-0.0013975722759302276
2021-10-14,-7.148573813739155e-05,0.003755568158260156,0.0018420412100613823
2021-10-15,-0.006629750619439465,0.010983079223931698,0.002176664302246116
2021-10-18,-0.0030500896540867867,0.004012115321827988,0.00048101283387060067
2021-10-19,0.0017615812821227036,0.0010800317406414381,0.001420806511382071
2021-10-20,-0.0007472987030464292,0.003243814138204579,0.001248257717579075
2021-10-21,-0.0022211402822706625,0.0006456996274307037,-0.0007877203274199794
2021-10-22,-0.0007384188400436876,-0.005485919334319919,-0.003112169087181803
2021-10-25,0.003277219843076016,0.0022076680469615253,0.0027424439450187705
2021-10-26,-0.0010105566886005237,0.0012544020990804677,0.000121922705239972
2021-10-27,-0.004401607630897452,-0.0021317047053541318,-0.003266656168125792
2021-10-28,-0.0031701788066038654,0.002364420614960973,-0.00040287909582144613
2021-10-29,0.0032065075278115487,0.0035249190690242456,0.0033657132984178974
2021-11-01,-0.0021887093814722067,0.0005695289129702642,-0.0008095902342509713
2021-11-02,0.0044619478354059995,-0.0024535278302324007,0.0010042100025867994
2021-11-03,-0.0020161230699425377,0.003052129897186397,0.0005180034136219296
2021-11-04,0.009009893011115594,-0.0099942118126514,-0.0004921594007679031
2021-11-05,0.002040096936742947,-0.007376524889508102,-0.0026682139763825777
2021-11-08,-0.003911516428616744,0.004655822428980896,0.0003721530001820762
2021-11-09,-0.0014891890940085092,-0.003021886036212461,-0.002255537565110485
2021-11-10,-0.0025882697146840518,0.009742639658923503,0.0035771849721197256
2021-11-11,-0.0012738500687178595,0.004881746510914669,0.0018039482210984049
2021-11-12,0.0014784124291481078,0.0022307362351915183,0.001854574332169813
2021-11-15,0.002041058327067956,0.005821607184070845,0.0039313327555694005
2021-11-16,0.0029531956598070393,0.004003445773012018,0.0034783207164095285
2021-11-17,-0.0003067641526198423,-0.005394152170911296,-0.002850458161765569
2021-11-18,-0.0025368898170068845,0.0027467302056740726,0.00010492019433359402
2021-11-19,-0.0018946099654785636,0.000652198180151621,-0.0006212058926634712
2021-11-22,-0.009664025194453226,0.008870438581637741,-0.0003967933064077424
2021-11-23,-0.0015395169772236114,0.004652518401722907,0.0015565007122496479
2021-11-24,0.001001309717426923,0.0025086326809260684,0.0017549711991764957
2021-11-26,0.003960310315503765,-0.038091003077243175,-0.017065346380869706
2021-11-29,0.007232046890809925,0.006932407446811679,0.007082227168810802
2021-11-30,0.0014444842012109973,-0.016742717942879994,-0.007649116870834498
2021-12-01,-0.002653864648749435,-0.008810182155445384,-0.005732023402097409
2021-12-02,-0.003379143872467516,0.01511828210427021,0.005869569115901347
2021-12-03,-0.001097770455937001,-0.009467132638497555,-0.005282451547217278
2021-12-06,0.007082063971614268,0.013418021095207068,0.010250042533410667
2021-12-07,0.007970774159499198,0.011565866431158459,0.009768320295328828
2021-12-08,0.0059388908682706555,0.00299723597207442,0.004468063420172538
2021-12-09,-0.000928141004101471,-0.00465416217529338,-0.002791151589697426
2021-12-10,0.00026343798285596853,-0.0019807315762028228,-0.0008586467966734271
2021-12-13,-0.0037437265302205334,-0.008462296223772137,-0.006103011376996335
2021-12-14,-0.0005700266552275974,0.0038602044330681446,0.0016450888889202736
2021-12-15,0.008843323038148216,-0.0006698509286386478,0.004086736054754784
2021-12-16,-0.005051617256094922,-0.009739673744803787,-0.007395645500449355
2021-12-17,-0.001064145839134322,0.001845088719720687,0.00039047144029318254
2021-12-20,-0.0018125109813395817,-0.000700594330034752,-0.0012565526556871669
2021-12-21,0.004360055137039791,0.010938929382559217,0.007649492259799504
2021-12-22,0.0016286137681079962,0.0018089176854875265,0.0017187657267977614
2021-12-23,0.004954653433466811,0.0034008727481346164,0.0041777630908007134
2021-12-27,0.005221870050674327,0.007348757690093883,0.006285313870384105
2021-12-28,0.0016007092920647915,-0.0038690971225593656,-0.0011341939152472872
2021-12-29,0.0029497252314425893,0.004139923498930542,0.0035448243651865657
2021-12-30,-0.00039913502276911646,-0.008095945962106775,-0.004247540492437946
2021-12-31,0.0018049569026507301,-0.00172553053647856,3.971318308608506e-05
2022-01-03,0.006061821721641187,0.013928058336528295,0.00999494002908474
2022-01-04,0.004713950546146187,0.005082771040445945,0.004898360793296066
2022-01-05,0.0025606990740324816,-0.0016727186211604776,0.000443990226436002
2022-01-06,0.0020853058440578253,0.004344675267587194,0.0032149905558225096
2022-01-07,-0.0001737424699402825,-5.1926591273850414e-05,-0.00011283453060706645
2022-01-10,-0.0016794737767636253,-0.0016511126292805514,-0.0016652932030220883
2022-01-11,0.002462106421960474,0.0021858834782726255,0.00232399495011655
2022-01-12,0.001210393756185512,1.3590807452151376e-05,0.0006119922818188316
2022-01-13,-0.004648560937442079,-0.010511165410418145,-0.0075798631739301126
2022-01-14,0.006160322546744568,0.006898633234043085,0.006529477890393827
2022-01-17,0.001001766714693684,0.0002251302342348401,0.0006134484744642621
2022-01-18,0.0030591867897937983,0.010060591768521915,0.006559889279157857
2022-01-19,-0.002069232019624611,0.00021901058277421144,-0.0009251107184251997
2022-01-20,-0.005120382214922465,-0.005606675564774256,-0.005363528889848361
2022-01-21,-0.006944474625239279,-0.006592479501823171,-0.006768477063531225
2022-01-24,-0.0012734036036840812,0.002079517426163909,0.000403056911239914
2022-01-25,-0.002990294176904643,-0.0023760646992950904,-0.0026831794380998667
2022-01-26,0.013132986985811331,0.01994180687527632,0.016537396930543825
2022-01-27,0.0012383221133849432,0.0027484802636383835,0.0019934011885116634
2022-01-28,-0.0013558551426351608,0.0015157222318735715,7.993354461920533e-05
2022-01-31,0.007425584227371964,0.0013405477365280136,0.0043830659819499886
2022-02-01,-0.0005108254461580939,0.0031287895309800432,0.0013089820424109747
2022-02-02,-0.0008457702632005877,-0.005992536919627713,-0.0034191535914141506
2022-02-03,0.009469493376112003,0.0021933626700176524,0.0058314280230648274
2022-02-04,0.005803852249474391,0.012639667617497142,0.009221759933485767
2022-02-07,0.0007901455186115818,0.002812314764698189,0.0018012301416548853
2022-02-08,0.0051040770144967695,0.0048875956006627745,0.0049958363075797724
2022-02-09,0.00017164248289678553,0.010176132277787785,0.005173887380342285
2022-02-10,0.00843925667183895,0.006812990699227708,0.007626123685533329
2022-02-11,-0.004876434668771567,-0.009205339328826397,-0.0070408869987989816
2022-02-14,0.005000104833929259,0.010624102974296504,0.007812103904112882
2022-02-15,0.00026567262744396956,-0.004962752269149067,-0.0023485398208525484
2022-02-16,-0.0006427248727272345,0.0006943636712081833,2.5819399240474398e-05
2022-02-17,-0.006357265026330612,-0.0073256679401999,-0.006841466483265256
2022-02-18,-0.0018678955833142464,-0.00020447473412996985,-0.0010361851587221082
2022-02-21,-0.0014683472116596462,-0.0006420096634309701,-0.001055178437545308
2022-02-22,-0.0031811106962176287,0.010469490937464885,0.003644190120623628
2022-02-23,-0.001178928520580364,0.005824090236212008,0.002322580857815822
2022-02-24,-0.0005205051926508437,0.007077849641970685,0.0032786722246599207
2022-02-25,0.006979050419792174,-0.016519413158776593,-0.0047701813694922095
2022-02-28,-0.011165570928253201,0.0001130638962888832,-0.005526253515982159
2022-03-01,-0.002678000381731673,0.012616600503508902,0.004969300060888615
2022-03-02,0.019090891683152558,0.007851339088250074,0.013471115385701317
2022-03-03,-0.0060310439121262155,0.009306144549509461,0.0016375503186916228
2022-03-04,0.0008943924481534839,0.014116580687955392,0.007505486568054438
2022-03-07,0.002493419123166806,0.010701713217874512,0.006597566170520659
2022-03-08,0.012181340043923914,0.005012134425201817,0.008596737234562866
2022-03-09,-0.004230002793913209,-0.0217761357119245,-0.013003069252918855
2022-03-10,0.0008856700089015762,0.011255726184611877,0.006070698096756726
2022-03-11,0.007695620207434915,0.010255383608130728,0.008975501907782821
2022-03-14,0.008024442704901857,0.0009878430493628738,0.004506142877132365
2022-03-15,-0.0039512718803551,-0.00433904288932212,-0.00414515738483861
2022-03-16,0.010495892291694321,0.0038590813677856664,0.007177486829739994
2022-03-17,0.0005139955013802919,0.007647378567877277,0.004080687034628785
2022-03-18,0.003480064292278349,0.0034553163157865353,0.0034676903040324423
2022-03-21,0.011478483414478949,0.028195432866110186,0.01983695814029457
2022-03-22,0.011328369180362995,0.010950064591524061,0.011139216885943527
2022-03-23,0.002258922087957315,-0.00033489500651407957,0.0009620135407216177
2022-03-24,0.008293590167134537,0.010250408726845215,0.009271999446989875
2022-03-25,0.001684380059755464,0.00951053194817783,0.005597456003966647
2022-03-28,-0.002311947719528045,0.0007144037559020606,-0.0007987719818129922
2022-03-29,-0.00987423167779887,-0.009686529581634176,-0.009780380629716524
2022-03-30,-0.0033957476301193917,-0.006302452105482465,-0.004849099867800928
2022-03-31,-0.00397026447791702,-0.003486783864231364,-0.0037285241710741917
2022-04-01,0.0013791211736607113,0.007105595483534365,0.004242358328597538
2022-04-04,0.007874670678196862,0.014681234909292584,0.011277952793744724
2022-04-05,0.008055046850739758,0.015243925034790305,0.01164948594276503
2022-04-06,0.003254336593560436,-0.006295052521834601,-0.0015203579641370826
2022-04-07,0.006818637466059015,0.007340681891443416,0.007079659678751215
2022-04-08,0.00439206839641707,0.01146756166110731,0.00792981502876219
2022-04-11,0.007538567811764484,8.533066129813866e-05,0.0038119492365313113
2022-04-12,0.006946414544384597,0.003484086898407524,0.00521525072139606
2022-04-13,0.0021002344348943405,-0.0056419110949382165,-0.001770838330021938
2022-04-14,0.008424908161743485,0.009234000287176499,0.008829454224459993
2022-04-18,0.006598936028479058,0.015053242069088903,0.010826089048783981
2022-04-19,0.0017739349150331925,0.0058880386831099175,0.0038309867990715552
2022-04-20,-0.008739626688301954,-0.011214928406433133,-0.009977277547367543
2022-04-21,0.008117552003424526,0.009485534182568357,0.008801543092996442
2022-04-22,-0.0032950300489205135,-0.008173507447297066,-0.005734268748108789
2022-04-25,-0.009762751424329244,-0.008397357603918838,-0.00908005451412404
2022-04-26,0.002661763294851199,0.00023546618560167475,0.001448614740226437
2022-04-27,0.008381556888555347,0.01135649646930788,0.009869026678931614
2022-04-28,0.009649961951387058,0.010947517997157161,0.010298739974272109
2022-04-29,0.001267852240861358,0.0015259421713117352,0.0013968972060865465
2022-05-02,-0.0022711022461669086,0.001149878975428175,-0.0005606116353693667
2022-05-03,-0.0022693418999047603,-0.003330639674950359,-0.0027999907874275594
2022-05-04,-0.001189798694821255,-0.015884163748003687,-0.00853698122141247
2022-05-05,0.00798950265817483,0.023588052074719087,0.01578877736644696
2022-05-06,0.006965197538939336,0.005718650614819781,0.006341924076879559
2022-05-09,-0.012505780673667378,-0.015016677317400076,-0.013761228995533727
2022-05-10,-0.006688674592918163,-0.0011895063475752447,-0.003939090470246704
2022-05-11,0.0013499633890268047,0.006317743829209047,0.0038338536091179257
2022-05-12,-0.004613519356787228,0.010972021466275954,0.003179251054744363
2022-05-13,0.0067089548878207575,-0.0010764308299840038,0.0028162620289183767
2022-05-16,0.0006731907993227538,-0.0011403846178672727,-0.00023359690927225946
2022-05-17,-2.5679613054200093e-06,0.0033005206859391613,0.0016489763623168706
2022-05-18,-0.0073227048876468035,-0.0025302501718285227,-0.004926477529737663
2022-05-19,0.0007044271524050279,-0.014557451310452229,-0.0069265120790236
2022-05-20,0.0014543090951143138,-0.004463798719851674,-0.0015047448123686798
2022-05-23,0.0006327383170603881,-0.0006135806910905463,9.578812984920916e-06
2022-05-24,-0.006454175081994045,-0.014897942697422369,-0.010676058889708207
2022-05-25,0.0031341605527721956,-0.00039517551684531296,0.0013694925179634414
2022-05-26,0.003949880870781973,-0.0008786149827677473,0.0015356329440071128
2022-05-27,-0.00024938034148542436,-0.001620003569338858,-0.0009346919554121412
2022-05-30,-0.0008777817387434453,-0.00026234767941362027,-0.0005700647090785328
2022-05-31,0.00696022202098507,0.0048114561312652855,0.005885839076125178
2022-06-01,0.013444664511054085,0.007583340347903728,0.010514002429478905
2022-06-02,0.0008774672980676453,-0.01063969984659915,-0.004881116274265752
2022-06-03,0.0014228359308005767,0.013436354432660527,0.007429595181730551
2022-06-06,0.007434977855418403,0.017849231048659063,0.012642104452038734
2022-06-07,-0.0005820752790873672,-0.0033744398201735123,-0.00197825754963044
2022-06-08,0.007245717528137826,0.013389434592882688,0.010317576060510257
2022-06-09,0.005045871085817841,0.01183185378553347,0.008438862435675655
2022-06-10,0.010712982147900774,0.02549620834292001,0.018104595245410394
2022-06-13,0.006304537285858064,0.03898504357015255,0.022644790428005306
2022-06-14,0.001143831982853729,0.008388073032179673,0.004765952507516701
2022-06-15,-0.007604529253375749,-0.02430711310525148,-0.015955821179313615
2022-06-16,-0.002936906907382745,9.934867394014537e-05,-0.0014187791167212997
2022-06-17,-0.001348015038983515,0.00276331052851099,0.0007076477447637375
2022-06-20,-0.00023199950213419055,-0.0005024774468918192,-0.0003672384745130049
2022-06-21,0.005875235808947489,-0.011545596983832025,-0.0028351805874422677
2022-06-22,-0.011273853191712375,-0.015766924992695167,-0.013520389092203771
2022-06-23,-0.00015533233503741767,-0.01814942053314228,-0.00915237643408985
2022-06-24,0.004533013245810983,0.0005611023742900244,0.002547057810050504
2022-06-27,0.004918992788836964,0.0017884348017232197,0.003353713795280092
2022-06-28,0.004573743763322264,0.011310773686425326,0.007942258724873795
2022-06-29,-0.0021913339980299384,-0.002090313702355149,-0.002140823850192544
2022-06-30,-0.007363268964083649,-0.014831802892407908,-0.011097535928245778
2022-07-01,-0.0047253619169186694,-0.013289302879385935,-0.009007332398152303
2022-07-04,0.000355565103228441,0.0008274561724262753,0.0005915106378273582
2022-07-05,-0.010154718938591411,-0.009422731663831714,-0.009788725301211562
2022-07-06,0.006866956853390216,0.01289751042461,0.009882233639000109
2022-07-07,0.007773980453483273,0.0010499950891883522,0.004411987771335813
2022-07-08,0.008263136073139783,0.011327170952545693,0.009795153512842738
2022-07-11,0.00466741641904412,0.006546793529307793,0.005607104974175957
2022-07-12,-0.008730917268746873,-0.008827344805472858,-0.008779131037109866
2022-07-13,-0.0013655827795221493,0.0012734380420554832,-4.607236873333301e-05
2022-07-14,0.002632524238011489,0.010049898892395279,0.0063412115652033835
2022-07-15,-0.0032842529143966093,-0.00983318029993277,-0.006558716607164689
2022-07-18,0.005456075713800005,0.003907828153908164,0.0046819519338540845
2022-07-19,-0.001529575317331675,-0.006157047924097045,-0.00384331162071436
2022-07-20,-0.0020797470777012255,-0.00048106087699061663,-0.001280403977345921
2022-07-21,-0.016120765071416573,-0.021295554671158946,-0.01870815987128776
2022-07-22,-0.006960739002710978,-0.017152586697101343,-0.01205666284990616
2022-07-25,0.006699973208639947,0.005723634975603589,0.006211804092121768
2022-07-26,0.006953768404861277,0.011570044121514095,0.009261906263187687
2022-07-27,0.0014958284644778894,-0.01324998243746299,-0.00587707698649255
2022-07-28,-0.005120555892665461,-0.016887951531162973,-0.011004253711914217
2022-07-29,-0.00011446071681720489,-0.005535767447725616,-0.0028251140822714103
2022-08-01,-0.011915417901552188,-0.013990640995698713,-0.01295302944862545
2022-08-02,0.014897404820495104,0.019821216036227815,0.01735931042836146
2022-08-03,-0.0044563103259491555,-0.006958632063043057,-0.005707471194496106
2022-08-04,-0.0036707264445880166,-0.000556511807710059,-0.002113619126149038
2022-08-05,0.012047883892348793,0.0157817675501655,0.013914825721257146
2022-08-08,-0.002247683782666451,-0.005534764376563555,-0.003891224079615003
2022-08-09,0.004124040534247117,0.005238472804607537,0.004681256669427327
2022-08-10,-0.0035915788566083305,-0.013527847196362283,-0.008559713026485307
2022-08-11,0.009965278557102254,0.008460462201182297,0.009212870379142275
2022-08-12,0.001671021174572976,-0.0028345158165953895,-0.0005817473210112067
2022-08-15,-0.009143888547498457,-0.002355931236426317,-0.005749909891962387
2022-08-16,-0.000911290712936367,-0.0021783537483312963,-0.0015448222306338316
2022-08-17,0.007373852254519669,0.010745018391797109,0.00905943532315839
2022-08-18,0.009009118478619384,0.0038197632822711504,0.0064144408804452675
2022-08-19,0.006402996325578296,0.01863098594201127,0.012516991133794782
2022-08-22,0.00877639531780487,0.021739859265118486,0.015258127291461678
2022-08-23,0.007345027085467005,0.004851345315339464,0.006098186200403234
2022-08-24,0.006279507458167183,0.006897131812485308,0.006588319635326245
2022-08-25,-0.008048144740610464,-0.017341819244088758,-0.01269498199234961
2022-08-26,0.001866951011709109,0.02385651829683568,0.012861734654272395
2022-08-29,0.007800211734020935,0.016672079092367106,0.012236145413194021
2022-08-30,-0.007777398724472201,0.0015595262988584925,-0.0031089362128068542
2022-08-31,-0.004904731269055569,0.005355658555464124,0.00022546364320427713
2022-09-01,0.008802833160189108,0.01174400963714525,0.010273421398667179
2022-09-02,-0.004195092242670825,-0.004038808268367616,-0.004116950255519221
2022-09-05,-8.762250653370118e-05,-5.445148876128958e-05,-7.103699764749538e-05
2022-09-06,0.019992023149707286,0.020756707068459945,0.020374365109083616
2022-09-07,-0.011611209463876629,-0.01659623534692507,-0.01410372240540085
2022-09-08,0.0044362085313427125,0.000896836600664435,0.0026665225660035736
2022-09-09,0.0035035642766452057,-0.0016400537815295176,0.0009317552475578441
2022-09-12,0.008624027148045,-0.004008709005085511,0.002307659071479744
2022-09-13,0.007877201002062772,0.0365646479849773,0.022220924493520037
2022-09-14,-0.0034405437593278483,-0.0025013796761758815,-0.002970961717751865
2022-09-15,-0.0025227834091796175,0.009136975396282384,0.003307095993551383
2022-09-16,-0.0027319741335617726,-0.001987556594837602,-0.0023597653641996875
2022-09-19,0.007854926746643337,0.0026842669971144455,0.005269596871878892
2022-09-20,0.006163841020567864,0.018424380356296576,0.01229411068843222
2022-09-21,-0.0034328461553691215,0.006345377223788934,0.0014562655342099061
2022-09-22,0.01734039029505094,0.019983094579898542,0.01866174243747474
2022-09-23,-0.0057623421208385876,0.020346082133962485,0.007291870006561949
2022-09-26,0.015761704116797493,0.02511250732259675,0.020437105719697122
2022-09-27,0.002891762984464176,6.020260625451792e-05,0.001475982795359347
2022-09-28,-0.015024249289383928,-0.027292162940604395,-0.021158206114994162
2022-09-29,0.005755393046926468,0.005501106017136994,0.005628249532031731
2022-09-30,0.0010666498020508283,0.005558554753626743,0.0033126022778387854
2022-10-03,-0.006688825608964252,-0.022215859482641872,-0.014452342545803062
2022-10-04,0.00455722376459379,-0.015927183824723926,-0.005684980030065068
2022-10-05,0.009876519277806025,0.0128038553855543,0.011340187331680162
2022-10-06,0.0071607575190560276,0.01475467734820907,0.010957717433632549
2022-10-07,0.006296976072723125,0.019172417125777767,0.012734696599250446
2022-10-10,0.001805407432450069,0.01137654131326822,0.006590974372859145
2022-10-11,-0.0025590218181711674,-0.0023686726751520116,-0.0024638472466615895
2022-10-12,-0.0017305085497359774,-0.0032285504471596584,-0.002479529498447818
2022-10-13,0.013365277948359643,0.0014980577422343568,0.007431667845296999
2022-10-14,0.0013843510339522959,0.013855523976013796,0.007619937504983046
2022-10-17,-0.0017819225482685096,-0.0143813983869576,-0.008081660467613055
2022-10-18,-7.389131173073864e-05,-0.002756551580301422,-0.0014152214460160803
2022-10-19,0.012939696421486605,0.01966970495875788,0.016304700690122242
2022-10-20,0.008240068734317613,0.009443762798899155,0.008841915766608383
2022-10-21,-0.008235315847187834,-0.021274063993296885,-0.01475468992024236
2022-10-24,0.0029021334640742342,0.0021649684224451828,0.0025335509432597085
2022-10-25,-0.006583547757561549,-0.01227788264197804,-0.009430715199769794
2022-10-26,-0.008886845487923203,-0.01632925676861126,-0.01260805112826723
2022-10-27,-0.009257823941220662,0.0003750461366595608,-0.004441388902280551
2022-10-28,0.01611443468510217,0.007198526683224668,0.011656480684163419
2022-10-31,0.00434935622486165,0.019956433983208184,0.012152895104034916
2022-11-01,0.006352655490380862,0.005376206079301749,0.005864430784841305
2022-11-02,0.003516447384490371,0.005585680784335532,0.004551064084412952
2022-11-03,0.0006949815538745455,0.012639443981621019,0.0066672127677477825
2022-11-04,0.0015388693176604574,-0.019222428578510642,-0.008841779630425092
2022-11-07,0.0031017095026050095,-3.564009989073852e-05,0.0015330347013571355
2022-11-08,-0.015542022311130471,-0.020209005030109542,-0.017875513670620007
2022-11-09,-0.00817699459517266,0.0005104244262406682,-0.0038332850844659955
2022-11-10,-0.03401398133401304,-0.05754854305261933,-0.045781262193316186
2022-11-11,0.0010101634361167852,-0.006835187943953652,-0.002912512253918433
2022-11-14,-0.00042389887540943345,0.00356228456880593,0.0015691928466982483
2022-11-15,0.0008937106103761526,-0.0027102668195261846,-0.000908278104575016
2022-11-16,-0.008099425390362472,-0.006222789967004845,-0.007161107678683659
2022-11-17,0.002906060256513315,0.0055345356389985756,0.004220297947755945
2022-11-18,0.005394053889812874,0.005211379716166942,0.005302716802989908
2022-11-21,0.0060953950657980085,0.00818486064897146,0.007140127857384734
2022-11-22,-0.005565971491003081,-0.010798614050877061,-0.008182292770940071
2022-11-23,-0.008179209356430064,-0.012670207918518596,-0.01042470863747433
2022-11-24,-5.991997050891095e-06,-7.276121931121403e-06,-6.634059491006249e-06
2022-11-25,-0.0008853670947272941,-0.0016883089883998465,-0.0012868380415635703
2022-11-28,0.0013250143587983437,0.006695562832785058,0.0040102885957917014
2022-11-29,0.00515171000096856,0.005690458633858701,0.00542108431741363
2022-11-30,-0.012137285962513612,-0.025458342559406526,-0.01879781426096007
2022-12-01,-0.020195959057180534,-0.02363400098688238,-0.021914980022031457
2022-12-02,-0.0033971253338122647,-0.003859834963448516,-0.0036284801486303904
2022-12-05,0.0076891172865613325,0.01936086413841689,0.013524990712489112
2022-12-06,-0.007212878095436269,0.00022188993564172872,-0.0034954940798972703
2022-12-07,-0.008578650383672271,-0.013522922124301937,-0.011050786253987104
2022-12-08,0.002344721038734675,0.00022904719579233638,0.0012868841172635056
2022-12-09,0.00298675140441356,0.007088013145657555,0.005037382275035558
2022-12-12,0.008027292802677484,0.0021267243868452264,0.005077008594761355
2022-12-13,-0.01313629278037631,-0.02009767612799228,-0.016616984454184296
2022-12-14,0.0002612296147760063,-0.00019032185150384207,3.5453881636082106e-05
2022-12-15,0.004451891529776715,0.01586880646945847,0.010160348999617593
2022-12-16,-0.0055441912783326976,0.0006441891040500693,-0.002450001087141314
2022-12-19,0.005163253659342317,0.00934300779758342,0.007253130728462868
2022-12-20,-0.006552951033592856,-0.0036616443922714097,-0.005107297712932133
2022-12-21,0.005922077087514757,-0.0004487895397571103,0.0027366437738788234
2022-12-22,0.0012766292548390275,0.008754013284062877,0.0050153212694509525
2022-12-23,0.008736562330300323,0.006643941617323079,0.007690251973811702
2022-12-27,0.009333176655303945,0.010874759759694957,0.010103968207499451
2022-12-28,0.010209048335587726,0.01353191675699674,0.011870482546292232
2022-12-29,-0.005560555159697549,-0.01173691065928984,-0.008648732909493695
2022-12-30,0.002735132262996434,0.005252643995983485,0.00399388812948996
2023-01-03,-0.017490851385752463,-0.0109609276424858,-0.014225889514119131
2023-01-04,-0.015096253509066165,-0.01995786887341806,-0.017527061191242112
2023-01-05,0.0026215960278902243,0.01032074384344387,0.006471169935667048
2023-01-06,-0.01687919372877699,-0.03173086618284194,-0.024305029955809465
2023-01-09,-0.004030727842076753,-0.010590328384440274,-0.007310528113258514
2023-01-10,0.0008233532731637169,0.00024457103035529864,0.0005339621517595078
2023-01-11,-0.0018511144607517346,-0.015023394227135087,-0.00843725434394341
2023-01-12,-0.008599625845884997,-0.012244787309332155,-0.010422206577608575
2023-01-13,0.002496679121871614,0.001924424169775875,0.0022105516458237446
2023-01-16,-1.1000538549803589e-05,-4.1244737046551924e-05,-2.6122637798177755e-05
2023-01-17,0.005369067312796097,0.001309149364833693,0.003339108338814895
2023-01-18,-0.016771764461393817,-0.014643472474573092,-0.015707618467983454
2023-01-19,-0.0004495137896458844,0.00369530117231063,0.0016228936913323727
2023-01-20,0.006039805110408743,-0.0029027857572619777,0.0015685096765733829
2023-01-23,-0.000201636557572171,0.001024681122397105,0.000411522282412467
2023-01-24,-0.004847219863918751,-0.005706881037807355,-0.005277050450863053
2023-01-25,-0.0017031553885289443,-0.005460948415982244,-0.003582051902255594
2023-01-26,0.01046041714263836,0.0025329844334438085,0.006496700788041085
2023-01-27,-0.0019080725197153552,-0.0025988863633032884,-0.002253479441509322
2023-01-30,0.006118771058279578,0.010514316583399918,0.008316543820839748
2023-01-31,-0.002483967753895754,-0.0079794498779347,-0.005231708815915228
2023-02-01,-0.012306581572993304,-0.015359488644329648,-0.013833035108661476
2023-02-02,0.0021086553173202956,-0.001934769342044335,8.69429876379803e-05
2023-02-03,0.014023364272561657,0.023470484764151752,0.018746924518356703
2023-02-06,0.01702477838949904,0.017859667350207525,0.017442222869853283
2023-02-07,0.0022112928368956696,-0.010168553872815431,-0.003978630517959881
2023-02-08,0.0012935521270412433,-0.0024768928040324848,-0.0005916703384956207
2023-02-09,0.0006537093871838768,0.0037236188422914134,0.002188664114737645
2023-02-10,0.014160471536718847,0.00415212457639637,0.00915629805655761
2023-02-13,0.003425231414732843,-0.00797491195263838,-0.002274840268952769
2023-02-14,0.005992721318573067,0.004663690581340988,0.005328205949957027
2023-02-15,0.003119498876331162,0.014529204853089457,0.00882435186471031
2023-02-16,-0.0023273527854405823,0.004165741529604315,0.0009191943720818663
2023-02-17,-0.004549458966488102,-0.0007411800749853668,-0.0026453195207367347
2023-02-20,-5.691658014650778e-06,-4.0718383039863634e-05,-2.3205020527257207e-05
2023-02-21,0.011008147812885945,0.01555849871861226,0.013283323265749103
2023-02-22,-0.006528373048309761,0.00513916836571144,-0.0006946023412991607
2023-02-23,0.0016225671940951663,-0.00127611514847128,0.00017322602281194316
2023-02-24,0.008019556554491271,0.030279115443599562,0.019149335999045416
2023-02-27,-0.005972389084132963,-0.007112077320669709,-0.006542233202401336
2023-02-28,-0.0068389513413946515,0.006668814438970754,-8.506845121194866e-05
2023-03-01,0.00631142039080508,-0.0009685020732120844,0.002671459158796498
2023-03-02,0.011399843673805858,0.007283717354346604,0.00934178051407623
2023-03-03,-0.0016929255085224768,-0.02058398117273371,-0.011138453340628093
2023-03-06,0.000741024325892944,0.002552595593600721,0.0016468099597468325
2023-03-07,-0.00028855938273524874,0.02685742510356237,0.013284432860413562
2023-03-08,-0.00351872277173012,0.006743706621335369,0.0016124919248026244
2023-03-09,-0.02307664208732564,-0.004446660299528276,-0.013761651193426958
2023-03-10,-0.019875674365087012,-0.030746614898176084,-0.025311144631631546
2023-03-13,-0.03151159678375317,-0.03181857124961896,-0.031665084016686065
2023-03-14,0.01084065687722088,0.011211919592208545,0.011026288234714712
2023-03-15,-0.02431404713872793,-0.0023306138373663694,-0.01332233048804715
2023-03-16,0.012274072788374406,0.003778443860090862,0.008026258324232633
2023-03-17,-0.01764622709201971,-0.018886477738088957,-0.01826635241505433
2023-03-20,0.0021459217344564708,0.0007229250294836098,0.0014344233819700402
2023-03-21,0.003674533954218806,0.011261058834670932,0.00746779639444487
2023-03-22,-0.019490198078893343,-0.006257755585635781,-0.012873976832264562
2023-03-23,-0.011986588982965351,-0.0030515589123439844,-0.007519073947654668
2023-03-24,0.0066340498789022005,-0.009049575056788724,-0.0012077625889432616
2023-03-27,0.02531654117032117,-0.0033076511537231124,0.011004445008299028
2023-03-28,0.008185279260797023,-0.004082276528730653,0.002051501366033185
2023-03-29,0.0037125654511863844,0.0016368564129280374,0.0026747109320572108
2023-03-30,0.000417046904567546,-0.006183020265158571,-0.0028829866802955128
2023-03-31,0.00019641549268976802,-0.007701598411672747,-0.0037525914594914896
2023-04-03,0.005172230571025034,-0.012367430627955324,-0.0035976000284651446
2023-04-04,-0.008990122061469541,-0.003809198837282237,-0.006399660449375889
2023-04-05,-0.005692714219352516,0.003547624741130048,-0.001072544739111234
2023-04-06,-0.001501029419338164,0.003282902778076653,0.0008909366793692444
2023-04-10,0.014394385907232988,0.012924556903496223,0.013659471405364606
2023-04-11,0.0008031349842108786,-0.0017216907385178139,-0.0004592778771534676
2023-04-12,-0.004791885151652978,-0.005564617120135568,-0.005178251135894273
2023-04-13,-0.0019909413812281957,-0.00661141068340118,-0.004301176032314688
2023-04-14,0.009340026884189735,0.010706762601950436,0.010023394743070086
2023-04-17,0.012187231272708189,0.005831657411900514,0.009009444342304352
2023-04-18,0.0022744283211172233,-0.006909482850141435,-0.002317527264512106
2023-04-19,-0.00501567832858596,0.011229393808286473,0.0031068577398502568
2023-04-20,-0.011533922328756009,0.007111372614063524,-0.0022112748573462422
2023-04-21,-0.0028162217277544767,0.008461611487371451,0.002822694879808487
2023-04-24,-0.005468082300404177,-0.0022096554258998293,-0.0038388688631520035
2023-04-25,-0.011463091177905239,0.004834584128927802,-0.0033142535244887186
2023-04-26,-0.0008737494298256833,0.01049744849703999,0.004811849533607153
2023-04-27,-0.003335270122645672,0.005464761609505087,0.0010647457434297077
2023-04-28,0.0060253111008520405,-0.008951887949521387,-0.0014632884243346734
2023-05-01,0.009687850254928142,0.01082101088620631,0.010254430570567227
2023-05-02,-0.02090048251409085,0.0005356900749306434,-0.010182396219580104
2023-05-03,-0.006274548991413958,-0.01209763329495162,-0.009186091143182789
2023-05-04,-0.0014385914901179553,-8.952294793918681e-05,-0.0007640572190285711
2023-05-05,0.01459884698007532,-0.004485662681603524,0.005056592149235898
2023-05-08,0.001900181124904727,0.005901445858392488,0.0039008134916486076
2023-05-09,-0.006409352576315585,0.008708379632308564,0.0011495135279964894
2023-05-10,-0.00851752167449301,-0.006607500185415546,-0.007562510929954278
2023-05-11,-0.007119784792771677,0.00296604425871216,-0.0020768702670297583
2023-05-12,-0.0015810706375119876,0.010290044670592056,0.004354487016540034
2023-05-15,0.010012597705318269,-0.0061107966652070266,0.0019509005200556212
2023-05-16,-0.005492834141312101,0.016155202704020568,0.005331184281354233
2023-05-17,0.0044409115585891945,0.01249772884956689,0.008469320204078042
2023-05-18,0.007538632588876465,0.019716667071179722,0.013627649830028093
2023-05-19,-0.0013493888966024583,0.003107065202136427,0.0008788381527669843
2023-05-22,0.012382796905767218,-0.000702683230071582,0.005840056837847818
2023-05-23,4.122436816759133e-05,-0.0018304869012631874,-0.0008946312665477981
2023-05-24,0.008668736131459923,0.012451974657203782,0.010560355394331852
2023-05-25,0.005639949762616449,0.0157888946791695,0.010714422220892975
2023-05-26,0.013183145576596514,-0.011260553313382113,0.0009612961316072003
2023-05-29,-0.0006890009535209885,0.0001865423013532947,-0.0002512293260838469
2023-05-30,-0.021937818863557043,0.0033269909932210654,-0.009305413935167988
2023-05-31,-0.010055908247701363,4.516252175711357e-05,-0.005005372862972125
2023-06-01,0.0042559467651309005,-0.019805883221550056,-0.007774968228209578
2023-06-02,0.0204437625801183,0.010696864060883165,0.015570313320500732
2023-06-05,-0.004534527138411121,-0.0038628296129662207,-0.004198678375688671
2023-06-06,0.00012332082755115153,-0.0008162522705103545,-0.0003464657214796015
2023-06-07,0.012041199588128387,0.009032861449225276,0.010537030518676832
2023-06-08,-0.004641148692956329,-0.004481394430904052,-0.00456127156193019
2023-06-09,0.007215499010892997,0.006081076484582079,0.006648287747737538
2023-06-12,-0.0021298857150632237,0.00020867216346206314,-0.0009606067758005803
2023-06-13,0.022220131947327287,0.0021302711203324337,0.01217520153382986
2023-06-14,0.002122691406215341,0.0013979441912636515,0.0017603177987394964
2023-06-15,0.009032069450772458,-0.01743382093806984,-0.004200875743648691
2023-06-16,0.017429451761717587,-0.005832003057140459,0.0057987243522885645
2023-06-19,-0.0005062804709763862,-0.0011136995201177465,-0.0008099899955470663
2023-06-20,-0.0058922722185088,-0.00968680446146275,-0.007789538339985775
2023-06-21,0.006842725573387191,-0.012704843121930529,-0.0029310587742716688
2023-06-22,0.00573054478693504,0.011723346439754806,0.008726945613344923
2023-06-23,-0.008796638824891245,-0.013080987651906356,-0.0109388132383988
2023-06-26,-0.0021654474513558342,-0.0046179579529965365,-0.003391702702176185
2023-06-27,0.008118545412659153,0.0152099554201279,0.011664250416393527
2023-06-28,-0.00742094867167081,-0.0126466772763049,-0.010033812973987855
2023-06-29,0.012645083521933869,0.010968956670570606,0.011807020096252237
2023-06-30,0.00692840357989206,0.011133902744572492,0.009031153162232276
2023-07-03,0.003933246645915627,0.004367491918494732,0.0041503692822051795
2023-07-04,0.0005276590267917809,-0.0022500630856471414,-0.0008612020294276803
2023-07-05,0.003954995747587802,-0.0009201517725980918,0.0015174219874948551
2023-07-06,0.007715210271113478,0.0032537887696713337,0.005484499520392406
2023-07-07,0.0024868656208995813,0.003046706165154288,0.0027667858930269344
2023-07-10,-0.00867156593594126,-0.00471778937951079,-0.006694677657726024
2023-07-11,0.0016467259577177262,-0.0003585070939539542,0.0006441094318818861
2023-07-12,-0.008971192492375872,0.002472587150753837,-0.0032493026708110178
2023-07-13,2.4189642941804812e-05,0.002964360501229349,0.0014942750720855769
2023-07-14,0.007057396451888247,0.00443751674786965,0.005747456599878948
2023-07-17,-0.006119522842218369,0.00018512380126110012,-0.002967199520478635
2023-07-18,0.0018106967262967117,-0.0008451057327344489,0.00048279549678113137
2023-07-19,-0.003459465300317622,-0.010024241719756957,-0.006741853510037289
2023-07-20,0.005061909173088771,-0.001103592693590764,0.001979158239749003
2023-07-21,0.0022571536102399072,0.0023085631312117806,0.0022828583707258437
2023-07-24,0.007401667837805306,-0.00868992642170389,-0.0006441292919492918
2023-07-25,0.004523393094977974,0.007572504589317001,0.006047948842147488
2023-07-26,-0.0030768911894647525,-0.0013422310671704573,-0.002209561128317605
2023-07-27,0.005472051354613382,-0.006477498087541082,-0.0005027233664638498
2023-07-28,0.002869590858479704,0.00994600943655618,0.006407800147517942
2023-07-31,0.006575148853559094,0.004747601065339531,0.005661374959449313
2023-08-01,0.0013087746720968508,-0.0026999840931104663,-0.0006956047105068077
2023-08-02,-0.0071242901880010975,-0.004999422249347325,-0.0060618562186742116
2023-08-03,0.0061122483438685905,0.003713737759855896,0.004912993051862243
2023-08-04,-0.010111818038045998,-0.014102547973815674,-0.012107183005930836
2023-08-07,0.005307612036012646,0.007301975826470662,0.0063047939312416545
2023-08-08,-0.004733894906889216,-0.010202121808315995,-0.0074680083576026055
2023-08-09,0.0038428789228786018,0.0029969848725890703,0.0034199318977338362
2023-08-10,0.0022327444907821,0.003839817568168047,0.0030362810294750735
2023-08-11,0.0044828018568774785,0.007144816681301571,0.005813809269089525
2023-08-14,0.004509473795159432,0.0061805736650016735,0.005345023730080552
2023-08-15,-0.0023438802063616,0.0035123896978398366,0.0005842547457391182
2023-08-16,-0.001339480526258871,-0.0012322191492368088,-0.0012858498377478398
2023-08-17,-0.0006498464517713485,-0.0065361897901922575,-0.003593018120981803
2023-08-18,-0.0009356767886206459,-0.0077053326767669034,-0.004320504732693775
2023-08-21,0.007383036452590283,0.015475057969145396,0.01142904721086784
2023-08-22,9.108477362428525e-06,-0.0013373985310372511,-0.0006641450268374113
2023-08-23,-0.00917535279231798,-0.0019262616549844162,-0.005550807223651198
2023-08-24,-0.0030641590580419795,-0.009685997431080406,-0.006375078244561193
2023-08-25,0.005296106025538401,0.0037740435303083063,0.004535074777923354
2023-08-28,-0.0008575440159236656,0.0015220799123155501,0.00033226794819594225
2023-08-29,-0.002697883777989629,0.002157089566781372,-0.00027039710560412865
2023-08-30,0.0028409969398115586,0.004642050741450997,0.0037415238406312778
2023-08-31,-0.0001852950684658216,-0.005907295272821674,-0.003046295170643748
2023-09-01,0.004562703855284996,0.004579581083528167,0.004571142469406582
2023-09-04,0.001379853266816089,0.0019400718299551279,0.0016599625483856085
2023-09-05,0.006266722140619028,0.0022137082327503862,0.004240215186684707
2023-09-06,0.0023401187646222422,-0.002568484839170777,-0.00011418303727426735
2023-09-07,-0.006960539088770825,-0.0071431572087865365,-0.007051848148778681
2023-09-08,0.0030677781662254364,0.0025683410171881325,0.0028180595917067846
2023-09-11,0.004454905033199336,0.0068070692979552636,0.0056309871655773
2023-09-12,0.0037985236869146803,0.0012083043703832585,0.0025034140286489693
2023-09-13,-0.0032847833952567855,-0.00480987263949789,-0.004047328017377338
2023-09-14,0.004134644627531326,0.003732968983854894,0.00393380680569311
2023-09-15,0.001024546544014827,0.0024992400234816786,0.0017618932837482528
2023-09-18,0.00262427089495621,0.0037652571474323998,0.003194764021194305
2023-09-19,0.0037354772429290953,0.0030855304160018306,0.003410503829465463
2023-09-20,0.0002896193998296276,-0.0024248599399385113,-0.001067620270054442
2023-09-21,0.0005459103982799001,-0.0017996603956373122,-0.0006268749986787061
2023-09-22,-0.0038638217507129357,-0.004810718482638995,-0.004337270116675966
2023-09-25,-0.0003467502474510604,0.0013636109217819445,0.0005084303371654421
2023-09-26,-0.0030270961713565097,-0.007778765329820496,-0.005402930750588503
2023-09-27,0.006103196949089056,0.0011381457721162376,0.0036206713606026465
2023-09-28,-0.002609477455724515,-0.0036352568711197643,-0.0031223671634221396
2023-09-29,0.0007916004525989734,0.0013029327778980942,0.0010472666152485338
2023-10-02,-0.0007052734128645755,-0.006427557904214818,-0.0035664156585396966
2023-10-03,0.0031792613750855443,0.0009376141222321981,0.002058437748658871
2023-10-04,-0.012466682713509874,-0.006878057440352302,-0.009672370076931088
2023-10-05,-0.007984278021815418,-0.005985407496734755,-0.006984842759275087
2023-10-06,0.010432803576034794,0.014480695910609201,0.012456749743321997
2023-10-09,-0.005785495072472892,-0.006214465857359864,-0.005999980464916378
2023-10-10,0.005254126548153375,0.006458299907143487,0.00585621322764843
2023-10-11,0.003591227719057132,0.002522073822086494,0.003056650770571813
2023-10-12,0.0003428384152385903,-0.004369043542893466,-0.002013102563827438
2023-10-13,0.0033950056675163764,0.001148793321884165,0.0022718994947002707
2023-10-16,0.005564092828732438,0.011295134464279311,0.008429613646505876
2023-10-17,0.008290719584956224,0.009398347716251143,0.008844533650603684
2023-10-18,3.1750556087761545e-05,-0.0014433979210110393,-0.0007058236824616388
2023-10-19,-0.0025772322716973114,-0.0019211186915509889,-0.0022491754816241502
2023-10-20,-0.008166566029418214,-0.005008224385652084,-0.00658739520753515
2023-10-23,-0.0002563219098854581,-0.0003744458992486313,-0.00031538390456704467
2023-10-24,0.000100230857526638,0.001190867102872319,0.0006455489801994785
2023-10-25,0.002602325741056205,0.0019599843660003577,0.0022811550535282816
2023-10-26,-0.009342033418734902,-0.011199276608877774,-0.010270655013806338
2023-10-27,-0.003815524914264559,-0.002207531902363233,-0.003011528408313896
2023-10-30,0.0034201963981750298,0.006421724394120919,0.004920960396147974
2023-10-31,0.009301432070528365,0.007757540299868754,0.008529486185198559
2023-11-01,-0.009805788201008225,-0.01109938588562615,-0.010452587043317188
2023-11-02,0.004426202827985137,0.004178930618801926,0.0043025667233935316
2023-11-03,-0.008722754300019616,-0.005341662373212473,-0.007032208336616044
2023-11-06,0.007132937125760891,0.0021715339689375264,0.004652235547349209
2023-11-07,-0.006970175892528652,-0.0020265888559335738,-0.004498382374231113
2023-11-08,-0.003814465066003066,-0.006226563463311523,-0.005020514264657295
2023-11-09,0.005760869880740276,0.010228271193395104,0.00799457053706769
2023-11-10,0.010628932699554595,0.011976884708592615,0.011302908704073605
2023-11-13,0.00046526115499344794,-0.00811511595991415,-0.0038249274024603516
2023-11-14,-0.007271895709769275,2.638825465069537e-05,-0.00362275372755929
2023-11-15,0.004034438515848424,0.004668275342943953,0.004351356929396189
2023-11-16,-0.007378963431662223,-0.002821311403831347,-0.0051001374177467845
2023-11-17,0.008024075983830424,0.006397457573732127,0.007210766778781276
2023-11-20,0.0046676185450123964,-0.0016762143818103887,0.001495702081601004
2023-11-21,-0.00620954799655617,-0.004662989899185923,-0.005436268947871047
2023-11-22,0.002021174998840132,0.0015050075590406593,0.0017630912789403956
2023-11-23,0.00014522431583435704,0.0013037382541202548,0.000724481284977306
2023-11-24,0.004414562419901414,0.011655461104948183,0.008035011762424799
2023-11-27,-0.002963137157355298,0.0016470364045033878,-0.000658050376425955
2023-11-28,-0.011793138948671619,-0.009418328465878393,-0.010605733707275005
2023-11-29,-0.004519128285972285,-0.006480891743164005,-0.005500010014568145
2023-11-30,-0.0009038294570433867,-0.00611644725564691,-0.003510138356345148
2023-12-01,-0.008360623711169118,-0.008052617265388062,-0.008206620488278589
2023-12-04,0.0037360242032135884,-0.001079066835807883,0.0013284786837028527
2023-12-05,-0.006169879936223819,-0.009979394219895762,-0.00807463707805979
2023-12-06,-0.005175369746318142,0.0016072450438686903,-0.0017840623512247258
2023-12-07,0.0013615589826055845,-0.006604110379337907,-0.0026212756983661615
2023-12-08,0.015142128188681507,0.009832588036103831,0.012487358112392669
2023-12-11,0.005709875662188602,0.00699953284086401,0.006354704251526306
2023-12-12,-0.004220441226767779,-0.0056869902164022115,-0.004953715721584996
2023-12-13,-0.01025789352001223,-0.009702490874381915,-0.009980192197197073
2023-12-14,-0.0017524689063911172,5.781188231877488e-05,-0.0008473285120361711
2023-12-15,0.0041605232574741255,-0.007329821702303442,-0.0015846492224146583
2023-12-18,0.0023168909851234965,0.00882833104317785,0.005572611014150674
2023-12-19,0.006284476541280576,0.01186826984588046,0.009076373193580518
2023-12-20,-0.011660154730881302,-0.014344620423881153,-0.013002387577381227
2023-12-21,0.005839409631386369,0.006607228790666793,0.006223319211026581
2023-12-22,-0.004689783265458758,-0.0003619097707458579,-0.002525846518102308
2023-12-26,0.00439170025581304,0.0021552058582467023,0.0032734530570298712
2023-12-27,-0.004424533050060148,-0.0026146307285396853,-0.0035195818892999166
2023-12-28,-0.0020509999723077096,-0.0011614066590466359,-0.0016062033156771728
2023-12-29,-0.003189481646779027,0.0009345986354761633,-0.001127441505651432
2024-01-02,0.0026584796575505076,0.00364250284600336,0.0031504912517769336
2024-01-03,0.0025175716886385578,4.554639765072008e-05,0.001281559043144639
2024-01-04,0.0007904484782082535,0.005699493434203492,0.0032449709562058725
2024-01-05,0.0022701803862761245,0.009981544045922011,0.006125862216099068
2024-01-08,0.006027083390000625,0.005439934105296615,0.00573350874764862
2024-01-09,-0.004005412263111146,-0.004004768462724076,-0.00400509036291761
2024-01-10,0.004024430051409518,0.005368117726225426,0.004696273888817472
2024-01-11,-0.004493745128483564,-0.0072894561331331605,-0.0058916006308083625
2024-01-12,-0.006482536620039961,3.711382754413795e-05,-0.0032227113962479113
2024-01-15,0.0002608507958347698,0.0006273436460478419,0.00044409722094130585
2024-01-16,0.010397178081564283,0.01633187105212498,0.013364524566844631
2024-01-17,0.008925582362665864,0.012809540097280355,0.01086756122997311
2024-01-18,0.004880167430801873,0.003280206890609523,0.004080187160705698
2024-01-19,0.0063160498620228765,0.0038114809013760115,0.005063765381699444
2024-01-22,0.0010265925418245286,0.002300534454829586,0.0016635634983270572
2024-01-23,0.002412710843980926,-0.00201376158153594,0.00019947463122249316
2024-01-24,0.0074686657130745,-0.0010234918488817163,0.0032225869320963918
2024-01-25,-0.004621308962851855,-0.0003927769856079657,-0.0025070429742299104
2024-01-26,0.00444521804098303,0.008486867564318443,0.006466042802650737
2024-01-29,-0.0022864003408169073,0.0013763326056376326,-0.00045503386758963737
2024-01-30,-0.001572803804031998,-0.011340714570314155,-0.006456759187173077
2024-01-31,-0.016984714140206296,-0.013750317115023157,-0.015367515627614726
2024-02-01,-0.00044034968057752666,0.007060802106330109,0.0033102262128762916
2024-02-02,0.013851560639655933,0.015572730033616259,0.014712145336636097
2024-02-05,0.011807495211782974,0.00876924673435052,0.010288370973066747
2024-02-06,-0.0060668747302501285,-0.003093400970577037,-0.004580137850413583
2024-02-07,0.0044379708597908464,0.009571174763355065,0.007004572811572955
2024-02-08,0.005684485436500407,0.009722226828869229,0.007703356132684818
2024-02-09,0.005385600833434374,0.007490465691478371,0.006438033262456373
2024-02-12,0.0012203899292390003,-0.002432864465260925,-0.0006062372680109624
2024-02-13,0.013301624217167476,0.008842729907189888,0.011072177062178681
2024-02-14,-0.0035039104260915907,0.002661391930278112,-0.0004212592479067394
2024-02-15,0.0019285922059131704,0.007633463756773315,0.004781027981343243
2024-02-16,0.00268826953321866,-0.00024608702404735024,0.0012210912545856547
2024-02-19,-1.8721680759394493e-06,-0.0002097734091713841,-0.00010582278862366178
2024-02-20,-0.0069155462429391825,-0.010372194502070149,-0.008643870372504666
2024-02-21,0.006500391724957014,0.010441168439734404,0.008470780082345709
2024-02-22,0.008932704042572513,0.008238321709671828,0.008585512876122171
2024-02-23,-0.007145041932645642,0.0007075764625121267,-0.0032187327350667577
2024-02-26,0.0030030841312325258,-4.046393622784847e-06,0.0014995188688048705
2024-02-27,0.0029005644716657416,-0.001689864753556103,0.0006053498590548193
2024-02-28,-0.006666649891832838,-0.006164788554513083,-0.00641571922317296
2024-02-29,0.00030913498595640075,-0.0005904304449574475,-0.00014064772950052337
2024-03-01,-0.006733794135601288,0.006859759596380535,6.29827303896234e-05
2024-03-04,-0.00212468481266541,0.0035265057371878282,0.000700910462261209
2024-03-05,-0.01099690645524354,-0.004261238464930983,-0.0076290724600872615
2024-03-06,0.00014963795053365682,-0.0009749680169916073,-0.00041266503322897523
2024-03-07,-0.0010253789678916353,-0.0024629946408876936,-0.0017441868043896645
2024-03-08,-0.012845859548810774,-0.008141883775977762,-0.010493871662394268
2024-03-11,0.005787293419567047,-0.0016637324133176948,0.002061780503124676
2024-03-12,0.009246554652774784,0.004483304322680094,0.006864929487727439
2024-03-13,0.007128905256988372,0.001364193581624137,0.004246549419306254
2024-03-14,0.008387330999395266,0.010791443172640693,0.009589387086017979
2024-03-15,0.0033442033681351795,-0.0021241610907978704,0.0006100211386686546
2024-03-18,0.0060562319984096445,0.004992726595249515,0.00552447929682958
2024-03-19,-0.001552996179984624,0.0013732568146104553,-8.98696826870844e-05
2024-03-20,-0.0071453594925122614,-0.001671792410608533,-0.004408575951560397
2024-03-21,0.003546605145080703,-0.001188840070571993,0.0011788825372543552
2024-03-22,-0.0016487794931977036,-0.0043658001028946455,-0.0030072897980461745
2024-03-25,0.0018070770978663299,0.003031669519775274,0.002419373308820802
2024-03-26,-0.0016756333006991838,0.0029231924502654974,0.0006237795747831568
2024-03-27,0.00020497896847992907,0.0025570738542124334,0.0013810264113461813
2024-03-28,0.0007438707230596799,0.0009112786876051286,0.0008275747053324042
