date,long_gross,short_gross,trading_cost,net_total
1990-01-02,0.0,0.0,0.0,0.0
1990-01-03,0.0,0.0,0.0,0.0
1990-01-04,0.0,0.0,0.0,0.0
1990-01-05,0.0,0.0,0.0,0.0
1990-01-08,0.0,0.0,0.0,0.0
1990-01-09,0.0,0.0,0.0,0.0
1990-01-10,0.0,0.0,0.0,0.0
1990-01-11,0.0,0.0,0.0,0.0
1990-01-12,0.0,0.0,0.0,0.0
1990-01-15,0.0,0.0,0.0,0.0
1990-01-16,0.0,0.0,0.0,0.0
1990-01-17,0.0,0.0,0.0,0.0
1990-01-18,0.0,0.0,0.0,0.0
1990-01-19,0.0,0.0,0.0,0.0
1990-01-22,0.0,0.0,0.0,0.0
1990-01-23,0.0,0.0,0.0,0.0
1990-01-24,0.0,0.0,0.0,0.0
1990-01-25,0.0,0.0,0.0,0.0
1990-01-26,0.0,0.0,0.0,0.0
1990-01-29,0.0,0.0,0.0,0.0
1990-01-30,0.0,0.0,0.0,0.0
1990-01-31,0.0,0.0,0.0,0.0
1990-02-01,0.0,0.0,0.0,0.0
1990-02-02,0.0,0.0,0.0,0.0
1990-02-05,0.0,0.0,0.0,0.0
1990-02-06,0.0,0.0,0.0,0.0
1990-02-07,0.0,0.0,0.0,0.0
1990-02-08,0.0,0.0,0.0,0.0
1990-02-09,0.0,0.0,0.0,0.0
1990-02-12,0.0,0.0,0.0,0.0
1990-02-13,0.0,0.0,0.0,0.0
1990-02-14,0.0,0.0,0.0,0.0
1990-02-15,0.0,0.0,0.0,0.0
1990-02-16,0.0,0.0,0.0,0.0
1990-02-20,0.0,0.0,0.0,0.0
1990-02-21,0.0,0.0,0.0,0.0
1990-02-22,0.0,0.0,0.0,0.0
1990-02-23,0.0,0.0,0.0,0.0
1990-02-26,0.0,0.0,0.0,0.0
1990-02-27,0.0,0.0,0.0,0.0
1990-02-28,0.0,0.0,0.0,0.0
1990-03-01,0.0,0.0,0.0,0.0
1990-03-02,0.0,0.0,0.0,0.0
1990-03-05,0.0,0.0,0.0,0.0
1990-03-06,0.0,0.0,0.0,0.0
1990-03-07,0.0,0.0,0.0,0.0
1990-03-08,0.0,0.0,0.0,0.0
1990-03-09,0.0,0.0,0.0,0.0
1990-03-12,0.0,0.0,0.0,0.0
1990-03-13,0.0,0.0,0.0,0.0
1990-03-14,0.0,0.0,0.0,0.0
1990-03-15,0.0,0.0,0.0,0.0
1990-03-16,0.0,0.0,0.0,0.0
1990-03-19,0.0,0.0,0.0,0.0
1990-03-20,0.0,0.0,0.0,0.0
1990-03-21,0.0,0.0,0.0,0.0
1990-03-22,0.0,0.0,0.0,0.0
1990-03-23,0.0,0.0,0.0,0.0
1990-03-26,0.0,0.0,0.0,0.0
1990-03-27,0.0,0.0,0.0,0.0
1990-03-28,0.0,0.0,0.0,0.0
1990-03-29,0.0,0.0,0.0,0.0
1990-03-30,0.0,0.0,0.0,0.0
1990-04-02,0.0,0.0,0.0,0.0
1990-04-03,0.0,0.0,0.0,0.0
1990-04-04,0.0,0.0,0.0,0.0
1990-04-05,0.0,0.0,0.0,0.0
1990-04-06,0.0,0.0,0.0,0.0
1990-04-09,0.0,0.0,0.0,0.0
1990-04-10,0.0,0.0,0.0,0.0
1990-04-11,0.0,0.0,0.0,0.0
1990-04-12,0.0,0.0,0.0,0.0
1990-04-16,0.0,0.0,0.0,0.0
1990-04-17,0.0,0.0,0.0,0.0
1990-04-18,0.0,0.0,0.0,0.0
1990-04-19,0.0,0.0,0.0,0.0
1990-04-20,0.0,0.0,0.0,0.0
1990-04-23,0.0,0.0,0.0,0.0
1990-04-24,0.0,0.0,0.0,0.0
1990-04-25,0.0,0.0,0.0,0.0
1990-04-26,0.0,0.0,0.0,0.0
1990-04-27,0.0,0.0,0.0,0.0
1990-04-30,0.0,0.0,0.0,0.0
1990-05-01,0.0,0.0,0.0,0.0
1990-05-02,0.0,0.0,0.0,0.0
1990-05-03,0.0,0.0,0.0,0.0
1990-05-04,0.0,0.0,0.0,0.0
1990-05-07,0.0,0.0,0.0,0.0
1990-05-08,0.0,0.0,0.0,0.0
1990-05-09,0.0,0.0,0.0,0.0
1990-05-10,0.0,0.0,0.0,0.0
1990-05-11,0.0,0.0,0.0,0.0
1990-05-14,0.0,0.0,0.0,0.0
1990-05-15,0.0,0.0,0.0,0.0
1990-05-16,0.0,0.0,0.0,0.0
1990-05-17,0.0,0.0,0.0,0.0
1990-05-18,0.0,0.0,0.0,0.0
1990-05-21,0.0,0.0,0.0,0.0
1990-05-22,0.0,0.0,0.0,0.0
1990-05-23,0.0,0.0,0.0,0.0
1990-05-24,0.0,0.0,0.0,0.0
1990-05-25,0.0,0.0,0.0,0.0
1990-05-29,0.0,0.0,0.0,0.0
1990-05-30,0.0,0.0,0.0,0.0
1990-05-31,0.0,0.0,0.0,0.0
1990-06-01,0.0,0.0,0.0,0.0
1990-06-04,0.0,0.0,0.0,0.0
1990-06-05,0.0,0.0,0.0,0.0
1990-06-06,0.0,0.0,0.0,0.0
1990-06-07,0.0,0.0,0.0,0.0
1990-06-08,0.0,0.0,0.0,0.0
1990-06-11,0.0,0.0,0.0,0.0
1990-06-12,0.0013611394816914557,-0.00044104834657500045,0.0001522299871082474,0.0007678611480082079
1990-06-13,-0.001990975058232738,-0.002776537512143879,5.816495727838687e-06,-0.004773329066104456
1990-06-14,-0.004560271120112626,-0.001652594407129307,4.644040923290738e-06,-0.006217509568165224
1990-06-15,0.0005295470584354147,0.004569629507882917,3.428095787767709e-06,0.005095748470530563
1990-06-18,-0.0010240826693715512,0.0008358558477420564,4.581796529884125e-06,-0.00019280861815937892
1990-06-19,0.0006279449854513393,-0.00043505926314825005,6.773262385994594e-06,0.00018611245991709467
1990-06-20,0.0012630850699375017,0.0023207820279021766,3.92114997495329e-06,0.0035799459478647253
1990-06-21,0.0013630781924274368,-0.0010732016734536058,4.455240963633173e-06,0.0002854212780101979
1990-06-22,-0.0023119149435018352,0.0012342906938804014,2.9514184606606263e-06,-0.0010805756680820945
1990-06-25,0.0021383759442079376,0.003732251342454645,3.0752316325435594e-06,0.0058675520550300385
1990-06-26,-0.0019247434443303902,-0.0032846321216007295,8.314472284299873e-06,-0.00521769003821542
1990-06-27,0.001484462579171402,-0.0022510678141368042,5.635887018861499e-06,-0.0007722411219842637
1990-06-28,0.0010713719839513102,-0.0047650504562092,3.787708534863707e-06,-0.0036974661807927535
1990-06-29,0.004811361446229675,-0.0031325449535784516,4.659946132242775e-06,0.0016741565465189805
1990-07-02,0.004057925566665384,-0.003045119622360491,4.191061025725438e-06,0.0010086148832791678
1990-07-03,0.002036330682106957,-0.0018499938173597193,6.96229886003364e-06,0.0001793745658872042
1990-07-05,-0.002262134730780489,0.0038062083389173006,7.174281372526281e-06,0.0015368993267642853
1990-07-06,0.0006405966055326631,0.009512569730174754,7.424662843384074e-06,0.010145741672864033
1990-07-09,0.0005232670041650403,0.0014240493675343347,1.032618591783066e-05,0.0019369901857815444
1990-07-10,-0.0012022015952478325,-0.005491075299430742,1.3296286078938068e-05,-0.006706573180757513
1990-07-11,-0.0004959423369101662,-0.000769925847078442,8.256956543505933e-06,-0.001274125140532114
1990-07-12,0.004041599079967391,-0.005511377497163518,1.2847645449997636e-05,-0.0014826260626461247
1990-07-13,0.0031859124286560173,-0.0012929505890036824,7.78867353484943e-06,0.0018851731661174854
1990-07-16,-0.00034094143820873854,0.0018050742305235929,9.626255230931483e-06,0.0014545065370839228
1990-07-17,-0.000618676314311347,-0.002920277311397872,6.6507764988824965e-06,-0.0035456044022081014
1990-07-18,-0.001544270746572826,0.0031164664275277996,4.897310714557543e-06,0.001567298370240416
1990-07-19,0.00038086521552895653,0.0005587037605129338,5.109709246715462e-06,0.0009344592667951748
1990-07-20,-0.0013964686304165509,0.00027135918390304003,4.697191992823329e-06,-0.001129806638506334
1990-07-23,0.002122878588512937,-0.0015372632950735527,5.3731219436460345e-06,0.0005802421714957383
1990-07-24,-0.0016116599573101327,0.003697287485978734,9.776852949814703e-06,0.0020758506757187862
1990-07-25,0.0014914909751967405,0.0006868081381834787,1.1512723574521683e-05,0.0021667863898056972
1990-07-26,-0.000631164192695076,0.0003408060468066274,5.062884905513408e-06,-0.000295421030793962
1990-07-27,0.0005968595314116676,-0.006985505696498504,7.258583219524741e-06,-0.0063959047483063605
1990-07-30,0.0005742065900158008,-0.008341971076442582,6.4847857039011605e-06,-0.007774249272130682
1990-07-31,0.0018396853228455797,-0.0032130693866192434,6.5341688616837255e-06,-0.0013799182326353473
1990-08-01,-0.0009643227817081043,-0.0015071847870909189,8.98869305868239e-06,-0.0024804962618577052
1990-08-02,0.0009930013778837146,0.010487293977611695,9.265240597214025e-06,0.011471030114898195
1990-08-03,-0.0008468966243543674,0.0016841146520872752,4.128894325382802e-06,0.000833089133407525
1990-08-06,0.005570549733511635,0.01379919517795129,1.508371829646244e-05,0.01935466119316646
1990-08-07,0.00010846915743186348,0.004388301548957174,1.9996483131959735e-05,0.004476774223257078
1990-08-08,-0.00030726857656933,-0.0005702290170441074,3.668595978682717e-05,-0.0009141835534002647
1990-08-09,0.002238330636939382,-0.0034167987148148726,1.0861633915633215e-05,-0.0011893297117911237
1990-08-10,0.0034362002995736605,0.0007841428357114471,1.2467633230774603e-05,0.004207875502054333
1990-08-13,-0.00043552007056505717,-0.00029545066232466495,8.995167260849852e-06,-0.0007399659001505719
1990-08-14,0.003820695161668018,-0.0036814164122302637,1.0012531260377985e-05,0.00012926621817737656
1990-08-15,-0.00013875933395228956,-0.0031345817458053515,6.1025416774638606e-06,-0.0032794436214351047
1990-08-16,-0.00010970413010229849,0.0026950010342948047,8.062614981589235e-06,0.002577234289210917
1990-08-17,-0.0009348022622808858,0.0009570854734404355,6.158638414938354e-06,1.6124572744611348e-05
1990-08-20,0.00035540471236900355,-0.001284043334644546,8.305835130835437e-06,-0.0009369444574063778
1990-08-21,-0.002584992554545731,0.001722344256005495,4.160951778048202e-06,-0.0008668092503182841
1990-08-22,-0.0005479784061694982,-0.0005314359982274572,4.172122893597601e-06,-0.0010835865272905531
1990-08-23,-0.0026373289139514475,-0.0009696926680605386,3.321223744709101e-06,-0.003610342805756695
1990-08-24,0.0023715539320048706,0.002503270340510059,6.593941050807578e-06,0.004868230331464122
1990-08-27,-0.007901460392165586,-0.006237859101632803,8.030209579784353e-06,-0.014147349703378173
1990-08-28,-0.0018284196274452522,0.000250154183431627,5.910111507477473e-06,-0.0015841755555211028
1990-08-29,7.981067530112083e-05,-0.00036670241035827747,2.2539813070202134e-05,-0.00030943154812735875
1990-08-30,-0.0022863395524479043,0.0034356942884461988,4.918108069472392e-06,0.001144436627928822
1990-08-31,-0.001125855936526937,0.00014035346205324632,5.555020668044324e-06,-0.000991057495141735
1990-09-04,-0.00022944235686289097,-0.00011833765878894174,5.964394771587558e-06,-0.00035374441042342026
1990-09-05,0.0020736787071509314,-0.0062122943446482025,5.092533767695941e-06,-0.004143708171264967
1990-09-06,0.00023967630851016124,-0.002645917456641104,4.67585623890472e-06,-0.0024109170043698476
1990-09-07,0.0004146521522045784,-0.0013204524513306868,5.674794751056478e-06,-0.0009114750938771649
1990-09-10,-0.0028468706032750033,0.0013287788785307452,5.838587229926836e-06,-0.001523930311974185
1990-09-11,0.000597084790596954,0.00031928629305033867,7.092934777489389e-06,0.0009092781488698033
1990-09-12,0.00034482005898677176,-0.0052900486284956005,6.59970417432547e-06,-0.0049518282736831535
1990-09-13,-0.0012876883791019798,-0.0024544142859149005,5.6424657515854045e-06,-0.0037477451307684657
1990-09-14,-0.0006044426495333454,0.002843322554819365,8.003186288428003e-06,0.0022308767189975916
1990-09-17,0.0014145877051512613,0.0006021856166186117,5.142319071360233e-06,0.002011631002698513
1990-09-18,-0.00028196638847876194,0.0016621213963666562,4.461572316635744e-06,0.0013756934355712584
1990-09-19,-0.001628427659166844,0.000903619474843048,4.949002204568652e-06,-0.0007297571865283646
1990-09-20,-0.0007430451089630051,0.0018582442631919845,6.889562194220084e-06,0.0011083095920347591
1990-09-21,-0.0013217814144936202,0.0002673206630248522,5.220839944369885e-06,-0.001059681591413138
1990-09-24,0.0027190306125593074,0.003415494943899461,4.567418995471516e-06,0.006129958137463296
1990-09-25,0.0005498390708478414,-0.001992031026434785,4.091651497598506e-06,-0.0014462836070845422
1990-09-26,0.00025603903756678243,0.00023251683111003552,3.6651959725781642e-06,0.00048489067270423983
1990-09-27,-0.0010274424559882063,-0.0022830784760254057,4.652444168825453e-06,-0.0033151733761824374
1990-09-28,0.000676927364994877,-0.0032065003651653248,5.150807856571323e-06,-0.002534723808027019
1990-10-01,-0.0007394697951753962,-0.005016101459269974,1.077034931494984e-05,-0.00576634160376032
1990-10-02,0.0009942531837193419,-0.0016653249196857743,8.073472739053294e-06,-0.0006791452087054857
1990-10-03,0.0010383153141458755,-0.0018542923978587065,8.073470856232556e-06,-0.0008240505545690635
1990-10-04,0.00047276597958939955,-0.004778507994458607,6.166693118371728e-06,-0.00431190870798758
1990-10-05,0.0020507432777627796,-0.004748505887942887,5.735599875905194e-06,-0.0027034982100560124
1990-10-08,0.0014802079588773407,-0.0026685224231794385,9.654520040271348e-06,-0.0011979689843423691
1990-10-09,-0.003206317516491425,0.006640054352836142,7.945468687182056e-06,0.0034257913676575347
1990-10-10,-0.0013438489547689667,0.00041637428887574685,6.53888611829695e-06,-0.0009340135520115168
1990-10-11,-0.001442859114718721,0.0010095093868390415,2.0021850692742988e-05,-0.00045337157857242244
1990-10-12,-0.0005896154072791869,-0.004381788056012202,4.314072742259762e-06,-0.004975717536033649
1990-10-15,-0.0033336719917951407,-0.0036205013933819996,4.033892028906796e-06,-0.006958207277206047
1990-10-16,-0.005015944860519337,-0.001740663492908054,7.583254384229497e-06,-0.00676419160781162
1990-10-17,0.0021163661251467473,-0.00345490428344123,5.670803322396117e-06,-0.001344208961616879
1990-10-18,0.0018612239535582072,-0.00411433177444666,6.549146616584711e-06,-0.0022596569675050375
1990-10-19,0.00223478839825629,0.0003724644334071989,4.1972611632135195e-06,0.0026030555705002754
1990-10-22,-0.0006821742696887957,0.0008609245051815811,3.804371734317704e-06,0.00017494586375846772
1990-10-23,-0.00010915102252430942,0.0033672915146088687,6.6090790796324964e-06,0.003251531413004927
1990-10-24,0.0005404592590001225,-0.0031456812345869016,3.7446834278809156e-06,-0.00260896665901466
1990-10-25,0.0005174293999740826,0.001105360774237272,5.719299549287006e-06,0.0016170708746620678
1990-10-26,-0.0022051958060995878,0.0016074269477824648,5.473870347655874e-06,-0.0006032427286647788
1990-10-29,-0.0003407475932491157,0.0023706982177674326,4.85772610634377e-06,0.002025092898411973
1990-10-30,0.0019733204840636314,0.0009206681970375412,2.9351886882256016e-06,0.002891053492412947
1990-10-31,0.0008618693462017516,0.0009553603221626524,1.7994240351186506e-06,0.0018154302443292854
1990-11-01,0.002112873384343604,-0.00200386016608038,3.3997992822706895e-06,0.00010561341898095347
1990-11-02,-9.730393332114875e-05,-0.005194181258477269,1.1848904034674548e-05,-0.005303334095833092
1990-11-05,0.0019459057158027482,-0.004009035305131473,1.3625596083901271e-05,-0.0020767551854126262
1990-11-06,0.0018127442575617786,0.003247921114996564,1.1258444295706665e-05,0.005049406928262635
1990-11-07,-0.0019761207272856224,0.001365525651451846,7.793655152448573e-06,-0.0006183887309862249
1990-11-08,0.00017642106925899043,0.0011387002791211727,7.3642448605639345e-06,0.0013077571035195992
1990-11-09,0.001541821974030699,-0.00022325156908442712,1.1152054414483654e-05,0.0013074183505317881
1990-11-12,0.0015166268622420183,-0.0044445456408646325,8.172480067204187e-06,-0.0029360912586898183
1990-11-13,0.0012573719262266214,0.002896981614208914,9.609605136836035e-06,0.004144743935298699
1990-11-14,-0.003020561539999464,0.0014703451147419855,6.701836473575057e-06,-0.0015569182617310537
1990-11-15,-0.0007591583433263827,0.0018231856334193078,8.404405280401625e-06,0.0010556228848125236
1990-11-16,0.0018462742580644467,-0.00407537347768017,8.415159513230844e-06,-0.002237514379128954
1990-11-19,-0.0004407711496652239,-0.0019292532806290035,7.1572506179058416e-06,-0.0023771816809121334
1990-11-20,-0.004324751643800308,0.005088415372816191,0.00016590344087573275,0.00059776028814015
1990-11-21,0.004071469679004758,-0.011466288528018835,3.261236662352936e-05,-0.007427431215637607
1990-11-23,0.0018014261488894648,-0.00037576137476854856,8.221400749323e-06,0.0014174433733715934
1990-11-26,0.0006422279774844968,0.006501076067679079,1.2225884545360798e-05,0.007131078160618215
1990-11-27,-0.002053826596950901,-0.0050300594475961346,6.366641496045385e-06,-0.007090252686043081
1990-11-28,0.00015920230298901614,0.007891167823420675,1.0180481893880637e-05,0.00804018964451581
1990-11-29,0.0013236154119543307,0.015348132968094869,5.581601386148883e-06,0.01666616677866305
1990-11-30,-0.0005709237311729107,-0.006471654602978856,1.0533004695550263e-05,-0.007053111338847317
1990-12-03,-0.0027633291805137144,0.007742910298537559,2.3798045056326137e-05,0.004955783072967518
1990-12-04,0.0004643610519595141,-0.007516921477697878,1.1374565394039424e-05,-0.007063934991132404
1990-12-05,-0.000794923369418569,0.001390872143485144,1.4499465113303181e-05,0.0005814493089532718
1990-12-06,-0.002412014795009206,-0.00745270382295468,1.0149426087550519e-05,-0.009874868044051436
1990-12-07,0.005964769248898105,-0.012157069530013165,1.0850061575233737e-05,-0.006203150342690293
1990-12-10,0.005104554925241433,0.0029362033031068743,1.4393809934063005e-05,0.008026364418414245
1990-12-11,-0.0010765306819986195,2.565719021545244e-05,3.564745791800888e-05,-0.0010865209497011759
1990-12-12,0.0020516752236329266,-0.0062836830219214655,1.0004516121402465e-05,-0.0042420123144099415
1990-12-13,-0.002589544380211294,0.007729289867054323,1.105213015817641e-05,0.005128693356684853
1990-12-14,-0.0007697479341572868,0.007211085254599517,1.0421057322600101e-05,0.00643091626311963
1990-12-17,0.001978837633809408,-0.0007636885376251601,1.5152958303437723e-05,0.0011999961378808101
1990-12-18,0.0005095021533391884,-0.0021497566560496673,6.543132209684535e-06,-0.0016467976349201635
1990-12-19,0.0036554000001445437,0.0050342009825345676,8.83925358792731e-06,0.008680761729091184
1990-12-20,-0.0026962145745219965,0.013198209227089332,8.541370881707793e-06,0.010493453281685628
1990-12-21,-0.0027369183665238678,0.007554844716212007,1.209267085111234e-05,0.004805833678837027
1990-12-24,-0.0022730786176895492,0.011602181556726156,1.3027356621850945e-05,0.009316075582414757
1990-12-26,0.006028373572324574,-0.008966976865696533,1.193591112492052e-05,-0.00295053920449688
1990-12-27,-0.0001870812507128451,0.0001450877575929735,1.7631704078697554e-05,-5.962519719856914e-05
1990-12-28,0.003078214111899372,-0.008827411059490019,9.077917719038703e-06,-0.005758274865309686
1990-12-31,-0.00027443531998954654,-0.002238101973309061,1.125573192270849e-05,-0.0025237930252213162
1991-01-02,-0.0007928873715317307,-0.005879736614203175,2.1742083191201337e-05,-0.006694366068926107
1991-01-03,-0.002977926954535212,-0.005484651915505416,1.5052602846569294e-05,-0.008477631472887198
1991-01-04,-0.002081312997458347,0.010526080371823664,8.813268681031913e-06,0.008435954105684285
1991-01-07,0.0029573055030449723,0.014943214293531478,1.2580477397737591e-05,0.017887939319178713
1991-01-08,-0.005554841395875443,0.004341933125956997,9.260685672388225e-06,-0.0012221689555908348
1991-01-09,-0.0024933344861967164,0.005893429183953733,1.3407828970351943e-05,0.0033866868687866644
1991-01-10,0.0029847844449705525,-0.013910657829499143,1.1030998329457793e-05,-0.010936904382858048
1991-01-11,-0.0006037347549191269,0.0007687096309343556,1.0770784987237471e-05,0.00015420409102799123
1991-01-14,0.0023157549591582074,0.007360767132667074,1.2485610984353478e-05,0.009664036480840929
1991-01-15,0.0004477905142845172,-0.0022290641531300757,9.84865916789998e-06,-0.0017911222980134583
1991-01-16,0.007841767350409028,0.0018177404363900343,1.1340235391632914e-05,0.009648167551407428
1991-01-17,-0.011154079085032695,-0.029501007027521307,9.918024649340632e-06,-0.040665004137203344
1991-01-18,-0.0007270752521427454,-0.0051829493422563214,1.4775852413322504e-05,-0.005924800446812389
1991-01-21,-0.0008691729192129899,-0.00038032397888764543,5.1550077939282774e-05,-0.0013010469760399179
1991-01-22,0.001954695042310573,0.00501032004990913,1.2534913195311344e-05,0.006952480179024391
1991-01-23,-0.0013085373456514203,-0.004838274776944639,1.0948695024369557e-05,-0.006157760817620429
1991-01-24,0.0008171423227266701,-0.0024957676849005667,1.2074516185303773e-05,-0.0016906998783592004
1991-01-25,0.005422946799348936,0.004149295557801486,9.542418711089014e-06,0.009562699938439332
1991-01-28,0.0019272961786526003,-0.005169233291839671,8.20201424223833e-06,-0.003250139127429309
1991-01-29,0.000980544614566401,0.0013555467752231227,7.994821098912944e-06,0.0023280965686906106
1991-01-30,-0.0036880581796963395,-0.0038567699315214367,8.02043778910405e-06,-0.00755284854900688
1991-01-31,0.0008836152029561051,-0.0034770341989442117,1.0541207450467433e-05,-0.0026039602034385744
1991-02-01,0.0012266969464209308,-0.006989399708810638,9.326325739211458e-06,-0.005772029088128919
1991-02-04,0.0005998066989743825,-0.006625670741020981,7.458303221262351e-06,-0.006033322345267861
1991-02-05,-0.005868249105916535,-0.007740231801670112,2.6224819686807845e-05,-0.013634705727273455
1991-02-06,-0.005364112769330815,-0.008460837896410878,1.5336522539920883e-05,-0.013840287188281614
1991-02-07,0.0005941606067173321,0.0059779300206190015,1.5183808296423297e-05,0.006556906819039911
1991-02-08,0.005259436851903096,-0.005445843555954706,1.3969596143863618e-05,-0.00020037630019547324
1991-02-11,-0.002387206025452583,-0.0033664848352270215,1.1488051779048338e-05,-0.005765178912458653
1991-02-12,-0.001122957873014873,0.002837209355456985,1.209308676398962e-05,0.0017021583956781223
1991-02-13,0.003659648581194188,0.005392057500764186,1.2767384324306183e-05,0.009038938697634068
1991-02-14,0.0019871748315395486,0.0018676642864139986,1.1739857501438258e-05,0.003843099260452109
1991-02-15,-4.593316607492932e-05,0.002089900994906833,1.3271055953915772e-05,0.0020306967728779884
1991-02-19,-0.0011284163293974157,0.00875986549605078,1.1704449029691581e-05,0.0076197447176236735
1991-02-20,-0.0032605534911131257,0.0040220540934703865,1.0277541380666712e-05,0.0007512230609765942
1991-02-21,-0.0012650998303807086,-0.00016136355390582424,1.243191830514969e-05,-0.0014388953025916825
1991-02-22,-0.002871259261791554,0.008175497354365863,8.203200500854471e-06,0.005296034892073455
1991-02-25,0.005389534263701786,0.0037303748280745302,1.22848944332102e-05,0.009107624197343107
1991-02-26,0.0033628699955101527,0.0067808820907265316,9.596945872466605e-06,0.010134155140364217
1991-02-27,-0.0023065259843961013,-0.002899946955096623,8.693223470201753e-06,-0.005215166162962926
1991-02-28,0.012877883261631912,0.00843604843979873,8.046404615818503e-06,0.021305885296814826
1991-03-01,0.009388031086010629,0.01731880540644098,8.086507060026393e-06,0.026698749985391585
1991-03-04,0.002474425834445103,0.0018709785409805415,1.0650752442408402e-05,0.0043347536229832355
1991-03-05,0.0015087659282452762,-0.002044844003597523,2.2671050924971136e-05,-0.0005587491262772178
1991-03-06,-0.0030173948718482625,0.0007516714486454136,8.738084650714427e-06,-0.002274461507853563
1991-03-07,-0.00022564419229031445,-0.005340641733227909,7.177157083860154e-06,-0.005573463082602084
1991-03-08,0.005259162939311248,0.01286033009634133,7.921880182523899e-06,0.018111571155470053
1991-03-11,-0.010566992683780186,-0.0017235547021607223,5.111514756732774e-06,-0.01229565890069764
1991-03-12,0.007039294011761644,-0.0034484961474210494,1.0806880624024082e-05,0.003579990983716571
1991-03-13,0.0021082247248632004,-0.010119153862289045,1.7025647386029787e-05,-0.008027954784811876
1991-03-14,-0.00559697052388864,0.0004264339709725447,1.5453924098181558e-05,-0.005185990477014276
1991-03-15,-0.010658119898204043,0.018356282415825213,1.1082906560985903e-05,0.007687079611060184
1991-03-18,-0.0030440271747297553,0.009445751312824768,1.1058615916342156e-05,0.006390665522178671
1991-03-19,0.00200498645647071,0.012629636993062873,2.2474572443676515e-05,0.014612148877089906
1991-03-20,-0.002973734193756743,-0.005549977194562263,8.390537846911542e-06,-0.008532101926165917
1991-03-21,-0.0006437706515806413,-0.009573972016981146,1.7284835186220864e-05,-0.01023502750374801
1991-03-22,0.0025525718629371415,0.0016389936277753044,6.785940893520047e-06,0.004184779549818926
1991-03-25,-0.005672809855112835,0.008501926325127415,6.149343160612913e-06,0.002822967126853967
1991-03-26,-0.004667808618477508,-0.0038967959438701806,1.0754338827199292e-05,-0.008575358901174888
1991-03-27,0.0014071454267401554,-0.0019064596892503602,1.2589230325015919e-05,-0.0005119034928352207
1991-03-28,0.0033047919352585378,0.001516383394282227,9.753250500477654e-06,0.004811422079040287
1991-04-01,0.013881961368728473,-0.004914305233391671,1.4524119912401462e-05,0.0089531320154244
1991-04-02,-0.0028196203246242733,-0.011986804616819438,1.675081267312297e-05,-0.014823175754116834
1991-04-03,0.0015384981536576596,0.00036297998721981825,2.86239623013821e-05,0.001872854178576096
1991-04-04,-0.0017818932050406471,-0.009214595440218708,2.0214366910014615e-05,-0.011016703012169369
1991-04-05,-0.00019520209280606433,0.001754186815625806,1.7606663589565798e-05,0.001541378059230176
1991-04-08,0.0025501788749192327,-0.0020087692895266384,1.539722768092946e-05,0.0005260123577116648
1991-04-09,0.0008511974678924624,0.0018444389958100211,1.4152915989165454e-05,0.002681483547713318
1991-04-10,0.0013698703239718888,0.016302931181417124,1.0499790218368013e-05,0.017662301715170647
1991-04-11,-0.0005742281824580265,-0.0067263498315754235,1.0367316024073227e-05,-0.007310945330057523
1991-04-12,-0.0011980405800219023,-0.010848558231455498,1.9944912326087348e-05,-0.012066543723803488
1991-04-15,0.00032470754684338636,-0.00715521240580561,1.0203917002818884e-05,-0.006840708775965042
1991-04-16,-0.0006697490930665764,-0.0014532823600046474,2.223953561570612e-05,-0.00214527098868693
1991-04-17,-0.0006540109829565204,0.0024617773386872545,9.723486331895177e-06,0.0017980428693988389
1991-04-18,-0.008365471396248787,0.010564437154415986,8.319294384724622e-06,0.002190646463782475
1991-04-19,-0.0008866442081873222,0.00467993084969011,8.195418526355176e-06,0.0037850912229764324
1991-04-22,-0.0015320876198552861,0.009648944107015268,1.5304590231795206e-05,0.008101551896928186
1991-04-23,0.0012074738865019063,-0.00829988893474207,6.390172587177112e-06,-0.007098805220827341
1991-04-24,-0.0025666982893807052,-0.004730471554168917,5.578903929821911e-06,-0.007302748747479444
1991-04-25,-0.0036879284678786976,0.0026634986181129673,6.282232533668334e-06,-0.0010307120822993987
1991-04-26,-0.0018232726411255952,-0.0007445132083100583,8.343587172563075e-06,-0.0025761294366082165
1991-04-29,-0.00506808805028059,0.005539610449679064,7.378534304750952e-06,0.0004641438650937237
1991-04-30,0.007644297572480238,-0.005817767467592017,1.074399277207231e-05,0.0018157861121161488
1991-05-01,0.0003467996208775032,-0.00043008124271246484,1.1885415191040754e-05,-9.516703702600241e-05
1991-05-02,-0.0005080262147363266,-0.0024871719594885006,1.0501442984936066e-05,-0.0030056996172097635
1991-05-03,-0.0015239363047715108,0.0076661507893522815,9.89289975492556e-06,0.006132321584825845
1991-05-06,0.004957245313610731,-0.0008695318701628553,1.1394185452600264e-05,0.0040763192579952754
1991-05-07,0.0011479170176506594,0.0047723068410636576,1.2737040550141687e-05,0.005907486818164175
1991-05-08,-0.0010072438088762296,-6.481316837665023e-05,8.601843734747231e-06,-0.001080658820987627
1991-05-09,0.003013174548707081,-0.005215252804312415,9.73605173421325e-06,-0.0022118143073395474
1991-05-10,-0.0036711103333742535,0.02134875272197142,1.1651138084453903e-05,0.01766599125051271
1991-05-13,0.0031265041593851626,-0.0054162523204700375,1.2711252228394974e-05,-0.00230245941331327
1991-05-14,0.00241730213095658,0.006083863320822854,3.104998610968144e-05,0.008470115465669751
1991-05-15,2.9856812584192188e-05,-0.0020208114714009083,1.181687653459885e-05,-0.002002771535351315
1991-05-16,-0.004284397706040213,-0.0028242018730704095,8.022697537575396e-06,-0.007116622276648198
1991-05-17,-0.0037555663737063464,-0.000984858767138006,8.996003431402094e-06,-0.004749421144275754
1991-05-20,0.004139297513737311,0.0030676992348244803,1.2408944467681643e-05,0.0071945878040941096
1991-05-21,0.0019751189437626415,-0.011416489863112228,8.738765866906931e-06,-0.009450109685216495
1991-05-22,-0.00201716785969564,0.0001232742740246458,9.222467444215928e-06,-0.00190311605311521
1991-05-23,-0.0008247797032886328,0.001612252370006238,8.499620843215634e-06,0.0007789730458743897
1991-05-24,0.0015250785309228903,0.002131764690628894,6.895791045865002e-06,0.0036499474305059193
1991-05-28,0.009352082172189897,-0.007814710361322409,6.684381384812275e-06,0.0015306874294826764
1991-05-29,-0.007683870442948668,0.002468482868801797,7.615147415276728e-06,-0.005223002721562148
1991-05-30,0.0033147539329608563,-0.007771740653669848,1.9226857723443515e-05,-0.004476213578432435
1991-05-31,-0.0032674999556957618,0.0006216969524861574,7.67992480771587e-06,-0.00265348292801732
1991-06-03,0.0019162658301857473,0.007485642169738539,1.4486212224734944e-05,0.009387421787699551
1991-06-04,-0.0023248016934341465,0.0017519902229553368,1.540748461753587e-05,-0.0005882189550963455
1991-06-05,-0.002861695689671923,0.005377585736415683,1.6712595125225493e-05,0.0024991774516185342
1991-06-06,0.001825919157737913,0.0018728520695654783,1.1097377363057685e-05,0.0036876738499403336
1991-06-07,-0.00016643380171105313,0.010309046521742821,1.0004778062342376e-05,0.010132607941969426
1991-06-10,0.0038322142749506773,0.010355346493062946,8.427385671398147e-06,0.014179133382342226
1991-06-11,-0.0032465188800245544,-0.00596560317308996,1.282548466272598e-05,-0.00922494753777724
1991-06-12,-0.0019785752508470165,0.007861695925545307,1.9554277872506217e-05,0.005863566396825785
1991-06-13,-0.0015776147203762573,-0.0007326125772550502,9.999775593098211e-06,-0.0023202270732244055
1991-06-14,-0.0024878799646670833,-0.005168996300174494,1.4024076332261187e-05,-0.007670900341173839
1991-06-17,-0.0019472249857336848,0.004756496765073745,1.275570517528677e-05,0.002796516074164773
1991-06-18,-0.0014407820929538413,0.0016236805942090832,1.169560938627763e-05,0.00017120289186896425
1991-06-19,0.0030280319046363537,-0.003280877599471564,1.0062734132488615e-05,-0.00026290842896769905
1991-06-20,-0.0013511541422373432,-0.008814836344804679,1.2797624291409722e-05,-0.010178788111333433
1991-06-21,-0.00618846813074006,0.009250700886026905,1.1841524896528475e-05,0.0030503912303903166
1991-06-24,-0.001850775084421156,0.0007732239487305015,1.4814213449221965e-05,-0.0010923653491398766
1991-06-25,0.0015734610425084143,0.0005309340589237749,9.668125553121112e-06,0.002094726975879068
1991-06-26,0.0019341414823811015,-0.001478369012900221,1.2407497627110717e-05,0.0004433649718537698
1991-06-27,-1.3792539204741288e-05,-3.3120160766020703e-06,8.96914567453978e-06,-2.607370095588314e-05
1991-06-28,1.0392775779590759e-05,0.008987893146880158,1.1629426625694417e-05,0.008986656496034055
1991-07-01,0.0022494265512805383,-0.0036315259520065543,2.4428631014180358e-05,-0.0014065280317401964
1991-07-02,-0.0017793669295012111,0.003319085594131241,2.7685157591737443e-05,0.0015120335070382925
1991-07-03,0.002385981578598887,0.004844100862594828,1.849638074599296e-05,0.007211586060447721
1991-07-05,-0.004098794183272881,-0.0003802379740884942,1.5117563728054892e-05,-0.00449414972108943
1991-07-08,0.0002704102527261449,-0.0008799659580039714,1.1232914083706263e-05,-0.0006207886193615328
1991-07-09,-0.0010241383305395458,0.003798491685592982,2.7513811710753133e-05,0.002746839543342683
1991-07-10,0.003998070782758172,-0.002555890592704595,1.5977069095415722e-05,0.0014262031209581613
1991-07-11,-0.0047198654233812625,-0.002969342658699932,1.4028591244310044e-05,-0.007703236673325504
1991-07-12,0.006090252054031313,-0.02040836351259974,1.026031074973792e-05,-0.014328371769318164
1991-07-15,0.0009569670183844513,0.0012993881264104878,9.44107894057618e-06,0.002246914065854363
1991-07-16,0.004699926779505401,0.0027234254963938616,2.1303134079758265e-05,0.007402049141819505
1991-07-17,0.002427516079950983,0.0016823064819000122,1.535148472334092e-05,0.004094471077127655
1991-07-18,-0.0035383357881859407,-0.0015449076730878009,1.5853651636840566e-05,-0.005099097112910582
1991-07-19,0.002597165354608741,-0.009018759667831404,3.898482855416886e-05,-0.006460579141776832
1991-07-22,-0.00148931257209525,0.008019430334535789,3.437307528799482e-05,0.006495744687152544
1991-07-23,0.004084422004982545,0.0015766173310798521,3.354954602938684e-05,0.00562748979003301
1991-07-24,-0.0019383028695675823,-0.0007168248105876544,4.987964256583099e-05,-0.0027050073227210675
1991-07-25,0.0017343416947788477,0.006241150949842568,4.04567943079158e-05,0.0079350358503135
1991-07-26,0.002192031675048847,-0.007418851787317376,3.200857484905026e-05,-0.005258828687117579
1991-07-29,-0.0032230519322028073,-0.0034624597782837645,2.803085331611349e-05,-0.006713542563802685
1991-07-30,0.0004483653774380224,-0.0019272451577666088,2.831522244033366e-05,-0.0015071950027689199
1991-07-31,0.005404125000189403,-0.005523988916964593,2.556935706968303e-05,-0.0001454332738448731
1991-08-01,-0.005032803617792443,-0.002319085923843205,3.494959494692027e-05,-0.007386839136582568
1991-08-02,0.009543690785005488,-0.005844122126779969,2.356305327759996e-05,0.0036760056049479194
1991-08-05,0.0014586690585017136,0.003871329295966583,9.627982897915442e-06,0.005320370371570381
1991-08-06,0.005572423783713885,-0.0035165682415936837,7.52510203905508e-05,0.0019806045217296508
1991-08-07,0.00038222179526517,0.004577240195203321,2.356639508124389e-05,0.004935895595387247
1991-08-08,-0.001286400810257225,0.003959091154863683,2.407587544885231e-05,0.0026486144691576056
1991-08-09,0.0014861399556058822,0.005014027656479764,1.7946806465757585e-05,0.006482220805619888
1991-08-12,0.0019033421443416776,-0.003525935380875856,1.727080174249478e-05,-0.0016398640382766733
1991-08-13,0.0013120629166244408,0.00026083503206027897,1.6864720200455696e-05,0.0015560332284842641
1991-08-14,0.005024003148082835,0.0006209173017052145,1.6017898237195062e-05,0.005628902551550855
1991-08-15,-0.00016477351594007186,0.005386726453168608,1.7244945765098025e-05,0.0052047079914634385
1991-08-16,0.00043514460629328505,0.006629457071107387,1.92397783656744e-05,0.0070453618990349975
1991-08-19,0.002458759618958901,0.01887050211552631,2.6662522537059954e-05,0.021302599211948152
1991-08-20,-0.0008373840252144651,-0.008657122004647038,2.7459737325551467e-05,-0.009521965767187054
1991-08-21,0.00410917011817823,-0.023122398795559173,2.9676548268774475e-05,-0.019042905225649717
1991-08-22,0.0004308281795624455,-0.00021179633433456114,2.3558106798675478e-05,0.00019547373842920888
1991-08-23,-0.007197608608229169,0.0060980004006493975,2.6794413114849862e-05,-0.0011264026206946212
1991-08-26,7.069065109245772e-05,-0.0006143239340195397,1.828577347421403e-05,-0.0005619190564012961
1991-08-27,-1.589318325908337e-05,-0.00011218129224226927,2.6775158916437254e-05,-0.0001548496344177899
1991-08-28,0.004746244187921288,-0.00662833398394219,1.0090603174493396e-05,-0.0018921803991953953
1991-08-29,0.0013053197542987763,-0.0005043461072910501,1.5351532744110802e-05,0.0007856221142636154
1991-08-30,-0.007068527429706323,0.0018586420590150142,1.2261684381705926e-05,-0.0052221470550730155
1991-09-03,0.0012573554086342362,-0.004361082015217715,8.466454182666875e-06,-0.0031121930607661452
1991-09-04,6.605183523268076e-05,0.0008045122511725472,1.4954642715869525e-05,0.0008556094436893585
1991-09-05,-0.0028700331447399797,0.0036018608729993483,1.0588285399191008e-05,0.0007212394428601776
1991-09-06,0.006875719460127782,-0.007258234778268344,1.0059402408278008e-05,-0.00039257472054884046
1991-09-09,0.0035857278824056567,-0.005834048398664063,9.759095012262837e-06,-0.002258079611270669
1991-09-10,-0.001028849253684186,0.004119797213882466,2.802423200416071e-05,0.0030629237281941195
1991-09-11,-0.002485690490878097,3.717788549588712e-05,1.275849608015348e-05,-0.002461271101462363
1991-09-12,0.004371163257651398,-0.010150990939962603,9.977504647125367e-06,-0.005789805186958331
1991-09-13,0.0008955142007258972,0.003913682969219106,1.3402142207263843e-05,0.004795795027737739
1991-09-16,0.0029434478802453,-0.00569154926861546,9.843427551909498e-06,-0.00275794481592207
1991-09-17,0.0014581885597194201,-2.7203812255364914e-06,1.0488159246450057e-05,0.0014449800192474335
1991-09-18,0.0024400531014358,0.002217355502785304,1.0655893983623205e-05,0.0046467527102374805
1991-09-19,-0.001367221877409344,0.0005225998962144339,1.4163185364541824e-05,-0.0008587851665594519
1991-09-20,0.0018102915379144145,-0.0027568210624680676,1.0914849879112074e-05,-0.0009574443744327652
1991-09-23,0.0029122868820258586,-0.009038167739040946,9.715912571947115e-06,-0.006135596769587035
1991-09-24,0.002432296455572052,0.0038515684067346005,1.18150305116337e-05,0.006272049831795018
1991-09-25,-0.0013679027296320115,0.0005733010494946363,1.42518116430822e-05,-0.0008088534917804575
1991-09-26,0.00014883248681305688,0.0020419131492697726,1.2631513577923812e-05,0.002178114122504906
1991-09-27,0.007060898480185875,-0.007637308295973946,9.442624000024282e-06,-0.000585852439788095
1991-09-30,0.006361763419265082,-0.004672768602641083,8.962912913070829e-06,0.0016800319037109286
1991-10-01,0.003242677684774896,0.0009045972401701271,1.058352049055805e-05,0.004136691404454464
1991-10-02,0.00017995918972757582,-0.0012911185429801712,1.851339167176363e-05,-0.001129672744924359
1991-10-03,0.002587433556344696,-0.005629264616340497,1.0066942069899478e-05,-0.0030518980020657004
1991-10-04,0.008593799360028196,0.002040472892491599,1.0664044062946837e-05,0.010623608208456849
1991-10-07,0.003125594427660931,-0.003711304184964642,1.9468445202456722e-05,-0.0006051782025061676
1991-10-08,-0.003226514718694194,0.010208384952808153,1.3865838527405426e-05,0.006968004395586553
1991-10-09,-0.005634908543328862,0.002638698733980022,1.6285578044580833e-05,-0.003012495387393421
1991-10-10,-0.006006921291024607,0.0016329646886958519,1.5840624327957674e-05,-0.004389797226656713
1991-10-11,0.012595363780015606,-0.009140327347683688,2.8167690352305544e-05,0.0034268687419796127
1991-10-14,-0.0006597977840084137,-0.005561002097687463,1.9060122841123772e-05,-0.006239860004537001
1991-10-15,0.0027104002781604447,-0.0009276369022300354,3.137888083963516e-05,0.001751384495090774
1991-10-16,0.001801446437773442,-0.0025545283074394666,1.3561221827482257e-05,-0.0007666430914935068
1991-10-17,-0.003644880741491507,0.0006973360222002427,1.688781560486659e-05,-0.002964432534896131
1991-10-18,0.006409679532600834,-0.006179778025053531,1.154197906488296e-05,0.00021835952848242007
1991-10-21,-0.0038430227940901888,0.0114631803829821,2.364291035887928e-05,0.007596514678533032
1991-10-22,-0.0005506503831303328,0.007887673215908853,1.1512782128616112e-05,0.007325510050649904
1991-10-23,-0.0052744390863554355,0.0043908880505940185,1.819439797677125e-05,-0.0009017454337381883
1991-10-24,0.0049637110097844024,-0.0027209531898352663,1.1724693918263398e-05,0.0022310331260308727
1991-10-25,-0.007048587296109396,0.0032923547187144638,1.6664271206010688e-05,-0.003772896848600943
1991-10-28,-0.0011481909512787022,0.0004930547437841388,1.3186799318278787e-05,-0.0006683230068128421
1991-10-29,0.008711638788741486,-0.02047307980181701,1.5540510123885567e-05,-0.01177698152319941
1991-10-30,-0.0008659652775369244,-0.0023521203427916432,1.6139531286690835e-05,-0.003234225151615259
1991-10-31,-0.00035169359966638516,-0.00057959532683674,3.4225169650025167e-05,-0.0009655140961531503
1991-11-01,-0.0017533556817026258,-0.00726798680384062,1.3046946359157546e-05,-0.009034389431902403
1991-11-04,0.0011209065669841142,-0.0028579973973698203,1.2303561044585794e-05,-0.0017493943914302919
1991-11-05,-0.004644783437810978,0.00763133465831211,1.6293569966431455e-05,0.0029702576505347003
1991-11-06,0.00030385909882306894,-0.00204591427548883,1.110192817198129e-05,-0.0017531571048377422
1991-11-07,-0.0014999546548779131,-0.006269559806310515,1.1341801733407712e-05,-0.007780856262921835
1991-11-08,0.0006864795903872188,0.0028787641012988164,1.6319987563394e-05,0.003548923704122641
1991-11-11,-0.002916219413011412,-0.0019695784593942384,1.6300368534401018e-05,-0.0049020982409400515
1991-11-12,0.001205952982125284,-0.004991634607301343,1.3871246233380724e-05,-0.0037995528714094397
1991-11-13,0.0006373858075686409,0.0030725003884192505,1.3915421514788417e-05,0.003695970774473103
1991-11-14,0.003605498692009866,-0.005764530724387372,1.2999140649970144e-05,-0.0021720311730274756
1991-11-15,0.003904345056513596,0.01641690367775661,1.2005846934888586e-05,0.020309242887335318
1991-11-18,0.0005194013111791501,-0.005633649907327641,1.900508044074221e-05,-0.005133253676589233
1991-11-19,0.001013769302956628,0.00315380945336724,4.3101290150138195e-05,0.0041244774661737295
1991-11-20,0.004269668142784956,0.002692541339055659,1.8025217267469055e-05,0.0069441842645731455
1991-11-21,0.000586890462615134,0.0012790978530959791,1.4354546635113627e-05,0.0018516337690759996
1991-11-22,-0.0016545864191143509,0.0032218849318423094,1.548181493764779e-05,0.0015518166977903107
1991-11-25,0.0015588111299848716,-0.008077433879955164,2.0626511866445736e-05,-0.0065392492618367385
1991-11-26,-0.0030195737944225245,0.019897948159113853,1.9590868268529937e-05,0.016858783496422797
1991-11-27,0.003939272647118293,-0.0021103316555754243,3.841626873027301e-05,0.0017905247228125955
1991-11-29,-0.00037536367824321764,-0.004242541433817186,4.5404516974156884e-05,-0.004663309629034561
1991-12-02,0.001203634526216121,-0.006029761097647145,2.807820330775901e-05,-0.004854204774738783
1991-12-03,-0.0035001394274342124,-0.002151621138782335,2.2819645382930894e-05,-0.005674580211599478
1991-12-04,0.004781340826233285,-0.012322390687327106,1.534068610887563e-05,-0.007556390547202696
1991-12-05,-0.0009987405371726522,0.0013658836450612358,2.072278521286609e-05,0.0003464203226757175
1991-12-06,0.0011543183198170445,-0.005106095551246864,2.229465005123757e-05,-0.0039740718814810574
1991-12-09,0.0007045360460351978,-0.0011578090657736251,1.4946006190655277e-05,-0.00046821902592908264
1991-12-10,-0.0011245424475251195,0.0008952759758927429,1.4436082153562763e-05,-0.00024370255378593935
1991-12-11,-0.0018012193030098734,0.003332385841627953,1.1294840860388334e-05,0.0015198716977576911
1991-12-12,-0.011279342554079815,-0.005504630350189021,1.058381996773119e-05,-0.016794556724236565
1991-12-13,0.0031322335355157193,0.0001583045400910184,1.1199543018776033e-05,0.0032793385325879617
1991-12-16,-2.6847831778499466e-05,-0.004282150674089788,2.5560559766371462e-05,-0.004334559065634658
1991-12-17,-0.001453776811484765,-0.0018917327894093822,9.265549434485718e-06,-0.0033547751503286327
1991-12-18,0.001150067542420849,-0.0013626350910047984,1.2277141557124195e-05,-0.0002248446901410736
1991-12-19,-0.002207844646436218,-0.008911688436298422,1.1236666512564316e-05,-0.011130769749247205
1991-12-20,0.003621650868675692,-0.017196899108999263,8.406420316897658e-06,-0.01358365466064047
1991-12-23,0.007024222977006514,-0.017818938552254013,1.578419034334968e-05,-0.010810499765590849
1991-12-24,0.0015693795709981872,0.0008710623772417732,2.200157439786e-05,0.0024184403738421005
1991-12-26,-0.0038555999626353954,-0.00825982004083289,1.6300353504247203e-05,-0.012131720356972533
1991-12-27,-3.933298738477187e-05,0.0002899429337247572,9.254595477910498e-06,0.00024135535086207484
1991-12-30,0.00045737743448982,-0.0070619872144174565,1.4719268203544883e-05,-0.0066193290481311815
1991-12-31,0.005602557202800577,-0.007849427654768931,1.3245814171479446e-05,-0.0022601162661398336
1992-01-02,-0.001857856920634935,0.005224672983236872,1.1754066208870705e-05,0.003355061996393066
1992-01-03,-0.004857884686464651,0.009627547887734862,1.4835409918909161e-05,0.004754827791351301
1992-01-06,0.00027527664866080635,-0.013998291606230524,2.296340316853609e-05,-0.013745978360738252
1992-01-07,-0.0008950680346561282,-0.003477145985824697,1.784823584131669e-05,-0.0043900622563221425
1992-01-08,0.0009797457628751961,-0.0005907871193373281,1.2809247720831744e-05,0.0003761493958170363
1992-01-09,0.004858002503362406,0.015568405947020766,1.0742459666489035e-05,0.020415665990716682
1992-01-10,-0.0003029944759602157,0.015245083853042112,1.527652562685957e-05,0.014926812851455036
1992-01-13,0.0038112295812645328,0.0027310957828218987,4.0029449171342664e-05,0.006502295914915088
1992-01-14,0.004223753940794135,0.00810279938531026,2.0239623718199525e-05,0.012306313702386194
1992-01-15,-0.0009400954634137234,0.002482484347279642,3.466212909133555e-05,0.0015077267547745834
1992-01-16,0.002234180373731241,0.007261461015194783,2.6708102431644952e-05,0.009468933286494379
1992-01-17,0.002394240557503005,-0.012873571802110201,2.6889879150513923e-05,-0.01050622112375771
1992-01-20,0.00604518819226244,-0.004628852700826417,2.9410352263982396e-05,0.0013869251391720409
1992-01-21,-0.0011475845030947673,-0.002083403429091098,3.4453492794911584e-05,-0.0032654414249807767
1992-01-22,0.0022598986623317933,0.00026242567719243445,2.6623728055598576e-05,0.002495700611468629
1992-01-23,-0.008670841855797497,0.012756483368015922,2.4656275943475876e-05,0.004060985236274949
1992-01-24,0.0007580310380626683,-0.003967008177432676,2.529302569391489e-05,-0.003234270165063923
1992-01-27,0.0012247103918530777,0.0034036044316262007,2.535264333552951e-05,0.004602962180143749
1992-01-28,0.0021046873663690814,-0.004088896000061111,1.859045337459633e-05,-0.0020027990870666256
1992-01-29,-0.002069387828307313,0.009292293618953286,1.6500114809973074e-05,0.007206405675836
1992-01-30,-0.004692141165745669,0.0030392448231568656,2.4654212626492434e-05,-0.0016775505552152961
1992-01-31,0.004167666793522623,0.0018718595975168908,2.4613710790262036e-05,0.006014912680249252
1992-02-03,0.0009361761455363717,-0.001132744592493848,2.9875407200608554e-05,-0.00022644385415808484
1992-02-04,0.0017990847517431279,-0.006758122341876312,2.3770603635974255e-05,-0.004982808193769158
1992-02-05,0.0008721407808509377,-0.005282068193827008,2.3934810973963322e-05,-0.004433862223950034
1992-02-06,0.000275739386530933,0.0003810939554122701,2.504208623244686e-05,0.0006317912557107563
1992-02-07,5.0655187492415726e-05,-0.002683638858847163,2.0255956035249737e-05,-0.002653239627389997
1992-02-10,0.00195057900015798,-0.0033200071279305124,1.6382917269668587e-05,-0.001385811045042201
1992-02-11,-0.005279665646151059,0.018913907675030983,1.5675985356655937e-05,0.013618566043523269
1992-02-12,0.0023112950538883006,-0.0022008400943911485,1.7557508920433175e-05,9.289745057671898e-05
1992-02-13,-0.006789386184395429,0.00034424876550739783,2.7507735424927034e-05,-0.006472645154312958
1992-02-14,-0.004451866074479705,0.0014953456758543962,1.772444149939834e-05,-0.0029742448401247072
1992-02-18,-0.005877005201458952,0.008361300238206412,2.1166466131167424e-05,0.002463128570616292
1992-02-19,0.002584603726908942,-0.004498322817076634,2.4635033314743725e-05,-0.0019383541234824356
1992-02-20,0.000644209350240976,-0.0016221598049213767,2.3665091757760174e-05,-0.001001615546438161
1992-02-21,-0.006633447829754743,0.0044956256328262875,2.6726656975227026e-05,-0.0021645488539036827
1992-02-24,-0.003419828657171789,0.0013920255335646752,2.6422119445029336e-05,-0.0020542252430521433
1992-02-25,0.0002689828006753757,0.0060847253799767315,2.4258710020161837e-05,0.006329449470631946
1992-02-26,0.006444793332121911,-0.005414021861767829,2.0049741420106364e-05,0.0010107217289339755
1992-02-27,0.004703535793763818,-0.0026409939267603216,1.954280132497269e-05,0.0020429990656785236
1992-02-28,0.0007412345826907146,-0.003333366889083776,1.935590425634834e-05,-0.0026114882106494097
1992-03-02,-0.0063599555329422585,-0.0005768109837771369,2.1207471060175654e-05,-0.006957973987779571
1992-03-03,-0.0033999906915853756,0.011326104902817501,1.3645119314632826e-05,0.007912469091917493
1992-03-04,-0.0015917603501959892,0.0005875246364410876,1.6483199152444804e-05,-0.0010207189129073464
1992-03-05,-0.0020183946782323385,0.004954942731780493,1.2131711922581718e-05,0.0029244163416255733
1992-03-06,-0.0011015351367663654,-0.003079497719571625,9.40629532403817e-06,-0.004190439151662028
1992-03-09,0.005928761989396221,-0.0028453064313152775,8.639856323270244e-06,0.003074815701757673
1992-03-10,-0.0010535149863951624,0.008452194049058549,1.0260642088550033e-05,0.007388418420574837
1992-03-11,-0.002220431814355258,0.005305018046567791,1.0315102322325773e-05,0.0030742711298902075
1992-03-12,-0.004641589338797485,0.01263211862041229,9.607829234438105e-06,0.007980921452380368
1992-03-13,-0.002999885161947228,-0.00033701036501880403,8.882367325944752e-06,-0.0033457778942919767
1992-03-16,-0.0002755108091668225,0.0033492725148273443,1.0893494806495177e-05,0.0030628682108540264
1992-03-17,0.0016710037533743697,-0.010546122928915498,1.0824015260250156e-05,-0.008885943190801378
1992-03-18,-0.0011605793387666843,-0.0035587676287297345,1.147798022850956e-05,-0.004730824947724929
1992-03-19,0.0011621359843048842,0.00469690025808683,1.3019744494975013e-05,0.005846016497896739
1992-03-20,-0.0042525950903420096,0.011358355655976385,9.384132629885217e-06,0.0070963764330044905
1992-03-23,0.0016696181488374115,-0.004423144232197253,1.0328282851401262e-05,-0.002763854366211243
1992-03-24,0.003959380629187569,-0.0017969510241560504,1.5014544532110104e-05,0.002147415060499409
1992-03-25,0.001554589231751605,-0.003538509873194722,7.025211485257586e-06,-0.0019909458529283742
1992-03-26,-0.0019113703862204713,0.005912021653536311,1.0939041186346497e-05,0.003989712226129493
1992-03-27,0.00030710251781926974,-0.004732811211450712,1.0006546108351471e-05,-0.004435715239739794
1992-03-30,0.0016906894165112454,-0.0004236629269279257,9.102852576067246e-06,0.0012579236370072525
1992-03-31,0.00025719748942502885,-0.0006480268691515748,1.664706023636054e-05,-0.00040747643996290653
1992-04-01,-9.125766116938137e-06,0.01275221748396674,1.6294525217639207e-05,0.012726797192632163
1992-04-02,-0.0021547311494378263,-0.0020351990812633725,1.4703345119415608e-05,-0.0042046335758206144
1992-04-03,0.010196595778704846,-0.00661113106734361,2.477896536879279e-05,0.0035606857459924437
1992-04-06,0.006035970212970846,-0.0036150540813956198,1.2440675818232397e-05,0.0024084754557569935
1992-04-07,-0.0075405006752066375,0.008701880329018304,1.1695022708550029e-05,0.0011496846311031168
1992-04-08,0.0017691019954945901,0.004341059940271629,9.899269582676096e-06,0.006100262666183543
1992-04-09,0.002122833902541701,-0.013262098889439402,1.724968167780441e-05,-0.011156514668575507
1992-04-10,0.0018405235892433364,0.004170797550598202,1.550870424993264e-05,0.005995812435591606
1992-04-13,-0.0016199180560333413,-0.0007116801718223269,1.8864187343763537e-05,-0.002350462415199432
1992-04-14,-0.0030103470879844297,-0.000969793812832787,1.0904777399359331e-05,-0.003991045678216576
1992-04-15,0.00243124158842214,0.0020907918760922056,9.609907479829269e-06,0.004512423557034516
1992-04-16,0.000909715673789911,0.008072528808099439,1.4208856009251956e-05,0.008968035625880099
1992-04-20,0.0004904373456536326,0.005760745587014412,1.2052434567257687e-05,0.006239130498100787
1992-04-21,-0.000765259224224899,-0.002845625324423711,8.336725855337857e-06,-0.003619221274503948
1992-04-22,-0.005468586931025206,0.002218674186890029,1.3521386783600077e-05,-0.003263434130918777
1992-04-23,0.0045019714108437935,0.0021427088831217135,1.0387820163242943e-05,0.006634292473802264
1992-04-24,0.0027833386457956316,-0.0014971906928345948,1.3131239046181531e-05,0.0012730167139148553
1992-04-27,-0.000539056311172543,-0.004974835623427059,9.678773252270267e-06,-0.005523570707851872
1992-04-28,7.191886316517865e-05,-0.0007304759598624867,7.932460103326256e-06,-0.0006664895568006343
1992-04-29,0.0017278421723438508,0.0035390964724007863,1.5979813458519983e-05,0.005250958831286116
1992-04-30,-0.0004439048643095439,-0.001212078574495636,1.041119152618752e-05,-0.0016663946303313675
1992-05-01,0.006072279760772081,-0.015251807050075172,1.1766076761295039e-05,-0.009191293366064387
1992-05-04,0.011316124681905949,0.002787464213183561,1.3338456202862081e-05,0.014090250438886648
1992-05-05,-0.0037777552207878787,-0.003120586783405604,2.0186711952245933e-05,-0.006918528716145728
1992-05-06,0.004335669005724872,-0.0106437331681066,1.8788236236279992e-05,-0.006326852398618008
1992-05-07,-0.0002922431410646778,0.0033660876853938764,1.6092970193826544e-05,0.003057751574135372
1992-05-08,0.0009271290065954059,0.0005934175206917256,1.09963128482432e-05,0.0015095502144388882
1992-05-11,0.002290620713307482,-0.0021705617357932693,1.2108373042384153e-05,0.00010795060447182835
1992-05-12,0.0027567682634723127,-0.023300711379482433,1.7598735039245544e-05,-0.020561541851049366
1992-05-13,0.00037556006552912297,-0.011953290995376379,1.5526862463972e-05,-0.011593257792311228
1992-05-14,-0.003518347901840001,0.004508556044808704,3.48123486940727e-05,0.0009553957942746304
1992-05-15,0.0028481796028033725,-0.004849038520344703,1.546514745053262e-05,-0.0020163240649918633
1992-05-18,0.00284119288411531,-0.009208520758871692,1.4805638522709493e-05,-0.006382133513279092
1992-05-19,-0.006081155497385271,0.004069733821334417,2.4124370323033992e-05,-0.0020355460463738883
1992-05-20,-0.0032576540755052397,0.007754486435307821,1.8447429140513315e-05,0.0044783849306620676
1992-05-21,0.0018665928013516467,0.014740237200432903,2.6937392514168334e-05,0.01657989260927038
1992-05-22,0.0024131046811066864,-0.007733487486219753,1.894128705808517e-05,-0.005339324092171152
1992-05-26,0.014284432853841237,0.003311814463432256,3.450871519693891e-05,0.017561738602076556
1992-05-27,-0.003222391331381814,0.004929768411487409,1.5048914553440397e-05,0.0016923281655521548
1992-05-28,0.0011945578570806217,-0.009401935178375946,2.7268422950417755e-05,-0.008234645744245742
1992-05-29,0.00424975745657834,-0.01272056961312807,2.388912975953003e-05,-0.00849470128630926
1992-06-01,0.00030494960332462165,-0.003843787473558519,9.48067592553983e-06,-0.0035483185461594375
1992-06-02,0.0039552137592028915,0.0005037306856351435,1.5936203243183244e-05,0.004443008241594852
1992-06-03,0.0012687209014042278,0.00041513325564841426,1.0231348008838087e-05,0.0016736228090438038
1992-06-04,0.00047562414746220896,-0.0007763505140347212,6.65985056333613e-06,-0.0003073862171358484
1992-06-05,0.0009471587715924022,-0.004447030955269204,1.0682684617375401e-05,-0.003510554868294178
1992-06-08,0.0009525514505692838,-0.0007350233480642736,1.1018481066905829e-05,0.00020650962143810433
1992-06-09,-0.00046514043740039494,0.004401327961567466,1.3064148291185096e-05,0.0039231233758758866
1992-06-10,0.0014450873792660212,0.0038079801755583637,1.2228164419612012e-05,0.0052408393904047725
1992-06-11,0.002125086101155818,-0.006980241697939491,1.035813023612164e-05,-0.004865513727019794
1992-06-12,0.004087872720695412,0.00011435460514758417,1.2546032701668747e-05,0.004189681293141328
1992-06-15,-0.0016629500104081213,0.0032270208795965125,2.108241677527429e-05,0.001542988452413117
1992-06-16,0.0016716646013133693,-0.0012916123296707787,1.6370696717603492e-05,0.00036368157492498715
1992-06-17,-0.00018706343230472322,0.009329924931997196,1.779191112586604e-05,0.009125069588566608
1992-06-18,0.0027851653013801735,-0.003285924643710403,1.1948727467646072e-05,-0.0005127080697978757
1992-06-19,-0.002049355151873507,0.0009191429268438098,1.6783604359897036e-05,-0.0011469958293895942
1992-06-22,0.0021308341847260334,0.0003599770061092241,1.1769411995791885e-05,0.0024790417788394655
1992-06-23,0.0021822010771579635,-1.409813529993731e-05,9.576985253336198e-06,0.00215852595660469
1992-06-24,0.00343727332523966,-0.005914118477747697,1.2143152484856236e-05,-0.002488988304992893
1992-06-25,0.0028133615270168554,-0.011179143207648398,1.2755625942888022e-05,-0.00837853730657443
1992-06-26,-0.0015960045194586927,0.0015640925355989235,9.919372437359437e-06,-4.1831356297128614e-05
1992-06-29,0.0009090572980610729,-0.009072177041582793,1.598963688693256e-05,-0.008179109380408653
1992-06-30,-0.006395398837281526,0.0030055459222302415,7.572906541396283e-06,-0.003397425821592681
1992-07-01,0.004551637249171648,-0.005004864604041059,1.3036029178204854e-05,-0.0004662633840476161
1992-07-02,0.007214333951873949,-0.010542282760225896,1.1094296033443624e-05,-0.0033390431043853904
1992-07-06,-0.007072238600833584,0.0014681431717974863,1.5489400921600477e-05,-0.0056195848299576984
1992-07-07,0.00047730566706591414,-8.802494008243802e-05,2.410122650084896e-05,0.00036517950048262716
1992-07-08,7.803546451179682e-06,-8.528886744158274e-05,1.2894423657482399e-05,-9.037974464788546e-05
1992-07-09,-0.002313875402755914,0.006996243980833285,1.7642615345916723e-05,0.004664725962731455
1992-07-10,4.660040255632459e-06,-0.002574774322487945,1.140417468207772e-05,-0.00258151845691439
1992-07-13,0.0005342788831447302,-0.002869983840107705,2.7644542234611658e-05,-0.0023633494991975867
1992-07-14,0.0009281671189761247,-0.0015570958971947032,1.9301359794801002e-05,-0.0006482301380133796
1992-07-15,0.005987270296069667,-0.006104427111262138,1.6452551679420148e-05,-0.00013360936687189118
1992-07-16,-0.0012093901805866126,0.0010691287408730703,1.7034321370530658e-05,-0.00015729576108407297
1992-07-17,0.0024211327232983026,-0.005400840354384116,2.0213485021082004e-05,-0.002999921116106896
1992-07-20,-0.0011250531691359047,0.006327576790938224,1.3905561078169826e-05,0.0051886180607241495
1992-07-21,-0.002098638367433343,0.0005033159150400752,2.4472223826006712e-05,-0.0016197946762192747
1992-07-22,0.002972701715096444,0.006430447597709034,2.2319585420643424e-05,0.009380829727384835
1992-07-23,0.00029980061297285707,-0.005742989954182985,1.5295638528234215e-05,-0.005458484979738362
1992-07-24,-0.0021073718260186673,0.007862976997564119,2.3345973666750918e-05,0.005732259197878701
1992-07-27,0.001862436876666261,-0.00360164951069591,1.4785256668159997e-05,-0.0017539978906978093
1992-07-28,0.0024682005536923314,-0.012873370769403258,1.3542900094288118e-05,-0.010418713115805214
1992-07-29,-0.0030512887176323443,-0.00012288732882489333,1.1421409437990285e-05,-0.003185597455895228
1992-07-30,-0.00444722202353527,0.002571916545468591,1.6856152222550123e-05,-0.001892161630289229
1992-07-31,-0.0012293425474486563,-0.0022814855593998973,1.5989010170780033e-05,-0.0035268171170193337
1992-08-03,-0.006906107419740788,0.004618569584269954,1.7160011848866443e-05,-0.0023046978473197006
1992-08-04,-0.0028931911480133826,-0.0013199646872780464,1.2375758966339584e-05,-0.004225531594257769
1992-08-05,-0.006847730554635607,0.005826599181382462,2.557253245974875e-05,-0.001046703905712894
1992-08-06,0.0005975417053171624,0.0025754638659209704,1.4567838924497882e-05,0.0031584377323136347
1992-08-07,-0.00516752336116494,-0.0030617356946829725,1.5763352248465674e-05,-0.008245022408096377
1992-08-10,0.0014145571806738625,-0.00254352162921639,1.3094467105703343e-05,-0.0011420589156482307
1992-08-11,0.0017898319994024507,-0.0005958237806176481,1.0542939571318346e-05,0.0011834652792134842
1992-08-12,-0.004552993250094715,0.0034411937589143523,1.05487409681227e-05,-0.0011223482321484853
1992-08-13,0.004354296996550711,0.002434624084223842,2.1640352143402152e-05,0.006767280728631152
1992-08-14,-0.000625487346736472,-0.008101504664263782,2.4771657777889266e-05,-0.008751763668778143
1992-08-17,0.005984387868805925,-0.0011274303396495047,2.4562110820011536e-05,0.004832395418336409
1992-08-18,-0.004076851039502066,0.0009576635433143816,1.932613991214971e-05,-0.003138513636099834
1992-08-19,-0.0014907543468188635,0.004198676156073808,1.947357074632105e-05,0.002688448238508623
1992-08-20,0.002374168975800549,-0.004074600696219817,2.0833731477859056e-05,-0.0017212654518971272
1992-08-21,0.003894243884248044,-0.002188023167579904,1.995472340726794e-05,0.0016862659932608724
1992-08-24,0.011850537589313783,-0.005970270152672535,1.6376735845368295e-05,0.00586389070079588
1992-08-25,-0.0007880740343725284,0.0014472535046872329,1.860717868534343e-05,0.000640572291629361
1992-08-26,-0.004720021933576568,0.0015592168199093058,2.526299334577194e-05,-0.003186068107013034
1992-08-27,-0.005180047806213051,4.330741342609568e-06,9.488735260126486e-06,-0.005185205800130569
1992-08-28,-0.0024131419934602166,-0.008292441907267238,9.388799185109941e-06,-0.010714972699912565
1992-08-31,0.005054834418491385,-0.005869044266690536,9.150810376372542e-06,-0.0008233606585755238
1992-09-01,0.0038603415872127803,-0.009194758951047852,1.6978877407333887e-05,-0.005351396241242407
1992-09-02,-0.00032679554287082377,-0.005857850260969791,8.381936544411833e-06,-0.006193027740385026
1992-09-03,-0.0008087656141588531,0.004644758639554445,6.052369431275028e-06,0.0038299406559643167
1992-09-04,0.0045787641745305184,-0.008606437148021269,7.32348299135895e-06,-0.004034996456482109
1992-09-08,0.0067066679940616745,-0.00626396202534093,1.5534326089952276e-05,0.0004271716426307918
1992-09-09,-0.009291639674771993,0.0010793161200126351,1.5303562910093957e-05,-0.008227627117669452
1992-09-10,-0.004177868700553892,0.0007374971047432574,1.2306260824080714e-05,-0.0034526778566347153
1992-09-11,-0.00736007578852005,0.011402310824624954,1.3876015696982675e-05,0.0040283590204079215
1992-09-14,0.00021750919636295005,-0.005325967780913546,9.399625891592219e-06,-0.005117858210442187
1992-09-15,-0.0007799516829614423,0.0059790227216706595,1.6324658515258614e-05,0.005182746380193959
1992-09-16,-0.008125386688714846,-0.0025232368610310528,1.6106709621778525e-05,-0.010664730259367676
1992-09-17,-0.005561135961874713,-0.0015000411523105523,1.0977189455670907e-05,-0.007072154303640937
1992-09-18,-0.0034274455680968876,-0.0004868248745232565,1.4705083796475315e-05,-0.003928975526416619
1992-09-21,-0.005020781268452604,-0.0023558220144478123,8.692372972438091e-06,-0.007385295655872854
1992-09-22,-0.001385182083620604,-0.005749666142259373,9.528397185443044e-06,-0.0071443766230654205
1992-09-23,0.0007245325754472539,-0.005664256957211096,8.940074593684566e-06,-0.004948664456357527
1992-09-24,0.0011743190145837592,-0.0010575927252064873,2.99973104933976e-05,8.672897888387427e-05
1992-09-25,0.0013688292170217266,-0.0013116770363673415,6.408129944093571e-06,5.074405071029153e-05
1992-09-28,-0.0016057763682972574,-0.007831698797321821,6.5491855532296665e-06,-0.009444024351172307
1992-09-29,0.007837454338241297,-0.0006918495941567815,5.898710355585204e-06,0.00713970603372893
1992-09-30,-0.001230465711672089,0.0028596469514251617,5.061922752211345e-06,0.0016241193170008614
1992-10-01,-0.005584667841939813,-0.007009663411501325,8.881241049428134e-06,-0.012603212494490566
1992-10-02,-0.00206806783487779,0.0009688229444595125,6.861690601176518e-06,-0.0011061065810194538
1992-10-05,-0.0025720767118234873,0.004070816702490591,6.782510456935305e-06,0.0014919574802101689
1992-10-06,0.0008180248694507307,0.0031666533818041614,7.560527851209916e-06,0.003977117723403682
1992-10-07,0.0008710706901550317,0.011524519073954069,6.7848590604677165e-06,0.012388804905048633
1992-10-08,-0.005641390564252589,0.0028809908602273815,7.76086116597385e-06,-0.002768160565191181
1992-10-09,0.003031971235251561,0.0025462942482912037,1.3601050054468963e-05,0.005564664433488296
1992-10-12,-0.0012952901143429936,-0.007436329700680271,9.641893854600717e-06,-0.008741261708877865
1992-10-13,-0.00025274871428024846,0.0022175477512291477,1.0071916143011608e-05,0.0019547271208058877
1992-10-14,-0.000164265807292111,-0.0038013716769792327,1.1015794149231333e-05,-0.003976653278420575
1992-10-15,-0.004508687427960715,-0.003195169591703974,6.4009776027775805e-06,-0.007710257997267467
1992-10-16,-0.006778184151764181,0.00023760555217231948,6.051994212627798e-06,-0.006546630593804489
1992-10-19,-0.002207762235381606,0.00439199491030098,4.838133752238223e-06,0.002179394541167136
1992-10-20,0.0025996704488482837,0.01695259244349643,5.133113639585704e-06,0.019547129778705128
1992-10-21,-0.004332794871524888,0.0021733332848772225,7.4627226132542635e-06,-0.0021669243092609196
1992-10-22,0.0021831024526836043,-0.005972853195932852,1.864200747912441e-05,-0.0038083927507283717
1992-10-23,-0.0016882886695446797,0.00984042049109362,8.817869635028755e-06,0.008143313951913912
1992-10-26,-0.00810290731556165,2.604396433731021e-06,7.412956087951661e-06,-0.00810771587521587
1992-10-27,-0.0031034694516868305,-0.0022612758521002446,5.953987621470217e-06,-0.005370699291408545
1992-10-28,0.001116474407735827,0.003840839206510049,8.0264100669398e-06,0.004949287204178936
1992-10-29,0.002990536725581457,0.0006891733845502967,7.828920500896301e-06,0.003671881189630857
1992-10-30,-0.0023184464323985224,0.002730092804740135,7.474487935521748e-06,0.000404171884406091
1992-11-02,0.0008791399328942915,-0.0041557753283178525,9.764732357255147e-06,-0.0032864001277808164
1992-11-03,0.0004451341740574462,-0.002662023528963874,9.842262420411974e-06,-0.00222673161732684
1992-11-04,-0.005643648954519551,0.006803684690532307,1.2888833950011106e-05,0.0011471469020627443
1992-11-05,-0.003580897788839215,-0.004199161297642835,7.891922113428543e-06,-0.007787951008595478
1992-11-06,-9.663297094262614e-05,0.010131430910905376,8.034314555549917e-06,0.0100267636254072
1992-11-09,-0.005748650707279158,-0.0009827409457605566,8.495936523192718e-06,-0.006739887589562908
1992-11-10,-0.0020674380161674376,-0.004024979235775154,9.211778918662226e-06,-0.006101629030861254
1992-11-11,0.007614413392098347,-0.004177543527850431,1.0227523119804516e-05,0.003426642341128112
1992-11-12,0.003521257076647512,-0.0038897930278014997,1.1267666697553375e-05,-0.0003798036178515411
1992-11-13,0.008145574486836067,3.032109333236195e-05,7.750492619276766e-06,0.008168145087549154
1992-11-16,-0.008157524686799904,0.0016497336479417552,8.691110529337295e-06,-0.006516482149387486
1992-11-17,0.0034985521474176122,-0.0029192044226931564,9.872400808466682e-06,0.0005694753239159891
1992-11-18,0.0005404214266088638,-0.006663546202253348,7.230911413776371e-06,-0.006130355687058261
1992-11-19,0.0030318627866953362,-0.0035640835876903578,5.852350350939765e-06,-0.0005380731513459613
1992-11-20,-0.008608089045229918,0.0027743399006363374,7.068396900956382e-06,-0.0058408175414945375
1992-11-23,0.006425817416811452,0.0017353680871726464,1.1340976690437494e-05,0.008149844527293662
1992-11-24,0.00012351490589725884,-0.00706900708880407,1.10614800432404e-05,-0.0069565536629500515
1992-11-25,-0.0010923641435069548,-0.0007019095993830718,1.2762365026855785e-05,-0.0018070361079168826
1992-11-27,-0.0041795116948535205,0.007288615167883185,9.937148842094374e-06,0.00309916632418757
1992-11-30,2.1025281245687908e-05,0.003241126035982959,8.604056500806835e-06,0.00325354726072784
1992-12-01,0.003565899920975612,0.0015330200621137002,9.786889637683419e-06,0.005089133093451629
1992-12-02,0.0008684743605265646,0.0036876756554844597,1.2072851262671687e-05,0.004544077164748353
1992-12-03,0.0018590540529464052,-0.0008327154055187297,1.4783929626134502e-05,0.001011554717801541
1992-12-04,-0.0019070691228649107,-0.004703300699754956,9.74282574538106e-06,-0.006620112648365248
1992-12-07,0.006205716136879168,-0.013425550350446572,8.930926921144716e-06,-0.0072287651404885495
1992-12-08,-0.001109151180120427,-0.003432006211094093,1.3817621015429517e-05,-0.00455497501222995
1992-12-09,-0.004547441258609095,0.004234102131080358,1.6226874978262313e-05,-0.00032956600250699916
1992-12-10,0.002180810458380717,-0.0024045775084826472,1.0351086823020774e-05,-0.0002341181369249509
1992-12-11,0.0036246968314454183,0.0013908250109552077,1.1212430657434949e-05,0.005004309411743191
1992-12-14,-0.0002366893168149606,0.0032807475584864685,1.3502342184039325e-05,0.0030305558994874688
1992-12-15,-0.0009807074793058003,0.002943497600076398,1.1850572835617514e-05,0.0019509395479349802
1992-12-16,0.0033518930855772054,-0.0072520563858497235,1.194461462153385e-05,-0.003912107914894052
1992-12-17,-0.0012770256525353211,-0.00612578747675658,1.0910269738559336e-05,-0.00741372339903046
1992-12-18,-0.0029049940945812557,0.00015497593346622002,1.895050867565946e-05,-0.0027689686697906953
1992-12-21,-0.0021550398461777833,-0.004062995079143913,1.3459081103835732e-05,-0.006231494006425532
1992-12-22,-0.005073081057632404,0.0005750815599443926,8.67387488744024e-06,-0.0045066733725754515
1992-12-23,0.00034709385868916077,-0.0009223636485136464,1.3068788093514595e-05,-0.0005883385779180001
1992-12-24,0.0004970387841837598,-0.000259010754813854,8.417044695512517e-06,0.00022961098467439328
1992-12-28,-0.007228348314672746,0.013532326820546106,9.208122543006623e-06,0.0062947703833303534
1992-12-29,-0.0020657140133951623,-0.0013864147894380487,8.603584795033406e-06,-0.0034607323876282444
1992-12-30,0.0011928591763758524,-0.0028085568755259653,1.5772426509653994e-05,-0.001631470125659767
1992-12-31,8.25156300350944e-05,0.005035032568229748,6.6455078233911304e-06,0.005110902690441451
1993-01-04,-0.01022272452464705,-0.001024596975880349,1.093164558463219e-05,-0.011258253146112032
1993-01-05,0.01067774192183963,-0.005798443414927969,2.5897970722822975e-05,0.004853400536188838
1993-01-06,0.0007283761213531366,0.004577075663722653,3.547696217456397e-05,0.0052699748229012265
1993-01-07,-0.001875560345943359,0.011186757698696766,2.3932207687945103e-05,0.00928726514506546
1993-01-08,0.0010667434131510457,1.7824998120164045e-05,1.7491698330874137e-05,0.0010670767129403356
1993-01-11,0.000851699532134236,-0.0015126879415379197,2.8685477501571358e-05,-0.000689673886905255
1993-01-12,0.0021547821841866157,0.0018227422904835838,1.6639230838725502e-05,0.003960885243831474
1993-01-13,-0.0014722096916845806,-0.009828409358236562,1.4790134317904911e-05,-0.011315409184239046
1993-01-14,-0.00167221691471876,-0.005377375841590274,1.2294905866364411e-05,-0.007061887662175398
1993-01-15,0.0011853522458385732,-0.0013086403666923005,1.745762361521216e-05,-0.0001407457444689394
1993-01-18,0.004577966083325807,-0.0036780868616645094,1.170556252092245e-05,0.0008881736591403755
1993-01-19,0.00322312364489621,-0.00011789760717491413,1.0956687160766637e-05,0.003094269350560529
1993-01-20,-0.0009014149144817569,-0.0013089813413511833,1.1037616771007882e-05,-0.002221433872603948
1993-01-21,-0.001076194400703765,-0.0020633793355311642,1.0101983047254456e-05,-0.003149675719282184
1993-01-22,0.0005741474615248471,0.000964812349410764,1.3562821853179827e-05,0.0015253969890824312
1993-01-25,0.003799874952901023,-0.023034059402675028,1.2557407772859983e-05,-0.019246741857546865
1993-01-26,-6.582286052415486e-05,0.006390007812176935,1.0882127381554406e-05,0.006313302824271226
1993-01-27,-0.002529790898571504,0.002445741682801406,3.752493619766651e-05,-0.00012157415196776458
1993-01-28,-0.0002962882393279841,-0.002654862535740569,1.159320692962578e-05,-0.002962743981998179
1993-01-29,-0.002463574643225853,0.0019985431697872504,1.0175676641332842e-05,-0.00047520715007993525
1993-02-01,-0.0022532455840816607,-0.003538069695728801,1.5580913595463522e-05,-0.005806896193405925
1993-02-02,-0.004720755482754123,0.004744867017851209,1.3334591099807655e-05,1.077694399727818e-05
1993-02-03,-0.0024514524326865097,-0.00606270358305374,1.538352496324192e-05,-0.008529539540703492
1993-02-04,0.00037421343607603854,-0.001256181601873521,1.2189612293441197e-05,-0.0008941577780909236
1993-02-05,5.018239768245529e-05,0.002475403120118764,1.4154713740544203e-05,0.002511430804060675
1993-02-08,-0.0019741661312248663,-0.0027928463796950895,1.2328848772242304e-05,-0.004779341359692198
1993-02-09,0.001645497648089024,-0.015426272957651112,1.3989373150676195e-05,-0.013794764682712764
1993-02-10,0.003971070080975707,-0.0021886748825478745,1.0336508151647172e-05,0.0017720586902761856
1993-02-11,-0.0007064549819104273,-0.001583583920129254,4.385138002861032e-05,-0.0023338902820682914
1993-02-12,-0.0017632992787172514,0.0022890709967825383,3.062399050767231e-05,0.0004951477275576146
1993-02-16,0.006992200424544938,0.011386772826237967,1.875998798240257e-05,0.018360213262800504
1993-02-17,0.0028716783936848563,-0.006790418891926508,2.6026457216962266e-05,-0.003944766955458614
1993-02-18,0.005002058329228319,-0.001886215066395702,2.7060569792406795e-05,0.0030887826930402107
1993-02-19,-0.00021936498108413418,-0.0073786983591711,1.3886127462279345e-05,-0.007611949467717514
1993-02-22,0.0011177636529954194,-0.013236812299187117,2.3614291167764088e-05,-0.012142662937359461
1993-02-23,0.008140865471506656,7.845042258436126e-05,1.2658010639345331e-05,0.00820665788345167
1993-02-24,-0.004248177982756835,-0.0010193451450537538,1.899147892665507e-05,-0.005286514606737243
1993-02-25,-0.002391409355876448,0.0024557533120935764,2.0538680377922495e-05,4.380527583920611e-05
1993-02-26,0.0033882715699507593,0.0021054299494180162,1.4205442477878627e-05,0.005479496076890897
1993-03-01,0.012259515835513511,-0.0009420918931520294,1.0236655407176314e-05,0.011307187286954306
1993-03-02,0.0033558284359762923,-0.006989635261881124,1.3179214193145698e-05,-0.003646986040097977
1993-03-03,0.002045323018615719,-0.004531218576320924,2.1392633939144256e-05,-0.002507288191644349
1993-03-04,0.0014815313791854588,-0.008074505816924926,8.518392926382954e-06,-0.006601492830665851
1993-03-05,-0.006203226802178363,0.009989665934198897,9.403199033851071e-06,0.0037770359329866833
1993-03-08,0.0016026993014101169,-0.0014775247888105126,1.1072864292931154e-05,0.00011410164830667313
1993-03-09,-0.0026010627971372892,0.007349607069684431,1.0526302010352725e-05,0.004738017970536789
1993-03-10,-0.0006454519648120101,0.0051182716192765855,1.688231732143392e-05,0.004455937337143142
1993-03-11,-0.00234060023318025,0.00287157227688899,1.0484321989778266e-05,0.0005204877217189618
1993-03-12,-0.008373796508722465,0.007155054078121316,9.880415640841882e-06,-0.0012286228462419905
1993-03-15,0.0008805742379369718,-0.00013578976553958136,9.259886986980347e-06,0.0007355245854104101
1993-03-16,0.006657073614000628,-0.007158572528174297,2.1813101070372804e-05,-0.0005233120152440423
1993-03-17,0.005130257653066111,-0.0007097505492680409,1.2766147571326035e-05,0.004407740956226744
1993-03-18,0.009441442584034294,-0.010380472349503737,1.8194823784777462e-05,-0.0009572245892542198
1993-03-19,0.0007733168098300781,0.00048482109571699295,1.735008000234097e-05,0.0012407878255447302
1993-03-22,-0.002211099348545643,0.008287308317619493,1.707016297183418e-05,0.006059138806102016
1993-03-23,0.00392426397941852,-0.003882309428366847,1.0697163190828e-05,3.125738786084534e-05
1993-03-24,0.0009445192844160552,0.003165897589531008,1.1761337153606e-05,0.0040986555367934574
1993-03-25,-0.0021841948824688337,-0.0025177776582027667,1.007167123498595e-05,-0.004712044211906586
1993-03-26,-0.004343013110041626,-0.00041439055993859565,1.4995929007292933e-05,-0.004772399598987514
1993-03-29,0.0025510428514068585,-0.0017634871656617042,1.0474020533236456e-05,0.0007770816652119179
1993-03-30,0.007375702000741637,-0.0020791757254085552,1.4553592416290988e-05,0.005281972682916791
1993-03-31,0.0016263071034321858,-0.011728953638681185,1.2950030472696875e-05,-0.010115596565721696
1993-04-01,0.0032622989632959468,-0.005455471505444324,2.2909604385712088e-05,-0.00221608214653409
1993-04-02,-0.0017366633398973267,-0.00340724270990374,1.4915323687636412e-05,-0.005158821373488703
1993-04-05,-0.00010132505089383687,-0.000103196378175862,1.1153422968161045e-05,-0.00021567485203785993
1993-04-06,0.0010180465057046538,0.0064206173050174046,1.152535663681924e-05,0.00742713845408524
1993-04-07,0.004470389371986532,-0.0061966913879295095,8.511599086833707e-06,-0.0017348136150298113
1993-04-08,0.005349971823246599,-0.0012236025425897453,8.735450674547645e-06,0.004117633829982306
1993-04-12,0.006065474203784945,-0.012249347909712844,8.972709960730038e-06,-0.006192846415888629
1993-04-13,5.8719197488303236e-05,0.00142009344708909,1.1303696140131261e-05,0.001467508948437262
1993-04-14,-0.0024962992436469243,0.008017254485531205,1.0194158095118852e-05,0.0055107610837891625
1993-04-15,-0.0011119470444174641,-0.0017109503930677647,8.406424864734146e-06,-0.002831303862349963
1993-04-16,-0.005898551195428936,0.0029002644925253496,1.9840902745321435e-05,-0.003018127605648908
1993-04-19,0.005277061685175317,-0.0058640466640440675,1.0015253881890522e-05,-0.0005970002327506409
1993-04-20,0.001895708826653996,-0.005656484846830581,1.5186728746943616e-05,-0.003775962748923529
1993-04-21,-0.00423209713148435,0.004991439137061849,1.0408161801136026e-05,0.000748933843776363
1993-04-22,0.00031978610788761525,0.0027697331755871437,9.483882975530273e-06,0.003080035400499229
1993-04-23,0.0005632914631122643,0.0022306289152105294,1.8028451927416345e-05,0.0027758919263953775
1993-04-26,0.0015339061966168385,0.004509591482793731,1.583761153594888e-05,0.006027660067874621
1993-04-27,-0.008261640866886308,0.008596249714698447,2.3061409966559366e-05,0.000311547437845579
1993-04-28,-0.0012562979203559052,0.0018169973312732964,1.9058246011860337e-05,0.0005416411649055309
1993-04-29,0.004346367785782314,-0.010026482903080653,2.0507811945876722e-05,-0.005700622929244216
1993-04-30,-0.00016280580390631112,-0.0004919743640565907,1.1945926283195344e-05,-0.0006667260942460971
1993-05-03,0.006690779653676186,-0.0002532639878981913,1.4357443076912648e-05,0.006423158222701082
1993-05-04,4.067983173256483e-05,0.0029337243133410757,1.7248013446870904e-05,0.0029571561316267697
1993-05-05,0.0014262345178822629,-0.0021461121403725542,1.59080970855007e-05,-0.000735785719575792
1993-05-06,0.004441498685296419,-0.0040219405519778,1.3198649631565616e-05,0.0004063594836870531
1993-05-07,-0.002078873467494274,0.00463672289159857,1.2413311284953325e-05,0.002545436112819343
1993-05-10,-0.002738135671762228,0.009390212065990736,1.0020946692886764e-05,0.0066420554475356205
1993-05-11,0.0027509436173039363,-0.001593902562345016,1.141335558189252e-05,0.0011456276993770278
1993-05-12,-0.0007198590358365791,-0.00035705833558674887,2.5130320325969876e-05,-0.001102047691749298
1993-05-13,-0.009019547596793354,0.009280231303360866,1.0579109515706882e-05,0.00025010459705180536
1993-05-14,0.000912567163428929,-0.0033041379760985106,1.1348247281876708e-05,-0.0024029190599514586
1993-05-17,-0.004815587112540258,0.002775189440569491,2.2491895873654827e-05,-0.0020628895678444217
1993-05-18,-7.782893718008208e-05,-0.0015790797928150935,1.1339828066115959e-05,-0.0016682485580612914
1993-05-19,0.004541044856547296,-0.0038484086379371924,1.2157119005607993e-05,0.0006804790996044956
1993-05-20,0.0047185402305337226,-0.006915949712746302,1.1932553882766246e-05,-0.002209342036095346
1993-05-21,-0.004717257400492806,-0.0004653271155788777,1.787656411442446e-05,-0.005200461080186109
1993-05-24,0.0007257648243497442,0.005043079244869069,1.2457876148609868e-05,0.0057563861930702035
1993-05-25,-0.0015414940428500749,-0.00855430197009576,1.3229712282639346e-05,-0.010109025725228473
1993-05-26,0.006999662214961968,-0.004083729228616752,1.1050988271538187e-05,0.0029048819980736777
1993-05-27,-0.0023289363826981407,-0.009821954124784458,1.037301122644951e-05,-0.012161263518709048
1993-05-28,-0.003184379331038864,0.002777861110128407,9.042386058746697e-06,-0.000415560606969204
1993-06-01,-0.004418394147985762,0.0016532907164270344,1.0248511763345574e-05,-0.002775351943322073
1993-06-02,-0.0011371565339020726,0.005910735647400302,2.5674444685893802e-05,0.004747904668812336
1993-06-03,0.0011156528619205618,0.0022414131691932872,4.42378058237814e-05,0.0033128282252900677
1993-06-04,-0.005459759453898574,0.0040559846656198035,1.543681165365209e-05,-0.0014192115999324224
1993-06-07,0.0057749043726276015,0.0005642445285323911,1.9195859080526394e-05,0.006319953042079466
1993-06-08,-0.004097475274591702,-0.006117942857485837,1.9196818447361672e-05,-0.010234614950524901
1993-06-09,0.0018450000302595525,-0.0014283199889264693,1.4612254065481335e-05,0.0004020677872676019
1993-06-10,-0.0033160444836792717,0.0067263731146389874,1.0860279647440498e-05,0.0033994683513122754
1993-06-11,0.0004770712930038672,0.004485079291325671,1.162656440382565e-05,0.0049505240199257125
1993-06-14,-0.00040501026738564805,-0.0039051531015562397,1.4735170459254276e-05,-0.0043248985394011424
1993-06-15,-0.0022744085298388697,0.007661023143437022,1.1994239354297374e-05,0.005374620374243856
1993-06-16,0.002883799253880918,-0.0011829258789844805,9.377947350703476e-06,0.001691495427545734
1993-06-17,0.01235491053521778,0.004516969472142569,9.885337630132007e-06,0.016861994669730214
1993-06-18,0.0031313462234619704,0.014930016096390865,1.282389505152447e-05,0.01804853842480131
1993-06-21,0.008329961828205291,0.005627206190693785,2.511422649935027e-05,0.013932053792399725
1993-06-22,-4.716973636640666e-05,0.0017415558977304168,3.471578348838969e-05,0.0016596703778756206
1993-06-23,0.0023109073208732204,-0.010179182710979354,2.211760219416049e-05,-0.007890392992300294
1993-06-24,0.0015407532860265,-0.001883237374518487,1.6691857475375372e-05,-0.00035917594596736243
1993-06-25,-0.001658938293042961,-0.0068371663235270224,1.7837178477461016e-05,-0.008513941795047445
1993-06-28,0.002681286079568077,-0.0026115129624660737,1.4017496824829427e-05,5.575562027717398e-05
1993-06-29,0.004469383101847423,-0.005190343443429951,1.3002095283956057e-05,-0.0007339624368664836
1993-06-30,0.008404497218587758,0.0067879396349223645,1.2491988222016665e-05,0.015179944865288106
1993-07-01,0.015779183479620436,-0.001177600251639076,1.7271350912636013e-05,0.014584311877068724
1993-07-02,0.006572588817632232,0.013119152001160393,3.7328641290923324e-05,0.0196544121775017
1993-07-06,0.0055835611144684225,-0.009945632402769647,4.936986788599178e-05,-0.004411441156187216
1993-07-07,-0.0009617478975821477,-0.001368451648641386,4.5100406114290456e-05,-0.002375299952337824
1993-07-08,0.0017304522910715472,0.008283753561218292,2.8486034860513874e-05,0.009985719817429326
1993-07-09,0.0009346746913116176,0.002429884427115938,2.909790048349016e-05,0.003335461217944065
1993-07-12,0.0002739199539979057,-0.003963939151555325,3.0423403352078642e-05,-0.003720442600909498
1993-07-13,-0.00021025023221779267,-0.0003426471046731208,2.7688536001183386e-05,-0.0005805858728920969
1993-07-14,0.006838369559535597,0.009264772379682585,2.1305933918521395e-05,0.016081836005299662
1993-07-15,-0.0022803396346679824,-0.00240882625553208,2.349169926270785e-05,-0.0047126575894627706
1993-07-16,0.0005543576424764098,-0.002179519009473278,3.133795237166524e-05,-0.0016564993193685334
1993-07-19,0.0019917673244836632,-0.00714863185684984,2.0556777019168044e-05,-0.005177421309385345
1993-07-20,-0.003302743603168121,0.0036415983534679275,1.5511019424253805e-05,0.0003233437308755528
1993-07-21,-0.009581210055833567,0.0034834271315755815,1.5978231068204086e-05,-0.00611376115532619
1993-07-22,-0.00946667360267785,-0.007413597743028238,2.038117405148852e-05,-0.016900652519757576
1993-07-23,-0.0030795601710341806,0.002237933473625179,2.983961217852689e-05,-0.0008714663095875284
1993-07-26,0.0015363465745117217,0.002866353918403267,1.9444882680737332e-05,0.004383255610234252
1993-07-27,-0.003744749809911611,-0.0013604385191524875,9.85994871269907e-06,-0.005115048277776798
1993-07-28,0.004491453135704041,0.006350920990866082,9.59643818158294e-06,0.01083277768838854
1993-07-29,0.0074230286201542,0.0006953241269203169,9.48496298038243e-06,0.008108867784094134
1993-07-30,-0.0025250953282684907,-0.003542018376697798,9.50773826067852e-06,-0.006076621443226968
1993-08-02,0.0025498225872443185,-0.010290639245729392,2.676564382730373e-05,-0.007767582302312378
1993-08-03,0.000824322360772091,0.0007132470494958618,1.4701361273494682e-05,0.0015228680489944582
1993-08-04,-0.0024767520693904192,0.007182729722931863,1.304857942574858e-05,0.0046929290741156955
1993-08-05,0.0004050672125733749,0.019141253293209103,1.2250625152092119e-05,0.019534069880630386
1993-08-06,0.0019430815342436436,-9.527238768645356e-05,1.9638672693571227e-05,0.001828170473863619
1993-08-09,0.0023306636241421904,0.0042234077558140305,2.200016063007189e-05,0.006532071219326149
1993-08-10,-0.007632301994380417,-0.004194573289201447,1.548899617187954e-05,-0.011842364279753744
1993-08-11,0.0026677255962001822,-0.009970250988701388,9.472333517887548e-06,-0.007311997726019094
1993-08-12,-0.001920436721706093,0.009333682026288072,1.321470147576601e-05,0.007400030603106213
1993-08-13,0.0033804502077672462,-0.0027338375387556467,1.5148061697740315e-05,0.0006314646073138592
1993-08-16,0.010207189188721814,0.004162426804731591,1.7903745915819913e-05,0.014351712247537585
1993-08-17,-0.0016779948064504545,-0.0057083382934891855,1.9367731421677398e-05,-0.007405700831361318
1993-08-18,0.00670685766906362,0.005230756222687929,2.0725309188532825e-05,0.011916888582563016
1993-08-19,0.0011372733469119873,0.009371803420640654,1.4759931236777134e-05,0.010494316836315866
1993-08-20,0.0033666544309099897,-0.0059691958911736375,2.8245489694126034e-05,-0.002630786949957774
1993-08-23,-0.0024319701420542263,-0.007403370479672785,3.6998867202068775e-05,-0.00987233948892908
1993-08-24,0.003975687338908488,0.0011749963445096654,1.945732349762074e-05,0.005131226359920533
1993-08-25,0.00041124342725732993,0.0005536207661365171,2.0280853935257716e-05,0.0009445833394585893
1993-08-26,0.004244787514481461,0.006734321487709154,2.0766325480372733e-05,0.010958342676710243
1993-08-27,-0.0020470164857361484,-0.00953618595797348,1.6326295006191993e-05,-0.011599528738715819
1993-08-30,0.0025240142767023674,0.000404004745220394,1.777720192812532e-05,0.002910241819994636
1993-08-31,-0.0002645982235757787,0.009430570957342392,1.5251382760609486e-05,0.009150721351006004
1993-09-01,0.0006245983742120716,0.002375421386878625,1.2867203231576364e-05,0.0029871525578591203
1993-09-02,-0.003835926787764416,0.00532837289459594,1.2435396457117234e-05,0.001480010710374407
1993-09-03,0.01014447057245622,-0.0026521845569802143,9.016645254376599e-06,0.00748326937022163
1993-09-07,-0.003485522896623498,0.01830807249132646,1.1686500365855487e-05,0.014810863094337106
1993-09-08,-0.0022049586553451296,-0.0004680403731667131,2.3562691162298803e-05,-0.0026965617196741416
1993-09-09,-0.00502255729738884,0.00020363102858988015,1.7732979011228472e-05,-0.004836659247810188
1993-09-10,0.0008615118313415939,0.0020534265920246664,7.0316708656989864e-06,0.002907906752500561
1993-09-13,-0.004112826833852435,-0.00980144195170117,3.522278100361646e-05,-0.013949491566557221
1993-09-14,-0.003047157605149291,0.00765314321707417,1.3158157872453508e-05,0.004592827454052425
1993-09-15,0.0021609939762980354,-0.00397649459008529,1.206863944447188e-05,-0.0018275692532317266
1993-09-16,0.005786672276712529,0.0033453663297638827,1.6138109499379054e-05,0.009115900496977034
1993-09-17,-0.0014928153733648796,-0.008556000703346736,1.0003091581336402e-05,-0.01005881916829295
1993-09-20,-0.0005866951355206701,-0.0024204633019377117,8.3001255682067e-06,-0.0030154585630265884
1993-09-21,0.0009596388867913127,0.00721660025320418,1.1020037396529727e-05,0.008165219102598964
1993-09-22,-0.0031446065601966637,-0.005857674577431629,1.0367194295597316e-05,-0.00901264833192389
1993-09-23,0.0029711619295920534,-0.005453830800676072,1.0565976062593149e-05,-0.002493234847146612
1993-09-24,0.0006909410547744063,-0.00014267847396781102,1.0237136016134535e-05,0.0005380254447904608
1993-09-27,0.0038083467727141884,-0.0035254410859850696,8.619540293674108e-06,0.0002742861464354447
1993-09-28,0.002931374917759536,0.0020362721032041657,1.2922773718506093e-05,0.004954724247245195
1993-09-29,-0.004573823722518867,-0.00013417070813569686,1.7670352727520937e-05,-0.004725664783382085
1993-09-30,-0.0021784032894285547,-0.003131897674839639,9.344959460827717e-06,-0.005319645923729021
1993-10-01,0.0033716108373534523,-0.0005681381233442241,1.2008251456575716e-05,0.0027914644625526524
1993-10-04,-0.0005138724861310108,0.008187062269096698,7.835169672953381e-06,0.007665354613292734
1993-10-05,-0.00044474018975053164,0.001577919516541479,6.838717761236147e-06,0.0011263406090297112
1993-10-06,0.002323913755285534,-0.0037753411800186456,1.1761003352525024e-05,-0.0014631884280856364
1993-10-07,0.0021618664752582843,-0.0024820637431724377,1.1192789695985316e-05,-0.00033139005761013876
1993-10-08,0.0025685207815533207,-0.006412695799991312,8.022890613254475e-06,-0.003852197909051246
1993-10-11,-0.0004205402839739775,-0.005551215346082225,6.994635594179641e-06,-0.0059787502656503825
1993-10-12,0.004702685644154563,0.0009363460091851743,1.0476725735785542e-05,0.005628554927603952
1993-10-13,-0.0016632529612544014,-0.0035514079736327147,9.183403895033748e-06,-0.00522384433878215
1993-10-14,-0.00242844664120683,-0.006387835898032103,1.0445074142144087e-05,-0.008826727613381076
1993-10-15,0.001195899847287138,-0.0030480684481841163,9.82691686835159e-06,-0.0018619955177653297
1993-10-18,-0.002283598556195923,0.0019179924071282457,1.4268170571315911e-05,-0.00037987431963899327
1993-10-19,0.0012197601606758098,-0.0009578192550464984,8.652496669784684e-06,0.0002532884089595267
1993-10-20,0.002594845683912368,-0.0012384326494312382,1.702441122637042e-05,0.0013393886232547592
1993-10-21,-0.004551719832676795,0.007123325855015449,7.456896572433281e-06,0.0025641491257662207
1993-10-22,-0.0030944855036502354,0.012284097707209545,8.439678367228545e-06,0.009181172525192082
1993-10-25,-0.0028514569232130377,-0.0014595117435312458,1.554272870237733e-05,-0.0043265113954466606
1993-10-26,0.0018251035484590401,-0.00045787578664436255,1.0413410701492775e-05,0.001356814351113185
1993-10-27,-0.0014534188884703422,-0.0017447966762411068,8.14767949041316e-06,-0.003206363244201862
1993-10-28,0.00028188257830117833,0.001873918669402267,1.0993664687754701e-05,0.0021448075830156903
1993-10-29,-0.0008288059263852621,0.0019012996951831697,8.787165008947508e-06,0.00106370660378896
1993-11-01,-0.007438329343775405,-0.005807508892027746,9.761547655255477e-06,-0.013255599783458406
1993-11-02,0.0014911346816313211,0.0044343628469967495,9.927780483132945e-06,0.005915569748144937
1993-11-03,0.004472019594209679,0.004084843174833714,2.0198990017901872e-05,0.008536663779025492
1993-11-04,0.004026359316667354,0.004565197909451648,9.360695597710835e-06,0.00858219653052129
1993-11-05,0.0024941049704128694,0.0021024303939314853,2.0639585561128404e-05,0.004575895778783226
1993-11-08,-0.0012024803631990742,0.00303340722252916,1.110871361856004e-05,0.001819818145711526
1993-11-09,0.0006862318969703303,-0.00016708911166909805,7.334232561439571e-06,0.0005118085527397926
1993-11-10,0.010008774138467597,-0.016899442619355578,8.143686198929121e-06,-0.00689881216708691
1993-11-11,5.748369034544324e-06,0.00561102961815998,1.4340868094410905e-05,0.005602437119100113
1993-11-12,0.0012314646133344829,-0.004911241426962669,2.8542663016300735e-05,-0.003708319476644487
1993-11-15,-0.001776693633535172,0.002149768323924026,1.2284024799832536e-05,0.00036079066558902134
1993-11-16,0.0001665399069978368,-9.949642829043016e-05,1.4437250087758873e-05,5.260622861964777e-05
1993-11-17,0.0018776710545813451,0.0008497360166088279,1.4364121267360625e-05,0.0027130429499228124
1993-11-18,-0.003660950934457081,0.0036646254251652384,1.174053454455223e-05,-8.066043836395011e-06
1993-11-19,-0.004926425840649139,0.0028041591443022,1.107342448955866e-05,-0.0021333401208364976
1993-11-22,-0.0004228403478400624,0.0004935678975180003,7.99050251964084e-06,6.273704715829712e-05
1993-11-23,0.0004278246431816391,0.002067968054244666,1.015392503238891e-05,0.0024856387723939163
1993-11-24,0.0015480621985160554,-0.0009995268395753883,9.830031868464555e-06,0.0005387053270722025
1993-11-26,-0.0004726809629731841,-7.085636384494918e-05,9.59274737506379e-06,-0.000553130074193197
1993-11-29,-0.008979158298872312,0.01077313327003563,8.375934092746525e-06,0.001785599037070572
1993-11-30,-0.0009240451777073703,0.0026104697084031875,1.2212190560277577e-05,0.0016742123401355398
1993-12-01,0.005656500924602488,-0.0019940126409121696,2.213193196771626e-05,0.0036403563517226024
1993-12-02,-0.0007251329318848517,-0.0028095202337771723,1.200899660876127e-05,-0.0035466621622707853
1993-12-03,0.003622820949081848,-0.0021084462186209425,1.5746415953742385e-05,0.001498628314507163
1993-12-06,0.004450805938089304,-0.003974747242773587,1.5048795349554506e-05,0.00046100989996616254
1993-12-07,0.0027223204817373786,-0.0008462057071915504,1.2378312487606255e-05,0.001863736462058222
1993-12-08,6.620220905255826e-05,-0.0032846969082481036,1.4418399572192917e-05,-0.0032329130987677384
1993-12-09,-0.0002626797701449736,0.0013842104729500275,1.1013754140880094e-05,0.0011105169486641739
1993-12-10,-0.0028988632786719907,-0.002068792108694103,2.0203660799008532e-05,-0.004987859048165102
1993-12-13,0.0022191614200701565,0.005759313197960955,1.2308779601018996e-05,0.007966165838430093
1993-12-14,-0.0015550505250585102,0.0020277754524582656,1.1191586490481468e-05,0.00046153334090927393
1993-12-15,-0.0014128469786769268,0.0028567456092748766,1.1334947809490223e-05,0.0014325636827884596
1993-12-16,2.8760192111834107e-05,-0.003370171841379984,1.1242465072379752e-05,-0.0033526541143405293
1993-12-17,0.0016670839288144821,-0.005394994707604451,9.719216837358808e-06,-0.0037376299956273277
1993-12-20,0.0011275473591728243,-0.002129834100314744,8.016640170518583e-06,-0.0010103033813124384
1993-12-21,-0.004071208805059895,-0.001812436602545193,9.216708568993413e-06,-0.005892862116174082
1993-12-22,0.004470828311825049,-0.008130259420367767,1.2468310997159838e-05,-0.0036718994195398783
1993-12-23,0.00037127917691831764,-0.0009669896441969884,2.2904760872727314e-05,-0.000618615228151398
1993-12-27,-0.0010384646060518437,-0.0017771009447590796,2.2672907183326092e-05,-0.002838238457994249
1993-12-28,-0.00021776274498143684,-0.002576470249486899,2.3734677818736465e-05,-0.0028179676722870726
1993-12-29,0.0024340334853147592,0.010750261525189368,2.6305609578715585e-05,0.013157989400925411
1993-12-30,-0.0016422536181057849,0.003324824197632778,2.6832409992938267e-05,0.0016557381695340547
1993-12-31,-0.0004010428995181413,0.0019031447189540415,4.130475275808184e-05,0.0014607970666778184
1994-01-03,-0.0015551741844622054,-0.0012283278741080218,2.316415150784318e-05,-0.00280666621007807
1994-01-04,2.050112619041291e-05,-0.0037037199617575107,1.594473285468829e-05,-0.0036991635684217863
1994-01-05,-0.005068197787383285,-0.003854958770272029,1.8550582916346814e-05,-0.00894170714057166
1994-01-06,-8.925605495768555e-06,-0.0022915374474554674,2.3821684920313073e-05,-0.002324284737871549
1994-01-07,0.0010897807559125479,-0.007998103647480236,2.1849561496603194e-05,-0.006930172453064291
1994-01-10,-0.004428159852244422,0.007382342481027656,3.336511431516721e-05,0.002920817514468067
1994-01-11,0.002326206312095468,-0.0036988329485476345,2.500490843284439e-05,-0.0013976315448850111
1994-01-12,0.0019425916723823477,0.002358362707460709,3.0492553931835685e-05,0.004270461825911222
1994-01-13,0.011169755388922115,-0.0033705090491588114,2.368285587439285e-05,0.007775563483888911
1994-01-14,0.0026424458566599914,0.0010045812415796361,2.4607647778448398e-05,0.003622419450461179
1994-01-17,-0.00039232314109409407,0.0009228028782444475,2.2561450150580724e-05,0.0005079182869997727
1994-01-18,0.0007954626205868444,-0.00032435702929869276,1.590641711056403e-05,0.00045519917417758765
1994-01-19,-0.006952871855063781,0.0063049550258737885,1.4835101729279754e-05,-0.0006627519309192726
1994-01-20,-0.009044413150350115,-0.0009862591241876586,1.5004896279745348e-05,-0.01004567717081752
1994-01-21,-0.007748220505995946,-0.002004085854999562,1.7558721101259966e-05,-0.009769865082096768
1994-01-24,0.0010354663804804211,-0.0025259719426861853,1.3313096516716477e-05,-0.0015038186587224807
1994-01-25,0.0023525572941024914,0.0025850732992152353,1.6670764891674726e-05,0.004920959828426052
1994-01-26,0.007724646022106562,-0.0011505357816685826,1.2430552708709846e-05,0.00656167968772927
1994-01-27,-0.0037370068052809324,-0.004916580298504282,1.3694603433718412e-05,-0.008667281707218932
1994-01-28,-0.0068180958118532475,0.004991295495224675,1.8349583359768853e-05,-0.0018451498999883412
1994-01-31,0.011390850989678335,0.0023678019034001586,1.8511087937997094e-05,0.013740141805140495
1994-02-01,0.00616395392955808,0.009992137207416069,1.8993199897410534e-05,0.01613709793707674
1994-02-02,0.001184410916064181,-0.0027633936214718365,1.5370615060594686e-05,-0.0015943533204682502
1994-02-03,0.0001835475236590058,0.006446180600682205,8.925081650573427e-06,0.006620803042690637
1994-02-04,-0.004844519812667375,0.01818355392288167,1.1729670523372061e-05,0.013327304439690922
1994-02-07,-0.0053728576437038125,-0.0018288136821268785,1.4733366538827745e-05,-0.0072164046923695185
1994-02-08,0.00456243535789078,-0.0007346611508035165,3.490554289140511e-05,0.003792868664195858
1994-02-09,0.004031757223596168,-0.00996979340680896,1.422647772651217e-05,-0.005952262660939303
1994-02-10,-0.0017238427220921525,0.0012910508493662008,1.2304357303210584e-05,-0.0004450962300291623
1994-02-11,0.0024347872932299823,-0.00539775308988776,1.284567478764144e-05,-0.0029758114714454197
1994-02-14,0.021816989028543836,-0.0016711183627846735,1.7429221677125267e-05,0.02012844144408204
1994-02-15,-0.0028384096609262452,0.004715590249153032,2.9678447345566023e-05,0.0018475021408812208
1994-02-16,-0.0010277105564216724,-0.004397568065070754,3.9398509077658884e-05,-0.0054646771305700845
1994-02-17,-0.0033053997416636898,0.020400991951160262,1.913141842909256e-05,0.01707646079106748
1994-02-18,-0.003077651493989771,0.006430071318387964,1.7558209550712317e-05,0.0033348616148474813
1994-02-22,-0.0009349259219239355,-0.0035740823954132257,3.934156774573566e-05,-0.004548349885082897
1994-02-23,0.0013344685963010937,0.004852555430057125,2.3409746444023178e-05,0.0061636142799141955
1994-02-24,-0.0039742222261030385,0.0074788035837226804,1.9023134092357637e-05,0.003485558223527284
1994-02-25,0.0005544747405721794,0.0008178229373897034,2.3629624162699742e-05,0.0013486680537991831
1994-02-28,0.0011025704065969325,-0.0024591968757079787,1.6707919505210052e-05,-0.001373334388616256
1994-03-01,-0.004209339190516464,0.007689053478129067,1.282668829978622e-05,0.003466887599312817
1994-03-02,-0.0002753062138966231,-0.0002200961908604858,2.2412152442923114e-05,-0.0005178145572000321
1994-03-03,-0.005130849065729909,0.01135721347620296,2.7583255420194127e-05,0.006198781155052857
1994-03-04,0.0015546822005780506,0.006481792653769356,1.2377550576195993e-05,0.00802409730377121
1994-03-07,-0.001853923331247306,-0.003223910380994302,1.583043490239608e-05,-0.005093664147144004
1994-03-08,-0.001771008333891283,0.00871532244206178,1.9806872095372944e-05,0.006924507236075125
1994-03-09,0.003628117119083733,0.004469442277848772,2.236884066248582e-05,0.008075190556270019
1994-03-10,0.006482129880565745,0.0043163836975697815,1.77835564850147e-05,0.010780730021650512
1994-03-11,-0.00041422677705990016,-0.0028765975376995783,1.7436552140281287e-05,-0.00330826086689976
1994-03-14,0.0015294472608001046,-0.013500359792313888,2.282137573861911e-05,-0.011993733907252401
1994-03-15,0.0008004729464352247,0.0025924935279872667,1.4062643095412645e-05,0.003378903831327079
1994-03-16,0.003150742612615967,-0.004854976474892698,2.622872950245518e-05,-0.0017304625917791859
1994-03-17,-0.0036682764484408797,0.0007034125361818839,1.0721964903113045e-05,-0.0029755858771621088
1994-03-18,0.0021436322167464198,0.005771854291266927,1.2835452402551732e-05,0.007902651055610794
1994-03-21,-0.0008690705424280343,0.0044625689220826395,1.0146450860402698e-05,0.0035833519287942024
1994-03-22,0.001971874277837759,0.0012756389363919557,1.170106032184304e-05,0.0032358121539078715
1994-03-23,-0.00037278402915971644,-0.002064269353051708,9.749747467815115e-06,-0.0024468031296792396
1994-03-24,-0.0008638322061097762,-0.0008864790477844186,1.6459573512398663e-05,-0.0017667708274065935
1994-03-25,-0.0053788800765582935,0.005355481275150946,8.080790714518261e-06,-3.1479592121865856e-05
1994-03-28,-0.002916663553227723,-0.00824581650714393,1.790398619186642e-05,-0.01118038404656352
1994-03-29,-0.011591897571858741,0.00501977921879927,9.329015023925294e-06,-0.006581447368083397
1994-03-30,-0.004999845891210584,0.0008651398401354133,1.0268971861131963e-05,-0.0041449750229363026
1994-03-31,0.005900701914653438,0.008048512093839137,1.6343376223524752e-05,0.01393287063226905
1994-04-01,-0.002350198075444154,0.011316894705370036,7.040925620034283e-06,0.008959655704305848
1994-04-04,-0.006008889190666338,0.017381498380836996,1.9789412193609197e-05,0.011352819777977051
1994-04-05,0.004145437177853928,-0.0077406432059974875,2.791173533945757e-05,-0.003623117763483017
1994-04-06,0.0008768281501875291,-0.0036717913346220104,3.579837676487227e-05,-0.0028307615611993537
1994-04-07,0.0014046341419951451,0.006779819935207116,2.1509070389182574e-05,0.00816294500681308
1994-04-08,-0.001741005478608647,0.00435472145448427,1.36023874233779e-05,0.0026001135884522455
1994-04-11,-0.00297039886462843,-0.003552212829129162,1.1657401787327096e-05,-0.00653426909554492
1994-04-12,-0.0005478555061832317,-0.003318721306210212,1.0810682089548403e-05,-0.003877387494482992
1994-04-13,-0.0016282595665891974,0.0016714442767426089,1.4922432886881733e-05,2.826227726652975e-05
1994-04-14,-0.00020187329791517098,0.013040217253624961,7.706497849642144e-06,0.012830637457860148
1994-04-15,-0.0011497753144676462,-0.005601427028437103,1.0074535079142065e-05,-0.006761276877983891
1994-04-18,-0.002832669726352581,0.011805979055542403,1.2955255442101999e-05,0.008960354073747722
1994-04-19,-0.002454842437868675,0.0005689068454473428,7.260609764975544e-06,-0.0018931962021863076
1994-04-20,0.0033980967219395786,-0.006505380662760423,1.2353664940417974e-05,-0.003119637605761262
1994-04-21,0.0057706002983660895,-0.0055014691891559575,7.449237932799102e-06,0.0002616818712773329
1994-04-22,-0.003692593034795383,0.0035809247416651166,7.941597679525736e-06,-0.00011960989080979199
1994-04-25,0.006480432233491502,-0.007063809009350468,9.82555903718676e-06,-0.0005932023348961533
1994-04-26,0.0020092638949862065,-0.001672202730486816,6.353399849044611e-06,0.0003307077646503459
1994-04-28,0.00024984520635756114,-0.006832185058646176,4.8227705552606674e-06,-0.006587162622843875
1994-04-29,0.003428712135931781,-0.003665011757415202,1.006524276221299e-05,-0.0002463648642456338
1994-05-02,7.122263674629648e-05,0.003598832634224239,1.2229956639629713e-05,0.0036578253143309055
1994-05-03,-0.002839019798806337,0.010576056444385782,6.521879023125599e-06,0.007730514766556319
1994-05-04,-0.0007515191858094583,-0.0002693958711816528,6.2387190330435095e-06,-0.0010271537760241547
1994-05-05,-0.005555557753009919,0.011013128369851853,1.2435557774648103e-05,0.005445135059067285
1994-05-06,0.0032413347707412566,0.00415595610422787,9.497128988454628e-06,0.007387793745980672
1994-05-09,-0.006870188535452479,0.0067399981347956075,1.9703394102776086e-05,-0.000149893794759648
1994-05-10,0.002261976287529259,0.004945516181547399,2.642200540771436e-05,0.007181070463668944
1994-05-11,-0.0018820595362632339,-0.0009562486437429507,1.2105654491972314e-05,-0.002850413834498157
1994-05-12,0.0027086598437648284,-0.004273891134059436,1.8694819256745706e-05,-0.0015839261095513528
1994-05-13,0.001436550646492738,0.0023952873865251585,1.4621754676602167e-05,0.003817216278341294
1994-05-16,0.005180034928042097,-0.00960331367033291,1.2927608456944991e-05,-0.004436206350747757
1994-05-17,0.005679977057952906,-0.002058355780628321,9.940472679024957e-06,0.0036116808046455597
1994-05-18,0.009580816090449418,-0.007760500139319646,1.1800980190934446e-05,0.0018085149709388371
1994-05-19,0.0006992277877680071,0.002101360631663503,1.2081767960416428e-05,0.0027885066514710937
1994-05-20,0.002752057986031553,-0.0048902171265961854,1.1786010898900985e-05,-0.0021499451514635334
1994-05-23,0.005382647335222866,-0.0065602809774239455,7.93019678402221e-06,-0.0011855638389851018
1994-05-24,-0.005002394110735712,0.010216203920237556,2.0750362813971862e-05,0.005193059446687873
1994-05-25,-0.0012261439519133219,0.00036433036732095117,1.1937879385323957e-05,-0.0008737514639776947
1994-05-26,-0.0005347579972142827,0.0069338065537030025,8.25064661839101e-06,0.0063907979098703285
1994-05-27,0.0002051349106415251,-0.0017668160149790849,7.725877851945981e-06,-0.0015694069821895057
1994-05-31,0.0038238158201396835,-0.007367585131300215,1.0790176218385089e-05,-0.0035545594873789164
1994-06-01,0.0008213862698536751,-0.0015824875565962893,1.6008154412767823e-05,-0.000777109441155382
1994-06-02,0.00032753341582874727,0.00019476818449284678,1.701397932275964e-05,0.0005052876209988344
1994-06-03,-0.0001743802495824513,0.006727294694853494,1.3115628821024979e-05,0.006539798816450018
1994-06-06,-0.0010850335201097018,0.004049141579701186,9.701434370222463e-06,0.002954406625221262
1994-06-07,-0.0009031141029088984,-0.005865005367661837,8.098129738017007e-06,-0.0067762176003087525
1994-06-08,-9.616748875003686e-05,-0.005940007927602485,1.1272542820056323e-05,-0.006047447959172578
1994-06-09,0.0017988157771269666,-0.0013970508603227683,1.3710656790167358e-05,0.00038805426001403096
1994-06-10,0.00017471304267269714,-0.0022058978864474884,9.58400301166878e-06,-0.00204076884678646
1994-06-13,0.00262476382620914,-0.0075122038308748276,9.268106515790891e-06,-0.004896708111181479
1994-06-14,0.004643853636095444,-0.001065917726523374,7.468934273270219e-06,0.0035704669752988
1994-06-15,-0.0007612889250747871,-0.010037766455060413,1.1216945357153715e-05,-0.010810272325492353
1994-06-16,0.0001775500136335413,0.007159173371630698,9.645028701735848e-06,0.007327078356562503
1994-06-17,0.003982037822944454,-0.01172037291097719,9.88417267145929e-06,-0.007748219260704195
1994-06-20,-0.007187213130155896,0.007727499076068016,7.596801915406315e-06,0.0005326891439967138
1994-06-21,-0.002329490777549001,-0.010123966356134422,2.8616949459148705e-05,-0.012482074083142572
1994-06-22,-0.0026909390141678937,0.013166593007038298,1.9838535582902557e-05,0.010455815457287502
1994-06-23,-0.0014389854743990696,0.0005400814315881598,2.386652838178587e-05,-0.0009227705711926956
1994-06-24,-0.0055257837809567275,-0.004702178285187158,1.670420272206778e-05,-0.010244666268865953
1994-06-27,0.00040632834554662535,0.007189955293241672,8.483732381468913e-06,0.007587799906406828
1994-06-28,0.0028819479305118587,-0.008333070197459365,1.6908155977207222e-05,-0.005468030422924713
1994-06-29,-0.003016041117329433,0.00033153892743851025,2.2671353942975925e-05,-0.0027071735438338987
1994-06-30,-0.00431780457276974,-0.0020277090999830825,1.5188017919280217e-05,-0.006360701690672103
1994-07-01,-0.000737107162533408,0.0004989910987949291,1.5520275326498204e-05,-0.0002536363390649771
1994-07-05,-0.004234574631554298,0.004163654256305193,1.4215128389842545e-05,-8.513550363894727e-05
1994-07-06,-0.0008841337233958654,0.002265438020210692,1.3814095613783093e-05,0.0013674902012010433
1994-07-07,0.002645538108562784,0.0020363458430961772,1.410013691980089e-05,0.004667783814739161
1994-07-08,-0.0009705031786773801,-0.007417501912146162,1.359938994222591e-05,-0.008401604480765767
1994-07-11,-0.0013281698039403534,-0.013285233900278444,1.1665593435835888e-05,-0.014625069297654635
1994-07-12,-0.0005797970304716762,-0.001759474879219593,1.2518232673927649e-05,-0.002351790142365197
1994-07-13,0.0002738268890047009,0.007301227954189281,1.3224626782706644e-05,0.0075618302164112755
1994-07-14,0.004139782735923831,0.0012313804656102116,9.499372706369204e-06,0.005361663828827674
1994-07-15,0.0011650306491555404,-0.0027653487046601422,1.3148088647239326e-05,-0.001613466144151841
1994-07-18,0.000783394216383787,0.002816746963694449,1.0649693194494186e-05,0.003589491486883742
1994-07-19,-0.0019244683707257833,0.005604865626556816,8.01928544751885e-06,0.0036723779703835137
1994-07-20,-0.005202081132461631,0.00233580898558238,8.16969791738145e-06,-0.0028744418447966325
1994-07-21,-0.0007985726255587673,0.00790560320324424,7.966371446877181e-06,0.007099064206238595
1994-07-22,0.0007917899183076908,-0.0034347473101164227,6.043865714686863e-06,-0.0026490012575234186
1994-07-25,0.0019440195546359207,-0.0017598759892499087,1.5736255305544802e-05,0.0001684073100804672
1994-07-26,0.0020496467680055203,-0.0017907788596933899,8.590543884783172e-06,0.00025027736442734727
1994-07-27,-0.0025160371971378304,0.00013970271715313864,7.725826566446032e-06,-0.0023840603065511377
1994-07-28,0.000803148969719267,0.009429218322767677,6.397748385513099e-06,0.01022596954410143
1994-07-29,0.0044359321167015825,-0.008924895569567578,5.561951611414187e-06,-0.004494525404477409
1994-08-01,0.0004432161314872343,-0.005161965415698871,1.6795827276008532e-05,-0.004735545111487645
1994-08-02,-0.003364116991468421,0.01146930442311678,1.4210800436043862e-05,0.008090976631212315
1994-08-03,-0.0010721870351771104,-0.0011866861023074246,8.575192997427484e-06,-0.002267448330481962
1994-08-04,-0.003931457362862991,0.0027366742140445795,1.4278915107587818e-05,-0.001209062063925999
1994-08-05,-1.4435633153749624e-05,0.006657625433878182,7.483227900273605e-06,0.006635706572824159
1994-08-08,0.0017682813221784697,0.005887059029160429,8.559070788440441e-06,0.007646781280550459
1994-08-09,0.00033191924781092506,-0.0011748354295930837,1.2041591809440973e-05,-0.0008549577735915996
1994-08-10,0.002299883859700726,0.0016399216890960844,1.0032958064142084e-05,0.003929772590732668
1994-08-11,-0.001019857755542791,-0.005481506879950171,6.881179481861037e-06,-0.006508245814974822
1994-08-12,0.00043072597836943806,0.0035959114809916704,7.661802501500407e-06,0.0040189756568596085
1994-08-15,-0.0012808993229133162,-0.0007801101263970286,7.652363086596942e-06,-0.0020686618123969417
1994-08-16,0.004268454758598181,0.0007124504312408953,1.1854283731220476e-05,0.004969050906107856
1994-08-17,0.002916180912281341,-0.004262183719066289,1.2705530920620975e-05,-0.0013587083377055692
1994-08-18,0.0009470141244771513,-0.006988087505297646,1.054514937436901e-05,-0.006051618530194864
1994-08-19,0.0035653656999141015,0.0010632276888540358,7.24755926592864e-06,0.004621345829502209
1994-08-22,-0.003681599173499233,0.0010924848001688265,1.5776131757263458e-05,-0.00260489050508767
1994-08-23,0.0020152513302234736,-0.0018825590644352477,9.032767451642435e-06,0.00012365949833658343
1994-08-24,0.008568382094113057,-0.0018839286026420114,7.73970260322832e-06,0.006676713788867817
1994-08-25,-0.0022829344853920524,0.004005742271451925,1.1186673591972596e-05,0.0017116211124678998
1994-08-26,0.0026569985244008325,0.012455188872210067,1.1170512299763161e-05,0.015101016884311137
1994-08-29,-0.0003874169262292574,-0.008900249063547076,2.0371130282441362e-05,-0.009308037120058775
1994-08-30,0.0008812097362248709,-0.0008210706288317145,3.298025627600878e-05,2.7158851117147612e-05
1994-08-31,0.002873017320865034,0.0011006717716740117,1.7600863103653748e-05,0.003956088229435392
1994-09-01,0.0006855370005075386,-0.0035890648773103592,1.3022053782300609e-05,-0.0029165499305851216
1994-09-02,0.00025989721949719937,-0.001591292613742648,1.4332038093977968e-05,-0.0013457274323394268
1994-09-06,0.0057073558156142835,-0.003508818947807568,1.8020150958633445e-05,0.002180516716848082
1994-09-07,0.0009847477893618608,0.0020130071885886133,1.8172136283484445e-05,0.0029795828416669897
1994-09-08,-0.00374693651046635,0.00154632593883715,1.64112649557621e-05,-0.0022170218365849623
1994-09-09,-0.0028796183170876066,0.00575926728537509,1.4579709901476434e-05,0.002865069258386007
1994-09-12,0.004066204135308027,0.0002334261289823825,1.5632554406574484e-05,0.004283997709883835
1994-09-13,-0.003404092827358575,-0.0007275555574471251,2.5304036863963403e-05,-0.004156952421669664
1994-09-14,-0.005546025662052022,0.005615065674183094,1.1670556839855216e-05,5.736945529121635e-05
1994-09-15,-0.009735280969900258,0.0007094816216992786,1.0529382256756193e-05,-0.009036328730457736
1994-09-16,-0.0035719817824134397,0.0019596638415184204,9.492106375399757e-06,-0.0016218100472704191
1994-09-19,0.0001558329227267091,-0.006766303228848845,1.6351354496547924e-05,-0.006626821660618684
1994-09-20,-0.0007582085181520658,-0.005874375779227765,1.613031304874991e-05,-0.006648714610428581
1994-09-21,-0.0007328084308912222,0.0008593919348597837,1.2642765515392509e-05,0.00011394073845316903
1994-09-22,-0.0019212932586792917,-0.003959054306451211,1.593713377427755e-05,-0.00589628469890478
1994-09-23,0.0006514792106324671,-0.003148447292650464,1.0774270185892931e-05,-0.00250774235220389
1994-09-26,-0.00041389412560326124,0.010431002468257277,9.662650008947671e-06,0.010007445692645067
1994-09-27,-0.0018000588050174052,-0.006277979942608513,1.0615967770519009e-05,-0.008088654715396437
1994-09-28,-0.0030357365893689233,0.006288652567814388,1.5905836105650644e-05,0.003237010142339814
1994-09-29,-0.00309450982887965,-0.0027902396920875087,1.1642061388500165e-05,-0.0058963915823556584
1994-09-30,-0.0013432283217449871,-0.00011801814727847499,1.2017818973483722e-05,-0.0014732642879969457
1994-10-03,0.004313926453938745,0.0037576327567485435,8.763673378326329e-06,0.008062795537308964
1994-10-04,-0.0028699246530310475,0.0069665047396639205,1.0624927815880283e-05,0.004085955158816993
1994-10-05,-0.0007146129186279564,0.0028190442504175827,1.1014073416268795e-05,0.0020934172583733576
1994-10-06,-0.00510257204757808,6.56432671355075e-05,1.448594691605952e-05,-0.005051414727358632
1994-10-07,-0.0011205544286798045,0.003703829526545353,9.882258613745447e-06,0.002573392839251803
1994-10-10,0.0016281957803120591,-0.00017472068195420313,9.607572169933374e-06,0.0014438675261879226
1994-10-11,0.00327258633460147,0.005984533625299962,1.0950627557890475e-05,0.009246169332343542
1994-10-12,0.002344038293204298,0.002018769356662531,7.52770395379244e-06,0.004355279945913036
1994-10-13,-0.0007992971224260012,-1.611554201951784e-05,1.0664756343490427e-05,-0.0008260774207890095
1994-10-14,0.007469904039803528,-0.010294339371848206,8.436632637735996e-06,-0.0028328719646824145
1994-10-17,1.0427499775223729e-05,-0.008758736692397764,5.765986785947159e-06,-0.008754075179408488
1994-10-18,-0.0020964159141998845,0.0033121986386213586,1.4506533969383397e-05,0.0012012761904520908
1994-10-19,0.0009751596302281412,-0.0036596545982121335,8.391779115985925e-06,-0.0026928867470999785
1994-10-20,0.0060597525888662586,0.001966048077894015,1.1718923941396602e-05,0.008014081742818877
1994-10-21,-0.0027463131418217312,0.0012046647626854073,9.920791314923001e-06,-0.001551569170451247
1994-10-24,0.002226028469028732,0.002781868873205913,1.751418716206256e-05,0.0049903831550725825
1994-10-25,-0.003130445604193662,-0.0020222955899583004,1.0541417379357279e-05,-0.0051632826115313194
1994-10-26,7.842410120507471e-05,0.0007547870280529109,9.574691950140312e-06,0.0008236364373078453
1994-10-27,0.006011872528312487,0.0012214070340314934,1.236434133778059e-05,0.0072209152210062
1994-10-28,-0.0011581071021720113,0.0035979071608125595,1.2108939317093931e-05,0.002427691119323454
1994-10-31,-0.006004238879329624,0.0033588346174717567,1.4541571545650965e-05,-0.0026599458334035184
1994-11-01,-0.0016961398745572909,-0.0004284036363275984,1.7626721799580592e-05,-0.0021421702326844703
1994-11-02,0.0008784885129778112,0.006538984461281777,1.929797296516338e-05,0.007398175001294425
1994-11-03,-0.0018054916284431432,0.004142943491990431,1.404268191615335e-05,0.002323409181631134
1994-11-04,0.00020141807203186905,0.001797000511469906,3.306503582348151e-05,0.0019653535476782933
1994-11-07,0.003524096812098182,0.003946104737924703,3.019224146214904e-05,0.007440009308560736
1994-11-08,0.0036549645211892533,-0.008861150660477567,1.9005636342963537e-05,-0.005225191775631277
1994-11-09,0.0019216443668687534,0.003778948754559125,1.5328059068881998e-05,0.0056852650623589965
1994-11-10,-0.0007185154967657176,0.00024976289429029747,1.3722329693845702e-05,-0.00048247493216926587
1994-11-11,-0.01136434155868514,0.0030686099490580456,1.542829900715944e-05,-0.008311159908634253
1994-11-14,-0.0007733721072822836,0.000855969268263871,2.0132896927373027e-05,6.246426405421442e-05
1994-11-15,-0.001967414411531765,-0.004157926795322783,1.8133897701925413e-05,-0.006143475104556473
1994-11-16,-0.0042609619896412584,0.003722244614515864,1.6424902574687997e-05,-0.0005551422777000824
1994-11-17,0.0022746235343555875,0.0036901119769010885,1.4333860720833452e-05,0.005950401650535843
1994-11-18,-0.00048820087590077546,0.004366072904801006,1.214278441545046e-05,0.0038657292444847806
1994-11-21,-0.0033762365537015875,-0.0003114096165661585,1.7476832162842514e-05,-0.0037051230024305886
1994-11-22,-0.006025989453780092,-0.0047602716924618005,2.185018582560361e-05,-0.010808111332067495
1994-11-23,-0.003637650395449099,-0.016405036064419152,2.1926315098554033e-05,-0.020064612774966805
1994-11-25,0.004800595560212622,0.002067181030690246,2.6717451196863175e-05,0.0068410591397060055
1994-11-28,0.004184430755935978,0.007481383625061322,3.17494424480112e-05,0.011634064938549288
1994-11-29,-0.0048902894476255945,0.0091483254985625,1.5648398802045403e-05,0.004242387652134861
1994-11-30,-0.0019990107882663,-0.002069070334738007,1.0774590081022773e-05,-0.0040788557130853305
1994-12-01,-0.0077647912388921735,0.009476195297242574,9.452208474429142e-06,0.0017019518498759714
1994-12-02,0.008773226532502072,0.007675099298556822,1.2894812473345403e-05,0.01643543101858555
1994-12-05,0.0021608363285186743,0.001943800732586602,1.631924453401355e-05,0.004088317816571263
1994-12-06,-0.0035591376754808297,-0.012022022168574622,2.797230131675527e-05,-0.015609132145372207
1994-12-07,0.005680604283786729,0.005866298846427509,1.0006945710653586e-05,0.011536896184503584
1994-12-08,0.0015138375031596544,0.0029551078711410614,1.0354113421288674e-05,0.004458591260879427
1994-12-09,0.0025518854354996145,-0.004958157229684754,7.226581170780539e-06,-0.0024134983753559204
1994-12-12,0.002163371227863644,0.005441766363369395,1.1726688624040226e-05,0.007593410902609
1994-12-13,-0.004690940173257259,-0.0022276916776541077,9.396284879193375e-06,-0.0069280281357905595
1994-12-14,-0.006836068991899903,-0.00320076666026817,7.068161576800268e-06,-0.010043903813744873
1994-12-15,0.0033247169473467797,-0.0025847253102131984,9.598395928812825e-06,0.0007303932412047685
1994-12-16,0.006698273656476446,0.0014813080873696265,1.682815613650175e-05,0.008162753587709572
1994-12-19,-0.005978312131442001,-0.0014090576645975788,1.5769847656367933e-05,-0.007403139643695947
1994-12-20,0.0022411208889143285,-0.0019804049778641203,2.1103638556330772e-05,0.0002396122724938775
1994-12-21,0.003978802799688942,0.0013685088873978215,1.8960598934939206e-05,0.005328351088151824
1994-12-22,-0.0007584310511554914,0.004177193913696723,2.0207333952191877e-05,0.0033985555285890403
1994-12-23,0.004722459826320656,-0.000793474880380363,1.8522572296034584e-05,0.003910462373644259
1994-12-27,0.0012918086478023879,-0.009599969385461371,1.5247066761960167e-05,-0.008323407804420943
1994-12-28,-0.0021907057185625127,-0.0039970658368270245,1.9166341182728695e-05,-0.006206937896572266
1994-12-29,-0.005385224887501563,0.007708837181850638,2.682228028799244e-05,0.002296790014061083
1994-12-30,-0.0062151070104917005,0.0006869438757248088,2.9002486942865002e-05,-0.005557165621709756
1995-01-03,-0.003788738062145071,0.014051782694311453,1.1858629214940958e-05,0.01025118600295144
1995-01-04,0.0041892929720136075,0.00024286669783132268,2.2397894497820126e-05,0.00440976177534711
1995-01-05,0.003949381613673206,0.0033309637359989967,2.5770827418614058e-05,0.007254574522253589
1995-01-06,0.00035729995480879127,0.004818395216472913,2.386362032313971e-05,0.005151831550958564
1995-01-09,-0.001648277980320045,-0.003005644870830943,1.5639463355097293e-05,-0.004669562314506085
1995-01-10,0.0006059395864967239,-0.004140553707234859,1.6491698025546427e-05,-0.003551105818763682
1995-01-11,0.00030925455806694294,-0.005992749604751835,2.1113353038643166e-05,-0.005704608399723535
1995-01-12,0.0020651009446063786,-0.006247977916785853,1.3979955622445856e-05,-0.00419685692780192
1995-01-13,-0.0002119698456488377,-0.009517259543165443,1.3481241884142055e-05,-0.009742710630698424
1995-01-16,0.0017840654964874573,-0.00046899555649457106,1.408474434709537e-05,0.001300985195645791
1995-01-17,0.004665648250907185,6.702114935399088e-05,2.322492114776364e-05,0.004709444479113412
1995-01-18,-0.0038852234764661106,0.0016487640274619915,1.082696915154948e-05,-0.0022472864181556688
1995-01-19,-0.00709373607908047,-0.0020007093756640873,1.32146183933419e-05,-0.0091076600731379
1995-01-20,-0.0017666476118661852,0.0062463679698002966,1.0726395788798398e-05,0.004468993962145313
1995-01-23,0.0018658737992849929,0.0025749009510837592,1.0532778669045563e-05,0.0044302419716997065
1995-01-24,0.001151389965976786,0.0005761576283909615,1.133836100254308e-05,0.0017162092333652046
1995-01-25,0.0010302858449060892,-0.005200628897607817,1.0124195162058672e-05,-0.004180467247863786
1995-01-26,0.001886505378782988,-0.0046568106873147615,8.463022468780773e-06,-0.0027787683310005547
1995-01-27,-0.0026312731679521773,-0.00741708188823911,1.1624045463574682e-05,-0.01005997910165486
1995-01-30,-0.004468056942983822,-0.0031982754435019886,1.792281195500908e-05,-0.007684255198440819
1995-01-31,0.0015186717988776174,0.006934963693444485,3.0109284571243325e-05,0.008423526207750859
1995-02-01,-0.0003424364071420079,0.000496017369051577,1.4882860705243947e-05,0.0001386981012043252
1995-02-02,0.006564582224343719,0.0025414768869161993,1.261274010684815e-05,0.00909344637115307
1995-02-03,0.002129000741704465,-0.006385953498001449,9.749775248615376e-06,-0.004266702531545599
1995-02-06,0.007941665344912717,0.0026251760170719353,1.9301654267230563e-05,0.010547539707717423
1995-02-07,-0.002317689459046982,0.0018646435108505672,3.971909465087947e-05,-0.0004927650428472941
1995-02-08,0.0008977835494545742,-0.001539295689366579,2.1163284063314822e-05,-0.0006626754239753196
1995-02-09,0.00232076586769008,0.00206207772265165,1.5865839313730707e-05,0.0043669777510279995
1995-02-10,0.005271253341836134,0.0014353065518118182,1.1659388887237698e-05,0.006694900504760715
1995-02-13,-0.0030453447779422394,-0.0016359678310889699,1.0372466276375138e-05,-0.004691685075307584
1995-02-14,0.004436089538160881,-0.007056024637278105,1.235752276454472e-05,-0.0026322926218817684
1995-02-15,0.002292675157951482,-0.005221412270456482,1.1296179980020894e-05,-0.002940033292485021
1995-02-16,-0.0009102936028343015,-0.011683540848905986,9.915405367390306e-06,-0.012603749857107677
1995-02-17,-0.0003289066335778213,-0.0008240439127087525,1.1943214846914616e-05,-0.0011648937611334887
1995-02-21,0.0018643303489938939,-0.0005230216487961696,1.7809189907857135e-05,0.0013234995102898671
1995-02-22,0.0056602676711480894,-0.012270781016110784,1.1159304976359114e-05,-0.006621672649939054
1995-02-23,0.0025117848798505036,0.00016653985313086668,1.1674697420177694e-05,0.0026666500355611925
1995-02-24,-0.0031518741087289363,0.0034374802283250435,1.3248643347195659e-05,0.00027235747624891154
1995-02-27,-0.005402231022605574,-0.003892834350364612,9.42492629389264e-06,-0.009304490299264079
1995-02-28,-0.0012587034501463671,-0.004331384189843276,1.431646724598518e-05,-0.005604404107235629
1995-03-01,-0.00454907025539361,0.002276442359118761,1.2415335404754515e-05,-0.002285043231679603
1995-03-02,0.0006744129689358697,-0.008920680635053569,1.1663469192142488e-05,-0.008257931135309841
1995-03-03,-0.0032662852501691222,-0.004669885685824366,1.0417227293987961e-05,-0.007946588163287477
1995-03-06,0.014913348571759837,-0.0029436722114379184,2.827495956243791e-05,0.01194140140075948
1995-03-07,0.008002825176855213,-0.016662900724066045,1.5449308239828194e-05,-0.00867552485545066
1995-03-08,-0.005120814533269669,0.013763435250676515,3.226349992281284e-05,0.008610357217484033
1995-03-09,0.0003531790696494682,-0.010047397012903869,3.405763475323274e-05,-0.009728275578007633
1995-03-10,0.005188566964360767,0.004605284940560339,2.6796022359987213e-05,0.009767055882561118
1995-03-13,0.006050538223999713,-0.01091789192221361,1.89766735433133e-05,-0.0048863303717572104
1995-03-14,0.00413776521904413,-0.00867478363180088,3.6499178736758186e-05,-0.004573517591493509
1995-03-15,0.005949442768607091,-0.004528891951392545,2.115753249736875e-05,0.0013993932847171776
1995-03-16,-0.0012913210614001933,0.0019188427611555633,1.4932031464416496e-05,0.0006125896682909535
1995-03-17,0.0027995104469943333,0.002198612092355742,1.8074320249250448e-05,0.004980048219100825
1995-03-20,0.0012976082738566383,0.0032760489296286078,1.5527741478073326e-05,0.004558129462007173
1995-03-21,-0.005626628036527325,0.0034668776291130097,1.4923014613002451e-05,-0.002174673422027318
1995-03-22,0.00019505756627772317,0.0015649524495435412,1.7014432383476235e-05,0.0017429955834377879
1995-03-23,0.0013351204272825333,-0.0033487577671722155,1.5227906495688543e-05,-0.0020288652463853704
1995-03-24,0.0029818020033892546,-0.007665041344759522,1.3237339348690485e-05,-0.004696476680718958
1995-03-27,0.0018551213464685346,-0.0017823134814701537,1.3220145121158287e-05,5.9587719877222615e-05
1995-03-28,0.0030854574870755494,0.0062475933849503685,3.0197981880037992e-05,0.00930285289014588
1995-03-29,-0.0038280975293907373,-0.0029633556541476206,1.1077734097227189e-05,-0.006802530917635585
1995-03-30,-0.0005583285199027129,0.0062108557141815415,2.4377185394193833e-05,0.0056281500088846345
1995-03-31,0.005272935364250714,-0.015237602178528174,1.2389016291816704e-05,-0.009977055830569277
1995-04-03,0.005435839158838702,-0.00983253756643491,1.604342337267101e-05,-0.004412741830968879
1995-04-04,0.0020540884574911157,-0.0020152825322605054,2.2759979095943593e-05,1.604594613466668e-05
1995-04-05,0.005126073005725479,-0.0033639655790861705,1.2317421258090455e-05,0.0017497900053812182
1995-04-06,0.0015050542092922344,-0.006088411925153938,9.793106396076392e-06,-0.00459315082225778
1995-04-07,0.0013354445777627446,-0.003279384990377142,1.226361605024271e-05,-0.00195620402866464
1995-04-10,-0.0009775326887274123,0.003800422984413661,9.907435123007671e-06,0.0028129828605632412
1995-04-11,0.004584696376793602,-0.005575784141175056,9.171097214807587e-06,-0.0010002588615962624
1995-04-12,-0.006173679953528069,0.0007333738417123216,1.3137348903812898e-05,-0.005453443460719559
1995-04-13,-0.006587451414790521,-0.00579546386148151,1.1584410608334148e-05,-0.012394499686880365
1995-04-17,0.0016443794335517245,-0.006414713815179098,1.956300342745347e-05,-0.004789897385054827
1995-04-18,-0.0019253910729798288,-0.008415341050755585,2.1012257512773622e-05,-0.010361744381248188
1995-04-19,-0.0022814363813938553,0.003268832862244885,1.6018517474560145e-05,0.0009713779633764696
1995-04-20,0.0026755897608569607,0.0061093206868686675,1.0319380948668976e-05,0.008774591066776959
1995-04-21,0.0009856629265118915,-0.001552412135190107,8.935729449540473e-06,-0.0005756849381277558
1995-04-24,0.002606520635087606,-0.00011748775531490393,1.7435832150699946e-05,0.002471597047622002
1995-04-25,0.003850063088451653,-0.0035461405324184038,1.293764809843553e-05,0.00029098490793481375
1995-04-26,-0.0015235456367620988,0.010149723369551517,1.2344436488899426e-05,0.008613833296300518
1995-04-27,0.00019094183809546393,0.0026013146015872683,1.119297886501512e-05,0.0027810634608177167
1995-04-28,0.0011695976682640614,0.005312612428320802,1.477210248303165e-05,0.0064674379941018325
1995-05-01,0.007337046949441133,-0.001924064596032549,5.935938629777285e-06,0.005407046414778806
1995-05-02,0.001216106029312826,-0.005070531878724275,8.398733030404632e-06,-0.003862824582441854
1995-05-03,-0.0003229458102148174,-0.012945126735138656,1.5050145507538159e-05,-0.01328312269086101
1995-05-04,0.00022404058615626752,-0.012828863309647873,8.449979643841068e-06,-0.012613272703135446
1995-05-05,-0.008042579016618076,-0.01962173817497964,1.976884471047115e-05,-0.02768408603630819
1995-05-08,0.004411816018341428,-0.0008339589062121503,1.69256014262472e-05,0.0035609315107030305
1995-05-09,-0.0065991764249063055,-0.00424742553437002,3.547716013066059e-05,-0.010882079119406987
1995-05-10,0.0026280425571193677,0.006033042411967032,1.207137660319585e-05,0.008649013592483205
1995-05-11,-0.005045200284147256,0.008681075156512404,1.6948387098763533e-05,0.0036189264852663845
1995-05-12,0.0020197265101013478,0.0033960597018956383,8.855826901357909e-06,0.005406930385095629
1995-05-15,-0.00046707179716891497,-0.005804319380920041,1.2461177712276936e-05,-0.0062838523558012335
1995-05-16,0.0038328503861682992,-0.007690986896461551,1.356038141728151e-05,-0.0038716968917105335
1995-05-17,0.0006494860216529593,0.000941698999396354,1.570564641330464e-05,0.0015754793746360087
1995-05-18,-0.001081994881618511,0.0072039426896257416,1.1787809870746131e-05,0.0061101599981364845
1995-05-19,-0.0036517638828032356,-5.162691011108458e-05,1.0804788397517992e-05,-0.003714195581311838
1995-05-22,0.010440082326087513,0.0022470141116845525,2.274839815029008e-05,0.012664348039621775
1995-05-23,0.005933345797571696,-0.008651618021414766,1.1851381644314254e-05,-0.0027301236054873843
1995-05-24,-3.8456717837948126e-05,-0.015184730029672223,1.0886648839752584e-05,-0.015234073396349924
1995-05-25,0.0064155258691805,-0.01085970375021988,1.3998523252225718e-05,-0.004458176404291605
1995-05-26,-0.0009547993987901664,-0.006044250685725977,2.634350617551503e-05,-0.007025393590691659
1995-05-30,-0.008107957739589198,-0.005210436150028645,2.5542358667937134e-05,-0.01334393624828578
1995-05-31,0.0026573025316955446,0.002219980002684845,2.198041855550974e-05,0.004855302115824879
1995-06-01,0.004667898923006372,-0.011837315741108894,2.1904698696312425e-05,-0.007191321516798834
1995-06-02,-0.0005914014462444984,-0.013268487876524203,2.3490566177799333e-05,-0.013883379888946501
1995-06-05,0.0008411710535140737,-0.0005248374702588268,1.2656056484244948e-05,0.000303677526771002
1995-06-06,-0.0009972177045120918,0.002862483035080715,9.319907480977662e-06,0.0018559454230876456
1995-06-07,-0.0002078476743455817,0.012724493415812018,1.30630824859777e-05,0.01250358265898046
1995-06-08,0.0023979772980288186,0.004891635693231213,1.0180921900803356e-05,0.007279432069359228
1995-06-09,-0.0018829399938717715,0.018076234106838045,3.451019072313772e-05,0.016158783922243136
1995-06-12,-0.0028123976535865086,-0.003518129789721809,1.0796298272228717e-05,-0.006341323741580546
1995-06-13,0.003439753365607734,-0.020911484489560123,3.4305337940020386e-05,-0.01750603646189241
1995-06-14,0.007528507830238255,-0.00010435896070932417,9.356328989725212e-06,0.007414792540539205
1995-06-15,0.0016291847911274198,0.004228434301754249,3.571116031179402e-05,0.005821907932569875
1995-06-16,-0.002811102876982267,0.0027696237777944483,1.0246572606174705e-05,-5.1725671793993336e-05
1995-06-19,0.009074169246452058,-0.007435248646433893,1.4087906904024843e-05,0.0016248326931141408
1995-06-20,-0.001018691548660684,0.0024431054521330204,1.24346555934927e-05,0.0014119792478788438
1995-06-21,-0.001248330757999609,-0.0033397830659730224,1.3832691253321572e-05,-0.004601946515225952
1995-06-22,-0.0026214802689118934,-0.00700404511425744,9.553821295164183e-06,-0.009635079204464497
1995-06-23,0.0008123341078962623,0.003100307542721406,1.0872974083376233e-05,0.0039017686765342925
1995-06-26,-0.013401168980779171,0.007864089681768877,9.76858399117847e-06,-0.005546847883001473
1995-06-27,-0.002037575778279933,0.0034060942994168907,1.5710599534647812e-05,0.00135280792160231
1995-06-28,0.00031909531006513734,0.0013947614294217456,1.8964094346252138e-05,0.0016948926451406307
1995-06-29,-0.0013758131680703428,0.01254464539488193,1.4941486973699133e-05,0.011153890739837889
1995-06-30,-0.0030989622045645513,-0.005407118138606839,1.7205480479776295e-05,-0.008523285823651167
1995-07-03,0.004402216082174288,-0.000551500165368111,3.2928770169229024e-05,0.003817787146636948
1995-07-05,0.0013906774347117955,-0.0009379286313996582,1.3141771866656663e-05,0.0004396070314454806
1995-07-06,0.002900817423081875,-0.015027292020769707,1.5739914761236424e-05,-0.012142214512449068
1995-07-07,-0.002381571198938244,0.006249511821489189,1.2842773783798461e-05,0.0038550978487671464
1995-07-10,0.0014738991594202945,0.0009097142397753071,2.0504682185588745e-05,0.002363108717010013
1995-07-11,-8.082494404165427e-05,0.007146919714540177,1.233153776255191e-05,0.0070537632327359705
1995-07-12,0.0061610892726392755,-0.00210568450834303,1.0244304959662668e-05,0.0040451604593365826
1995-07-13,-0.0016945571642538585,-0.0004889797413164932,8.050325118081338e-06,-0.002191587230688433
1995-07-14,0.0022689840468950247,0.005851641399832018,1.2587524679921246e-05,0.008108037922047121
1995-07-17,0.00912485321535966,0.009587401225634536,9.791220997699692e-06,0.018702463219996496
1995-07-18,4.2005285314258156e-05,0.0030399533492857372,9.854856503842526e-06,0.003072103778096153
1995-07-19,-0.007348297089836232,0.01050850291721505,1.402758448066737e-05,0.0031461782428981503
1995-07-20,-0.005098477926952783,0.0006085197835795887,1.0713855211264816e-05,-0.004500671998584459
1995-07-21,0.00395835433585924,0.007416270141146381,1.8341928811376138e-05,0.011356282548194244
1995-07-24,0.0009166055311387534,-0.008345392318951463,1.0378027336735992e-05,-0.007439164815149445
1995-07-25,2.523902044278899e-05,0.00024572941905096773,1.103430276598544e-05,0.00025993413672777127
1995-07-26,0.005492187004412537,0.005209691893754068,9.653580145741228e-06,0.010692225318020864
1995-07-27,-0.005604673544323299,-0.0046922405528839915,1.0615713680312663e-05,-0.010307529810887605
1995-07-28,0.00021400282785777477,0.004161049468749341,1.1241412047556421e-05,0.00436381088455956
1995-07-31,-0.006014569425007553,-0.004241907863496755,9.917757979462033e-06,-0.01026639504648377
1995-08-01,0.0035620064817428795,0.004604694003158867,1.0943080170339187e-05,0.008155757404731408
1995-08-02,-0.00374654152876554,0.010130187689811485,1.0251312825111646e-05,0.006373394848220833
1995-08-03,0.0022288969981183876,0.0056588819210801776,1.0994362627967478e-05,0.007876784556570598
1995-08-04,-0.0023904937218649207,0.0003759649477489864,2.0103593564260765e-05,-0.002034632367680195
1995-08-07,-0.0020094192993580593,-0.0009913730385859743,9.717616694010632e-06,-0.003010509954638044
1995-08-08,0.004601644153866529,-0.0022693397021647087,1.4621771582920109e-05,0.0023176826801189
1995-08-09,-0.0006755256304594743,0.003805887994116016,1.2197647317215663e-05,0.003118164716339326
1995-08-10,-0.002510828118403686,0.007861000796109692,1.3546755255475072e-05,0.005336625922450531
1995-08-11,-0.0076047310899164545,0.013718263775138483,1.2424346945808612e-05,0.00610110833827622
1995-08-14,-0.003041199230392645,-0.0026331823759697805,1.026605139378269e-05,-0.005684647657756208
1995-08-15,-0.006774966338517414,0.010003943916449142,1.86491979493408e-05,0.003210328379982387
1995-08-16,-0.004092748799418386,-0.0003330274896534652,1.6980242879628597e-05,-0.004442756531951479
1995-08-17,0.003999140904540908,0.0016138828945978802,2.171094938193613e-05,0.005591312849756852
1995-08-18,0.00021355557384855606,-0.0009540102592262441,8.508778136044146e-06,-0.0007489634635137322
1995-08-21,0.005274900888754518,-0.006406247873740018,1.3057398116553816e-05,-0.0011444043831020541
1995-08-22,-0.002770574069827462,0.003224620735422481,1.53000107871941e-05,0.0004387466548078247
1995-08-23,0.0016293097213651933,0.0021601448230454583,1.2714279615607987e-05,0.0037767402647950433
1995-08-24,-0.001144868994114816,-0.012748835561974436,9.39465126646104e-06,-0.013903099207355711
1995-08-25,0.002011550674946562,-0.015884630083506546,1.0991348442331685e-05,-0.013884070757002317
1995-08-28,0.0009906452646920776,-0.0015022744979691744,1.9381988917736172e-05,-0.000531011222194833
1995-08-29,-0.002059026097854546,0.006335555642101637,2.2553595414442352e-05,0.004253975948832649
1995-08-30,0.0013359210359643128,-0.0018072026608444407,9.014099545932577e-06,-0.00048029572442606053
1995-08-31,0.005733830721603562,-0.009610106423182576,8.193360339778548e-06,-0.0038844690619187923
1995-09-01,0.0033529555385865915,-0.00633000691142673,8.866844406389035e-06,-0.002985918217246528
1995-09-05,0.006624873090111054,-0.006772751037954498,1.1149400168895909e-05,-0.00015902734801233966
1995-09-06,-0.003587596261902186,0.0007113533914171771,1.8356115248782165e-05,-0.002894598985733791
1995-09-07,0.0020769844012147242,0.0033236350676642897,1.6846549783773396e-05,0.005383772919095241
1995-09-08,0.0021199796001077865,0.003200938884944604,1.1471382112851364e-05,0.005309447102939539
1995-09-11,-0.00023899389171770158,0.00015311266028689732,2.6938068460902436e-05,-0.0001128192998917067
1995-09-12,0.008062831243759491,-0.009700863815494055,1.8965804609834298e-05,-0.001656998376344398
1995-09-13,-0.0018001413562391778,0.0045711139537695355,1.8911282829118187e-05,0.0027520613147012396
1995-09-14,0.005308206725993754,-0.015987463542502717,2.2421380118219982e-05,-0.010701678196627182
1995-09-15,0.00286172122810898,0.005666193697725543,1.495379237161738e-05,0.008512961133462905
1995-09-18,0.012866094390499763,0.006508218134982591,2.764028470203252e-05,0.01934667224078032
1995-09-19,-0.002604138107105869,-0.0047086277845822914,2.2714596605274904e-05,-0.007335480488293435
1995-09-20,-0.0046632632992664284,-0.00699067691251044,2.9963136243159588e-05,-0.011683903348020028
1995-09-21,-0.0033717594787758503,0.004530567353732624,2.0602179455533475e-05,0.0011382056955012401
1995-09-22,-0.007337817531569984,0.008407315321876961,2.2978673481590974e-05,0.001046519116825386
1995-09-25,0.0009663757136391185,0.0013931232036749307,3.817211606925303e-05,0.002321326801244796
1995-09-26,-0.00032020706404485176,0.0036884125921801134,1.5404637908876963e-05,0.0033528008902263848
1995-09-27,0.001363411724773356,-0.0009115870212573813,1.4727780733643662e-05,0.00043709692278233106
1995-09-28,0.002836272852081807,-0.002139042302115689,1.3104536041664356e-05,0.0006841260139244535
1995-09-29,-0.0005058184580268485,-0.011598447404416037,1.1018386005763979e-05,-0.01211528424844865
1995-10-02,-0.0034789881520561872,-0.00035952223069131623,1.2459674866857497e-05,-0.003850970057614361
1995-10-03,0.0005318437539318897,-0.0026161260795315635,2.3862049513343027e-05,-0.0021081443751130168
1995-10-04,-0.001968448929393669,-0.004990525213448427,1.0547973624427289e-05,-0.006969522116466524
1995-10-05,-0.005529102959767666,-0.005416609138091591,7.383308218239121e-06,-0.010953095406077496
1995-10-06,0.004173617626910167,0.0011130859474386256,8.339403934942402e-06,0.00527836417041385
1995-10-09,0.00402223743244582,-0.0004494729181767781,9.15081432371656e-06,0.003563613699945326
1995-10-10,0.0010945744196426256,0.0017073089540961014,5.47031595985845e-06,0.0027964130577788687
1995-10-11,0.00042673920235080097,0.0021010018695938886,9.860564078963747e-06,0.0025178805078657257
1995-10-12,-4.308709429452117e-05,-0.005171740665536681,4.637100078463127e-06,-0.005219464859909664
1995-10-13,0.0047789476461694924,-0.008205249295690527,4.518465639652155e-06,-0.0034308201151606868
1995-10-16,-0.0014698220846528435,6.919285945482392e-05,5.416269283025028e-06,-0.0014060454944810445
1995-10-17,0.0012502742820009406,-0.0015271923619767109,1.6255932881731976e-05,-0.0002931740128575023
1995-10-18,-0.0007589438859346622,0.0051270778705483945,6.813204023878198e-06,0.004361320780589854
1995-10-19,-0.004009608990252844,-0.003024461110999876,5.7740203756666285e-06,-0.007039844121628386
1995-10-20,-0.0008182667722187793,0.006067531673282439,9.446529885853078e-06,0.005239818371177807
1995-10-23,-0.00043742316880870073,0.0007404839122013894,1.6905949016395303e-05,0.00028615479437629337
1995-10-24,0.0006658584752367754,-0.006238328545814721,1.573417943639907e-05,-0.0055882042500143446
1995-10-25,-0.0009621201608277818,-0.0008787855689024904,5.325189219083155e-06,-0.0018462309189493553
1995-10-26,-0.0005790477633106572,0.0026311049790890403,1.2884648750490453e-05,0.002039172567027893
1995-10-27,-0.0011033579369998591,0.0014755205103069286,6.302431302485739e-06,0.00036586014200458373
1995-10-30,0.0005545246346102207,-0.0007204086251929743,1.1011647942682303e-05,-0.00017689563852543586
1995-10-31,0.0008930481619252398,-0.001868394626362829,5.710588570740362e-06,-0.0009810570530083295
1995-11-01,0.0008513867188084109,-0.003948331170352126,3.250796060782132e-06,-0.0031001952476044973
1995-11-02,0.0035775451025502167,-0.003940046545050822,4.737492322397607e-06,-0.0003672389348230031
1995-11-03,-0.003003044908041662,0.0012379484728922846,1.1947338370097913e-05,-0.0017770437735194755
1995-11-06,-0.0007007241588420201,0.0011477088022604249,7.709347697977906e-06,0.0004392752957204269
1995-11-07,0.004858480020127993,0.0023829800144962937,1.3155968602329621e-05,0.0072283040660219575
1995-11-08,0.0018053006810067487,-0.007691328559267007,1.4758194415259614e-05,-0.005900786072675517
1995-11-09,-2.690864388727696e-05,-0.0014813524389934401,4.174752997225714e-05,-0.0015500086128529744
1995-11-10,0.0038957599338883733,0.010229225347223068,1.643650414377587e-05,0.014108548776967666
1995-11-13,-0.0031470645894761786,0.0025952057890871634,1.821270286415469e-05,-0.0005700715032531698
1995-11-14,-0.004515454565136337,-0.0020583535027294147,3.0338667172149714e-05,-0.006604146735037901
1995-11-15,0.0012873382668266101,0.003125161619432159,1.6568502878841976e-05,0.004395931383379928
1995-11-16,0.0046509123081681664,-0.0042095501730126505,1.352727541780284e-05,0.00042783485973771313
1995-11-17,0.005273798216769907,-0.0004966032979390903,1.148872280294214e-05,0.004765706196027875
1995-11-20,-0.002484748802571081,-0.003446284740179648,1.3179235638791774e-05,-0.00594421277838952
1995-11-21,-0.0019050281738400465,0.0038292529388729533,1.1663680164792206e-05,0.0019125610848681146
1995-11-22,-0.002960439515333877,-0.001985638571203529,1.3316727195922225e-05,-0.004959394813733329
1995-11-24,0.0013269123281713117,-0.0001667124739837953,1.1652981584019608e-05,0.001148546872603497
1995-11-27,0.0069137429177717775,-0.001474827351049884,1.400616171470638e-05,0.005424909405007187
1995-11-28,0.000172321498605899,0.001662685811748957,1.0102612485030288e-05,0.0018249046978698258
1995-11-29,0.001069914683566873,-0.0025828676269422043,1.9689490456753356e-05,-0.0015326424338320847
1995-11-30,0.0016648214254256638,-0.006766620448581723,1.563844458582538e-05,-0.005117437467741885
1995-12-01,0.003058306342971192,-0.006552159547551471,1.0876984204468689e-05,-0.003504730188784748
1995-12-04,0.005552083284952804,-0.008743768728014622,1.9354098789250626e-05,-0.0032110395418510685
1995-12-05,0.0032153973237369887,0.0002696849055916421,8.005974393752412e-06,0.0034770762549348783
1995-12-06,0.001239617128471395,0.0018163534405435263,1.1577991975701831e-05,0.0030443925770392193
1995-12-07,-0.0007809215135984969,0.008871872975615282,9.714745820808136e-06,0.008081236716195976
1995-12-08,0.004152483654017596,0.0005648553963548033,1.1710132902659672e-05,0.00470562891746974
1995-12-11,-0.00012643296117314774,-0.004881086275369539,1.4495097474929081e-05,-0.0050220143340176165
1995-12-12,-0.00044730407640508846,0.0033667607320748104,1.9562807485474973e-05,0.002899893848184247
1995-12-13,0.001816561774000764,-0.0010054226521048594,1.7249370935514476e-05,0.0007938897509603901
1995-12-14,0.00018132807132208872,-0.0035947025495199087,1.51960339317181e-05,-0.003428570512129538
1995-12-15,-2.1079261531275226e-05,0.004175320108899192,1.7605841455937966e-05,0.004136635005911979
1995-12-18,-0.0032749427375714075,0.0047070715018117035,1.8295787039830877e-05,0.0014138329772004651
1995-12-19,0.006044384588017667,-0.009334331353288068,1.141502136971692e-05,-0.003301361786640118
1995-12-20,-0.00497405866520666,0.003284432543464569,3.942162832414043e-05,-0.0017290477500662314
1995-12-21,-0.0008481424013063864,0.0013183810745955751,3.4826467905083286e-05,0.00043541220538410543
1995-12-22,0.005702339055108417,-0.0055244916175362715,1.5044048028190745e-05,0.0001628033895439545
1995-12-26,0.004448652221580508,-0.007956456962317851,1.55065916862511e-05,-0.0035233113324235938
1995-12-27,-0.0008958683538303173,0.0021207033266036077,1.6947328892023667e-05,0.0012078876438812668
1995-12-28,-0.0010424844921796883,0.0018449265369397197,2.0488746431833156e-05,0.0007819532983281982
1995-12-29,0.0035295288365949163,-0.004325894275960625,1.601595732758516e-05,-0.0008123813966932941
1996-01-02,0.008644650101283676,-0.0013874735246312895,1.5653460881407674e-05,0.0072415231157709785
1996-01-03,0.005733316599264706,-0.0008487523523885957,1.1204091297563913e-05,0.004873360155578547
1996-01-04,-0.006862219189505864,0.005769054350795078,2.2146056190093263e-05,-0.0011153108949008795
1996-01-05,0.0016542878799743288,0.0012759758885164338,2.1242572535214765e-05,0.0029090211959555477
1996-01-08,-0.0008314405327263233,0.00546651410884231,1.8158747387814877e-05,0.004616914828728172
1996-01-09,-0.008712321331624256,-0.002714486220621388,1.3189467868184894e-05,-0.01143999702011383
1996-01-10,-0.008153857913558993,0.008684698205586478,1.854341708228603e-05,0.000512296874945199
1996-01-11,-0.010070095712323687,0.0035946109271865314,2.070995939711392e-05,-0.00649619474453427
1996-01-12,-0.0029687655485725615,-0.0022952284182510504,2.6826222296422037e-05,-0.005290820189120035
1996-01-15,0.00010721559246718295,-0.0013130101570419423,3.088654293696298e-05,-0.0012366811075117223
1996-01-16,0.0005016414817220513,0.00425616826798604,1.543428527639313e-05,0.004742375464431698
1996-01-17,0.006821111129834563,-0.0008269091804100816,1.4137473855446537e-05,0.005980064475569035
1996-01-18,0.0020895944403929575,-0.0014839003465907307,1.828074906686723e-05,0.0005874133447353596
1996-01-19,0.002751204314250297,0.0004035907193711669,1.9336536961415116e-05,0.003135458496660049
1996-01-22,-0.0014778120017895431,0.006100205695810865,1.0519086247222592e-05,0.0046118746077740995
1996-01-23,0.000900118569042169,9.939112832028875e-05,7.239955111798089e-06,0.0009922697422506596
1996-01-24,0.005127980089122579,0.004830165699521219,1.5557577708485732e-05,0.009942588210935311
1996-01-25,-0.00611975072791809,0.006442993668512923,7.084620507045057e-06,0.00031615832008778834
1996-01-26,0.005317256987053775,-0.0026584159604382106,1.3527691486344298e-05,0.0026453133351292198
1996-01-29,0.0019329989863778123,0.0004886388188823764,1.4556748999467694e-05,0.002407081056260721
1996-01-30,0.005971799289108072,-0.004597255767909684,8.60454907163344e-06,0.0013659389721267547
1996-01-31,0.0034468518532089687,-0.008293388048563454,9.665204759985685e-06,-0.004856201400114471
1996-02-01,0.0007539685961035938,-0.0066697517482817185,1.4889038504313996e-05,-0.005930672190682439
1996-02-02,-0.0002578676156557608,-0.005905909163390974,1.4184778781205954e-05,-0.006177961557827941
1996-02-05,-0.0009708226373509297,-0.007272137032693691,1.75548683489316e-05,-0.008260514538393554
1996-02-06,0.006995336277845237,-0.0026745395295185294,1.1149614698839397e-05,0.004309647133627868
1996-02-07,0.001216394923052545,0.005255029517735276,3.284696853724279e-05,0.006438577472250578
1996-02-08,0.00198350867176945,0.004141455100216152,8.3442547787495e-06,0.006116619517206852
1996-02-09,0.0016448034590327057,0.0026414246619431416,9.075223723897547e-06,0.004277152897251949
1996-02-12,0.006404124159615299,-0.003089761074436643,8.876040583578183e-06,0.003305487044595078
1996-02-13,0.007181059489608169,-0.0036473519169784867,7.1452930116352385e-06,0.003526562279618047
1996-02-14,-0.005018349387501376,-0.006325141931918244,1.1025563574163537e-05,-0.011354516882993784
1996-02-15,-0.006360174307440366,0.002971591981399786,1.536496583274757e-05,-0.0034039472918733276
1996-02-16,-0.002215891673467993,-0.0034054188826334003,7.303132997792022e-06,-0.005628613689099185
1996-02-20,-6.947711510749523e-05,0.019698737836785975,1.4289113339406655e-05,0.019614971608339072
1996-02-21,0.0032248780240560805,-0.00730737458776882,3.62691319148286e-05,-0.004118765695627568
1996-02-22,0.005068743386197438,-0.0020836843644876602,7.212129922694676e-05,0.0029129377224828314
1996-02-23,-0.0034863731248655815,-0.00028712866588927384,2.5295063664340446e-05,-0.0037987968544191957
1996-02-26,-0.004540685770181322,-0.003920095171509933,2.693186412851375e-05,-0.00848771280581977
1996-02-27,-0.0026684298594824483,0.0017939528593325326,2.3496139412022488e-05,-0.0008979731395619382
1996-02-28,-0.004931943120827217,0.006578087402241993,2.2772985518334805e-05,0.0016233712958964408
1996-02-29,-0.0035045381633739443,0.0065906403776820974,1.9291838202470257e-05,0.0030668103761056827
1996-03-01,0.008339564103877768,0.005164053955550464,1.6368006728548792e-05,0.013487250052699682
1996-03-04,0.004116055958320768,-0.0001542570039257279,1.4815457520785814e-05,0.003946983496874254
1996-03-05,-2.666266220261262e-05,0.002813773695561534,1.9208571274141548e-05,0.00276790246208478
1996-03-06,-0.00579158341051805,-0.0007361188140191634,1.2824808868750067e-05,-0.006540527033405965
1996-03-07,0.002190522280979176,-0.002844673678393314,1.1714785554330596e-05,-0.0006658661829684686
1996-03-08,-0.02637779582344838,0.014445494583358354,1.0138939289275364e-05,-0.011942440179379302
1996-03-11,0.008052866669213128,-0.0067112938182833145,1.9258482219086244e-05,0.0013223143687107275
1996-03-12,-0.0035349618205832004,-0.0008713558052386244,5.505275843957788e-05,-0.004461370384261402
1996-03-13,-0.0003162810540293898,-0.0008187931439162845,1.3457212863430497e-05,-0.001148531410809105
1996-03-14,0.0016828613037523333,0.0003876280135236849,1.3336567528072896e-05,0.002057152749747945
1996-03-15,-0.0059549388774151266,0.0029191452712936843,1.3799030609972293e-05,-0.0030495926367314144
1996-03-18,0.005699686463986477,-0.0026868407701844304,1.1574840054715576e-05,0.0030012708537473305
1996-03-19,-0.0006853685359576616,0.005084093225294649,1.951236771126298e-05,0.004379212321625725
1996-03-20,0.0039943293282679,-0.005307650416213054,1.866289082565367e-05,-0.0013319839787708076
1996-03-21,0.0007909424104492575,0.0031317486606793625,1.743454159969135e-05,0.0039052565295289287
1996-03-22,-0.0010204170612919292,0.00020495911477117303,2.1890672558635488e-05,-0.0008373486190793917
1996-03-25,0.004123405734368356,-0.0006309304558523264,1.4007262758837634e-05,0.003478468015757192
1996-03-26,0.0011621801962456504,-0.00020844747316074388,1.3676567905549876e-05,0.0009400561551793567
1996-03-27,-0.008805525844878849,0.0032606801306830934,3.127603449997932e-05,-0.0055761217486957355
1996-03-28,-0.0026706703807876423,-0.0023708222606370873,1.0677631505308668e-05,-0.005052170272930038
1996-03-29,0.004331474980783017,0.001627116028579829,1.0323601522096773e-05,0.00594826740784075
1996-04-01,0.0036122297854444653,-0.0022388717496649585,1.0402527170226705e-05,0.00136295550860928
1996-04-02,0.0032937532167261413,0.003132562605619409,1.8747783057726404e-05,0.006407568039287824
1996-04-03,-0.00022861426549891894,-0.007558640945509866,1.0473965213434111e-05,-0.007797729176222219
1996-04-04,-0.0024136659967941235,-0.003934562894547753,9.531298069441749e-06,-0.006357760189411318
1996-04-05,-0.014255657704070165,0.0034906485844860046,1.4023212959092322e-05,-0.010779032332543253
1996-04-08,-0.006259476532176998,-0.001105011573727215,9.8492881833436e-06,-0.007374337394087557
1996-04-09,0.0023290744325524517,0.008744251272517701,2.0383090623790737e-05,0.011052942614446363
1996-04-10,-0.006376720586451743,-0.00554250524284605,1.5693477567643682e-05,-0.011934919306865436
1996-04-11,-0.003057725870988813,-0.0017526521841012652,1.8376666308877134e-05,-0.0048287547213989555
1996-04-12,0.012500594763702612,0.0018425678108791857,1.3784987121564192e-05,0.014329377587460234
1996-04-15,0.0034005289803993076,0.005400850643946579,1.3057726454943773e-05,0.008788321897890942
1996-04-16,-0.0003085447910579021,0.008096562987818814,2.0589590101489187e-05,0.007767428606659423
1996-04-17,-0.0030184241842088786,-0.0022132635238208886,7.8826674309031e-06,-0.00523957037546067
1996-04-18,-0.0018678677891639335,-0.022603895126907123,1.2872827645626231e-05,-0.024484635743716683
1996-04-19,0.0033905804183004947,0.005566936506392122,1.0038988365158637e-05,0.008947477936327457
1996-04-22,0.004607834784046312,-0.009482540677895262,3.462592873293026e-05,-0.00490933182258188
1996-04-23,0.0003310603067959078,-0.0061279384985508676,6.099003772349029e-06,-0.005802977195527309
1996-04-24,-0.0039564437296873405,0.0011783061486161893,7.479846282747502e-06,-0.0027856174273538986
1996-04-25,0.0025007404104070894,0.00044120117663355566,8.605833471472798e-06,0.0029333357535691724
1996-04-26,0.0014482851417651234,-0.005767741331620495,7.580026869040569e-06,-0.004327036216724412
1996-04-29,-0.0034490861946247253,0.005852587012800162,1.0354576440775182e-05,0.002393146241734662
1996-04-30,-0.0038097531111409523,0.007275515909987609,1.4084363958984911e-05,0.003451678434887672
1996-05-01,0.0014298757809993944,0.002826559389888505,1.4835288323327876e-05,0.004241599882564571
1996-05-02,-0.016743481298983114,-0.0047780798636020945,9.079302852769995e-06,-0.021530640465437977
1996-05-03,-0.00436999774300296,-0.0009311662794675354,1.8685237389881557e-05,-0.005319849259860377
1996-05-06,0.0024440999998092275,-0.0010594384257668881,2.2543150298077295e-05,0.0013621184237442622
1996-05-07,-0.0030287637620823754,-0.0033014931686292342,1.0684931773337393e-05,-0.006340941862484947
1996-05-08,0.008128947492199282,-0.006180294157321256,9.475308055253115e-06,0.0019391780268227731
1996-05-09,-0.0015954147836695985,-0.0003155117987677258,1.269461888724648e-05,-0.0019236212013245709
1996-05-10,0.010137328038683963,0.005077867009840454,1.3590722875972779e-05,0.015201604325648444
1996-05-13,0.005773134231104484,-0.0020922669061835056,1.0604431701948032e-05,0.00367026289321903
1996-05-14,0.005337672791075459,0.005805949911787596,1.0957214088276041e-05,0.01113266548877478
1996-05-15,0.0008557692754272647,0.007251098026877028,9.621788251733757e-06,0.008097245514052559
1996-05-16,-0.004535518588121688,0.004313152916021066,1.0613010868591237e-05,-0.00023297868296921333
1996-05-17,0.005352135546224508,0.010772339753479868,1.2211739192332797e-05,0.01611226356051204
1996-05-20,0.0029191456425197203,-0.003811602095257078,1.6040621058861523e-05,-0.0009084970737962193
1996-05-21,-0.0021272733626359376,0.007314147093445549,1.7742360513650837e-05,0.005169131370295961
1996-05-22,0.004780538235206489,-0.0020800026711109126,2.0511155197352014e-05,0.0026800244088982243
1996-05-23,-0.00539768494261019,-0.001716380114879428,1.2548826969132916e-05,-0.007126613884458751
1996-05-24,0.004352621318207387,0.006589402895222728,1.1748875120800451e-05,0.010930275338309314
1996-05-28,-0.00402545087049735,0.005092567331785106,7.658856133779315e-06,0.001059457605153976
1996-05-29,-0.011336970830803692,-0.006870728472075325,1.2358728324938834e-05,-0.018220058031203953
1996-05-30,0.00155068956739146,-0.0002791845421938787,1.1227342447060854e-05,0.0012602776827505206
1996-05-31,-0.010041476193579875,-0.004542702137500705,3.164085783831989e-05,-0.0146158191889189
1996-06-03,0.00020452555657160494,0.002505710988402259,8.193792656119711e-06,0.002702042752317744
1996-06-04,0.002764245802446892,0.004056887576229081,1.5291324985464324e-05,0.006805842053690509
1996-06-05,0.00421225790825076,0.008974976633949288,1.0469533252288091e-05,0.01317676500894776
1996-06-06,0.00419520408019689,0.0011426882057375878,8.24479435359659e-06,0.005329647491580881
1996-06-07,-0.015300551177983067,-0.0007007378643191574,6.796840865719953e-06,-0.016008085883167943
1996-06-10,-0.0033583533819742306,-0.0017259582270360014,1.0289236692076104e-05,-0.005094600845702308
1996-06-11,-0.0024148921395949416,0.007741094037829862,3.384203517039575e-05,0.005292359863064524
1996-06-12,-0.0019249633584746974,-0.0005313035397490265,6.716429228243672e-06,-0.0024629833274519676
1996-06-13,0.0008937857222799305,-0.0016722720730306165,7.16463346102217e-06,-0.0007856509842117082
1996-06-14,-2.5097122061993726e-05,-0.0011033101722215258,8.506611905303704e-06,-0.0011369139061888232
1996-06-17,0.0037953504042683877,-0.01134526258620491,7.92552672528369e-06,-0.007557837708661806
1996-06-18,-0.0027731929255439937,-0.004682759233542148,7.395042237018116e-06,-0.00746334720132316
1996-06-19,-0.0017871558634475599,0.00697142029091804,8.349435675336602e-06,0.005175914991795144
1996-06-20,-0.001644122301326754,0.002072450001238269,1.7461163359973868e-05,0.0004108665365515412
1996-06-21,0.0031772326562626843,0.004585243469010883,6.905221284482318e-06,0.007755570903989085
1996-06-24,0.0012788221434314705,-0.0023987995483499996,7.2520749992948115e-06,-0.001127229479917824
1996-06-25,0.0006999052358737975,0.0033944445484925595,9.365850580215136e-06,0.004084983933786142
1996-06-26,-0.0001269379063505503,-0.0013762305360645773,6.287483375707314e-06,-0.0015094559257908349
1996-06-27,0.009649584410775434,-0.0022061488632324254,5.624496532764026e-06,0.0074378110510102445
1996-06-28,0.010599815784770608,0.002908034625916637,7.872837639866318e-06,0.013499977573047378
1996-07-01,-0.00027607479753326893,-0.008174633509414539,1.0725083327365536e-05,-0.008461433390275174
1996-07-02,-0.005795804123987509,0.0064025081581280665,1.656316590321836e-05,0.0005901408682373388
1996-07-03,0.0011066559851483995,-0.0015504121567427077,9.252095459758319e-06,-0.00045300826705406655
1996-07-04,-3.2230726147535495e-05,0.0,7.901184627016579e-06,-4.0131910774552075e-05
1996-07-05,-0.025718878947162793,0.006682179546352933,5.613803857836971e-06,-0.019042313204667698
1996-07-08,-0.0004450065697086231,0.001567100994299976,3.0140108538272896e-06,0.0011190804137375255
1996-07-09,0.003026226933288658,-0.00839341567514264,5.4527914929336735e-05,-0.005421716656783318
1996-07-10,0.0038019567744232517,-0.004724286575373873,7.954331768920674e-06,-0.000930284132719542
1996-07-11,-0.0024493026676128634,-0.008065955639856301,8.219027539677446e-06,-0.010523477335008842
1996-07-12,0.0031048280500492404,0.0032849090247908325,7.81303093102548e-06,0.006381924043909047
1996-07-15,-0.0067152605692742135,-0.010189527640041525,1.5371201569203466e-05,-0.01692015941088494
1996-07-16,0.0056630920705998955,-0.0043152246388245795,1.0762253552968463e-05,0.0013371051782223476
1996-07-17,0.0006865145770217503,0.010569353955468238,1.6211511895885697e-05,0.011239657020594103
1996-07-18,0.008042248935362001,0.0052022023006611864,1.2540066673883145e-05,0.013231911169349304
1996-07-19,-0.004935863272957494,0.001817192673656192,1.925833135168185e-05,-0.0031379289306529834
1996-07-22,-0.0031401356297441536,-0.005369258412808347,1.0021281779139843e-05,-0.008519415324331642
1996-07-23,0.0021070431620094335,0.00014147182663505322,5.31553435884875e-06,0.0022431994542856377
1996-07-24,-0.0032533639277001376,0.006853968959957241,6.266545312645088e-06,0.0035943384869444577
1996-07-25,0.0027802015594376745,-0.00397421363599542,8.181383626890408e-06,-0.0012021934601846361
1996-07-26,0.00022865410073345598,0.009789712186405649,2.2107500377953817e-05,0.009996258786761152
1996-07-29,-0.007477954592199433,-0.005297826229199861,7.808431856597492e-06,-0.01278358925325589
1996-07-30,0.003971820819344391,0.0009505268591462317,9.405699533981396e-06,0.004912941978956641
1996-07-31,0.006224322151192511,-0.008763229846573328,5.3354020029708345e-06,-0.002544243097383788
1996-08-01,0.009929998910847082,-0.0020478993359724067,7.745950668076908e-06,0.007874353624206598
1996-08-02,0.008506860658518517,0.0026236358474894255,1.6466347331610418e-05,0.011114030158676331
1996-08-05,-0.0027838676461160606,-0.0016788536967899301,1.4968490095506727e-05,-0.004477689833001498
1996-08-06,0.0013630729542040707,0.0034123326328621808,1.873306566843078e-05,0.004756672521397821
1996-08-07,0.0001914492284167489,-0.0005454695281733337,8.860016338930276e-06,-0.00036288031609551505
1996-08-08,-0.0018296740464418101,-0.005375919231509643,7.856878631713302e-06,-0.007213450156583166
1996-08-09,0.003894746214232043,-0.001324436252818345,1.1857619579170682e-05,0.002558452341834527
1996-08-12,-0.0002366190513883387,-0.013316888733811268,9.98175672881748e-06,-0.013563489541928424
1996-08-13,-0.005920677207756098,0.0009542733759161145,8.216413083903591e-06,-0.0049746202449238875
1996-08-14,0.0030192524906649523,0.0045923927621771676,1.0037625328100196e-05,0.00760160762751402
1996-08-15,-0.003072265983111544,0.0010418942039176677,9.875870123751005e-06,-0.0020402476493176273
1996-08-16,0.0010592554444336544,-0.0032982698230318236,9.4131228328728e-06,-0.0022484275014310424
1996-08-19,0.0024085414821848365,-0.0023299836947584954,1.0138687595443751e-05,6.841909983089733e-05
1996-08-20,-0.0035114609606832735,0.004349764618287156,9.688067738172533e-06,0.0008286155898657098
1996-08-21,-0.0013035287948673696,0.002727447961519358,8.538524017037734e-06,0.0014153806426349508
1996-08-22,-0.0012830564978552471,-0.00727294492091027,7.910375204562082e-06,-0.00856391179397008
1996-08-23,-0.005588634806078709,-0.0020913441812509845,1.0015416474119422e-05,-0.007689994403803814
1996-08-26,-0.007914801131784478,-0.002750708665392017,9.205674083446186e-06,-0.010674715471259942
1996-08-27,0.0022470540667099506,0.0013271911748493175,1.2200005290162861e-05,0.003562045236269105
1996-08-28,-0.001326367265707735,0.0035267059757762504,8.134194769593117e-06,0.002192204515298922
1996-08-29,-0.005043256695597361,-0.00374589461661375,7.95245710491104e-06,-0.008797103769316023
1996-08-30,9.865627429522534e-05,0.001126687475242779,9.030709960791701e-06,0.0012163130395772127
1996-09-02,-6.246043206426777e-05,0.0,7.760978394756106e-06,-7.022141045902387e-05
1996-09-03,0.003463691887620505,-0.008446486043790166,9.385671047355223e-06,-0.0049921798272170165
1996-09-04,-0.0038895148426965195,0.002402391805298579,4.517488375926465e-06,-0.001491640525773867
1996-09-05,-0.011588276866072156,-0.0007865406900955554,9.591378733527863e-06,-0.012384408934901241
1996-09-06,0.0061158569272056484,0.0027277825464713723,7.5663387950372806e-06,0.008836073134881984
1996-09-09,0.004321413482578837,0.0027215903398445807,9.537872971773022e-06,0.007033465949451644
1996-09-10,-0.002889778098985207,-9.596246220977501e-05,1.0072919801068655e-05,-0.0029958134809960507
1996-09-11,-0.003278608389965252,0.0014430930378061151,5.723445001850176e-06,-0.0018412387971609872
1996-09-12,0.003087245994369831,-0.0011532965431526887,6.386123852126389e-06,0.001927563327365016
1996-09-13,0.013354922841633721,0.008036115734299625,1.023007555058167e-05,0.02138080850038276
1996-09-16,0.00018203640737299949,0.010152698039781508,8.182107286886566e-06,0.010326552339867621
1996-09-17,-0.003910962432300455,0.00017641540757873576,2.6180937259876037e-05,-0.003760727961981595
1996-09-18,0.0011370048190587061,-0.014549134082071596,1.098137090844504e-05,-0.013423110633921334
1996-09-19,-0.001210082437288967,0.011855713785290198,9.651782000303569e-06,0.010635979566000927
1996-09-20,-0.0016557849482026399,0.0012505120508241644,2.2712934541223157e-05,-0.00042798583191969863
1996-09-23,0.0018832341370964346,-0.0029101222710949596,1.77294085825229e-05,-0.0010446175425810479
1996-09-24,0.006965081696863305,-0.014440403544717187,8.751620607736555e-06,-0.007484073468461619
1996-09-25,0.005045998937303113,0.009532119280019404,7.917801927540032e-06,0.014570200415394977
1996-09-26,0.004791710351667977,0.005948464464786538,1.8409110483366907e-05,0.010721765705971147
1996-09-27,-0.001290994243711915,-0.0007011323239237685,1.7879864905851796e-05,-0.0020100064325415355
1996-09-30,-0.00392653300710204,0.008336881969071357,8.332921758563134e-06,0.004402016040210754
1996-10-01,0.002371992609164925,0.0022941167766421244,5.364927293544908e-06,0.004660744458513505
1996-10-02,0.0056108780182260315,0.0034742458550787174,1.3608137068134879e-05,0.009071515736236614
1996-10-03,-0.0008363529229616973,-0.007056024545528771,1.025384105697093e-05,-0.007902631309547438
1996-10-04,0.012369626127772204,0.005282265714922759,1.0712054034590396e-05,0.017641179788660376
1996-10-07,-0.004767984418919018,-0.0076226907253742,9.40062720554793e-06,-0.012400075771498764
1996-10-08,0.0038044388911868997,-0.0017934738253692678,2.2074100415334453e-05,0.0019888909654022973
1996-10-09,-0.005735762272918956,0.0021175268795754027,1.0117922748364619e-05,-0.003628353316091918
1996-10-10,-0.0012396738555775116,0.002367899139177734,8.802884451167518e-06,0.001119422399149055
1996-10-11,0.004337102389898016,-0.0007293754508996796,7.867118338329805e-06,0.003599859820660006
1996-10-14,-0.0018529532052928121,-0.008887065526022107,8.290156830229732e-06,-0.01074830888814515
1996-10-15,0.00047137031755540415,0.0013772010372178406,1.9293874143575416e-05,0.0018292774806296693
1996-10-16,-0.0034020846555009717,0.004664537088989019,7.872942115157621e-06,0.0012545794913728897
1996-10-17,0.009002685864836296,-0.0007965868247149864,1.3136002232668983e-05,0.008192963037888641
1996-10-18,0.002467592070660293,0.002692351636567401,1.3278756996557524e-05,0.005146664950231136
1996-10-21,0.00024444250444388466,-0.0011144889628295837,1.0211858309126224e-05,-0.0008802583166948253
1996-10-22,-0.004802190021638852,-0.008383486999632695,7.126725194384311e-06,-0.013192803746465932
1996-10-23,0.0021674082845953417,0.005248411529316744,1.4095902804840268e-05,0.007401723911107246
1996-10-24,0.001345784804305744,0.005151966887053223,1.2045915049592893e-05,0.006485705776309375
1996-10-25,0.005992464988408222,-0.004061111806677136,1.229868224552065e-05,0.0019190544994855654
1996-10-28,-0.0037643924978153793,0.0006224670453663368,8.827501634123536e-06,-0.003150752954083166
1996-10-29,0.0061951046957764025,0.00690759740976479,1.9838144921634615e-05,0.013082863960619558
1996-10-30,0.002976918241614294,-0.012982618536661765,1.2331230554792262e-05,-0.010018031525602265
1996-10-31,0.0013336582143414805,0.012534905916908364,4.0856555045260326e-05,0.013827707576204584
1996-11-01,-0.00016909649150977806,-0.00429022638719867,3.4393962025996484e-05,-0.004493716840734445
1996-11-04,0.003206485247289797,0.0007446028781493898,1.0256771343440158e-05,0.003940831354095747
1996-11-05,0.0037091017370809685,0.004846692230392705,1.3475512732653023e-05,0.00854231845474102
1996-11-06,0.0022406357944719448,-0.0013088039968365823,7.464466714795432e-06,0.000924367330920567
1996-11-07,0.007568469922161999,-0.015646090766230775,6.300423141424664e-06,-0.008083921267210201
1996-11-08,-0.0027218559206583976,-0.007493787495820262,7.66247140742885e-06,-0.010223305887886088
1996-11-11,0.0016356437254403723,-0.004035041906154071,3.0884067330964966e-05,-0.0024302822480446636
1996-11-12,0.009050110261782202,0.0013176356089726563,8.983367360902513e-06,0.010358762503393956
1996-11-13,-0.0007756784581922154,-0.011577261532798238,1.1084788439922126e-05,-0.012364024779430376
1996-11-14,0.002596867399634781,-0.0035179230318503995,5.384873752789606e-06,-0.0009264405059684081
1996-11-15,0.005444341455137653,0.0033456578660043864,1.0684745384917303e-05,0.008779314575757122
1996-11-18,0.003837627867926581,0.002618327142904258,1.1782690210896148e-05,0.006444172320619943
1996-11-19,0.004007552508884991,-0.0007304299197438855,9.875822868077953e-06,0.0032672467662730274
1996-11-20,0.0031349410422802917,0.0011719816820698647,6.629305644625772e-06,0.0043002934187055305
1996-11-21,-0.0015962413712873138,-0.0066146436421907874,9.917879087595102e-06,-0.008220802892565696
1996-11-22,-0.0012608197296602747,0.00762027085356679,8.586610153929211e-06,0.006350864513752587
1996-11-25,0.0038273989325411754,0.013462259435704196,9.817835453631251e-06,0.01727984053279174
1996-11-26,0.0017648059059379368,-0.0004258664232094034,1.8016615339150624e-05,0.0013209228673893827
1996-11-27,0.002101733363930017,0.0027248315762584863,2.1350402925977004e-05,0.0048052145372625265
1996-11-29,0.00919091633649775,0.0026581094917161327,6.943865094195501e-06,0.011842081963119687
1996-12-02,-0.0060618169768173295,0.010014705606105574,7.857804123358116e-06,0.0039450308251648865
1996-12-03,-0.0011035259376902036,0.008217792178544073,1.5327148507562148e-05,0.007098939092346308
1996-12-04,-0.005268803406713946,-5.565210271232145e-05,2.9580133117128575e-05,-0.005354035642543396
1996-12-05,-0.012538996605846543,-0.004352277959896981,5.6544816621559477e-05,-0.016947819382365087
1996-12-06,-0.0060278840695984414,0.0020558498068992126,3.131210065488486e-05,-0.004003346363354114
1996-12-09,0.004823386841749376,0.009345178259352,3.569060309080536e-05,0.01413287449801057
1996-12-10,-2.3773688896968595e-05,0.005414593527665962,1.395832768857443e-05,0.005376861511080419
1996-12-11,-0.014323583569525632,-0.0009567794366603312,1.4405987974235995e-05,-0.015294768994160199
1996-12-12,-0.005551929329044764,-0.00590889610949903,1.9098826564639425e-05,-0.011479924265108434
1996-12-13,0.0063015921551920024,0.00017444296626290277,4.2428144670985337e-05,0.00643360697678392
1996-12-16,-0.007063913502183387,-0.00620722847513171,1.2983866185284598e-05,-0.013284125843500381
1996-12-17,-0.0019777059020414005,-0.002079855386729232,1.0993360402310688e-05,-0.004068554649172943
1996-12-18,-0.0012278081024615635,-0.003515931104956222,1.0470477859121608e-05,-0.004754209685276907
1996-12-19,0.010409408505251997,0.005268777063148464,1.0406108348766928e-05,0.015667779460051694
1996-12-20,0.00116413146376789,0.006428419708370861,1.1320970910177898e-05,0.007581230201228573
1996-12-23,0.00026028092964154007,0.0028746857545158704,1.77013823273747e-05,0.003117265301830036
1996-12-24,8.072037362930466e-05,-0.0025882249650005257,1.0571921988780896e-05,-0.002518076513360002
1996-12-26,0.0004079564612841875,0.005014388162527856,9.40293044427473e-06,0.005412941693367768
1996-12-27,0.0066198348144412235,0.004069912683363458,8.995559344172038e-06,0.01068075193846051
1996-12-30,-0.001744091256507081,0.010564043797624333,9.000738295161899e-06,0.008810951802822091
1996-12-31,-0.007815737307518687,-0.004099909653862136,8.595896260454607e-06,-0.011924242857641279
1997-01-02,-0.011428327897452134,-0.005305829286428703,1.0717290167961373e-05,-0.0167448744740488
1997-01-03,0.00169425263500682,0.008030447450930456,5.3394292531463304e-05,0.009671305793405813
1997-01-06,-0.002714446964952563,-0.008710503402070115,4.4872124685462984e-05,-0.01146982249170814
1997-01-07,0.002204679517434612,-0.004830963713261982,3.1633859910402264e-05,-0.0026579180557377725
1997-01-08,-0.003374643799764889,0.005389418569788099,3.1297469310723606e-05,0.001983477300712486
1997-01-09,0.00653093036298407,0.005333764604867668,3.0763929170291886e-05,0.011833931038681446
1997-01-10,-0.005847551567325238,-0.012560849149612748,2.8820536155501715e-05,-0.018437221253093487
1997-01-13,-0.0007573541886045765,0.0026312392397675995,2.4104451562283586e-05,0.0018497805996007396
1997-01-14,0.0004265014443894004,-0.0011087627640882728,3.374009807708908e-05,-0.0007160014177759615
1997-01-15,0.0017377522764338632,-0.007511642178909568,1.891382048962639e-05,-0.005792803722965332
1997-01-16,-0.002235115982547643,0.00011849711021234003,1.6011207235317526e-05,-0.0021326300795706204
1997-01-17,0.0010898670428989455,0.005624268160520982,1.3159115894619431e-05,0.006700976087525307
1997-01-20,0.0002169381840472764,0.003573859237449972,7.252974691301497e-06,0.003783544446805947
1997-01-21,-0.0009687724136709709,0.006315683383018678,7.452344031905436e-06,0.005339458625315803
1997-01-22,-0.004549782577188792,0.008163248652095514,6.1648761934822645e-06,0.00360730119871324
1997-01-23,-0.0025729250814575545,0.004283139601842008,1.0022818394851263e-05,0.001700191701989602
1997-01-24,-0.002831631439590948,-0.0033049552242743153,1.414095397414433e-05,-0.006150727617839408
1997-01-27,-0.0005266813579341799,0.003978385973121286,9.96980338164393e-06,0.003441734811805462
1997-01-28,-0.0006622233337946364,0.007526164773726067,1.2849868804093037e-05,0.0068510915711273365
1997-01-29,-0.004284253355367244,0.0029967476005342848,1.5555634883408205e-05,-0.0013030613897163678
1997-01-30,-0.004127648797391014,0.00090310356294569,1.7720087581211092e-05,-0.003242265322026535
1997-01-31,0.003184964009915881,0.0015701929414229116,1.242884081203246e-05,0.00474272811052676
1997-02-03,0.004437597633765705,-0.00022770121741641643,1.1853428195793755e-05,0.004198042988153494
1997-02-04,0.0025383172574414137,-0.0010510470158984367,2.1037274732493315e-05,0.0014662329668104837
1997-02-05,0.006595283684497532,0.0014345919315607325,1.22429631015779e-05,0.008017632652956685
1997-02-06,-0.002521891483832397,0.006078845181632738,1.0658982889751143e-05,0.0035462947149105897
1997-02-07,0.0007216752107459547,-0.006823518717555779,1.344799298859388e-05,-0.006115291499798418
1997-02-10,0.0005871924228554663,-0.00470412684469934,2.1836041875012693e-05,-0.004138770463718887
1997-02-11,-0.00213695675303097,-0.0005140972147691335,1.5549018171513976e-05,-0.0026666029859716174
1997-02-12,0.004356165296828072,0.005472424085468972,1.9978548294683165e-05,0.00980861083400236
1997-02-13,0.0012659008346300967,-0.0015718646182741542,1.5610167618011296e-05,-0.00032157395126206876
1997-02-14,0.004256025602525211,-0.004140601468680855,1.893902205825213e-05,9.648511178610386e-05
1997-02-18,0.0010433359849944146,-0.0086064397172716,1.0610115882875627e-05,-0.007573713848160061
1997-02-19,0.0017743055935504992,0.003387114546967693,1.1062067343212414e-05,0.00515035807317498
1997-02-20,-0.0009246306477032383,-0.008275861310676227,1.5003236091989012e-05,-0.009215495194471453
1997-02-21,0.00416638066870563,0.0017146608009164952,1.2265059892043746e-05,0.0058687764097300815
1997-02-24,0.0021634698781007366,0.0005711717654270797,2.7044212307207534e-05,0.002707597431220609
1997-02-25,-0.0019515240601097226,-0.005033591941680264,1.3338458659946476e-05,-0.006998454460449933
1997-02-26,-0.00851919471894672,0.016978543640907444,1.5134032209726197e-05,0.008444214889750997
1997-02-27,-0.0028307762780695896,-0.004454332714706719,1.814378741549587e-05,-0.007303252780191805
1997-02-28,0.0014055140068279712,-0.0024051618409165814,8.570910192609059e-05,-0.0010853569360147009
1997-03-03,0.0015927604178125497,6.361158581953859e-05,2.2209071895894e-05,0.0016341629317361943
1997-03-04,-0.002898808377791917,0.0027811410624800693,1.5841103059207577e-05,-0.00013350841837105507
1997-03-05,-0.0011065230961958264,0.00034780951769535027,1.6189331204425082e-05,-0.0007749029097049012
1997-03-06,0.0013389898740069012,-0.005860196231801099,1.3413352145418294e-05,-0.004534619709939616
1997-03-07,0.0004198289374325059,-0.0011198428369597214,1.914110486236611e-05,-0.0007191550043895817
1997-03-10,0.00021889578125453837,-0.008318976033931197,1.9847662121509054e-05,-0.008119927914798167
1997-03-11,0.0007170596962665129,0.0045060176596833975,1.685273447862483e-05,0.005206224621471286
1997-03-12,-0.005943454259610178,0.009650896161124623,2.1725483835495553e-05,0.0036857164176789495
1997-03-13,-0.009290072244091448,0.007498107950653995,2.013428624615959e-05,-0.0018120985796836128
1997-03-14,0.005282979689622859,-0.008244304368637696,1.8208950242970315e-05,-0.0029795336292578072
1997-03-17,-0.004217510538657886,0.00947391712468622,3.850891784852444e-05,0.005217897668179809
1997-03-18,-0.002103007903937656,-0.007214866831010877,2.1563692149759294e-05,-0.009339438427098293
1997-03-19,0.0006820501015712225,-0.003264535043513256,2.2990298545903116e-05,-0.0026054752404879367
1997-03-20,-0.0002354344765541506,0.00044561768157131494,2.12821021087504e-05,0.00018890110290841394
1997-03-21,0.0022676422866033945,0.0009290393900491408,1.8459665046268958e-05,0.003178222011606266
1997-03-24,0.005127571026937382,0.0039847610065856165,1.4269150031960852e-05,0.009098062883491036
1997-03-25,-0.002883603692777532,-0.0001574829251227176,1.5600292756102187e-05,-0.003056686910656352
1997-03-26,-0.0019130260025169957,0.0015372151984728343,1.3244124904211788e-05,-0.0003890549289483732
1997-03-27,-0.010483995221483845,-0.008281987011443882,6.636162720661999e-06,-0.018772618395648387
1997-03-31,-0.0011495097690152189,0.011245619472036724,8.019804976310533e-06,0.010088089898045194
1997-04-01,0.004712070683916479,-0.00858362112624916,2.236962860578696e-05,-0.0038939200709384686
1997-04-02,-0.0028305057613817897,0.012953092210507451,1.3637364727068353e-05,0.010108949084398593
1997-04-03,-0.00197771949335285,0.005819206731521004,2.061458382479857e-05,0.0038208726543433554
1997-04-04,-0.002764386118602808,0.011955533911952072,1.1377544484038998e-05,0.009179770248865226
1997-04-07,0.0008235223633325688,-0.004019448257070799,1.1375306415260866e-05,-0.0032073012001534906
1997-04-08,0.00018220097144397798,0.000512786492230974,1.0077344896231607e-05,0.0006849101187787203
1997-04-09,-0.0018482969153662283,0.0016974014894616156,1.2672269166017427e-05,-0.00016356769507063005
1997-04-10,5.12127388916122e-05,-0.010380627395720977,1.1636583384340819e-05,-0.010341051240213705
1997-04-11,-0.010944297542345337,0.0022213323373975634,1.1917124905103426e-05,-0.008734882329852877
1997-04-14,0.0004062748254678955,-0.007519755928212173,8.972420459218638e-06,-0.007122453523203497
1997-04-15,0.010897653224903428,0.0043861124284582925,1.0253517090995178e-05,0.015273512136270725
1997-04-16,-0.0008460576822536966,0.00771646261615766,9.466547353242445e-06,0.006860938386550721
1997-04-17,0.0039102417062003795,-0.004314988116354284,2.097511363566544e-05,-0.0004257215237895703
1997-04-18,0.0032224042163558255,-0.004918641460388574,8.382495515008759e-06,-0.0017046197395477573
1997-04-21,-0.0032150995671922098,-0.005867348627706956,6.910819026442457e-06,-0.009089359013925609
1997-04-22,0.00820291428270761,0.0060786891604139555,6.801282904158457e-06,0.014274802160217405
1997-04-23,-0.0030566947975569636,0.0013905277510230863,5.844623528649209e-06,-0.0016720116700625265
1997-04-24,-0.004552751145746449,0.004505599407589054,8.732086424690658e-06,-5.588382458208486e-05
1997-04-25,-0.0018987132878286047,-0.001951233528444426,6.850966354114698e-06,-0.0038567977826271457
1997-04-28,0.002984849789877034,0.010208630344857372,5.831010198023414e-06,0.01318764912453638
1997-04-29,0.01906861370711382,-0.0037701748019424485,9.306608344635834e-06,0.015289132296826737
1997-04-30,0.006251663766764804,-0.0022499654537689435,1.7107887736788116e-05,0.0039845904252590715
1997-05-01,0.00036314264984559487,0.0018384278254082338,4.530532765973559e-05,0.0021562651475940933
1997-05-02,0.0035596221631030737,0.0037939603949395887,7.5586977084474535e-06,0.007346023860334215
1997-05-05,0.004144805618370542,0.002523501019978024,9.554022503159177e-06,0.006658752615845406
1997-05-06,0.0005187066432494004,0.001830391127036928,1.2606969419106996e-05,0.002336490800867221
1997-05-07,-0.009919544445249572,-0.0036733792278093045,1.3187153579863387e-05,-0.01360611082663874
1997-05-08,0.0052646585222084555,-0.01065812261772351,1.3142737485016087e-05,-0.005406606833000071
1997-05-09,0.005175122802996307,-0.018033219526306137,1.5570391921553562e-05,-0.012873667115231384
1997-05-12,0.004439165100531301,-0.0029918186002764794,9.679974071119401e-06,0.0014376665261837025
1997-05-13,-0.003580801763510455,-0.001688751106145916,2.000770212923358e-05,-0.005289560571785605
1997-05-14,0.005754411896596935,-0.0016829098861756296,1.1172723818995078e-05,0.00406032928660231
1997-05-15,0.0035174499777860476,-0.00498163543924045,8.71847184747911e-06,-0.0014729039333018818
1997-05-16,-0.00496179392206709,-0.005828197018071859,6.825254931715418e-06,-0.010796816195070663
1997-05-19,0.00016429347776807763,0.0030039776173209597,8.348185725544077e-06,0.0031599229093634933
1997-05-20,0.006333837663837403,-0.0006923405361657911,9.09363073704232e-06,0.005632403496934569
1997-05-21,-0.005084450195757117,0.001087046778540559,1.065277833671368e-05,-0.004008056195553272
1997-05-22,-0.0045223339148793085,0.00822796901477088,1.580755411487421e-05,0.003689827545776698
1997-05-23,0.0037240767592798775,0.0069319435079565565,1.2053272069506208e-05,0.010643966995166928
1997-05-27,-0.004758155273611172,0.015061388543911198,1.2540473452348048e-05,0.010290692796847677
1997-05-28,0.0013261082233319435,-0.007174309900953682,1.085535905715752e-05,-0.005859057036678896
1997-05-29,0.0028443720191131776,0.0031483628211204807,1.0396859156753225e-05,0.005982337981076905
1997-05-30,0.008281562849229028,-0.0012309041909412848,1.0030002283987517e-05,0.007040628656003756
1997-06-02,-0.002363809093521012,-0.0030285831125153283,7.438767501615691e-06,-0.0053998309735379555
1997-06-03,0.0022450272149740313,0.0012663398858129057,1.5921993244280157e-05,0.003495445107542657
1997-06-04,-0.002245576253469761,0.008911739801295903,1.0458484938324467e-05,0.006655705062887818
1997-06-05,0.0021092658607414524,-0.004808523216131917,1.964898907143292e-05,-0.002718906344461898
1997-06-06,0.013042106914348747,-0.0031464715604469767,1.7289695338279604e-05,0.00987834565856349
1997-06-09,-0.004530750325449104,-0.0070713074477734145,1.537347883210474e-05,-0.011617431252054625
1997-06-10,0.0018207928171645833,0.0018138821066150095,3.1149650538264285e-05,0.0036035252732413287
1997-06-11,0.0025738457392280104,-0.005075714276149622,1.4661383329997228e-05,-0.0025165299202516084
1997-06-12,0.008513414854179526,0.017900922298668007,1.3042185461956195e-05,0.026401294967385577
1997-06-13,0.005722012951412585,0.0030301365409993236,1.5540119318434822e-05,0.008736609373093474
1997-06-16,0.0025684070099733,0.0051196038490431755,2.553713441430614e-05,0.0076624737246021694
1997-06-17,-0.0014716774438472077,-0.0017166868437911108,1.0634700881067824e-05,-0.0031989989885193863
1997-06-18,0.001103868201885325,0.008867628416273515,1.3608214015086796e-05,0.009957888404143753
1997-06-19,0.002576598664975542,0.004396177846709804,9.276873877499625e-06,0.006963499637807846
1997-06-20,-0.0006771595847187299,0.004927645521801001,1.0387595812726846e-05,0.004240098341269544
1997-06-23,-0.006201708543667833,0.0014494034302893353,1.3701765757299951e-05,-0.004766006879135798
1997-06-24,0.0025982178467579345,-0.0010808314809425262,1.2327283651834889e-05,0.0015050590821635735
1997-06-25,-0.006720944644412452,-0.0009685562570281281,1.5662916165949793e-05,-0.00770516381760653
1997-06-26,-0.0047758490925031635,0.004069058248425805,1.5623969589208302e-05,-0.0007224148136665672
1997-06-27,0.0035011997660929365,0.008419238022811654,1.2787650876074833e-05,0.011907650138028514
1997-06-30,-0.008577414046513243,0.001630856786361377,1.2789210707500746e-05,-0.006959346470859367
1997-07-01,0.0029791602428750116,0.009540563282310652,1.4744813095799456e-05,0.012504978712089864
1997-07-02,0.0073301358397884955,-0.0036677918559631286,2.7339093666362708e-05,0.003635004890159004
1997-07-03,0.011966598257553949,0.00915284432675293,2.9939471111474436e-05,0.021089503113195403
1997-07-07,-0.0008094910267584256,0.005486392878682424,3.113752822660296e-05,0.004645764323697396
1997-07-08,-0.0008401175900518236,-0.004153309107456809,4.2079107784722535e-05,-0.0050355058052933555
1997-07-09,-0.0016830925798924901,-0.010585028091573485,2.5409888936354675e-05,-0.01229353056040233
1997-07-10,0.0008339299606072558,0.008651646250830959,2.4183108871923926e-05,0.00946139310256629
1997-07-11,0.001375748725439423,0.0003777268467245547,3.0347700530608483e-05,0.001723127871633369
1997-07-14,0.004250030775791234,-0.009762435135549686,2.4654934960306446e-05,-0.005537059294718758
1997-07-15,-0.0019238764964699866,-0.004918899114090927,2.269915239856265e-05,-0.006865474762959476
1997-07-16,-0.0006471953793995306,0.005726304042832824,2.4363225375049576e-05,0.005054745438058244
1997-07-17,0.0013320549068717323,0.0024845835954772806,2.025492779684624e-05,0.0037963835745521667
1997-07-18,0.0005634897415871134,-0.0022924858647620644,1.4248991239827673e-05,-0.001743245114414779
1997-07-21,-0.0014683928455166985,0.00422182468880524,1.617213115030604e-05,0.0027372597121382357
1997-07-22,0.0034719866959196963,-0.012270093030829899,1.2387774423358935e-05,-0.008810494109333562
1997-07-23,-0.0013544221898493369,-0.0024624791384928223,1.54378629338378e-05,-0.003832339191275997
1997-07-24,0.0012291752299550625,0.0030827678672592346,2.3313768832011143e-05,0.004288629328382285
1997-07-25,0.0014659480924897766,0.004107299436421788,1.5786393340308717e-05,0.005557461135571255
1997-07-28,-0.003356265353587928,-0.0037838657234454806,1.3454757679226169e-05,-0.007153585834712635
1997-07-29,0.0037797411071643326,-0.006361580919631282,1.2069826563095003e-05,-0.0025939096390300443
1997-07-30,-0.0030901804786775807,-0.003647465589371435,2.0939102657128905e-05,-0.006758585170706145
1997-07-31,0.008625375114501926,-0.005563412296541125,8.526231739610248e-06,0.003053436586221191
1997-08-01,-0.005275037941568394,0.006861057946969637,1.001019068537554e-05,0.001576009814715867
1997-08-04,-0.002555031759613086,0.0046007428383588785,2.7021518499442445e-05,0.00201868956024635
1997-08-05,-0.0019239425733205947,0.00973473383707973,4.818559309046536e-05,0.0077626056706686705
1997-08-06,-0.0029215615161149854,-0.007991513744914903,1.786237165759195e-05,-0.01093093763268748
1997-08-07,-0.003646332095028742,0.00561497819033234,1.382904467433722e-05,0.0019548170506292605
1997-08-08,-0.005547577150939469,-0.015149636023149119,1.3305488862926521e-05,-0.020710518662951517
1997-08-11,-0.000983536742673047,0.009409709036994852,1.3493005910039677e-05,0.008412679288411766
1997-08-12,-0.0049741347853594605,-0.005505304659270279,3.0575364327679744e-05,-0.01051001480895742
1997-08-13,0.002514619069535539,-0.0050542567762538165,7.1313810679537e-06,-0.0025467690877862314
1997-08-14,0.0008539344619734949,0.008466497973606782,9.926665946850119e-06,0.009310505769633427
1997-08-15,-0.002363301571253812,0.002874568509022836,7.996223805451528e-06,0.0005032707139635726
1997-08-18,-0.0008425429765120103,-0.0016533763650479942,1.2281662710077636e-05,-0.002508201004270082
1997-08-19,0.0017813830542596947,-0.0035534433895543045,1.0951294706660223e-05,-0.00178301163000127
1997-08-20,-0.002355751497938337,-0.00018750995208983285,8.361637300036593e-06,-0.0025516230873282066
1997-08-21,-0.0014695043252213344,-0.0070931903998228485,8.998195883460491e-06,-0.008571692920927644
1997-08-22,0.0021821899523917204,0.0032726899773500313,6.866436347766268e-06,0.005448013493393985
1997-08-25,-0.0017698493317698611,0.0065880653575199595,7.501128191943412e-06,0.004810714897558155
1997-08-26,-0.0003421024353875623,0.002999336644666512,6.492464817549096e-06,0.002650741744461401
1997-08-27,0.0023392430911403188,-0.006544113204512146,1.4844570660673035e-05,-0.0042197146840325
1997-08-28,-0.0029467754613917755,0.00017423549577074815,1.2835174378703892e-05,-0.002785375139999731
1997-08-29,0.0035616769474297394,0.0050961173971092455,1.349933502892683e-05,0.008644295009510057
1997-09-01,0.00019247289979224121,0.0,1.4072867389794898e-05,0.0001784000324024463
1997-09-02,-0.006671373034926687,-0.0007347448085213606,1.1534982585194802e-05,-0.007417652826033243
1997-09-03,-9.333835760306445e-05,0.0017035116110948774,6.837438133424946e-06,0.001603335815358388
1997-09-04,0.0001468497306787804,0.004919599907644878,1.6182271603527512e-05,0.005050267366720131
1997-09-05,0.0014869661115170562,0.0015083006262107644,7.732828681943639e-06,0.002987533909045877
1997-09-08,-0.0029187028235252467,0.005281079329009225,9.895828641965489e-06,0.002352480676842013
1997-09-09,0.0020239768932986298,-0.008135572981390784,6.763474356885832e-06,-0.00611835956244904
1997-09-10,-0.0035003849883289855,0.0007957636899361416,8.177019468717093e-06,-0.002712798317861561
1997-09-11,-0.0005719924199089029,-0.0009377424917256501,1.3115485313679454e-05,-0.0015228503969482324
1997-09-12,0.003380795389249878,0.008680890276512695,1.2616140785971066e-05,0.012049069524976601
1997-09-15,0.0008996239975919809,0.00021107612553734065,1.182959686437128e-05,0.00109887052626495
1997-09-16,0.0026771674639518273,-0.0031476079450110557,1.4493006927113177e-05,-0.00048493348798634155
1997-09-17,0.001290782063241883,-0.0010494288346033893,1.8651270075720917e-05,0.00022270195856277278
1997-09-18,0.0028034843234735047,0.0048463769603158385,2.5284961560669342e-05,0.007624576322228674
1997-09-19,0.001224720893744103,0.0037976437808011675,1.3138536511565016e-05,0.0050092261380337046
1997-09-22,-0.002950725438566961,-0.0020274242101042264,1.0456557736033621e-05,-0.004988606206407221
1997-09-23,0.0005967363731490399,0.000623919869531081,1.0662216729739021e-05,0.0012099940259503819
1997-09-24,0.0018113057129429517,-0.006862625707916608,9.926746942174317e-06,-0.00506124674191583
1997-09-25,0.0001671743581290767,0.006023616293388244,8.547372899898312e-06,0.006182243278617422
1997-09-26,-0.004186766799142634,0.00245009272073522,1.0622852530444046e-05,-0.001747296930937858
1997-09-29,0.007645643658749864,-0.0032840447162770466,9.143939543121045e-06,0.004352455002929697
1997-09-30,-0.004827066705857819,0.0021395552799961274,9.97186141967964e-06,-0.002697483287281371
1997-10-01,-0.0008261592766272521,0.0005072800702242921,1.218054761657464e-05,-0.00033105975401953456
1997-10-02,-0.001604579352570656,-0.0007761157377372081,8.574443235338185e-06,-0.002389269533543202
1997-10-03,0.004107513005465752,-0.010462027817551907,9.861206214281442e-06,-0.006364376018300436
1997-10-06,0.001498514973291615,-0.002286682755306301,9.577928618217188e-06,-0.0007977457106329031
1997-10-07,0.006622348289337703,-0.012005099943505517,1.1553735606897917e-05,-0.005394305389774711
1997-10-08,-0.001808371278763534,-0.0006529921110009689,8.782861227703619e-06,-0.0024701462509922065
1997-10-09,0.0027081657191064205,0.00021963822733039819,1.4916207334977765e-05,0.0029128877391018408
1997-10-10,0.0017528024467917355,-0.005201881097955625,2.7756677812581978e-05,-0.0034768353289764712
1997-10-13,0.003363963228889731,-0.0009703076097349558,8.999513772014364e-06,0.002384656105382761
1997-10-14,0.0014846903951326886,0.009857367619279078,9.651953009996368e-06,0.01133240606140177
1997-10-15,0.0009748266612096207,-0.0039508170460453,8.481207317366513e-06,-0.002984471592153046
1997-10-16,-0.005276641629550176,-0.0007589639364384421,1.4422415381232178e-05,-0.00605002798136985
1997-10-17,-0.0030810243592377566,0.010120420431493075,1.1159447566817024e-05,0.007028236624688502
1997-10-20,0.008732792010588287,-0.0031376709678420274,1.1750695267550724e-05,0.005583370347478709
1997-10-21,-0.00021270854728039433,-0.0053723027079125765,7.996716365191013e-06,-0.005593007971558162
1997-10-22,0.0009528316430991236,-0.003677567707288615,1.3590364125888126e-05,-0.00273832642831538
1997-10-23,-0.0032268997964384526,0.004335223091578284,8.730024032027578e-06,0.0010995932711078038
1997-10-24,-0.0034633921098984476,0.0075009380924155565,8.100317261600411e-06,0.004029445665255509
1997-10-27,0.004405688705521441,0.00028273329820716997,2.516052506306555e-05,0.004663261478665546
1997-10-28,0.005672346621199643,-0.0006515794888703056,2.4942862393074642e-05,0.004995824269936263
1997-10-29,0.0012570598736898102,0.0012076937168498706,2.999679876254847e-05,0.0024347567917771323
1997-10-30,-0.0018822708692488748,-0.0047440256082890596,1.683375780472508e-05,-0.00664313023534266
1997-10-31,0.0033248649040749237,-0.0011920451707737346,1.1219384312152216e-05,0.002121600348989037
1997-11-03,0.003668586993842174,0.002170613447067692,1.0007694591696411e-05,0.00582919274631817
1997-11-04,0.0010891830940480574,0.006401214688534801,1.0046140159902082e-05,0.007480351642422956
1997-11-05,-0.00048231181508668643,0.0064817686278462105,8.286560687911139e-06,0.005991170252071613
1997-11-06,0.0005452401210985148,-0.0030550920828149317,7.104758890228162e-06,-0.002516956720606645
1997-11-07,-9.413544333536236e-05,0.0008798903243065711,8.73905121500946e-06,0.0007770158297561993
1997-11-10,0.00012809151515836008,0.011539035424625737,7.957338607986441e-06,0.011659169601176111
1997-11-11,-0.0006837583905402961,0.0003169510918839049,6.6054827225998005e-06,-0.000373412781378991
1997-11-12,-0.0009220465846370247,0.008471120406661467,1.1021651263625306e-05,0.007538052170760817
1997-11-13,-0.00029269583212053235,0.0020946037472463885,8.033578694111146e-06,0.0017938743364317449
1997-11-14,-0.002447376457359024,0.001366503472502138,1.0637308272674501e-05,-0.0010915102931295607
1997-11-17,0.003455296802016125,-0.005392635715294031,9.749920713521169e-06,-0.0019470888339914274
1997-11-18,-0.0027736570222390592,0.001001209378647737,6.04209411790256e-06,-0.001778489737709225
1997-11-19,-0.0010996107238306222,0.006552480714642201,8.280508301947949e-06,0.005444589482509631
1997-11-20,-0.0007973658785459916,0.0019318817574702084,7.897300555934732e-06,0.001126618578368282
1997-11-21,0.0030138602112033852,-0.004551038465574448,7.600834295384278e-06,-0.0015447790886664473
1997-11-24,-0.005258747873905165,0.00293625229184987,6.657537586313722e-06,-0.0023291531196416083
1997-11-25,-0.0056691471726006745,0.006731282405881439,6.139295549996894e-06,0.0010559959377307673
1997-11-26,-0.0027549369081492263,-0.004044794698135281,6.083631663858592e-06,-0.0068058152379483665
1997-11-27,0.0004248530155721546,0.0,1.1360825536766344e-05,0.00041349219003538825
1997-11-28,0.0028685846385004326,0.0016808203451583546,6.968283916658689e-06,0.004542436699742128
1997-12-01,-0.002078303899083866,0.001238128746007274,4.005120361180844e-06,-0.0008441802734377729
1997-12-02,-0.0011442916299755487,0.002466318560159873,9.369086302024935e-06,0.0013126578438822992
1997-12-03,-0.001625723261950499,-0.0008559120318250195,9.918051462450352e-06,-0.002491553345237969
1997-12-04,-0.008373755768046748,0.007515435647440463,9.024814185238481e-06,-0.0008673449347915231
1997-12-05,-0.0012402936063601222,0.0020205404747226517,9.617970707046485e-06,0.000770628897655483
1997-12-08,-0.0022852316895709537,-0.003428739639989356,1.4525643504984726e-05,-0.005728496973065295
1997-12-09,-0.004513704072576697,-0.002496398680849623,1.9035173583424805e-05,-0.007029137927009745
1997-12-10,0.002591342332155672,-0.001052239500857343,8.670386120914862e-06,0.001530432445177414
1997-12-11,-0.003017965528827425,0.006140580231091221,9.38664177439433e-06,0.003113228060489402
1997-12-12,-0.0006913123501371716,0.007977118904358552,1.268087830176294e-05,0.007273125675919617
1997-12-15,-0.003233665634713361,0.007141008463310009,1.105849572188516e-05,0.003896284332874763
1997-12-16,-6.916560915847669e-05,-0.0007010080875910465,1.0664260082969648e-05,-0.0007808379568324928
1997-12-17,0.007877222038528798,-0.019019668553544162,8.111078459779092e-06,-0.011150557593475142
1997-12-18,-0.0001375199056054536,0.015757742092411285,8.567213671272268e-06,0.015611654973134558
1997-12-19,0.0016051874400086095,0.0013488581248950566,3.306338060061889e-05,0.002920982184303047
1997-12-22,0.0010168676851930937,0.004133800427778988,1.1926212811719258e-05,0.0051387419001603625
1997-12-23,-0.0011970004574315802,-0.005562873431770875,8.186728107812816e-06,-0.006768060617310269
1997-12-24,0.0007616500524673319,-0.002024483499421555,7.557626646102634e-06,-0.0012703910736003258
1997-12-26,0.0005130080980559382,0.0034234636170468544,9.793335606268422e-06,0.003926678379496524
1997-12-29,-0.0026641187600042627,0.002008375697000556,1.2021508837993681e-05,-0.0006677645718417003
1997-12-30,-0.0010043628006627368,0.007042994233162221,1.0303872205218553e-05,0.006028327560294266
1997-12-31,-0.0015920422275611094,0.003766013440680398,9.687611059925284e-06,0.0021642836020593632
1998-01-02,-0.00023209297608180234,0.005531376979849403,1.0534995518515052e-05,0.005288749008249085
1998-01-05,-0.007160423125592539,-0.001246117762684984,1.2451446734674574e-05,-0.008418992335012199
1998-01-06,-0.003681607727388742,0.006674069821673221,1.3112893419693135e-05,0.002979349200864786
1998-01-07,0.0018209194682823867,-0.006210233469230199,2.2240488133627015e-05,-0.004411554489081439
1998-01-08,-0.007326035888396656,0.01415116668262047,9.071780235881165e-06,0.0068160590139879325
1998-01-09,-0.008433898259363887,-0.003415841099972116,1.4659529980315238e-05,-0.011864398889316318
1998-01-12,0.0036927318512389564,0.0030728987526276582,9.81450550612801e-06,0.006755816098360487
1998-01-13,0.011245641707759435,-0.019472281020856762,8.520427325112712e-06,-0.00823515974042244
1998-01-14,-0.0013335377089194467,6.461278558214537e-05,8.33803073344577e-06,-0.0012772629540707472
1998-01-15,0.00282975465418146,-0.006909939056334757,2.087580010976595e-05,-0.004101060202263062
1998-01-16,0.005465975915160846,-0.0004965862042250328,5.82784740720589e-06,0.004963561863528607
1998-01-19,0.0005288001628747097,0.0,5.9873604295994765e-06,0.0005228128024451101
1998-01-20,0.000490027407589075,-0.0007795872944951951,7.915528825932895e-06,-0.00029747541573205307
1998-01-21,0.001476560113183005,0.0011681164517936592,3.926310959850673e-06,0.0026407502540168135
1998-01-22,0.0006138116055919142,-0.0022391232465129615,6.095674828802451e-06,-0.0016314073157498497
1998-01-23,0.010652531646640252,-0.0011187433060801605,7.587893148872308e-06,0.00952620044741122
1998-01-26,-0.003656928055486094,-0.010685753879887924,1.0842603500114988e-05,-0.014353524538874132
1998-01-27,0.004352067266160739,-0.0017953978018171457,2.4510579962541483e-05,0.0025321588843810515
1998-01-28,0.004150939148173717,-0.0038746068066112583,1.645419685655321e-05,0.0002598781447059059
1998-01-29,-0.00034393542141101315,0.00024253929107856495,1.0074333046816134e-05,-0.00011147046337926432
1998-01-30,-0.0027241480467585237,0.008904365837583233,1.0152726477673666e-05,0.006170065064347036
1998-02-02,0.0034364214932907887,-0.006045435676050173,1.1907798793612828e-05,-0.0026209219815529973
1998-02-03,-0.005887926157862194,-0.0006201413468008815,1.0690135632091791e-05,-0.006518757640295168
1998-02-04,0.004246335664823445,-0.0067350419676737595,6.885054912775279e-06,-0.0024955913577630897
1998-02-05,-0.0008997884796059051,0.0035365377661728745,1.2563421820716457e-05,0.0026241858647462527
1998-02-06,4.416920865747405e-05,0.007277271392016784,1.2857762025587129e-05,0.007308582838648671
1998-02-09,-0.0030897844195520597,-0.005764284744319113,9.00011368375179e-06,-0.008863069277554925
1998-02-10,0.004742842845877487,-0.004066269359279897,8.709726021776628e-06,0.0006678637605758135
1998-02-11,0.0005549099346336751,0.006468012127146858,8.349346167077078e-06,0.007014572715613456
1998-02-12,-7.286012546494296e-05,0.002185337166012413,8.991368020985459e-06,0.0021034856725264846
1998-02-13,-0.001904990024115128,0.00237956550925875,8.330810078599835e-06,0.00046624467506502216
1998-02-17,-0.0018935530209636053,0.012154244919716374,7.510452883243527e-06,0.010253181445869525
1998-02-18,0.001135427879356706,-0.001635223151071477,6.830701009417588e-06,-0.0005066259727241887
1998-02-19,0.00033070484169380967,0.003845830908175092,1.115521542190298e-05,0.004165380534446999
1998-02-20,-0.0009390171594302196,0.007990174171880568,8.822144783887016e-06,0.007042334867666462
1998-02-23,-0.003262209611665624,0.0025218672040784075,8.877150798881715e-06,-0.0007492195583860981
1998-02-24,-0.0044146770633057076,0.010150361301864343,8.89305138472956e-06,0.005726791187173906
1998-02-25,0.006425379251947704,-0.0006133829266872898,7.4648460953954146e-06,0.005804531479165018
1998-02-26,0.00528549459191748,-0.002880184541267425,1.6079835312554775e-05,0.0023892302153375004
1998-02-27,0.0031415631244367343,-0.007732081456589643,6.200887687353887e-06,-0.004596719219840262
1998-03-02,0.003570245722280827,-0.006871279580529844,7.451124354974313e-06,-0.0033084849826039912
1998-03-03,-0.0008849727823168676,0.004728731136497504,1.0011058015949025e-05,0.0038337472961646876
1998-03-04,-0.004116601833715129,0.002163598277862095,1.3923211486529917e-05,-0.001966926767339564
1998-03-05,-0.006666251726640386,0.006125859573042065,7.88850485560646e-06,-0.000548280658453927
1998-03-06,0.007897500292703655,-0.00491183093326693,7.481058412366877e-06,0.0029781883010243583
1998-03-09,-0.0002228388436728672,-0.0012360659106169544,9.052668379353875e-06,-0.0014679574226691755
1998-03-10,0.005316342095435387,-0.002827990321061666,1.2183508272521131e-05,0.0024761682661012
1998-03-11,0.0014640789834374616,0.0036157276299057252,7.948849181112495e-06,0.005071857764162075
1998-03-12,0.004862923128726136,-0.0013212681911250698,7.660654340908723e-06,0.003533994283260158
1998-03-13,0.00015538299651743327,0.009755362591903254,1.0922962346907576e-05,0.00989982262607378
1998-03-16,0.002775942674567872,0.015844187886721817,9.657493910314058e-06,0.018610473067379372
1998-03-17,-0.001531927615294263,-0.0025947162010420853,2.0232876872905e-05,-0.004146876693209254
1998-03-18,-0.000993123163789421,-0.0008410897733249695,1.6161246925355817e-05,-0.0018503741840397464
1998-03-19,0.00015667697518267757,0.008868881822995167,1.0599283702544438e-05,0.0090149595144753
1998-03-20,0.003567478726374257,0.0068604019381296455,1.256893974378914e-05,0.010415311724760113
1998-03-23,0.008240404892054002,-0.011758363643928758,9.376708431118906e-06,-0.003527335460305876
1998-03-24,0.0021453437127509287,0.005366344854727112,1.0655400298365948e-05,0.007501033167179675
1998-03-25,-0.0038528308822056148,-0.0035770902584101,1.531648296631244e-05,-0.007445237623582027
1998-03-26,0.002050057146653069,0.007352214353223458,7.984028139593986e-06,0.009394287471736932
1998-03-27,-0.0011544520451606459,0.0044145675125262076,1.1228534673881932e-05,0.00324888693269168
1998-03-30,-0.0029924602835430182,-0.0011200971831316475,1.050903137612611e-05,-0.0041230664980507915
1998-03-31,0.0013912153442632738,0.010790724192829431,1.1152790160966787e-05,0.012170786746931738
1998-04-01,0.0008042377370788432,0.007436513526477502,1.3400218784056244e-05,0.008227351044772287
1998-04-02,0.007621671379453609,-0.006744350171324437,8.460296889163973e-06,0.0008688609112400083
1998-04-03,0.00790796306253311,0.004807839612728096,9.089054906054762e-06,0.012706713620355152
1998-04-06,-0.0024926866581208153,0.009308062939859706,7.276951284133361e-06,0.006808099330454757
1998-04-07,-0.002408982153555974,-0.0005833023405630753,1.6716581452727235e-05,-0.003009001075571776
1998-04-08,-0.0034009419268910715,-0.007650140676392177,1.653191197529314e-05,-0.01106761451525854
1998-04-09,0.0023135621006789638,-0.003607777200375633,1.7230191702547787e-05,-0.001311445291399217
1998-04-13,-0.00020407786492861158,0.0072682979701108345,1.4802865485524155e-05,0.007049417239696699
1998-04-14,0.0034239331257217955,-0.0010035547629859995,2.0087796828559345e-05,0.0024002905659072367
1998-04-15,0.0030248823706341948,-0.008961288888818912,1.425628447069221e-05,-0.00595066280265541
1998-04-16,-0.0037467525397544862,0.002365974713038485,1.5692798371871466e-05,-0.0013964706250878729
1998-04-17,0.004609204726869907,0.002834480763222321,1.6270497135097006e-05,0.007427414992957131
1998-04-20,-0.002830261194247603,0.0035600724103657874,1.4938168874682387e-05,0.0007148730472435021
1998-04-21,0.004776108098283654,-0.00442616267035298,1.1222959407733158e-05,0.0003387224685229412
1998-04-22,0.0013267038617552167,0.006816868342906999,9.65212120305421e-06,0.008133920083459163
1998-04-23,-0.0035629996393661996,-0.0007515010779513972,8.78067950513015e-06,-0.004323281396822727
1998-04-24,-0.005454457221990867,0.0012405480277036679,1.2219972403891244e-05,-0.00422612916669109
1998-04-27,-0.010708576131295335,0.009400809196357997,1.7660673557015207e-05,-0.001325427608494353
1998-04-28,-0.0024938901544493746,-0.005640981812362543,3.232803570031073e-05,-0.008167200002512228
1998-04-29,0.0018668975023452307,0.006425124166536806,4.0570896667101517e-05,0.008251450772214935
1998-04-30,0.006200174052389813,-0.0030333577251488654,1.5583357256133276e-05,0.0031512329699848146
1998-05-01,0.0007761365090749028,-0.005346029554611319,1.564013904135057e-05,-0.004585533184577766
1998-05-04,0.0005146419538829643,-0.002409548669150812,2.8806141477681643e-05,-0.0019237128567455295
1998-05-05,-0.0018947127719068074,-0.003126327677358045,1.0720565844929244e-05,-0.0050317610151097815
1998-05-06,-0.0036894068671818993,0.003742724574128737,9.544360530718604e-06,4.3773346416119046e-05
1998-05-07,-0.005255828456837503,0.003970687975841331,9.15383281622549e-06,-0.0012942943138123978
1998-05-08,0.0004293741626143502,0.0037893651766756527,8.386816705098822e-06,0.004210352522584905
1998-05-11,-0.0069575951340325485,0.01020788101021169,1.0187427561880363e-05,0.0032400984486172604
1998-05-12,0.003740436791056992,0.001648791049769669,1.217460433210962e-05,0.005377053236494551
1998-05-13,0.0019515990889866527,0.0009303585963734753,1.4131033488489794e-05,0.0028678266518716382
1998-05-14,-0.0016061642755496991,-0.0008946237231368703,1.2373975016961254e-05,-0.0025131619737035304
1998-05-15,-0.002462125043376156,0.005956371854058946,9.19281525272002e-06,0.0034850539954300705
1998-05-18,-0.0036112893553063865,0.007788658109082182,8.25796241837955e-06,0.004169110791357416
1998-05-19,-0.00044179109154932647,0.0005539278046514965,1.4191553336505168e-05,9.79451597656649e-05
1998-05-20,0.0056668827830875495,0.0007445871017285587,1.6304528724586318e-05,0.006395165356091521
1998-05-21,-0.00355754380837078,-0.0028156600536533957,1.2973246742091358e-05,-0.006386177108766267
1998-05-22,-0.00048810260779897534,0.002080885772862881,1.1867351011318288e-05,0.0015809158140525873
1998-05-26,-0.012580462213891006,0.010437795989392911,8.82040643035711e-06,-0.002151486630928452
1998-05-27,-0.0036381363156405082,0.001070848313764851,1.0710938210299358e-05,-0.0025779989400859567
1998-05-28,0.00013879294842965572,0.0063054988784042015,1.8588993529308106e-05,0.006425702833304549
1998-05-29,-0.001694774805049835,-0.005479708419169971,6.776146957920719e-06,-0.007181259371177727
1998-06-01,-0.0020588111065968653,0.004427112777851636,8.415579745857346e-06,0.002359886091508913
1998-06-02,0.002283291972864295,-0.003522072566591572,9.14838047489684e-06,-0.001247928974202174
1998-06-03,-0.004408034201915349,0.0014294755841870739,1.0577858243323537e-05,-0.0029891364759715984
1998-06-04,0.004723745368880674,-0.0027320036048040777,1.011894558308165e-05,0.0019816228184935144
1998-06-05,0.002362614280795097,0.003785408833853367,9.949987995390496e-06,0.006138073126653073
1998-06-08,-0.00016690674444988854,0.006338368665464908,1.0103648459275234e-05,0.006161358272555744
1998-06-09,-0.0005758031687917473,0.005992976127820761,8.233512527624878e-06,0.005408939446501388
1998-06-10,0.0006784291224068807,0.0027061412773783265,1.0484089178723859e-05,0.0033740863106064833
1998-06-11,-0.008864035159492877,0.010150581481711572,9.402009121656898e-06,0.0012771443130970388
1998-06-12,0.004574747867547933,-0.002913836348208006,9.655718654111585e-06,0.0016512558006858155
1998-06-15,-0.010978044732041725,0.014587009684890614,2.5906248560410273e-05,0.003583058704288479
1998-06-16,0.009322061354502354,-0.010061137118972257,9.071132996230004e-06,-0.0007481468974661328
1998-06-17,0.012819555417263723,-0.024245217286808427,1.2578998970109522e-05,-0.011438240868514813
1998-06-18,-0.0006448554719099025,0.00589217691860811,2.3648216242513575e-05,0.005223673230455694
1998-06-19,0.00865039219142533,-0.010357852139060247,2.756966768902109e-05,-0.0017350296153239375
1998-06-22,-0.0006414890034986671,0.0037299369940185408,1.690094256508469e-05,0.003071547047954789
1998-06-23,0.003934519565938765,-0.0068555103821103785,2.0811447707620568e-05,-0.0029418022638792343
1998-06-24,0.002709839032725199,0.0028867541905491867,1.734034373511188e-05,0.005579252879539274
1998-06-25,-0.0007636946112491501,0.007531819622046608,1.6904009912761417e-05,0.006751221000884697
1998-06-26,-0.0005078243476917027,0.0034365995394189837,1.3937490466057634e-05,0.002914837701261223
1998-06-29,-0.001089581794731536,0.008237127814008148,1.5048281726626334e-05,0.007132497737549985
1998-06-30,0.0009766828560769714,-0.009957774492719621,1.6432488075894958e-05,-0.008997524124718544
1998-07-01,-0.0006698667495924944,-7.398794973597375e-05,1.8482722739697703e-05,-0.0007623374220681659
1998-07-02,-0.00019503496425152212,0.007687379424874371,1.5134545136420537e-05,0.007477209915486428
1998-07-06,-0.0011250110588124048,0.006884452786553015,1.12539285850846e-05,0.005748187799155525
1998-07-07,0.0013667555012191498,-0.002014176346091027,1.4851330068323168e-05,-0.0006622721749402001
1998-07-08,0.0002713316565750876,0.000329672086704722,2.258854494794322e-05,0.0005784151983318663
1998-07-09,-0.002798920705929343,0.006089440502060082,1.2484069477769838e-05,0.0032780357266529686
1998-07-10,0.0003357784828325894,0.006011491652595359,2.0439957209315932e-05,0.006326830178218632
1998-07-13,0.0013889576165416711,-0.00017286749683686207,2.5362769824764216e-05,0.0011907273498800448
1998-07-14,0.0018951782843612702,-0.004414157484162011,1.852581520400804e-05,-0.002537505015004749
1998-07-15,0.0015405623331779805,-0.001254516739427268,1.709844444272503e-05,0.0002689471493079876
1998-07-16,0.0016282745456896244,0.0028971711297795157,1.9177117022627607e-05,0.004506268558446513
1998-07-17,0.0024531042241252667,-0.0008484724858505218,1.4268631292732702e-05,0.0015903631069820122
1998-07-20,0.004085276641463184,0.006096551249073231,1.3633107900459319e-05,0.010168194782635956
1998-07-21,-0.007563743470414415,0.0015762236307580273,1.7487751003786693e-05,-0.006005007590660175
1998-07-22,-0.0009511513321875524,0.00272984924688898,2.0897157073682294e-05,0.0017578007576277452
1998-07-23,-0.004922507745803048,0.0029916891696576946,1.2207511801639098e-05,-0.0019430260879469926
1998-07-24,0.001280047134770547,0.000699271798780002,1.4893265182843054e-05,0.0019644256683677063
1998-07-27,-0.002277634334890136,0.0009233695028023987,3.8139673532692925e-05,-0.0013924045056204304
1998-07-28,-0.0060721799738683024,-0.0021828959552704216,3.2450966071019984e-05,-0.008287526895209745
1998-07-29,-0.005100954033658237,0.007292969840910446,2.9690599571659623e-05,0.0021623252076805495
1998-07-30,0.003928483189251737,0.0021862293224619808,3.402227208847466e-05,0.006080690239625243
1998-07-31,-0.009310530411288527,0.005857633955623237,2.6944645869864052e-05,-0.003479841101535154
1998-08-03,-0.0037807875995447505,0.008775307691156649,2.6762114790209746e-05,0.004967757976821688
1998-08-04,-0.007701618199513314,-0.006258295110113558,2.9811663999809783e-05,-0.013989724973626681
1998-08-05,0.003547905406565943,-0.0014489745267160779,2.6491286210860446e-05,0.0020724395936390044
1998-08-06,0.0009125605374454943,0.0010775029964567176,3.14164414123807e-05,0.001958647092489831
1998-08-07,0.0030522645393897675,0.0024077861218130218,2.4584571121219033e-05,0.005435466090081571
1998-08-10,-0.0004663880755916671,0.0077576128125827724,2.226522767825506e-05,0.00726895950931285
1998-08-11,-0.00504443372570679,0.007559080984645248,1.4091084873787985e-05,0.0025005561740646704
1998-08-12,0.0034603251755940738,0.0012365850060171123,2.586345115164327e-05,0.004671046730459543
1998-08-13,-0.004569886760970979,-0.005794542664447341,1.281563682234406e-05,-0.010377245062240664
1998-08-14,-0.0014898456011650527,0.0023722017908962114,1.5204264608398234e-05,0.0008671519251227604
1998-08-17,0.005981399420156589,-0.0011836348569026795,8.48373089762264e-06,0.004789280832356287
1998-08-18,0.0020101766735612253,0.0013013878044179077,1.1920412506590461e-05,0.0032996440654725428
1998-08-19,-0.0008803714440811903,-0.004466079564733926,1.4467206750050654e-05,-0.005360918215565167
1998-08-20,0.0036363196067331688,-0.009184320185848974,9.119230311330534e-06,-0.0055571198094271365
1998-08-21,0.0012705929973493933,0.0067350275408498165,1.0288284922967114e-05,0.007995332253276241
1998-08-24,0.0045433961891661635,-0.008043512997950388,9.666988171835619e-06,-0.0035097837969560604
1998-08-25,0.0008580694866190547,-0.000664749111915951,3.420928422681853e-05,0.00015911109047628516
1998-08-26,-0.0009165605974776757,0.0025241643853649125,2.0112391957322095e-05,0.0015874913959299146
1998-08-27,-0.007622245725183594,-0.002796923695885113,1.9190471117223708e-05,-0.01043835989218593
1998-08-28,0.000718110432591075,-0.00567376318672257,1.7194635003284986e-05,-0.00497284738913478
1998-08-31,-0.011276508165051793,-0.0016628109103307962,3.613803970482085e-05,-0.01297545711508741
1998-09-01,0.013848197606709942,-0.01984984726145938,2.1506532786770404e-05,-0.006023156187536207
1998-09-02,-0.0037300575585365757,0.006510022393827716,2.4481786924334775e-05,0.0027554830483668053
1998-09-03,0.005861989774437722,-0.02043266615199895,3.137114609754003e-05,-0.014602047523658769
1998-09-04,0.0014521337596258618,-0.0018867966824358223,2.765886593442559e-05,-0.0004623217887443861
1998-09-08,0.004284536372166387,-0.00012761028393422466,2.287957698655628e-05,0.004134046511245606
1998-09-09,0.0031936710969862146,0.00674007965421432,1.3141200238820716e-05,0.009920609550961712
1998-09-10,0.01206728510335376,-0.02422656606825468,2.5417671876620966e-05,-0.012184698636777541
1998-09-11,0.0009389177384601429,0.0010756540292275007,7.246532237331553e-05,0.001942106445314328
1998-09-14,0.001317513234352607,0.004417440985846429,6.47669591619612e-05,0.005670187261037074
1998-09-15,0.0011730275603669617,0.0022887496704354668,2.8034828588209458e-05,0.003433742402214219
1998-09-16,-0.0005195468410086824,0.0020850364969822142,2.1118873132609745e-05,0.001544370782840922
1998-09-17,-0.00022041567508729115,-0.009798552686958183,1.6427685646672634e-05,-0.010035396047692147
1998-09-18,0.0008168474182315996,-0.00848395095037864,1.5361936365272358e-05,-0.007682465468512312
1998-09-21,0.0008327349666341235,0.003407394401445032,1.4159039212405666e-05,0.00422597032886675
1998-09-22,0.0020849931989970075,0.0024902757258787747,1.5699521991557255e-05,0.004559569402884225
1998-09-23,0.005060362775386804,-0.004778555289909383,1.3162467290799405e-05,0.00026864501818662124
1998-09-24,0.0012365366589355898,-0.007851187811821784,9.400892549333877e-06,-0.006624052045435528
1998-09-25,-0.00024946595396754486,0.001712956974694917,8.083138236904832e-06,0.0014554078824904673
1998-09-28,0.001331371331632396,-0.0013908068677863858,9.329922186008383e-06,-6.876545833999813e-05
1998-09-29,-0.0006480881473267797,-0.004890968639915172,1.2083390649722412e-05,-0.005551140177891674
1998-09-30,-0.000500235234640728,-0.002315542493929411,1.0405846305436937e-05,-0.0028261835748755763
1998-10-01,-0.0009108017214485295,-0.00661687633598023,1.2334153514491608e-05,-0.00754001221094325
1998-10-02,0.006496301034518759,0.0009075104652953495,1.597269908811035e-05,0.0073878388007259975
1998-10-05,0.00341435801612448,-0.0036650904774093163,1.1559046154982792e-05,-0.0002622915074398191
1998-10-06,-0.001583246335629933,-0.001421296858576115,1.1397471089820181e-05,-0.0030159406652958682
1998-10-07,0.004002621415229401,-0.015486839160295857,1.1377607195987937e-05,-0.011495595352262444
1998-10-08,-0.004457376058978905,0.013547386692494182,1.5036428487938739e-05,0.009074974205027338
1998-10-09,-0.0007630930542626762,0.008082133518428406,3.389668684868947e-05,0.007285143777317041
1998-10-12,-0.0006565031343727603,0.0005809294939466253,4.6002366760496116e-05,-0.0001215760071866311
1998-10-13,0.004132311117462967,0.00045898801039801786,2.7394218513402958e-05,0.004563904909347582
1998-10-14,0.0024168978479199897,-0.0012736667920251001,1.7889830166305922e-05,0.0011253412257285836
1998-10-15,0.005061301659050471,-0.001011223532488367,1.5444545680708393e-05,0.004034633580881396
1998-10-16,0.004386317618655813,-0.009891435469531112,1.3631164476903802e-05,-0.005518749015352203
1998-10-19,-0.003051133231355506,0.005595478051522641,1.1218022762892022e-05,0.002533126797404243
1998-10-20,-0.003164946001912974,0.001608756464890716,9.351445301587297e-06,-0.0015655409823238456
1998-10-21,-0.001128931825765357,0.0030059964096616947,9.714435972302468e-06,0.0018673501479240353
1998-10-22,0.00030608929815069744,0.005369044925069353,7.17532515063668e-06,0.005667958898069414
1998-10-23,-0.0028224948331908037,0.002195828138166907,8.651840233364425e-06,-0.0006353185352572611
1998-10-26,0.0038963194033931688,0.011163173170028549,1.0155148743050283e-05,0.015049337424678667
1998-10-27,0.0016102619766993878,-0.007478259155356192,1.0584711045520085e-05,-0.005878581889702324
1998-10-28,-0.00017957066343815545,-0.000843496063677108,2.014743511053955e-05,-0.0010432141622258029
1998-10-29,0.0036396605888891977,-0.003597721396842977,9.619488396076e-06,3.231970365014489e-05
1998-10-30,-0.0023383537368887727,0.0003000963339018966,9.951127341570682e-06,-0.0020482085303284467
1998-11-02,-0.005625006444786067,0.004621520711769801,9.430027660929277e-06,-0.0010129157606771951
1998-11-03,-0.00015782647788423006,0.003176563224101637,1.0978291134761019e-05,0.0030077584550826457
1998-11-04,-0.004106405030185309,0.0029228784589306962,9.903341748236879e-06,-0.0011934299130028493
1998-11-05,0.002622603810964306,0.0006821452467403366,1.219240832706033e-05,0.003292556649377582
1998-11-06,-0.0028984484718897513,0.00550563527823923,1.0619037400432141e-05,0.002596567768949047
1998-11-09,0.003901108259927998,0.0066497817005982274,9.022026843640913e-06,0.010541867933682584
1998-11-10,0.0013560748817619066,0.002032314870110386,1.043128627992109e-05,0.0033779584655923714
1998-11-11,-6.265126123108607e-05,-0.002746401654577799,8.996454851898611e-06,-0.0028180493706607837
1998-11-12,0.001986356802357257,-0.0046604400199664045,8.93972504993019e-06,-0.0026830229426590777
1998-11-13,-0.001107082490157563,0.006209490808671423,8.596571750505917e-06,0.0050938117467633545
1998-11-16,-0.0003919127220928947,-0.002810398475407727,8.556358121222981e-06,-0.003210867555621845
1998-11-17,-0.0005198435439987318,0.00024013221760705843,7.512904450205499e-06,-0.0002872242308418788
1998-11-18,0.004911349755132967,-0.0022400751121644333,7.943133861335443e-06,0.0026633315091071984
1998-11-19,0.0001352620269975668,0.001167618311586883,6.013641757406531e-06,0.0012968666968270434
1998-11-20,0.0017492494318384604,-0.001637759017238255,6.365918957964006e-06,0.0001051244956422414
1998-11-23,-0.002131426998204936,0.006053188742471142,5.168174799600108e-06,0.003916593569466606
1998-11-24,-0.0012631449817077534,0.0035336961380033247,5.82764863502716e-06,0.002264723507660544
1998-11-25,0.0022120266937868584,0.0028195669377464637,6.428152340729262e-06,0.0050251654791925926
1998-11-27,0.00377099404267327,0.003336192150640965,6.268570247009174e-06,0.007100917623067225
1998-11-30,0.0019239268995980218,0.005926738201178278,7.734146962472639e-06,0.007842930953813828
1998-12-01,0.002409357366092313,-0.002717133575618124,4.800032956013034e-06,-0.00031257624248182386
1998-12-02,0.0034886910430142557,-0.004286920484901531,1.4249165998837943e-05,-0.0008124786078861131
1998-12-03,-0.004972291041778622,0.0052199796990909895,7.116260648557673e-06,0.0002405723966638103
1998-12-04,0.00048639160148960343,0.0021391865731564506,1.0390745623044115e-05,0.00261518742902301
1998-12-07,-0.003044984909635798,0.0029941990220269527,6.6755073526415955e-06,-5.7461394961486765e-05
1998-12-08,0.0030453861613447797,0.0006343718554567158,6.860506557166278e-06,0.003672897510244329
1998-12-09,0.0009129463431954089,-0.004360925802614942,7.4894164114280415e-06,-0.0034554688758309613
1998-12-10,-0.0028312283365154105,-0.0004919008451453401,5.622751569058524e-06,-0.003328751933229809
1998-12-11,-0.0055704419808955755,0.001890551351339644,5.705855629903587e-06,-0.0036855964851858353
1998-12-14,-0.0023610693355050373,-0.0037094644021054765,7.23113654444776e-06,-0.006077764874154961
1998-12-15,-8.5437767950653e-05,0.0003586676077735632,1.1539246390169514e-05,0.0002616905934327407
1998-12-16,0.0034911978211183484,-0.0072167155323126335,8.413442657813245e-06,-0.0037339311538520984
1998-12-17,0.001125965389101122,0.01722576279881352,5.28348691742068e-06,0.018346444700997222
1998-12-18,-0.0006529101617435982,0.0012724559044438328,1.26568543357083e-05,0.0006068888883645263
1998-12-21,-0.0024558778190919726,0.002933884858254108,1.537477050830815e-05,0.0004626322686538271
1998-12-22,-0.005809605265203742,0.002162278112892946,9.744345320429171e-06,-0.003657071497631225
1998-12-23,-0.0020046730779231517,0.0025119182539451723,8.948069488913204e-06,0.0004982971065331075
1998-12-24,-0.001758488390388103,0.0030009545196558276,7.784271738950896e-06,0.0012346818575287737
1998-12-28,0.002293534346105278,-0.004466723569823789,8.280097758997903e-06,-0.0021814693214775092
1998-12-29,0.006387137545488439,-0.0042986494743376385,1.400201836241439e-05,0.0020744860527883865
1998-12-30,-0.001552183450247267,0.003554930966351153,1.0876150314772625e-05,0.0019918713657891135
1998-12-31,-0.00022871066887194172,-0.0067656891658530866,1.2344219345643693e-05,-0.007006744054070671
1999-01-04,-0.0012096891007203295,0.0009943458858532883,1.4194755176502446e-05,-0.0002295379700435437
1999-01-05,-0.0017924585862134181,0.0005983755018954975,1.215840520091967e-05,-0.0012062414895188402
1999-01-06,0.009553851386287542,-0.0010210190677355986,1.3765522513348931e-05,0.008519066796038595
1999-01-07,-0.005630365270232765,-0.010263613103443744,9.415012598850078e-06,-0.01590339338627536
1999-01-08,-0.005562631866611541,-0.0014490965554252565,1.302107983898325e-05,-0.007024749501875781
1999-01-11,-0.005559270305860926,-0.009641666111605485,1.3398995981589696e-05,-0.015214335413448
1999-01-12,-0.00209315780208711,0.02150239656312645,1.0107586678826302e-05,0.019399131174360516
1999-01-13,0.0005252837019279988,0.006727083803204405,9.564837069364107e-06,0.007242802668063039
1999-01-14,0.003536174360676002,0.0013546486523475024,1.7758985218391707e-05,0.004873064027805113
1999-01-15,-0.00034427352813459365,0.0008231546712097245,7.443716597864581e-06,0.00047143742647726627
1999-01-19,-0.0005950630221924396,-0.000710725518892412,1.042391601794617e-05,-0.0013162124571027979
1999-01-20,-0.0013385908251181363,0.001373848630451088,6.869747416538724e-06,2.8388057916412988e-05
1999-01-21,-0.00011975608961613043,-0.0006045001749024084,7.811330749227316e-06,-0.0007320675952677662
1999-01-22,0.005310771006054853,0.004120777608680447,4.62239333479559e-06,0.009426926221400504
1999-01-25,-0.0011763259724646385,-0.0009062492910171596,7.21259599530311e-06,-0.002089787859477101
1999-01-26,0.0015716516172317241,0.003977372410072299,5.259061812326775e-06,0.005543764965491697
1999-01-27,-0.0012099252051381484,0.011514985726941597,5.604980627490879e-06,0.010299455541175957
1999-01-28,0.004339449103671834,-0.000991889419245233,7.733512024946912e-06,0.0033398261724016534
1999-01-29,0.0035990191333079994,-0.001697365963439693,1.1304589755708789e-05,0.0018903485801125975
1999-02-01,-0.00990631889349937,-0.006366265476286442,8.055212179124381e-06,-0.016280639581964938
1999-02-02,-0.005605692302262199,-0.00971148661397171,8.41559471835215e-06,-0.015325594510952261
1999-02-03,-0.0008913955808669966,0.00542012614395858,1.2033935076180152e-05,0.004516696628015403
1999-02-04,-0.009118479049001597,-0.007416772376076659,7.769732433779727e-06,-0.016543021157512033
1999-02-05,-0.004434014661786555,0.0006739774487936868,6.483579050933378e-06,-0.003766520792043802
1999-02-08,0.0006132588366061398,-0.005107881096191772,8.029847086904968e-06,-0.004502652106672537
1999-02-09,-0.0017258378273487755,0.010069613495633775,7.0413070277432155e-06,0.008336734361257257
1999-02-10,0.00026263075675186546,0.0006134693668325172,9.211007699987256e-06,0.0008668891158843954
1999-02-11,0.0035537105115750027,0.0031935376494856595,7.51767040749159e-06,0.00673973049065317
1999-02-12,-0.016865866193762943,0.00018797840550321748,8.783625266200815e-06,-0.01668667141352593
1999-02-16,0.0015086347444358465,0.027149843448807085,9.58447534722394e-06,0.02864889371789571
1999-02-17,0.002588426664801975,0.000955591895422987,1.990827724402803e-05,0.0035241102829809343
1999-02-18,-0.0006080652798728499,0.0005179138235035217,1.9726303343759647e-05,-0.00010987775971308784
1999-02-19,-0.0019453622445685427,0.004413114960266527,4.925927884361386e-06,0.002462826787813623
1999-02-22,0.006037268251622105,0.0026910073297127988,6.309098894357411e-06,0.008721966482440547
1999-02-23,-0.00408757823251666,-0.0011501371064344514,7.968445480875859e-06,-0.005245683784431987
1999-02-24,-0.009894619527066856,0.010189133927912876,5.628817945364312e-06,0.0002888855829006562
1999-02-25,-0.010064989870764762,-0.005471057631432323,7.188519352675084e-06,-0.01554323602154976
1999-02-26,0.0009596335634831986,0.0018171702222590398,1.6490911190995465e-05,0.0027603128745512426
1999-03-01,-0.00408308544639144,0.002670227468573224,1.2273350215104449e-05,-0.0014251313280333202
1999-03-02,0.004128075919247136,-0.0066594788136019505,6.910231101756824e-06,-0.0025383131254565713
1999-03-03,-0.003224427754807335,0.002702900122825313,1.008110493809592e-05,-0.0005316087369201176
1999-03-04,0.0010393224326096153,0.0009210698712729916,1.5315599425102028e-05,0.001945076704457505
1999-03-05,0.00892200879576267,-0.0009009120332578908,1.6428198822591948e-05,0.008004668563682186
1999-03-08,0.0023101914905775795,-0.011327466635849257,1.4470105352614335e-05,-0.009031745250624291
1999-03-09,0.00456935322122627,-0.0044031716805245915,1.6631452440984143e-05,0.00014955008826069422
1999-03-10,0.003790427107922066,-0.007988000588709902,1.5518219661754548e-05,-0.004213091700449591
1999-03-11,-0.0005929621693319233,-0.003315839994218619,1.2693070419783267e-05,-0.003921495233970325
1999-03-12,0.0008084419161606495,0.005528240778898404,1.1566400409221224e-05,0.006325116294649832
1999-03-15,0.003910351604200781,0.008590908688056457,1.3165649102255138e-05,0.012488094643154982
1999-03-16,0.003344211436674174,-0.002590091095700727,1.1774468399108673e-05,0.0007423458725743384
1999-03-17,-0.0011944068476753091,-0.0018871306262360494,1.728368275480481e-05,-0.0030988211566661634
1999-03-18,0.0021647963753621356,-0.0008416313128731259,1.0448772630157634e-05,0.001312716289858852
1999-03-19,-0.004635976248261251,-0.0059517637321319546,9.327458275965743e-06,-0.010597067438669172
1999-03-22,0.00147954717794153,-0.005030876003042962,8.40810136085118e-06,-0.003559736926462283
1999-03-23,-0.003012625059549338,0.0039982949188313325,1.1828507631856109e-05,0.0009738413516501386
1999-03-24,0.0023821368973202,0.003381870777088069,1.3452660838075677e-05,0.005750555013570193
1999-03-25,-0.0009148301370568642,-0.0036833971958255725,1.2072035673972215e-05,-0.004610299368556409
1999-03-26,0.001697469176714741,0.008378396668013998,9.07304938759752e-06,0.01006679279534114
1999-03-29,-0.001941895763655592,0.0006776453544721779,1.1211338536082586e-05,-0.0012754617477194966
1999-03-30,0.007137794503019209,0.00022766507241998727,1.3296850311606712e-05,0.007352162725127589
1999-03-31,-0.006252758146904359,0.007515351109254842,9.185237771085333e-06,0.0012534077245793978
1999-04-01,-0.0037254861753445332,0.00878726273209903,1.1011662357847572e-05,0.005050764894396649
1999-04-02,0.007955889106685023,-0.0003766415036789675,1.4330266857272086e-05,0.007564917336148783
1999-04-05,0.0029519675642379036,0.005984935778981392,7.81133024827572e-06,0.00892909201297102
1999-04-06,0.005574293022438426,-0.00014591528357842435,1.3782867099563572e-05,0.005414594871760438
1999-04-07,-0.0033777193652828894,-0.0014854613837260947,8.186554028989518e-06,-0.004871367303037974
1999-04-08,0.009493174047327526,-0.0007988867401325295,6.451235457119229e-06,0.008687836071737877
1999-04-09,0.0019769834735908517,-0.0041608326165561435,1.7230444003457304e-05,-0.002201079586968749
1999-04-12,0.0009852559348768706,0.0017208573440726021,2.6753289178748584e-05,0.002679359989770724
1999-04-13,-0.0022250791452240364,-0.004143540632497226,2.798259592509513e-05,-0.006396602373646357
1999-04-14,-0.004079454951923977,-0.0014016182612783881,2.7303284265602417e-05,-0.005508376497467968
1999-04-15,-3.342912067227249e-05,-0.004287051925503032,2.5982919325739896e-05,-0.004346463965501044
1999-04-16,-0.0006910092923818692,0.0005887791902417401,2.380265117302167e-05,-0.00012603275331315073
1999-04-19,0.0019705490883085578,-0.0026619800246697046,2.8021766677181073e-05,-0.000719452703038328
1999-04-20,-0.0004558110139505629,-0.0025324645510996025,2.6309720517928316e-05,-0.0030145852855680937
1999-04-21,0.002464540236767528,0.002076481236352712,1.9748323849407233e-05,0.004521273149270833
1999-04-22,-0.0022088089418131978,0.002562354590294864,1.9023019316007206e-05,0.000334522629165659
1999-04-23,-0.0008511312767068392,0.0008157935865277707,1.7518729688584292e-05,-5.285641986765279e-05
1999-04-26,-0.0005566170822135002,0.0073465158088308925,2.015267920831689e-05,0.006769746047409075
1999-04-27,0.0024495898964156087,0.002199651914297435,1.4508400780410845e-05,0.004634733409932633
1999-04-28,0.0009936730222129516,-0.0028129190575930294,2.200367352958657e-05,-0.0018412497089096644
1999-04-29,0.004062909036839896,-0.0024736994451122853,1.806834697105315e-05,0.0015711412447565571
1999-04-30,-0.005358913557934662,8.637286439741257e-05,1.8321179684027707e-05,-0.005290861873221277
1999-05-03,0.0011333211804810792,0.0003107494824356135,2.0059543571822633e-05,0.0014240111193448701
1999-05-04,-0.0032819138201793116,-0.0038931640285939356,2.3008398146264134e-05,-0.007198086246919511
1999-05-05,0.003555096527554494,-0.001527098103569872,1.3541818124930559e-05,0.0020144566058596914
1999-05-06,-0.0062591110711220236,-0.002753529039872281,1.595252885809192e-05,-0.009028592639852397
1999-05-07,-0.004436058636434651,0.009777029107223622,1.0093316760986134e-05,0.005330877154027984
1999-05-10,0.0003215714740987137,0.0020516656881449783,1.4558961215364751e-05,0.002358678201028327
1999-05-11,-0.003371241596705055,0.00013233193505471515,2.13729536231294e-05,-0.0032602826152734687
1999-05-12,-0.0002856094209053124,0.0014968741804670144,1.129524962052637e-05,0.0011999695099411756
1999-05-13,0.00582261973901114,-0.0003036170565481487,1.0101261253030674e-05,0.00550890142120996
1999-05-14,-0.014220972646467806,0.009917020233654034,8.857011284745884e-06,-0.004312809424098518
1999-05-17,-0.002390348987068162,0.00040902322823875743,1.1262381485123539e-05,-0.0019925881403145282
1999-05-18,-0.004695062673546248,-0.0005450071922111458,2.2016680812935115e-05,-0.005262086546570329
1999-05-19,0.00017077197522591338,0.012832292872474605,8.793439400898312e-06,0.012994271408299621
1999-05-20,6.126827685198986e-06,0.0070699618100580845,9.008955966219826e-06,0.007067079681777063
1999-05-21,0.0029228723770358743,0.007627077258301558,6.483050455790352e-06,0.010543466584881643
1999-05-24,-0.0019701043875293553,0.010618676443636926,8.75415977581503e-06,0.008639817896331755
1999-05-25,-0.002197796064113112,-0.0061299635682417536,6.960710583274375e-06,-0.00833472034293814
1999-05-26,-0.0006060673914745362,0.0037176564497510517,1.3562959513546789e-05,0.0030980260987629685
1999-05-27,-0.0022443735313825938,-0.00022222996197932704,8.307731750797194e-06,-0.0024749112251127177
1999-05-28,-0.0020098700058618735,-0.0023560681252189908,8.597589547002924e-06,-0.004374535720627868
1999-06-01,-0.009123757453933573,-0.0026003059182263606,1.3268848017208611e-05,-0.011737332220177142
1999-06-02,-0.0008243401018987544,0.005628906837673113,8.100503729859237e-06,0.004796466232044498
1999-06-03,0.0011340926168515255,-0.01054188791123344,1.0198390445393576e-05,-0.009417993684827307
1999-06-04,0.003942243215797886,0.0032805986830460815,6.5846500453634896e-06,0.007216257248798604
1999-06-07,0.0047585890084431365,-0.00418015982084242,9.936706337063377e-06,0.0005684924812636529
1999-06-08,-0.004125708532177254,-0.0050351518461317305,9.937257462641911e-06,-0.009170797635771626
1999-06-09,-0.0017353112120581833,0.0017852999084936594,1.3315745459460034e-05,3.667295097601604e-05
1999-06-10,-0.005107316197056202,-0.0013775284432712936,1.1515307318326918e-05,-0.006496359947645823
1999-06-11,-0.00022258249764827874,-0.003417466393006606,9.040546548365713e-06,-0.0036490894372032505
1999-06-14,0.00018592632439597872,0.003628497147596224,8.361310452711148e-06,0.0038060621615394917
1999-06-15,0.0020739585136464035,0.014134608913845681,1.4124030253501685e-05,0.01619444339723858
1999-06-16,-8.646687848183534e-06,0.0007483020572167784,1.2288725990986344e-05,0.0007273666433776085
1999-06-17,0.012456358769799461,-0.0028934637819655893,1.3388188696601663e-05,0.009549506799137271
1999-06-18,-0.0037619859908817983,-0.007364475762221813,1.2414720134837367e-05,-0.011138876473238449
1999-06-21,-0.005638621407813455,0.0052820306613403974,2.4772540304454537e-05,-0.0003813632867775119
1999-06-22,-0.00274409395222347,0.006731812472773947,1.3107213628380704e-05,0.0039746113069220965
1999-06-23,2.114707983048251e-05,0.002935948738275786,1.364060864878854e-05,0.0029434552094574798
1999-06-24,-0.002264952096766896,0.003874297791488107,1.2541074025910761e-05,0.0015968046206953001
1999-06-25,0.0007414502623906462,-0.0033947680233882647,1.2356895238879634e-05,-0.0026656746562364986
1999-06-28,0.005803789770317709,-0.0009813007044125062,1.371206219228525e-05,0.004808777003712917
1999-06-29,0.0037165178343869605,-0.0009958181678491884,1.107538694487268e-05,0.0027096242795928995
1999-06-30,0.011080203035240623,-0.010587689133197693,1.1042547969053962e-05,0.00048147135407387593
1999-07-01,-0.00022110676679831088,0.013583742138256055,1.502595998994646e-05,0.013347609411467797
1999-07-02,0.0022466235499993092,0.00996814107839967,2.077623847715608e-05,0.012193988389921823
1999-07-06,-0.010558384013319929,0.020671418824352687,1.946571659393115e-05,0.010093569094438827
1999-07-07,-0.0007973140894820162,-0.004530352413623795,2.0453534148508097e-05,-0.005348120037254318
1999-07-08,0.003051155510888282,0.006568210963972856,3.0155185855671312e-05,0.009589211289005466
1999-07-09,0.0013609922409739494,0.005061497764132873,1.4614733988076265e-05,0.006407875271118746
1999-07-12,0.0034271318616446874,-0.004556805237241394,1.394618568154976e-05,-0.001143619561278256
1999-07-13,0.0021961426745641583,0.0020096935873149405,1.1308386108682198e-05,0.004194527875770417
1999-07-14,-0.001189845245541813,-0.007450435586845731,1.3704370476859725e-05,-0.008653985202864404
1999-07-15,0.002043653386754451,-0.006097993122841051,1.1680967497150595e-05,-0.004066020703583751
1999-07-16,0.0006704384365652208,0.006522377082361088,7.882110218135844e-06,0.0071849334087081725
1999-07-19,0.0034289095130985857,-0.01384645972493197,9.995101355962365e-06,-0.010427545313189348
1999-07-20,-0.004114834811405106,0.007496611657851981,1.0331880717364826e-05,0.00337144496572951
1999-07-21,0.004648932804441747,-0.004587131677359219,2.7556304408640752e-05,3.424482267388712e-05
1999-07-22,-0.004226627701992678,-0.003016085098777547,1.9272979311945896e-05,-0.00726198578008217
1999-07-23,-0.0016968535136598385,-0.0032876113053656145,1.3328825948800356e-05,-0.004997793644974253
1999-07-26,-0.002792993837301202,0.002614816594770481,1.8744920574164338e-05,-0.00019692216310488537
1999-07-27,0.001117643384579806,0.004943574322069626,1.0992313003775352e-05,0.006050225393645657
1999-07-28,0.0008229881742567269,-0.00239808654136622,8.588156901468495e-06,-0.0015836865240109615
1999-07-29,0.00039012129985338496,-0.002518788811300204,9.069537615002023e-06,-0.0021377370490618212
1999-07-30,-0.005094186440207283,-0.010436185830953335,7.091304313167917e-06,-0.015537463575473785
1999-08-02,0.00039327412775553357,-0.008394121038794522,1.1317265084416356e-05,-0.008012164176123404
1999-08-03,-0.0019010881096392675,0.004085907974540439,1.0266097011299565e-05,0.002174553767889872
1999-08-04,0.000803078375943124,-0.005780592721978598,1.2465095731983064e-05,-0.004989979441767456
1999-08-05,0.004338185300082854,-0.0005863582330670659,7.695646493686328e-06,0.003744131420522102
1999-08-06,-0.0072749212784793725,0.0016045779949921109,7.707692509310554e-06,-0.005678050975996572
1999-08-09,-0.0021570350411631695,0.0014365725181695328,1.0151175503500289e-05,-0.000730613698497137
1999-08-10,-0.0008216015146603375,-0.0010457309867110787,1.5995582018317054e-05,-0.0018833280833897331
1999-08-11,0.005451807213621586,0.003828600188559612,6.374855639445315e-06,0.009274032546541754
1999-08-12,0.0003122136111612275,0.011119969217601524,7.23411581763448e-06,0.011424948712945117
1999-08-13,0.00760266903597988,-0.002191178051477189,6.8664925279861385e-06,0.005404624491974705
1999-08-16,-0.0005737781885508642,-0.002890084822476393,1.5339636028786862e-05,-0.0034792026470560444
1999-08-17,0.009069782073582805,-0.0026031796366141596,1.681575187261477e-05,0.006449786685096031
1999-08-18,-0.0036156886004336326,0.00156112720613688,1.2125536517885252e-05,-0.002066686930814638
1999-08-19,-0.002078494641154668,-0.006441155005997834,1.0564857510381542e-05,-0.008530214504662884
1999-08-20,-0.00029569873129769054,0.004005868859839126,1.3861406303982648e-05,0.003696308722237453
1999-08-23,-0.0034778180448415156,0.002566733026604097,1.0368500884805066e-05,-0.0009214535191222239
1999-08-24,-0.0011631983211960154,-0.0010046125256092534,7.689488705903428e-06,-0.002175500335511172
1999-08-25,0.0012831848475106428,0.0009428876823611218,1.4641499695077543e-05,0.002211431030176687
1999-08-26,0.000982479463338611,0.004777021336106673,5.436857546508076e-06,0.005754063941898776
1999-08-27,-0.004047237559109754,0.0011042733769808287,1.1904926552925987e-05,-0.002954869108681851
1999-08-30,-0.003754519468115409,0.0006524658972412963,8.188306311328985e-06,-0.003110241877185441
1999-08-31,0.001078390900883133,-0.018328252727685793,1.120756640292999e-05,-0.01726106939320559
1999-09-01,-0.0030402197628610576,-0.006483734580349342,9.166666255452972e-06,-0.009533121009465852
1999-09-02,-0.00433420361433876,-0.001990401695796709,1.3068362991000689e-05,-0.006337673673126471
1999-09-03,0.00889175137664802,0.0012152284083411032,1.0124573998457955e-05,0.010096855210990664
1999-09-07,0.0016693361826612407,-0.00465456059933889,1.0965010186281422e-05,-0.0029961894268639303
1999-09-08,0.0022353396458162245,0.0035915532917375095,1.617640371207569e-05,0.005810716533841659
1999-09-09,0.0016294155261481343,-0.015135850959384935,8.103569726531323e-06,-0.013514539002963332
1999-09-10,0.003912097273464588,0.0052473139088716906,1.1401690301217061e-05,0.00914800949203506
1999-09-13,0.00020721652065751453,-0.0025743955292298988,1.779958187603207e-05,-0.002384978590448416
1999-09-14,-0.003781609998088572,0.001969208527278133,1.1707040236373425e-05,-0.0018241085110468121
1999-09-15,4.219327226936948e-05,0.0005075229044479831,9.026256626391471e-06,0.0005406899200909611
1999-09-16,0.002899333047307295,0.0007444496431468039,8.955910235291273e-06,0.0036348267802188074
1999-09-17,-2.032681047776355e-05,0.0012807282753350736,1.103172490581052e-05,0.0012493697399514996
1999-09-20,-0.003916166022707412,0.0033022207550612733,7.5986087208791845e-06,-0.0006215438763670178
1999-09-21,0.010483685636168,-0.004680349699163477,7.79812600539636e-06,0.005795537810999126
1999-09-22,0.008676468262404698,0.0008679881034833725,6.733012677246483e-06,0.009537723353210825
1999-09-23,0.01095598017529736,2.1002036464666573e-06,2.3057404351448666e-05,0.01093502297459238
1999-09-24,0.008318669605622594,0.0008907981851640983,7.976479904282085e-06,0.00920149131088241
1999-09-27,0.011782203465522223,0.003149369330701833,8.526215145806836e-06,0.014923046581078249
1999-09-28,0.01683099954179719,-0.006019248776215286,2.0009866796867228e-05,0.010791740898785037
1999-09-29,-0.006354829957655417,0.006327627415480697,2.753119598487009e-05,-5.473373815958975e-05
1999-09-30,0.0032826046317341716,-0.0031398934355030546,1.597125320127091e-05,0.00012673994302984617
1999-10-01,-0.006563375982397526,0.000671248413720834,9.089800272275084e-06,-0.005901217368948967
1999-10-04,-0.0016665110418214396,0.0035460356560768395,7.863065039180034e-06,0.0018716615492162198
1999-10-05,-0.009717714513912633,7.831704092678068e-05,8.782357686879703e-06,-0.009648179830672732
1999-10-06,-0.0011636895110054895,0.0027014207146918035,9.617289548916612e-06,0.0015281139141373973
1999-10-07,-0.0062473117221073324,0.0030397074726306933,7.4737403871885845e-06,-0.003215077989863828
1999-10-08,-0.013613329857411535,0.010210615384119232,1.0078152120818232e-05,-0.0034127926254131206
1999-10-11,0.0030441676301460148,0.0025356433339609914,1.1834307945051465e-05,0.005567976656161955
1999-10-12,0.0037276202704248427,-0.008990035300765982,1.8553119327794773e-05,-0.005280968149668934
1999-10-13,-0.0004746662745228673,0.0020950481219870285,7.822560854242244e-06,0.0016125592866099191
1999-10-14,-0.004954339097664877,0.003694785050254566,1.0117034483931303e-05,-0.0012696710818942427
1999-10-15,0.007881190244076616,-0.0037281073097938976,9.2937719748983e-06,0.00414378916230782
1999-10-18,-0.0016748420424658969,-0.0012730378408278265,8.07820209740319e-06,-0.0029559580853911267
1999-10-19,-0.004339938671027183,-3.883050396787479e-05,1.1369326592025046e-05,-0.004390138501587083
1999-10-20,0.0009022707587212336,0.0028560689318225495,8.269895281767028e-06,0.003750069795262016
1999-10-21,-0.0017612361981473317,-0.0018189303662912285,8.14196846881297e-06,-0.0035883085329073733
1999-10-22,0.0016747799519367366,0.0034332450152098908,9.481678993670923e-06,0.005098543288152957
1999-10-25,-0.0007118664008676823,-0.0013876692805020506,1.0148031865436378e-05,-0.002109683713235169
1999-10-26,-0.0015764926416167312,0.01207119824724973,1.2538625935508355e-05,0.010482166979697491
1999-10-27,0.004177903755066876,-0.0024617242335274753,8.542057884806558e-06,0.0017076374636545944
1999-10-28,0.0015823741242166956,-0.003412344281776762,9.161609398596414e-06,-0.0018391317669586627
1999-10-29,0.010996700008501855,-0.0025802655193405957,8.202512424243281e-06,0.008408231976737018
1999-11-01,0.0003725692524182909,0.007579044231930869,1.0277553288659148e-05,0.0079413359310605
1999-11-02,-4.533561031610134e-05,-0.0041706854188223175,1.3840622031340217e-05,-0.004229861651169758
1999-11-03,-0.0010552963052775223,0.00012653690517979018,5.77633101223654e-06,-0.0009345357311099687
1999-11-04,0.004000759519432512,0.0016631246752742042,7.263456650810955e-06,0.005656620738055905
1999-11-05,0.0021764424420017423,0.007213107873304414,6.969017942266095e-06,0.00938258129736389
1999-11-08,-0.0005136648619783874,-0.0024124784201975105,9.061088674417559e-06,-0.0029352043708503156
1999-11-09,0.0008432475924450627,0.0002442668616100583,5.610552632056087e-06,0.001081903901423065
1999-11-10,-0.0012676401781290007,0.0029319938921491895,6.374232146545021e-06,0.0016579794818736438
1999-11-11,0.0018846077740304378,0.004714030050649834,6.168072589872824e-06,0.0065924697520904
1999-11-12,0.0063471378602748514,0.0069104615347350025,2.0554922580639797e-05,0.013237044472429214
1999-11-15,0.00010999198719564539,-0.006351076842526447,1.8431808779258325e-05,-0.006259516664110059
1999-11-16,-0.0009656009211490926,-0.0008448906402948732,1.7792701510768175e-05,-0.0018282842629547338
1999-11-17,-0.0036022248203676473,0.002185443271291041,1.63637934231436e-05,-0.00143314534249975
1999-11-18,-0.0058427066080050495,0.005212222615606515,1.4797247823142491e-05,-0.0006452812402216768
1999-11-19,0.003993424386365343,-0.0019162306008514024,1.7242443215308247e-05,0.0020599513422986326
1999-11-22,0.0005147801999369228,-0.004673601475646905,1.4050005158608113e-05,-0.00417287128086859
1999-11-23,-0.0020027694441095006,-0.0020887325378106543,1.486634602998023e-05,-0.004106368327950136
1999-11-24,-0.004058461448791368,0.0016910897323841752,3.13826461861672e-05,-0.0023987543625933598
1999-11-26,0.001026509398846681,-0.0017486787912502422,1.1165376361510825e-05,-0.000733334768765072
1999-11-29,-0.01124388681606419,0.009160749355419839,1.1518276589467239e-05,-0.0020946557372338187
1999-11-30,-0.0026506323729080876,-0.0026086355792538157,1.4439716360325556e-05,-0.005273707668522229
1999-12-01,0.0023304947409874357,0.0035417807412735096,1.264472546450512e-05,0.00585963075679644
1999-12-02,0.0012054984671628626,0.009227192706413492,8.337531035038306e-06,0.010424353642541318
1999-12-03,0.0029758078166055115,-0.00013968714450011467,1.1047160209434833e-05,0.002825073511895962
1999-12-06,0.008782527149111267,-0.0016701550616702793,7.316556155978622e-06,0.007105055531285009
1999-12-07,0.001984902415104223,-0.0030663006854560436,1.4758939793514963e-05,-0.0010961572101453358
1999-12-08,-7.757336646450983e-05,0.007066105766434164,1.4993806035206997e-05,0.006973538593934447
1999-12-09,-0.004881163784236519,0.0026131820284289414,8.111004912448704e-06,-0.002276092760720026
1999-12-10,0.003957964763553584,-0.0008227053035955035,6.344240909939134e-06,0.0031289152190481406
1999-12-13,-0.0013117697700303947,0.002981019427490947,9.04712575008175e-06,0.0016602025317104705
1999-12-14,-0.005540194375002824,3.671597726371406e-05,1.1423146337629862e-05,-0.005514901544076739
1999-12-15,-0.0028877682799850423,-0.009759762884240707,7.052350194080132e-06,-0.01265458351441983
1999-12-16,0.00040376249229439167,-0.000604402717915329,1.683931990596134e-05,-0.00021747954552689872
1999-12-17,0.0004819359862839978,-0.0030195730368351346,1.0895427879693512e-05,-0.00254853247843083
1999-12-20,0.0004965451103846814,-0.0032936842478100675,5.483610035517166e-06,-0.002802622747460903
1999-12-21,0.0005170240016090714,0.0018816365984524847,6.437246151063283e-06,0.002392223353910493
1999-12-22,-0.0005378099379735079,-0.007844870110819458,4.033819533993635e-06,-0.00838671386832696
1999-12-23,0.003702147039762977,-0.001493600374137574,5.916532617405583e-06,0.0022026301330079975
1999-12-27,0.0007511213199712964,0.0020335481400433775,7.782810342619525e-06,0.0027768866496720545
1999-12-28,-0.0014487932664016827,-0.0009350292291473114,8.688887841526134e-06,-0.0023925113833905202
1999-12-29,-0.0009317700341238726,-0.0035221661676419634,6.809503209771033e-06,-0.004460745704975607
1999-12-30,-0.0037622798900140177,-0.00024607801743309213,1.4304141265181252e-05,-0.004022662048712291
1999-12-31,-0.0013993534897775266,0.0006205628858197414,1.2865010700027979e-05,-0.0007916556146578132
2000-01-03,-0.0022436288788593435,0.0020023312961780903,1.3227819420903378e-05,-0.0002545254021021566
2000-01-04,0.005042775904062754,0.014679009612211791,1.7191373989457145e-05,0.01970459414228509
2000-01-05,-0.0054558961212628244,-0.0008709408739272172,3.0409717258502734e-05,-0.006357246712448545
2000-01-06,0.0016697130204115904,0.0021495105128286054,2.2777500173842362e-05,0.0037964460330663537
2000-01-07,0.0052174877105200836,-0.0046365985551441525,1.1674962988532297e-05,0.0005692141923873988
2000-01-10,0.002636685699407273,0.0006948038449403795,1.732732935458637e-05,0.0033141622149930666
2000-01-11,0.004324559846140908,-0.0004551782928489506,1.3623079251947388e-05,0.00385575847404001
2000-01-12,0.003435662452079595,-0.00797414029806319,1.504999952531663e-05,-0.004553527845508911
2000-01-13,0.008325574329732431,-0.003884719715714619,1.3291617860366642e-05,0.004427562996157445
2000-01-14,0.00433153997010065,-0.002305099034566816,1.9814140127641997e-05,0.0020066267954061915
2000-01-18,0.0008191514486271227,-0.00645937804896839,1.0861418373194812e-05,-0.005651088018714462
2000-01-19,0.002388788176594723,-0.0063700442479147044,1.0793415709584508e-05,-0.003992049487029566
2000-01-20,0.0004409573224491625,0.003014941635980169,1.0184817707714399e-05,0.003445714140721617
2000-01-21,0.0004094447432993807,0.000613684843086556,1.0656556784683521e-05,0.001012473029601253
2000-01-24,0.0063504797015908965,0.006011523684805089,7.80641509390802e-06,0.012354196971302077
2000-01-25,0.002630319805482758,0.007857448301271535,8.376824312414031e-06,0.010479391282441878
2000-01-26,-0.004236577157195239,0.0036672276500994043,8.99963283639965e-06,-0.000578349139932234
2000-01-27,0.0027601426266223796,-0.004845932295404933,1.0400277140417734e-05,-0.002096189945922971
2000-01-28,0.001819421101095088,0.018197305295761003,1.3617480046050201e-05,0.020003108916810043
2000-01-31,-0.0031747935175300765,0.0013188980471952872,1.4780447419547345e-05,-0.0018706759177543367
2000-02-01,0.0070220325929167,0.0018747026777644524,2.317014760211427e-05,0.008873565123079038
2000-02-02,-0.0021916965420462208,0.0037444707823760717,1.7841021803147355e-05,0.0015349332185267035
2000-02-03,0.004626649369901882,-0.005023802564037288,1.4638652224907723e-05,-0.0004117918463603142
2000-02-04,0.003416062816395712,-0.029861758618795083,1.6318477921231956e-05,-0.026462014280320603
2000-02-07,-0.004897019188606019,0.015093366480488743,1.369447084074422e-05,0.01018265282104198
2000-02-08,0.0017145755974529427,0.002397452003862597,3.465203596776448e-05,0.004077375565347775
2000-02-09,0.0005823352446746948,-0.007162994017864071,1.535232080557454e-05,-0.006596011093994951
2000-02-10,0.0029149100822134723,-0.01313892001499619,1.363275723334133e-05,-0.01023764269001606
2000-02-11,-0.0028712259367338257,0.004529795269120397,1.4366655536430407e-05,0.0016442026768501404
2000-02-14,0.0064384546505661475,0.0011003402232366648,1.757563532771689e-05,0.007521219238475096
2000-02-15,-0.002625028375468334,0.009333146293955166,1.0312191214259516e-05,0.006697805727272572
2000-02-16,0.003779311112480195,-0.0012527426346664278,8.176660869933686e-06,0.0025183918169438334
2000-02-17,-0.004786333075375386,0.004064757188524567,7.1373392314797865e-06,-0.0007287132260822986
2000-02-18,0.0006055539395120554,-0.001125748245532715,8.807142152111882e-06,-0.0005290014481727715
2000-02-22,0.003889580987991671,-0.005246855801287171,7.09668194111511e-06,-0.0013643714952366155
2000-02-23,-0.009358239742196808,0.007658323709880378,1.0387820042525198e-05,-0.0017103038523589552
2000-02-24,0.0013080582381880385,-0.0004278856734911196,1.7402323681853104e-05,0.0008627702410150657
2000-02-25,-0.004510778491635189,0.009444993941985025,1.1762366110266693e-05,0.0049224530842395696
2000-02-28,-0.0030894647696344864,0.007942600229527946,9.063898704944135e-06,0.004844071561188516
2000-02-29,0.007423951592076429,0.002377017081670562,1.1367730427967962e-05,0.009789600943319024
2000-03-01,0.005990221762439433,-0.011311689082975137,1.0567966430104343e-05,-0.0053320352869658085
2000-03-02,-0.0005010307131033281,0.007553805170655001,9.241554406236369e-06,0.007043532903145437
2000-03-03,0.003158296276704741,-0.0010891663363862688,1.882083426621631e-05,0.0020503091060522557
2000-03-06,0.0036824049820382986,0.0007672999277067023,6.910722666387894e-06,0.004442794187078613
2000-03-07,0.002963648706497637,-0.0060531573027465795,8.762288162467827e-06,-0.00309827088441141
2000-03-08,-0.01378099554550651,0.00404791175506178,8.629131663164398e-06,-0.009741712922107895
2000-03-09,0.008269002546701185,-0.006350397407661678,9.323644674409788e-06,0.0019092814943650978
2000-03-10,-0.004961165979586787,0.005300440563944874,1.356445135639915e-05,0.00032571013300168844
2000-03-13,0.005252686703682754,-0.006982018936895142,7.2504576472051e-06,-0.001736582690859593
2000-03-14,0.008205216119834755,-0.006451515052266779,7.026116689999006e-06,0.0017466749508779763
2000-03-15,-0.001214902187817758,0.0004044408091799526,5.536446039665224e-06,-0.0008159978246774707
2000-03-16,0.0027978489117506597,8.963015706291296e-05,1.1322672026660107e-05,0.0028761563967869123
2000-03-17,0.006948746426433604,0.002947357612187509,1.0607285821756219e-05,0.009885496752799356
2000-03-20,-0.0074090405192625015,-2.897429443929735e-05,1.166645686276464e-05,-0.007449681270564563
2000-03-21,0.0003673585228612968,-0.0011305458741938722,1.1305391240944923e-05,-0.0007744927425735202
2000-03-22,0.000965696676480347,0.0013276669768100553,1.019956574377614e-05,0.002283164087546626
2000-03-23,-0.0011292715067593563,0.0017402087863642216,7.887468909703596e-06,0.0006030498106951616
2000-03-24,0.0020865775627104096,0.003433707547212572,9.167822602773002e-06,0.005511117287320209
2000-03-27,-0.001290166114372017,0.005660559631017391,1.0148022502042135e-05,0.004360245494143332
2000-03-28,-0.005774763948803906,-0.001291234819857075,1.7021164112130242e-05,-0.007083019932773111
2000-03-29,0.003423127034971751,0.0021386035057575996,7.850718091052979e-06,0.005553879822638298
2000-03-30,0.007031863132373098,-0.006022704034382125,9.663976130131232e-06,0.0009994951218608417
2000-03-31,0.005295611536346683,-0.014486199869758212,9.092314403844737e-06,-0.009199680647815374
2000-04-03,-0.001346271104237969,0.010094928831207847,1.6877534841678664e-05,0.0087317801921282
2000-04-04,-0.0023198913574832766,-0.009007732558972657,1.9469300141098206e-05,-0.011347093216597033
2000-04-05,-0.00018683030402793496,0.0056037231094019715,1.5108331079509675e-05,0.005401784474294527
2000-04-06,-0.007314577183138436,0.006577313892112467,1.7085760953001355e-05,-0.0007543490519789705
2000-04-07,0.00034789264339665316,0.0001956191585507504,1.0817017123137115e-05,0.0005326947848242665
2000-04-10,-0.007007208195246291,-0.0010362149597166997,1.4225088818114181e-05,-0.008057648243781105
2000-04-11,-0.0026108926894094506,0.0034802955200129667,9.899952347973153e-06,0.000859502878255543
2000-04-12,0.006478666823330893,-0.0007626264983779422,8.720886616594078e-06,0.005707319438336357
2000-04-13,0.00041672403309316416,9.743493146033337e-05,7.905559780294512e-06,0.000506253404773203
2000-04-14,-0.0024694412961840644,-0.0011124295270758659,7.898972975953293e-06,-0.0035897697962358837
2000-04-17,-0.005165043881712101,0.0031322275190848996,9.003051546861826e-06,-0.0020418194141740634
2000-04-18,0.0005489375150265976,0.0023684296600103034,9.001689921236115e-06,0.0029083654851156646
2000-04-19,0.007330787248024689,-0.00044005992158372385,1.0525587697135992e-05,0.00688020173874383
2000-04-20,-0.00016614882514407787,0.004576566343851025,8.798827649845207e-06,0.004401618691057102
2000-04-24,0.001351824847966278,0.000705423163600383,7.314086911375374e-06,0.002049933924655286
2000-04-25,-0.0018630123576170317,0.004263047364033439,6.720768076150452e-06,0.0023933142383402565
2000-04-26,-0.0032160176623285937,0.007766995620531732,8.922335480452304e-06,0.0045420556227226865
2000-04-27,-0.002733842374091781,0.0056839152414012335,1.325672239621001e-05,0.0029368161449132425
2000-04-28,-0.0029865680086337077,0.012814944372117379,6.7610334580802125e-06,0.009821615330025589
2000-05-01,0.008859297457695463,-0.004384171553365679,1.1080316728382283e-05,0.004464045587601402
2000-05-02,-0.0002605366736170126,-0.005091374591819952,2.110591412534934e-05,-0.005373017179562314
2000-05-03,-0.004769346482473381,-0.0010245785866331949,1.865830382969337e-05,-0.00581258337293627
2000-05-04,-0.005563459989779986,-0.005516135124143407,9.182058675783397e-06,-0.011088777172599176
2000-05-05,-0.0008041207511183988,0.0026905533344740748,1.0536307503606453e-05,0.0018758962758520696
2000-05-08,-0.0001496797925455485,0.008849450718109064,1.0001834355094754e-05,0.008689769091208421
2000-05-09,0.0038835752175694943,-0.0003967660729474853,1.2290838257459532e-05,0.00347451830636455
2000-05-10,-0.00142032650142379,-0.005692875272560384,6.881361553542055e-06,-0.007120083135537716
2000-05-11,0.0050178048113928425,-0.000914391470388945,8.020712453302843e-06,0.004095392628550594
2000-05-12,0.0022602462073208177,-0.00367576506004625,8.263613254225674e-06,-0.0014237824659796582
2000-05-15,0.00313568137406022,0.006825817308320555,8.488951384713204e-06,0.009953009730996063
2000-05-16,-0.000379082681147786,0.0011882518446064295,9.62597567222612e-06,0.0007995431877864174
2000-05-17,-0.0025728190036315188,0.00715237132990409,7.291046647877171e-06,0.004572261279624695
2000-05-18,-0.001697633648077749,0.0007396935220474201,7.161469239951938e-06,-0.0009651015952702809
2000-05-19,-0.0007418843668185629,-0.012267455590329115,7.209579488074004e-06,-0.013016549536635752
2000-05-22,-0.0028451960823312828,-0.0046607705380435314,7.441948345422557e-06,-0.007513408568720237
2000-05-23,-0.004798911866063465,0.0019401519928787352,1.0731205700727084e-05,-0.0028694910788854572
2000-05-24,0.00411970704199054,0.006623932313767454,8.579071074807107e-06,0.010735060284683186
2000-05-25,0.0012177020440244327,0.003525980094137705,9.404399541415945e-06,0.004734277738620722
2000-05-26,0.0008304793669357595,-0.009926309693536941,6.586450559343442e-06,-0.009102416777160524
2000-05-30,0.006537010638102476,0.007398981395631875,8.475661999517554e-06,0.013927516371734833
2000-05-31,-0.0032708806743054937,0.0016342679569183445,9.32601461416993e-06,-0.0016459387320013192
2000-06-01,0.008516439243181333,0.0014797590003802165,1.0795435363215731e-05,0.009985402808198336
2000-06-02,0.0058098920629318235,-0.017253598072670066,8.00202500174762e-06,-0.01145170803473999
2000-06-05,-0.00026982417848595073,-0.00832428849604813,5.519332049955454e-06,-0.008599632006584037
2000-06-06,0.0008364563790853337,-0.011622019080543071,2.1356459417081502e-05,-0.010806919160874819
2000-06-07,0.0015320104584340935,0.0033444463711054676,5.337750839165146e-06,0.004871119078700396
2000-06-08,-0.003846954987330004,0.0051002592395569,9.501703580650466e-06,0.0012438025486462454
2000-06-09,-0.00047659604433471063,0.002069545469887096,6.491063285524021e-06,0.0015864583622668617
2000-06-12,0.001707811809266512,-0.0005100747300995069,6.644940260560285e-06,0.0011910921389064447
2000-06-13,0.0035492260178780527,-0.0005475370289695693,9.777599330665508e-06,0.002991911389577818
2000-06-14,-0.0020031901308681706,-0.008243859095570513,9.445224266506382e-06,-0.01025649445070519
2000-06-15,0.0012985523611821052,0.001709415105479123,9.220248548681299e-06,0.002998747218112547
2000-06-16,-0.0031547784654484563,-0.006157199787601966,1.0278750177572225e-05,-0.009322257003227995
2000-06-19,-0.0002043437444421318,0.0014293949242656992,8.040227479653335e-06,0.0012170109523439142
2000-06-20,0.0026393808248714496,0.00038238725812962416,9.058919999459061e-06,0.0030127091630016145
2000-06-21,-0.0021935382192387405,0.0025749167447492267,5.544593070670916e-06,0.00037583393243981525
2000-06-22,0.0027862362972854013,-0.00019947480634161505,7.54624328451509e-06,0.0025792152476592713
2000-06-23,-0.004867467346120471,0.008167764575295248,1.5094308013089961e-05,0.003285202921161687
2000-06-26,-0.0020362131775323437,-0.0019498946154873549,8.745939718182253e-06,-0.00399485373273788
2000-06-27,0.004176820356793646,-0.004687489895564289,6.029513022409065e-06,-0.0005166990517930517
2000-06-28,-0.0029055109462983826,-0.005621615088148915,9.024227330422335e-06,-0.00853615026177772
2000-06-29,0.005652658086857025,-0.0010972071522448628,7.104232143530552e-06,0.004548346702468631
2000-06-30,-0.004604691766112841,0.00681340569117027,1.1261565310563514e-05,0.002197452359746866
2000-07-03,-0.0007592815804097504,0.004179093787219838,8.707419048459849e-06,0.003411104787761628
2000-07-05,-0.008846999889566644,0.011065891860583219,1.4788385031159497e-05,0.0022041035859854154
2000-07-06,-0.0038969328434827815,0.007716881698463322,1.0002152898985026e-05,0.0038099467020815555
2000-07-07,0.005041232029671952,0.0003067968642447485,1.626598214496738e-05,0.005331762911771733
2000-07-10,-0.003923691061106767,-0.005149911737037178,7.840156664636856e-06,-0.009081442954808581
2000-07-11,0.0018534894778587578,0.0027717475488494223,1.104278152337961e-05,0.0046141942451848
2000-07-12,0.0014790920797588163,0.009279326583693827,8.993434599383889e-06,0.01074942522885326
2000-07-13,0.0039060067118033264,0.00015794029084827588,1.0486062455921134e-05,0.004053460940195681
2000-07-14,-0.003152831748609629,0.0030026025081441995,1.0910989231075422e-05,-0.0001611402296965051
2000-07-17,-0.006037261843314788,0.0009631108624866667,8.446502714574784e-06,-0.005082597483542696
2000-07-18,0.003482142488600232,0.0036490681939672755,1.7390903236108857e-05,0.007113819779331398
2000-07-19,-0.0006957212397934153,0.004537267769413688,7.456382749655666e-06,0.0038340901468706173
2000-07-20,0.006472370081001806,-0.012865744950063604,9.52427392358282e-06,-0.0064028991429853814
2000-07-21,-0.0045633730154305465,0.0005062622746270827,1.1277912567803271e-05,-0.004068388653371267
2000-07-24,-0.00644652798346609,0.0039308407311700756,2.3419502704976842e-05,-0.0025391067550009916
2000-07-25,-0.0003215938341964057,0.0004967313284778419,1.2859116048105197e-05,0.00016227837823333096
2000-07-26,-0.0035447132710449596,-0.0007392574749097149,9.380363576887972e-06,-0.004293351109531563
2000-07-27,0.001264019042478015,0.0016501416499219406,9.346468224238248e-06,0.0029048142241757174
2000-07-28,-0.0041782831039907644,0.007056162523729575,7.918503509129077e-06,0.0028699609162296815
2000-07-31,-0.003903958303486535,-0.0011377727639250012,8.03770808224688e-06,-0.005049768775493783
2000-08-01,0.001199340665414612,-0.0008658142730537072,1.1603999882969123e-05,0.0003219223924779357
2000-08-02,0.001400631039239597,0.0020885151020687827,9.488262385893162e-06,0.0034796578789224866
2000-08-03,0.0002981744469219836,0.004531411762439557,7.846135652438032e-06,0.004821740073709103
2000-08-04,0.005279418696424119,-0.0010797672965467654,8.938509916586121e-06,0.0041907128899607675
2000-08-07,-0.003164141705590641,0.004482093679303179,1.0101290681203846e-05,0.0013078506830313341
2000-08-08,0.0023896453819039613,-0.0010278827192293592,1.23084145314018e-05,0.0013494542481432004
2000-08-09,0.002628663144216139,-0.001250373059420566,7.812738709352852e-06,0.00137047734608622
2000-08-10,0.001503323003984403,-0.00014517102037116822,7.172727296953993e-06,0.001350979256316281
2000-08-11,-0.001128226461319999,-0.0004539847970349307,9.01683735741584e-06,-0.0015912280957123457
2000-08-14,0.004737622448051257,0.0018877157267214008,0.00015952201064155764,0.0064658161641311
2000-08-15,0.0005912612012983595,-0.0018090290315947836,1.1289268883830362e-05,-0.0012290570991802545
2000-08-16,0.002143560116576713,-0.0050959083279687,7.823439235537452e-06,-0.002960171650627524
2000-08-17,0.00017943530017577075,-0.000877052698148415,6.559246629651255e-06,-0.0007041766446022954
2000-08-18,-0.0010783535138527826,0.002385408271177299,9.503481926030258e-06,0.001297551275398486
2000-08-21,-0.0013925586142237573,0.005179676705219511,6.239679055218504e-06,0.0037808784119405347
2000-08-22,-0.003177253114636821,0.0014205255980598145,8.973974816361147e-06,-0.0017657014913933676
2000-08-23,0.0030869622529940254,-0.0046375637056351,6.665079150926989e-06,-0.0015572665317920014
2000-08-24,0.0020163760181114458,-0.005078216016802319,6.098590988972449e-06,-0.003067938589679846
2000-08-25,-0.00027600348205038933,-0.0013059769210019094,1.0819610188738478e-05,-0.0015928000132410373
2000-08-28,0.004967419927015859,0.00024771869392676654,1.1093481707722258e-05,0.005204045139234903
2000-08-29,0.004261352353587593,8.418602868615185e-05,9.652005580419697e-06,0.004335886376693325
2000-08-30,-0.0015691620326821628,0.001349912877309575,1.1414391438997946e-05,-0.0002306635468115857
2000-08-31,0.0024905228974370424,-0.009212776867664436,1.3746341904343347e-05,-0.006736000312131737
2000-09-01,0.0012906187317764542,-0.007669176355570604,1.587560751759262e-05,-0.006394433231311743
2000-09-05,0.0028678423175176474,0.003605696188017907,1.8825445677191197e-05,0.006454713059858363
2000-09-06,-0.004688533439244462,0.01116033305221088,1.6027022759176512e-05,0.006455772590207241
2000-09-07,0.004227895083115111,-0.0030995254120460797,1.1312945738217526e-05,0.0011170567253308138
2000-09-08,-0.009671321059134295,0.00379492101206823,1.4346396265490756e-05,-0.005890746443331556
2000-09-11,0.0035631100646479324,0.0041622440390773905,7.818117818677273e-06,0.007717535985906646
2000-09-12,-0.00685482867418232,0.0015221548868699928,1.9566264797953094e-05,-0.00535224005211028
2000-09-13,-0.004314958439783081,-0.001057163584114942,7.749194499685404e-06,-0.005379871218397708
2000-09-14,-0.0021192376669399134,0.003502638361370374,1.0056713506618212e-05,0.0013733439809238423
2000-09-15,-0.0012137174055851419,0.001460605704568367,8.100117643960542e-06,0.00023878818133926457
2000-09-18,0.0030093497402817193,-0.00038743545981588165,5.95571924585548e-06,0.002615958561219982
2000-09-19,-0.0031590664149080197,0.0006560178560328232,8.047191076239425e-06,-0.0025110957499514357
2000-09-20,0.0002541569398835102,0.008255898134224702,6.99195613067633e-06,0.008503063117977536
2000-09-21,0.0011925044021238638,-0.006037533514254229,7.740995871498366e-06,-0.004852770108001863
2000-09-22,0.002922859304814539,-0.00472006880191967,1.4908989819975919e-05,-0.0018121184869251074
2000-09-25,-0.0034284335945140047,-0.0025974221234709295,2.0462478164956257e-05,-0.00604631819614989
2000-09-26,-0.0006842048600736106,-0.004413904037633322,2.1484604754842507e-05,-0.005119593502461775
2000-09-27,0.002417368915927881,-0.007600079278801858,9.556692621479221e-06,-0.005192267055495457
2000-09-28,0.0019381855962540514,0.006737651896096524,7.512488189095884e-06,0.00866832500416148
2000-09-29,6.479370115990558e-05,0.003243583475356036,1.6446152480560525e-05,0.0032919310240353814
2000-10-02,0.00479449457229552,0.004005928729099089,1.8083247340865186e-05,0.008782340054053744
2000-10-03,0.0012119743636069828,0.005962554558335975,7.882960033758697e-06,0.007166645961909198
2000-10-04,-0.0004284434472789731,0.0051554257132919,1.9026978706922726e-05,0.004707955287306004
2000-10-05,-0.0012892009700782915,-0.0007633787181965689,1.4576281296414822e-05,-0.002067155969571275
2000-10-06,-0.0025229476104773477,-3.422144704604837e-05,1.693064452252382e-05,-0.00257409970204592
2000-10-09,-0.0003866887989760484,-0.0009522703210485473,1.722013642961384e-05,-0.0013561792564542095
2000-10-10,0.0051929676856289275,-0.009261402359321259,1.6451670543854107e-05,-0.004084886344236185
2000-10-11,0.00047043643325336295,0.001345054583651898,1.1248802715246935e-05,0.001804242214190014
2000-10-12,0.0037455794412765836,-0.012146316375094158,1.688700036415593e-05,-0.008417623934181731
2000-10-13,-0.002650359551378913,0.009740737137762598,1.64974734739272e-05,0.007073880112909757
2000-10-16,-0.0007206488304749971,0.006044105390771033,4.1258641459224134e-05,0.005282197918836812
2000-10-17,-0.0015627189130365425,-0.0034955180996204733,2.2207608576104183e-05,-0.00508044462123312
2000-10-18,-0.002525614096495059,0.0039055324326935665,1.912263168719759e-05,0.0013607957045113097
2000-10-19,-0.0007228669619087784,0.0010083137695954271,1.421913777203214e-05,0.0002712276699146166
2000-10-20,0.001752071563378542,0.0006072155038673152,1.756509688258015e-05,0.002341721970363277
2000-10-23,-0.0013039340487252583,-0.00047493902069581395,1.2305247418475913e-05,-0.0017911783168395481
2000-10-24,-0.0012587028182582927,0.0007999950814885219,1.054010718337974e-05,-0.00046924784395315053
2000-10-25,-0.003673275292999742,0.013043267799633792,9.213410046711964e-06,0.00936077909658734
2000-10-26,0.00052961780958563,0.003792927417591953,2.6514052544244713e-05,0.004296031174633338
2000-10-27,-0.0016964201703792616,-0.0017255168375756415,2.4895780944833972e-05,-0.003446832788899737
2000-10-30,-0.0021452254919062256,0.0010615426166155602,2.4333218024153553e-05,-0.0011080160933148188
2000-10-31,0.004446239491542284,-0.0027749229973838027,2.4619559872406377e-05,0.0016466969342860747
2000-11-01,-0.0007231915636282441,-0.0053220826693904585,1.3755858409589724e-05,-0.006059030091428293
2000-11-02,0.00545293886294769,-0.0012432030150133448,1.530751407886146e-05,0.004194428333855484
2000-11-03,0.0039683490179462915,-0.0010232686795990627,1.8758515820270925e-05,0.002926321822526958
2000-11-06,-0.0003432212338117308,0.007163285984813131,1.7312616532559024e-05,0.006802752134468842
2000-11-07,0.0011071084549542217,-0.00076049095592728,2.4360472647043835e-05,0.0003222570263798979
2000-11-08,0.00036244611894758723,0.0027066432490817855,9.914333167868552e-06,0.0030591750348615042
2000-11-09,-0.0028943196924124236,-0.0068085164156735135,9.236343452523848e-06,-0.009712072451538462
2000-11-10,-0.0051471706229283855,0.00552474301737795,1.2473078247138096e-05,0.00036509931620242657
2000-11-13,-0.0007743016207123654,-0.002682446403799261,1.3200050612333547e-05,-0.00346994807512396
2000-11-14,5.502226769712375e-05,0.0020290949328310337,9.935229647501093e-06,0.0020741819708806563
2000-11-15,9.768109445734008e-05,0.0001170440972056041,8.173557392350589e-06,0.0002065516342705936
2000-11-16,-0.00035646994911280456,-0.00011622337847679942,1.051789416432288e-05,-0.00048321122175392685
2000-11-17,0.005045120993979498,0.0018629782118704916,8.324153437038144e-06,0.006899775052412951
2000-11-20,-0.0033754253737115366,0.0003904131049835098,6.563939041697704e-06,-0.0029915762077697243
2000-11-21,-0.00018653944380716783,0.0035914965953785798,1.1607865210002002e-05,0.0033933492863614098
2000-11-22,-9.925263798375155e-05,-0.0030877086437127266,1.0812834244200748e-05,-0.003197774115940679
2000-11-24,0.00424610390845616,0.0061096697726956105,9.6834957322514e-06,0.010346090185419519
2000-11-27,-0.0001506544057381646,-0.013616823453745014,1.5122875288350251e-05,-0.013782600734771529
2000-11-28,-0.003986238673972873,-0.0044114827197160615,1.1993369783912641e-05,-0.008409714763472846
2000-11-29,-0.003190114511962037,0.002415403806482093,2.2120862578823193e-05,-0.0007968315680587672
2000-11-30,0.0022139296113344612,-0.015368994520503249,1.2487177353490534e-05,-0.013167552086522276
2000-12-01,0.0005845953315133244,0.004201317704510714,2.3195841177178457e-05,0.0047627171948468605
2000-12-04,-0.000546052580918445,-0.007855447107873822,2.1529138728144003e-05,-0.008423028827520412
2000-12-05,0.0008132702204071567,-0.0016632812904919401,1.6877824603671303e-05,-0.0008668888946884547
2000-12-06,0.0020745829957950807,-0.014253144887348837,1.3931981219179954e-05,-0.012192493872772938
2000-12-07,-0.00802836202774614,0.003922394084888093,2.380147919411749e-05,-0.004129769422052164
2000-12-08,0.005814945489003628,0.004672606624450231,1.296075645489115e-05,0.010474591356998967
2000-12-11,0.0007921296430502848,0.000553987598984404,1.2557169247861606e-05,0.001333560072786827
2000-12-12,-0.002692361156899721,0.0023048381074481103,1.0933260022222787e-05,-0.00039845630947383344
2000-12-13,-0.003118604004015163,0.0029174267580284506,8.503830501279863e-06,-0.00020968107648799207
2000-12-14,-0.0028985684077513308,-0.006031390060988378,1.0028726821797168e-05,-0.008939987195561506
2000-12-15,-0.0011127041524374816,-0.003798483971248805,7.413976841359922e-06,-0.004918602100527646
2000-12-18,0.00824766264114269,-0.001334619517664109,1.0128508457220653e-05,0.006902914615021361
2000-12-19,0.0009714306523500927,0.004400715326356781,9.290788361930195e-06,0.005362855190344944
2000-12-20,-0.007470021117673895,-0.010289715766130293,9.991012287063138e-06,-0.017769727896091252
2000-12-21,0.004808612833149429,-0.006935745620338312,7.898236452654743e-06,-0.002135031023641538
2000-12-22,0.0022753743840357946,-0.00413907064504896,1.6512738365959642e-05,-0.0018802089993791254
2000-12-26,-0.0010562841796772607,-0.0009135615754311845,8.570962950360236e-06,-0.0019784167180588053
2000-12-27,-0.005125641822232223,0.0019131498408504718,8.348655736559933e-06,-0.003220840637118311
2000-12-28,-0.0008045866859622464,0.00757769524776283,1.1632565348876842e-05,0.006761475996451706
2000-12-29,0.008200719414080838,-0.0020027478163832987,1.2407948710810505e-05,0.006185563648986729
2001-01-02,-0.005385973172741365,-0.0061684979046719435,1.7167951657903102e-05,-0.011571639029071212
2001-01-03,0.00642500603304509,0.010826817547319807,3.249039286210302e-05,0.01721933318750279
2001-01-04,-0.0014200245346245094,-0.0038610288831423516,5.909117237755271e-05,-0.005340144590144414
2001-01-05,-0.0033079036156157026,-0.0017118582850431058,4.77520307898756e-05,-0.005067513931448684
2001-01-08,-0.0014823866184159652,-0.0015979026608549211,2.811198395211277e-05,-0.003108401263222999
2001-01-09,0.0009040228072891023,0.007429247574478447,1.847640112361294e-05,0.008314793980643937
2001-01-10,0.005288457621933062,0.007131174826701791,1.854158200479511e-05,0.012401090866630058
2001-01-11,-0.0041036310536414645,0.0017542351319951638,2.178489046442819e-05,-0.002371180812110729
2001-01-12,-0.0016037077603273564,0.007583068404899369,1.589529307995295e-05,0.0059634653514920605
2001-01-16,-0.005777266540040799,0.002801810259768979,1.4075586550162143e-05,-0.0029895318668219824
2001-01-17,-0.00020223144006143714,0.0012931008197462819,1.6798326174690536e-05,0.0010740710535101542
2001-01-18,0.010902315442505313,-0.008360945118416846,1.2653681917120131e-05,0.002528716642171347
2001-01-19,-0.0016245386820577326,0.00375408936430708,1.127322237658124e-05,0.002118277459872766
2001-01-22,-0.00394100781851119,-0.007269148397705573,1.3161120656040448e-05,-0.011223317336872802
2001-01-23,-0.0015039590626683042,0.003088881310920252,1.0169705241978162e-05,0.00157475254300997
2001-01-24,-0.0035289850029488552,0.00851100255108016,1.1474266480346638e-05,0.0049705432816509595
2001-01-25,0.0017407639570223019,-0.00037774889094430576,9.050992277697055e-06,0.001353964073800299
2001-01-26,-0.004076550864494662,0.004813209187039577,1.0491956848119575e-05,0.000726166365696796
2001-01-29,-0.006176497478316433,0.0008215593902707395,9.485460669259942e-06,-0.005364423548714953
2001-01-30,0.007198509242420544,-0.010383719271160014,9.436301124072677e-06,-0.0031946463298635425
2001-01-31,0.0029845897260386616,-0.0026500768993756602,9.39715239860369e-05,0.00024054130267696453
2001-02-01,0.0063459895527445105,-0.008290457570462557,9.356340747089571e-06,-0.001953824358465136
2001-02-02,0.0002456072824232828,0.005334390359357058,1.0717336640340157e-05,0.00556928030514
2001-02-05,-0.0033942919507267085,0.005075980299271508,1.0417856720738965e-05,0.00167127049182406
2001-02-06,-0.0017330607817695209,0.006629410682719531,9.126105998653245e-06,0.004887223794951357
2001-02-07,0.0018959280152556443,0.002906806540755394,1.1922143128947735e-05,0.004790812412882091
2001-02-08,-0.0012322018750243395,0.013576807226834369,6.872693897717019e-06,0.012337732657912312
2001-02-09,0.0005011622785129407,0.00012874986929283248,8.95250075911691e-06,0.0006209596470466562
2001-02-12,-0.0051135902022623045,-0.0018304245486949371,1.1633807550052506e-05,-0.006955648558507294
2001-02-13,0.0017672747894887679,0.004511108039717624,7.244675679054461e-06,0.006271138153527337
2001-02-14,-0.0017473866071225294,0.00232474179825174,9.64001369722618e-06,0.0005677151774319842
2001-02-15,-0.0030270847358522543,0.008569188622263977,7.890506010559516e-06,0.0055342133804011625
2001-02-16,0.0031468084165807864,-0.0030030155424777597,8.671886385694048e-06,0.0001351209877173327
2001-02-20,-0.00018108332522679928,0.0023574512842134887,1.3837187737095096e-05,0.0021625307712495943
2001-02-21,-0.009010969522498375,0.0020706618441778853,1.5381026117757595e-05,-0.006955688704438247
2001-02-22,-0.000313180161582827,-0.001751976696005896,1.659899423419167e-05,-0.0020817558518229145
2001-02-23,0.0032964924740041066,-0.00525906875977057,9.990201298244964e-06,-0.0019725664870647083
2001-02-26,0.0015780197385884265,-0.0073963906677262,6.797475055659481e-06,-0.0058251684041934326
2001-02-27,0.004925943372804122,-0.0008385513007530784,8.474178469280048e-06,0.004078917893581764
2001-02-28,0.0056996895406747,0.0011704805648019643,1.1741618404247723e-05,0.006858428487072417
2001-03-01,0.004575502052491525,-0.003141030698887122,1.0103244986786714e-05,0.0014243681086176165
2001-03-02,-0.005266707458438908,0.010829350339154886,1.5298181278813173e-05,0.0055473446994371645
2001-03-05,0.0033369297649601818,-0.0009505709941513967,7.839764616411855e-06,0.0023785190061923734
2001-03-06,0.0009928644114609142,-0.0022862951110917368,1.2052796839862678e-05,-0.0013054834964706854
2001-03-07,0.001190250864455154,-0.00043924101801632036,6.2677322410766375e-06,0.0007447421141977571
2001-03-08,-0.0012077560062314526,-0.004198597946955061,6.49749143014809e-06,-0.005412851444616662
2001-03-09,-0.0017342278860320171,0.002038615333376679,1.0150197982305032e-05,0.00029423724936235665
2001-03-12,0.0028965362767821583,0.005929941578980861,9.852594208305437e-06,0.008816625261554713
2001-03-13,-0.0032147246121431313,0.003319399133505693,1.1561752584698431e-05,9.31127687778631e-05
2001-03-14,-0.000431263290634996,0.006614227005209451,9.37110018092305e-06,0.006173592614393532
2001-03-15,-0.005329398836254195,0.0054691157391911095,1.3744895460546637e-05,0.00012597200747636764
2001-03-16,-0.004152514303825378,0.007558364474408214,1.4595426855245764e-05,0.0033912547437275897
2001-03-19,-0.0028233727455044544,-0.001855539163259509,2.1003940744248698e-05,-0.004699915849508212
2001-03-20,0.0049379599710684405,-0.0015518324413335892,1.073144248834995e-05,0.0033753960872465014
2001-03-21,-0.002525634242804269,0.0025039566195194526,1.214426589296134e-05,-3.382188917777779e-05
2001-03-22,-0.002500222224151891,0.00015124391176046678,7.006562735909603e-06,-0.0023559848751273336
2001-03-23,-0.0024819391172000976,-0.001169813831053636,7.627222843920696e-06,-0.0036593801710976545
2001-03-26,0.00014597038391786564,-0.0012731184239045863,6.8104879707190815e-06,-0.0011339585279574397
2001-03-27,-0.006283372626126018,0.002808671632898758,9.666880367745018e-06,-0.003484367873595005
2001-03-28,-0.0043623615058673935,0.007312003463470818,6.9190326286927615e-06,0.002942722924974732
2001-03-29,-0.0010389698198817335,0.0034349037504909845,2.2061582504986013e-05,0.002373872348104265
2001-03-30,-0.004913348248382592,0.003623383947983928,8.373883624129783e-06,-0.0012983381840227938
2001-04-02,0.0003279441856063035,0.006558665078980187,9.528088915652406e-06,0.006877081175670837
2001-04-03,0.003896551575571456,-0.0017124928232465854,1.5227697363858107e-05,0.0021688310549610127
2001-04-04,0.0039651816427063655,-0.005168267521617511,9.648783307025249e-06,-0.001212734662218171
2001-04-05,-0.0012890549904739461,-0.003874492745168805,1.0536937962859175e-05,-0.00517408467360561
2001-04-06,0.0034686388065489644,-0.0038185020928115077,6.514487406276202e-06,-0.00035637777366881955
2001-04-09,-0.0020001381401419183,0.001038925208212734,8.782694894010245e-06,-0.0009699956268231946
2001-04-10,-0.00954384994569614,0.00360008394042606,1.3839039675105004e-05,-0.005957605044945184
2001-04-11,-0.0008763737561058172,-0.0007294227492504741,6.930789878186533e-06,-0.001612727295234478
2001-04-12,0.0006208403265278912,-0.0037983832566258003,1.8846356361360982e-05,-0.00319638928645927
2001-04-16,-0.006854144195311206,0.004963789315190913,8.582318146787347e-06,-0.0018989371982670803
2001-04-17,0.0030961007778619503,-0.0001869643434013646,1.0988378519504271e-05,0.0028981480559410813
2001-04-18,0.006209149824114705,-0.01147583456356304,1.153398238598943e-05,-0.005278218721834325
2001-04-19,-0.012039624895521267,-0.00810869680379701,1.0254640095105685e-05,-0.020158576339413384
2001-04-20,-0.0024190931972145197,-0.0016870914065346353,2.1536957897951895e-05,-0.004127721561647107
2001-04-23,0.002217798278504907,0.0054340586601589365,1.3742057916258386e-05,0.007638114880747585
2001-04-24,-0.002647637142158265,0.001348559711076098,1.2501091936195596e-05,-0.0013115785230183629
2001-04-25,-0.0011279591331395992,0.003079530520626133,8.190972485300392e-06,0.0019433804150012334
2001-04-26,0.008222411211828685,-0.005899938255806587,1.091058301968544e-05,0.002311562373002413
2001-04-27,-0.013024873809216655,0.005571100167270563,8.213353711913543e-06,-0.007461986995658006
2001-04-30,0.004426577397011199,-0.0008886975524011248,8.599027776921403e-06,0.003529280816833153
2001-05-01,0.004218732014979239,-0.005929631846664175,1.5363909901902646e-05,-0.0017262637415868382
2001-05-02,-0.0001181552960791552,-0.0013667828367290424,1.2234138581310474e-05,-0.001497172271389508
2001-05-03,0.004259253569174029,0.0022601553163566312,8.733783780963033e-06,0.006510675101749697
2001-05-04,0.0019186493150962942,-0.006484670780490285,5.2051418848863745e-06,-0.004571226607278877
2001-05-07,-0.002761109188657573,0.001987386789503177,8.269651633169446e-06,-0.0007819920507875654
2001-05-08,-0.0040573375054099355,0.003160896721989076,8.70783317569446e-06,-0.000905148616596554
2001-05-09,0.0028063912357435897,-0.004802959347877958,5.433367729147509e-06,-0.002002001479863516
2001-05-10,-0.010509525608176994,0.005021391969446699,7.649027054942112e-06,-0.005495782665785236
2001-05-11,-0.013486773886151597,0.009040626770656063,1.4038258122398576e-05,-0.004460185373617933
2001-05-14,0.00731902019966324,-0.001959888668872382,1.617435674717674e-05,0.005342957174043681
2001-05-15,-0.003893376089636163,-0.0022755517354207883,3.644625460620066e-05,-0.0062053740796631516
2001-05-16,0.0009537495638204846,-0.013916416207282189,1.3524252769598148e-05,-0.012976190896231301
2001-05-17,0.0020256974906667094,-0.0018020796216105589,9.038270747925768e-06,0.0002145795983082248
2001-05-18,-0.00031713673683773534,-0.017747325997232263,9.534021973610755e-06,-0.01807399675604361
2001-05-21,-0.004407039533810294,-0.0006371977691577497,7.80778378287642e-06,-0.0050520450867509205
2001-05-22,-0.004026653295456809,0.005790537044376252,3.3013100483086855e-05,0.001730870648436356
2001-05-23,0.0019262283925337844,0.008853908980657403,1.0143353982798192e-05,0.01076999401920839
2001-05-24,-0.00697504757540285,0.006212477527427066,1.144666205576009e-05,-0.0007740167100315446
2001-05-25,-0.001972093431601164,-0.001152738171231946,8.747745757335893e-06,-0.003133579348590446
2001-05-29,-0.0016885725024517284,0.007964892134981473,1.1666431222819862e-05,0.0062646532013069245
2001-05-30,0.0010087583095004136,0.008538577110771422,1.0691434034769265e-05,0.009536643986237065
2001-05-31,0.011232687554346164,0.003946641489583698,9.15720006697347e-06,0.015170171843862889
2001-06-01,0.007943529929977943,-0.006819210260442188,1.2631053121166994e-05,0.0011116886164145884
2001-06-04,-1.2199970080151038e-05,0.0020972727989173982,2.4095493882737264e-05,0.00206097733495451
2001-06-05,0.0043568594249707,-0.007541607934516576,1.7528594217856607e-05,-0.003202277103763732
2001-06-06,0.0013390779871857823,0.00575758025285762,7.350571417721398e-06,0.007089307668625681
2001-06-07,-0.0037772965717375894,-0.002754004402353541,1.5022315974767265e-05,-0.006546323290065898
2001-06-08,-0.004635359536326492,-0.00018486531461353844,1.109089402397944e-05,-0.00483131574496401
2001-06-11,0.005246575281510291,0.007978247275741873,8.125484573857095e-06,0.013216697072678306
2001-06-12,0.0038536045220929262,-0.005106038458658614,1.1236281970070887e-05,-0.0012636702185357587
2001-06-13,-0.001667919590999159,-0.001944134795202571,8.045027170912694e-06,-0.003620099413372643
2001-06-14,0.0013448100390058765,-0.002966060996288946,8.817061348005723e-06,-0.0016300680186310751
2001-06-15,-0.006340231765950959,0.0032874757411400866,8.019322447783524e-06,-0.003060775347258656
2001-06-18,0.0018018236339578664,-0.0007923871414534645,8.452421589327349e-06,0.0010009840709150745
2001-06-19,0.0018596127330963313,0.0009407490605329966,8.440162778423904e-06,0.0027919216308509042
2001-06-20,-0.0024433099742851624,-0.0013717208158482933,8.843983474212362e-06,-0.003823874773607668
2001-06-21,2.9557918961034644e-05,-0.004190482465996268,6.18134195841903e-06,-0.004167105888993653
2001-06-22,0.005439254420727627,-0.00010243924734977349,7.746105848760976e-06,0.005329069067529093
2001-06-25,-0.0046991699014848065,-0.0015660507376330781,8.107401068140645e-06,-0.006273328040186025
2001-06-26,-0.0054667157614090725,-0.0010834638711479181,9.083273648967143e-06,-0.006559262906205958
2001-06-27,-0.001390902483580959,0.006325133126140494,7.699398714202793e-06,0.0049265312438453316
2001-06-28,-0.009359213904088759,0.011468513867502441,1.4197857929169574e-05,0.0020951021054845128
2001-06-29,-0.004982610909279781,-0.00685503042647139,2.2870448097476604e-05,-0.011860511783848648
2001-07-02,0.009137935918187982,-0.0025887917540239245,3.4975664527069856e-05,0.006514168499636987
2001-07-03,-0.00252326500450934,0.0041787964846839555,7.499208278741763e-06,0.0016480322718958737
2001-07-05,-0.0011207648676476276,0.012826970834301012,3.5785887810037255e-05,0.011670420078843348
2001-07-06,0.007796674985574343,-0.0030141788514013255,2.983347759932039e-05,0.004752662656573697
2001-07-09,0.004256628335658586,-0.0028587743093038747,3.240252634951609e-05,0.0013654515000051954
2001-07-10,0.008757399989432271,-0.0010823337121438274,3.1508242940203304e-05,0.00764355803434824
2001-07-11,0.0010695043061010002,-0.005499061604529985,2.372352653328025e-05,-0.004453280824962265
2001-07-12,0.010724309938540566,-0.006633713808906082,2.647469033658777e-05,0.004064121439297896
2001-07-13,-0.001366681237679878,0.0020345611860037253,3.0488237990042214e-05,0.0006373917103338051
2001-07-16,0.004732682322153256,0.005970728554721821,2.21504211872514e-05,0.010681260455687824
2001-07-17,0.001826503264989806,-0.007627646493835585,1.9481931885243026e-05,-0.005820625160731022
2001-07-18,0.011147019428959636,-0.005600667493479286,1.5788414547529904e-05,0.00553056352093282
2001-07-19,-0.0038647008468286875,-0.002233934904216148,1.2513345481390483e-05,-0.006111149096526226
2001-07-20,6.559564022583762e-05,0.0052289780208548955,2.600780011459054e-05,0.005268565860966142
2001-07-23,0.00029176847583031284,0.005798265041908241,1.1530458646668841e-05,0.006078503059091886
2001-07-24,0.002719993569703367,-0.0016031813741854415,1.5089001097394188e-05,0.0011017231944205313
2001-07-25,-0.007071690214744005,-0.0009855458969466892,1.5243213441483142e-05,-0.008072479325132177
2001-07-26,0.0022770437451249416,0.0010305045030681948,9.240999069966923e-06,0.00329830724912317
2001-07-27,0.007463767580589401,-0.003599533909916557,1.2151325933086014e-05,0.003852082344739758
2001-07-30,0.001716407363400605,0.0075235448322987656,8.729982237913302e-06,0.009231222213461458
2001-07-31,0.006021662364912556,-0.004677242079461109,9.091002895329194e-06,0.0013353292825561169
2001-08-01,-0.0032282102957384377,-0.003659993825153439,1.0727539614006406e-05,-0.006898931660505883
2001-08-02,-0.008928427282746093,0.003101048592423377,6.337329274549716e-06,-0.005833716019597266
2001-08-03,-0.002728693086308155,0.004212850264648302,7.020008382846035e-06,0.0014771371699573012
2001-08-06,-7.82823954627533e-05,0.0038461461321870173,1.1335409568584213e-05,0.0037565283271556796
2001-08-07,-0.00043268404120910397,-0.0017393887796690907,3.6686821571305715e-06,-0.0021757415030353253
2001-08-08,0.012596078855517489,0.000827978255852625,6.419675114948828e-06,0.013417637436255165
2001-08-09,-0.0023494098609480787,-0.012900205054844242,5.142540048402672e-06,-0.015254757455840724
2001-08-10,0.004400852350666425,-0.0009244802305199748,2.066026434483499e-05,0.003455711855801615
2001-08-13,0.0029523157066154333,-0.004845128183334571,1.6984099553870883e-05,-0.0019097965762730088
2001-08-14,-0.0004979862189775826,0.0010402308940512506,4.050876734865062e-06,0.000538193798338803
2001-08-15,-0.004667123051806962,-0.0008451710909062229,3.682209222847308e-06,-0.005515976351936032
2001-08-16,0.007266838615049127,-0.0004023430549436487,7.730553379716991e-06,0.006856765006725761
2001-08-17,0.012689138994076232,-0.0021023414638956885,9.418499429427498e-06,0.010577379030751117
2001-08-20,-0.008807062327915165,0.007891350540903029,6.635742754451507e-06,-0.0009223475297665872
2001-08-21,0.0023856413599263465,2.8398874005561292e-05,1.1432043376450796e-05,0.002402608190555457
2001-08-22,-0.0004613642316345066,-0.0019925695822702056,1.0611050702746476e-05,-0.0024645448646074585
2001-08-23,0.005411675509470495,-0.0032737606045187303,4.800459857570278e-06,0.0021331144450941943
2001-08-24,-0.00444377086148008,0.0038018284279974133,5.184163473031359e-06,-0.0006471265969556977
2001-08-27,-0.0005235747896296027,-6.880401210984823e-05,6.477398510958427e-06,-0.0005988562002504093
2001-08-28,0.010178180240993,0.0036915891517414375,6.929704143978113e-06,0.013862839688590459
2001-08-29,0.007343238639394628,-0.0042532667622885816,3.148778447758476e-06,0.0030868230986582875
2001-08-30,-0.0019585285784661384,-0.00028607754335761826,9.501983615187361e-06,-0.002254108105438944
2001-08-31,-0.0011926236343514315,-0.0011805494500301162,5.061068217200131e-06,-0.002378234152598748
2001-09-03,0.0,-6.313332470843774e-05,6.41625165979291e-06,-6.954957636823066e-05
2001-09-04,-0.02294056573699274,0.012268315207997461,5.111301887138494e-06,-0.010677361830882418
2001-09-05,0.002365974423804533,-0.001777018501739826,4.795347879229004e-06,0.000584160574185478
2001-09-06,0.011238395843213522,0.007369465463736964,5.284237942018308e-05,0.018555018927530302
2001-09-07,0.008488379846173648,-0.0005007586606980639,1.4899124389418856e-05,0.007972722061086164
2001-09-10,-0.004606268382787028,0.002015816937470524,2.11981544946509e-05,-0.002611649599811155
2001-09-11,0.01816365972169617,0.004812428697566128,1.0958947219205655e-05,0.022965129472043093
2001-09-13,0.009813133207899269,-0.015574266881352446,2.6023552400430565e-05,-0.005787157225853608
2001-09-14,0.00798829920234672,-0.0214272195542654,5.422890448278302e-05,-0.013493149256401462
2001-09-17,-0.0073675822686948035,0.012485540308564906,3.055229096958489e-05,0.005087405748900518
2001-09-18,-0.011988828588783794,0.004905545303737939,5.7748829693317654e-05,-0.0071410321147391724
2001-09-19,0.0013310673176090324,0.0008877473096121372,2.1881888076842668e-05,0.002196932739144327
2001-09-20,-0.005488833455362841,0.0018865899368066565,2.2554053383547746e-05,-0.0036247975719397316
2001-09-21,0.0019321793599760824,0.002778989672745879,1.7990390121403798e-05,0.004693178642600558
2001-09-24,-0.0009652294586972778,-0.000290211874215647,1.2504358369176246e-05,-0.0012679456912821011
2001-09-25,0.0023715837847708785,-0.0037647202494400936,1.602048459004663e-05,-0.0014091569492592616
2001-09-26,0.007732226500728334,-0.0016913538772146473,1.4196270099127291e-05,0.006026676353414559
2001-09-27,0.004453733636984049,0.003109357707135136,1.3647145866882551e-05,0.007549444198252303
2001-09-28,-0.0016906209097732974,0.0028933921382309196,1.4233392753160641e-05,0.0011885378357044615
2001-10-01,0.002890144175024291,0.0014340190262806859,1.2461395162149208e-05,0.004311701806142827
2001-10-02,0.0032497705221367153,0.005456121240608191,7.36082530572924e-06,0.008698530937439176
2001-10-03,-0.0003904810669202198,-0.006727858338217175,9.837189880780188e-06,-0.007128176595018175
2001-10-04,0.002120715412158808,-0.003108042580238132,8.535930127114539e-06,-0.0009958630982064385
2001-10-05,0.00044672139151197884,-0.002373011430261124,9.810233914588073e-06,-0.0019361002726637332
2001-10-08,0.00038443739367629984,0.0017446630958290682,1.0995332403333956e-05,0.0021181051571020344
2001-10-09,-0.007578841737041688,0.010535565426718574,8.366352174562715e-06,0.002948357337502323
2001-10-10,0.0018336797739486052,0.0023936074881186187,1.2492224562151072e-05,0.004214795037505072
2001-10-11,-0.00615717693863563,0.005517758833056468,2.0720760331782484e-05,-0.0006601388659109443
2001-10-12,-0.0015142150594141153,-0.0023718529205686064,7.114634096903867e-06,-0.0038931826140796255
2001-10-15,0.0036366707396041525,0.002970059205936893,8.666706685074714e-06,0.00659806323885597
2001-10-16,0.0022762102800963106,-0.0025698279804927445,8.294104839668741e-06,-0.00030191180523610265
2001-10-17,-0.0008832299121082582,-7.168410305096427e-05,1.1701384856337046e-05,-0.0009666154000155595
2001-10-18,-0.00037670694579147756,0.0029738407280384843,1.2285680961779052e-05,0.0025848481012852274
2001-10-19,-0.004078686680141933,-0.00012317997309473365,7.405819113221315e-06,-0.0042092724723498875
2001-10-22,-0.00044709745478497187,0.008294903729779618,7.0956637128929576e-06,0.007840710611281753
2001-10-23,-0.0025365313212996833,-0.0017235370507851136,1.0589605710347408e-05,-0.004270657977795144
2001-10-24,0.006255725096975455,-0.002759336299197393,8.960848134054602e-06,0.0034874279496440075
2001-10-25,0.003547330910228669,-0.009539673844950195,4.2884510329326035e-06,-0.005996631385754458
2001-10-26,0.0008336501306480751,-0.005861674922456629,5.882905514113391e-06,-0.005033907697322668
2001-10-29,0.0043779297182404905,-0.0024580053345615205,9.72011032572531e-06,0.0019102042733532448
2001-10-30,0.0036947184280581866,-0.0066797987641065175,8.189729287995967e-06,-0.0029932700653363268
2001-10-31,0.007650144507845869,0.0002282568009651163,1.3140271617102378e-05,0.007865261037193884
2001-11-01,0.0013917183822107159,-0.00013094695241786674,7.506407911853259e-06,0.001253265021880996
2001-11-02,-0.007149789768878367,0.0012003998296257173,2.1789036690502745e-05,-0.005971178975943152
2001-11-05,0.002606745553025591,-0.0010956956406992379,7.002191827140896e-06,0.0015040477204992125
2001-11-06,0.0013076387465839438,-0.004117689470546417,1.8466956985078465e-05,-0.0028285176809475514
2001-11-07,0.004417761011682798,-0.0050616269340355595,4.203537266657738e-06,-0.0006480694596194192
2001-11-08,-0.003078221903911425,0.009936502276332937,4.3747559311000485e-06,0.006853905616490412
2001-11-09,0.002768994657212481,-0.002307186584645477,8.641460055745358e-06,0.0004531666125112585
2001-11-12,-0.002413202597436571,-0.001102653286486439,1.610270975508564e-05,-0.0035319585936780954
2001-11-13,-0.004976298938763574,0.008498796775544541,7.495454446898049e-06,0.0035150023823340686
2001-11-14,-0.010536172987331237,0.003951155171531135,5.668924107863454e-06,-0.006590686739907966
2001-11-15,-0.016528174798686457,0.01580909387400845,1.311388829611772e-05,-0.0007321948129741259
2001-11-16,-0.004416055746512371,0.0045483932661158286,4.722419494260647e-05,8.511332466085074e-05
2001-11-19,0.006960152090691813,-0.0026031044475558606,5.926380369767089e-05,0.004297783839438281
2001-11-20,-0.0033946841545888433,0.0031141619735826015,1.464058742025842e-05,-0.0002951627684265002
2001-11-21,-0.007233943658219718,0.0032210109758642213,2.4448829826807266e-05,-0.004037381512182304
2001-11-23,-0.0009327349213531935,0.003590584040971686,7.339416346854057e-06,0.0026505097032716385
2001-11-26,-0.0007727313257648016,0.007919422684248657,1.178111826232762e-05,0.007134910240221527
2001-11-27,0.005064770892130014,-0.006983909048278918,7.022055793782538e-06,-0.001926160211942687
2001-11-28,1.7050081786559195e-05,-0.0002720459812722934,1.2891655400317164e-05,-0.00026788755488605135
2001-11-29,0.007685299885457448,-0.005366645972034447,7.585033456073823e-06,0.0023110688799669278
2001-11-30,0.005087813331557389,-0.009451263566715799,9.96757789743285e-06,-0.004373417813055842
2001-12-03,0.0015008440902130721,0.0010590449330042217,2.3521410638899207e-05,0.0025363676125783946
2001-12-04,0.002767877391626609,0.004801912529583605,1.0777276346911263e-05,0.007559012644863302
2001-12-05,-0.011216226575767046,0.007393245087931313,8.177379971360606e-06,-0.003831158867807094
2001-12-06,-0.005423950820220388,0.0014890667690224462,8.699337017964223e-06,-0.003943583388215905
2001-12-07,-0.005858943895387773,0.001354704265681633,2.58129623659038e-05,-0.004530052592072044
2001-12-10,-0.002374750282154094,0.0034346744210119393,9.530088188201201e-06,0.0010503940506696441
2001-12-11,0.0007880890143185477,-0.0017119242205969351,8.150664879535127e-06,-0.0009319858711579226
2001-12-12,0.006549422222171116,-0.003281079152413387,8.374795885419909e-06,0.0032599682738723088
2001-12-13,-0.008329055527601343,0.005280151126553356,9.455937836067113e-06,-0.0030583603388840545
2001-12-14,0.004331416414450732,-0.012251579333066202,7.65805453705284e-06,-0.007927820973152522
2001-12-17,-0.0017252250298788845,-0.00011998804799851794,8.818998514276241e-06,-0.0018540320763916788
2001-12-18,0.005283078845311181,-0.00401141317636549,1.6580537940328174e-05,0.0012550851310053632
2001-12-19,0.004228201692024299,0.009682903839675879,8.268926398293048e-06,0.013902836605301883
2001-12-20,-0.003401079262021261,0.004670067367697757,7.358671976295503e-06,0.0012616294337002003
2001-12-21,-0.0034092217667767303,0.0011738909361388521,9.469062668085041e-06,-0.002244799893305963
2001-12-24,-0.00503207901248651,-0.0010150565920454403,8.104175770093978e-06,-0.006055239780302045
2001-12-26,0.005560293017383297,-0.0008159323231662162,1.1476463869517867e-05,0.004732884230347563
2001-12-27,0.003634068708862956,0.0017537782740357796,5.68357197603865e-06,0.005382163410922697
2001-12-28,-0.002839844951215911,0.004407696150732799,8.144210035823581e-06,0.001559706989481064
2001-12-31,0.003348524962767577,0.0024784378207928985,6.304500680546653e-06,0.005820658282879928
2002-01-02,0.00026189108726414165,0.002366780371987673,8.819121136401757e-06,0.0026198523381154126
2002-01-03,-0.0005080442814701837,-0.005359641825687531,1.0329860479876817e-05,-0.005878015967637592
2002-01-04,0.0028059380792560414,-0.011511010712797757,1.509884660212e-05,-0.008720171480143835
2002-01-07,0.0038855978172747975,-0.006901264750657499,8.2432244489203e-06,-0.0030239101578316213
2002-01-08,-0.0015190820621814602,0.002486676523674549,1.018146014835447e-05,0.0009574130013447345
2002-01-09,-0.003211532016869977,-0.008431761493747518,1.3171262951735296e-05,-0.011656464773569231
2002-01-10,0.008411218492753999,-0.004748127668118012,9.27720463966381e-06,0.003653813619996323
2002-01-11,0.0013138938324388186,-0.011510557658345605,1.5160239781111528e-05,-0.010211824065687897
2002-01-14,-0.0036159736587240247,0.00045333887940144925,9.858878012479106e-06,-0.0031724936573350546
2002-01-15,0.0014230629109257668,0.005253599917657516,9.93349288490246e-06,0.006666729335698381
2002-01-16,-0.00227088564756536,-0.0032166548785701127,1.058029730165146e-05,-0.0054981208234371245
2002-01-17,-0.00708224203359625,0.006325769907077223,9.84627756956412e-06,-0.0007663184040885905
2002-01-18,0.0034267949291167136,0.00419006056051096,9.928733279572415e-06,0.007606926756348101
2002-01-22,-4.8944961260821875e-05,0.009467827477538413,1.0986523281452387e-05,0.00940789599299614
2002-01-23,-0.006046508293771166,0.0058446393795603775,8.539775319921756e-06,-0.00021040868953071045
2002-01-24,-0.0004927521673475658,-0.0003175465911284635,9.295726703111605e-06,-0.0008195944851791409
2002-01-25,-0.0013935085712985875,0.0031236898760534206,9.182245040952913e-06,0.00172099905971388
2002-01-28,0.00021550247175844712,0.005723465411688278,9.35664030046322e-06,0.005929611243146261
2002-01-29,-2.868055387221578e-05,-0.006136772291230312,1.223628724114591e-05,-0.006177689132343674
2002-01-30,0.0007487745580306612,-0.0008243324364211927,1.2476879542294233e-05,-8.803475793282573e-05
2002-01-31,0.00031235797544662666,-0.0021200569034370816,1.4521116138726517e-05,-0.0018222200441291813
2002-02-01,0.005598676039696422,-0.012390642209643397,8.807917594035767e-06,-0.006800774087541011
2002-02-04,0.0010510691144524358,-0.006955292943278023,1.4339021171808558e-05,-0.005918562849997395
2002-02-05,-0.0013262739422521372,-0.0072529106405335025,1.026040968612223e-05,-0.008589444992471761
2002-02-06,-0.003691138336389459,0.003963457623698957,6.1042071667652925e-06,0.000266215080142733
2002-02-07,-0.0021568946916754508,-0.0048957836872981515,1.6666079903608726e-05,-0.007069344458877211
2002-02-08,0.008854964523431815,-0.0022378001280678912,8.218951418078466e-06,0.006608945443945845
2002-02-11,0.006246886602468823,0.0006270079807188483,9.103002632014655e-06,0.006864791580555658
2002-02-12,-0.008782950218293365,-0.007034036146981377,6.382944201519138e-06,-0.01582336930947626
2002-02-13,0.0006900551968198847,-0.0025901877505395375,9.302914561563186e-06,-0.001909435468281216
2002-02-14,0.003062234085011011,0.00011773490470559319,1.0758972981407962e-05,0.0031692100167351957
2002-02-15,0.004246529083736075,0.006230542588391194,9.869699594430367e-06,0.010467201972532838
2002-02-19,-0.005557820781486342,0.011391665385497862,1.0934915020565838e-05,0.005822909688990953
2002-02-20,-0.0013662570883663798,-2.8561178652136026e-06,1.0132198404181544e-05,-0.0013792454046357748
2002-02-21,-0.0001138538145395361,5.631698175439029e-05,1.50114381491977e-05,-7.254827093434352e-05
2002-02-22,0.006040165234571244,0.0009009320283382639,1.0145009540906529e-05,0.006930952253368601
2002-02-25,-0.003189056467204347,0.005620248716941036,9.442067777992124e-06,0.0024217501819586967
2002-02-26,-0.0021871694593533822,0.002018565715529187,1.1460805088316923e-05,-0.0001800645489125121
2002-02-27,0.007254151644016292,-0.0067885645422148715,1.079755531176313e-05,0.0004547895464896574
2002-02-28,-0.00041471105587028757,0.0023770597095039217,1.0691442958490576e-05,0.0019516572106751437
2002-03-01,-0.001559368476597821,-0.006413130576748583,1.3072957882516747e-05,-0.007985572011228922
2002-03-04,0.002499909803818555,-0.0024050525225146717,7.5695499987397744e-06,8.728773130514347e-05
2002-03-05,0.004004770461799332,-0.000545695988050166,1.7210809225392644e-05,0.003441863664523773
2002-03-06,0.0004830548375668283,-0.0026491262279200504,7.762365140562505e-06,-0.0021738337554937847
2002-03-07,-0.007172297888054001,-0.0010469704079764989,9.72318009490734e-06,-0.008228991476125408
2002-03-08,-0.006160940771547359,0.00649591254837148,1.2493730438830994e-05,0.00032247804638528956
2002-03-11,0.00337150129366738,0.0012749990761009406,3.90636978282749e-05,0.004607436671940046
2002-03-12,0.00029290182562929825,-0.0004759549590564097,1.5016698886996022e-05,-0.00019806983231410746
2002-03-13,0.00019650518396455944,0.001399825811410307,1.0258444136769224e-05,0.001586072551238097
2002-03-14,-0.008527476325556615,-0.0006813823174544293,7.684243343853595e-06,-0.009216542886354897
2002-03-15,0.004918718796834344,-0.0020733433409370573,1.2883670990432997e-05,0.002832491784906854
2002-03-18,0.005710385647060586,-0.00017230122396721438,2.7421392762647045e-05,0.005510663030330725
2002-03-19,-0.0010740030289204153,-0.002107875586307996,1.995988465615549e-05,-0.003201838499884567
2002-03-20,-0.008861378004553501,0.003675312580398867,2.48783078198856e-05,-0.00521094373197452
2002-03-21,0.005452021098501224,-0.0005830998076923889,2.465243972242774e-05,0.004844268851086408
2002-03-22,-0.0020521031354268733,0.00021541316348638184,2.12010685967189e-05,-0.0018578910405372105
2002-03-25,-0.003571323114445363,0.004273459220238291,2.1073977712003294e-05,0.0006810621280809253
2002-03-26,0.007625020422272417,-0.005640198330053735,2.358558172495152e-05,0.0019612365104937305
2002-03-27,0.002116717241053192,-0.012774399398454112,2.711583411097504e-05,-0.010684797991511896
2002-03-28,-0.0041038296713134265,-0.001319993322346258,1.996288563951034e-05,-0.005443785879299195
2002-04-01,0.0021236540689498124,-0.0035305429975427327,2.4043300292277813e-05,-0.0014309322288851981
2002-04-02,0.009404340704283549,-0.0008682555715093761,1.7904767838617643e-05,0.008518180364935554
2002-04-03,0.006124753582097688,0.010449185201555081,2.4257750357019136e-05,0.01654968103329575
2002-04-04,-0.002854972372284808,0.006322854000673749,1.3618186748376942e-05,0.0034542634416405643
2002-04-05,0.005780886928151871,0.00247232315374125,1.5896193909170267e-05,0.008237313887983952
2002-04-08,-0.002506414584475177,0.0032952103262391527,1.3830478897290123e-05,0.0007749652628666857
2002-04-09,0.0012104126546625524,0.00011614558691195261,8.062643967903708e-06,0.0013184955976066014
2002-04-10,0.00021161690265303416,-0.004083741706942468,1.149293779267741e-05,-0.0038836177420821113
2002-04-11,-0.002221259213206911,0.0031710703189802704,8.175533768428468e-06,0.0009416355720049309
2002-04-12,0.002225011022457823,0.0027131210424516544,1.0346247613984454e-05,0.004927785817295493
2002-04-15,0.005806102324529787,0.0015305853847252594,1.0792281163125804e-05,0.007325895428091921
2002-04-16,-0.0008708603714734256,-0.007291602113686056,1.0533317664940357e-05,-0.00817299580282442
2002-04-17,-0.0021549500734528845,-0.0107077294975126,1.077056721872404e-05,-0.012873450138184209
2002-04-18,0.0011404119486029362,0.0013545860713121602,9.032596626908035e-06,0.0024859654232881885
2002-04-19,0.0028059900858389223,0.00252153123075959,1.1418475853678016e-05,0.0053161028407448345
2002-04-22,0.0007273417335471044,-0.004721842581826365,9.850035442838857e-06,-0.0040043508837221
2002-04-23,-0.00029176722284309344,0.003366760279914739,6.978948380915977e-06,0.0030680141086907296
2002-04-24,0.0073024162447828745,-0.002647573335926341,7.003528190088024e-06,0.004647839380666445
2002-04-25,0.0032769603624478736,-0.004861011252751164,6.519176870155845e-06,-0.0015905700671734462
2002-04-26,0.002735812663787711,-0.007515982217344007,1.2106703269647964e-05,-0.004792276256825945
2002-04-29,-0.0022629743692696653,0.0030867649317805916,9.39255829615444e-06,0.0008143980042147719
2002-04-30,0.0025785159567065794,0.00213957013913005,7.405637100765952e-06,0.004710680458735864
2002-05-01,0.004421948647269206,-0.005408857478380921,6.397830096983728e-06,-0.0009933066612086987
2002-05-02,-0.007513791038754021,0.006438834275364559,7.759561535741622e-06,-0.0010827163249252038
2002-05-03,0.008551089787854651,-0.005998432492844571,7.999783941493995e-06,0.0025446575110685855
2002-05-06,-0.004003174098103879,0.003362455591525518,1.1787154178789768e-05,-0.0006525056607571508
2002-05-07,0.0024245808156413947,-0.00461223673469573,1.0294374430892257e-05,-0.0021979502934852276
2002-05-08,-0.011580682194859911,0.0066891230464192495,8.036054058507778e-06,-0.00489959520249917
2002-05-09,0.005135404408849575,-0.003600011114041133,1.538507728048273e-05,0.0015200082175279596
2002-05-10,0.00688961709138599,-0.005408717854551449,4.5171733273444086e-05,0.0014357275035610966
2002-05-13,-0.007284632555603536,-0.005753661818448036,1.0175031205996519e-05,-0.01304846940525757
2002-05-14,-0.008225269536904507,0.005214014886289595,9.771585060947392e-06,-0.00302102623567586
2002-05-15,0.00113715138520166,-0.00944118287153032,1.681782771308765e-05,-0.008320849314041747
2002-05-16,0.007068449069017122,0.007835883668116352,1.2968210955765723e-05,0.01489136452617771
2002-05-17,-0.004538142485701451,-0.0020237746363610887,1.0823980292705366e-05,-0.006572741102355245
2002-05-20,0.006440833335927991,-0.008486805989904698,7.407665634811123e-06,-0.0020533803196115183
2002-05-21,0.0023520804052828926,-0.002006515372714279,1.635430024181373e-05,0.0003292107323267998
2002-05-22,0.006532087237673245,0.0010422027239166177,1.1911563764267932e-05,0.007562378397825594
2002-05-23,-0.004931044236789724,-0.0054003432412581915,8.634824029796284e-06,-0.01034002230207771
2002-05-24,0.001114640515665074,0.002970204500204739,7.719091741867362e-06,0.004077125924127945
2002-05-28,0.0004480111016489896,-0.012490470260366121,7.182825298111967e-06,-0.012049641984015244
2002-05-29,0.007669535611596747,-0.0036370541076130775,7.329302847100936e-06,0.004025152201136569
2002-05-30,0.0030450563143621092,-0.004862472574537532,1.1308313072526895e-05,-0.0018287245732479494
2002-05-31,-0.0009431650626557619,-0.0018858625405402526,4.869961511603732e-06,-0.002833897564707618
2002-06-03,7.038937363259754e-05,-0.003164116797478199,6.779086364295709e-06,-0.003100506510209897
2002-06-04,0.004267069926211522,-0.0023748000349437825,1.4194132059149769e-05,0.0018780757592085893
2002-06-05,-0.0036428471054392245,0.007849640656114987,9.479246874302609e-06,0.004197314303801459
2002-06-06,0.005730217337864156,-0.00023390592865491324,7.800533117210394e-06,0.0054885108760920325
2002-06-07,-0.005260049376590137,0.004132554540406204,1.533083788817726e-05,-0.0011428256740721099
2002-06-10,0.0011635520996221321,0.004214827282468678,6.081100014138025e-06,0.005372298282076671
2002-06-11,0.006521132703388145,0.0055837525296035025,7.530472002858926e-06,0.012097354760988789
2002-06-12,0.004604831184294243,-0.0027119322567053157,1.2703054951086933e-05,0.0018801958726378408
2002-06-13,0.006491716108505427,-0.006975357204820887,1.1574118470290145e-05,-0.0004952152147857508
2002-06-14,0.014033514654463937,-0.002310452994917641,8.599583408260965e-06,0.011714462076138035
2002-06-17,-0.005837383810862617,0.003183349188996377,1.0837601646254004e-05,-0.0026648722235124945
2002-06-18,0.0013888181822240163,-0.0020466706983718595,1.5254732816094277e-05,-0.0006731072489639375
2002-06-19,0.013030327947424954,0.0002762003896871019,1.1086090212326098e-05,0.01329544224689973
2002-06-20,-0.008989666304000042,-0.0035454421859684735,9.817166450689589e-06,-0.012544925656419206
2002-06-21,0.008091170559171,-0.0018486816166201432,1.8726617468706333e-05,0.0062237623250821494
2002-06-24,-0.004294516424390926,-0.00805698974577862,1.998933646345304e-05,-0.012371495506633
2002-06-25,0.00028907973031083365,-0.0019467421479084865,1.2080441366748198e-05,-0.0016697428589644012
2002-06-26,0.015075979884087166,-0.010092915848963508,1.1825537830667575e-05,0.004971238497292991
2002-06-27,-0.008918390247560202,-0.008868583672558439,1.045814314989882e-05,-0.017797432063268538
2002-06-28,0.000845741870189273,-0.0005380006710542008,2.5122243110112117e-05,0.0002826189560249601
2002-07-01,0.0007379264403238031,-0.0047690820917075435,1.7837052202290368e-05,-0.00404899270358603
2002-07-02,0.005832802108514052,0.010793746142342235,1.533512563163984e-05,0.016611213125224646
2002-07-03,-0.00025375398881870444,0.005016355760952334,1.3049615123619992e-05,0.00474955215701001
2002-07-05,-0.011315938634306043,-0.0037026518548812217,9.933350577581083e-06,-0.015028523839764846
2002-07-08,0.005442624861691475,-0.002614650934540115,1.0904427276929112e-05,0.002817069499874431
2002-07-09,0.008200071266612017,-0.007887698607707999,1.994424324138912e-05,0.00029242841566262906
2002-07-10,0.010305628398275635,0.003396539961682784,1.3432395980973163e-05,0.013688735963977447
2002-07-11,0.00274253978299096,-0.0014421077489871542,9.832307913706353e-06,0.0012905997260900992
2002-07-12,0.003874566029949567,0.006850825505198502,1.1777058264134283e-05,0.010713614476883935
2002-07-15,-0.0004987966833625739,-0.011405847606840398,8.624126473911802e-06,-0.011913268416676883
2002-07-16,-0.005740466144256339,-0.006372569092534439,1.1335135240519696e-05,-0.012124370372031299
2002-07-17,0.005516544881350897,0.0028427608366177097,1.1412372441088473e-05,0.008347893345527517
2002-07-18,0.003542964393026497,0.004038548938796927,1.6198232260693845e-05,0.007565315099562731
2002-07-19,0.005890407191990703,-0.003436547747817237,9.729805650303323e-06,0.002444129638523163
2002-07-22,0.0043642078430134274,-8.187864133761178e-05,9.085721790466096e-06,0.00427324347988535
2002-07-23,-0.0018809866177541918,0.023188432045081024,1.2806981528736098e-05,0.021294638445798094
2002-07-24,0.004170413693715311,-0.013521753713995865,1.4724171634175785e-05,-0.009366064191914731
2002-07-25,0.003524214302330359,0.007203920539709575,2.706614960234863e-05,0.010701068692437586
2002-07-26,-0.00024530225964884006,0.01105816255255056,1.656032459082088e-05,0.0107962999683109
2002-07-29,-0.01638344105531822,0.006568779980164352,1.5173945968228268e-05,-0.009829835021122096
2002-07-30,0.0011253523123409051,-0.002577828801984099,2.0576155452731106e-05,-0.001473052645095925
2002-07-31,0.00949480364190216,-0.00095853644397691,3.61784418315001e-05,0.00850008875609375
2002-08-01,0.004795823895866206,-0.00045347334689699575,1.183017317276662e-05,0.0043305203757964435
2002-08-02,0.014264263833077889,-0.0027168763274602495,1.3804569414705127e-05,0.011533582936202933
2002-08-05,0.0012252562520278843,0.006540602082976397,8.576801405059472e-06,0.0077572815335992225
2002-08-06,-0.011014419665407706,0.0026731978509647158,1.2532835698372741e-05,-0.008353754650141362
2002-08-07,0.007504381839358844,-0.007116535408356751,1.3068475171147566e-05,0.0003747779558309448
2002-08-08,-0.006925883922768229,0.005378625158234234,2.2778391858259008e-05,-0.0015700371563922542
2002-08-09,0.009214304252550605,-0.00656456058219222,6.8944826006405435e-06,0.0026428491877577443
2002-08-12,0.006599202823646519,-0.009355741161548078,8.03603438269915e-06,-0.002764574372284258
2002-08-13,0.006937549140348243,-0.002158821658824307,9.7494268194117e-06,0.004768978054704524
2002-08-14,-0.0002201102573957522,-0.007071105123847532,9.177808519089092e-06,-0.007300393189762374
2002-08-15,-0.004206017809004232,-0.0034660202308203127,6.430486133992619e-06,-0.007678468525958537
2002-08-16,-0.009094991658423018,0.004080912167466449,8.026762578756652e-06,-0.005022106253535326
2002-08-19,0.0015784730364602003,0.006766305230216367,1.1848156343733376e-05,0.008332930110332834
2002-08-20,0.00969734573770675,0.0036897630673329036,1.0834578821079247e-05,0.013376274226218574
2002-08-21,-9.532170811507026e-05,-0.0010129607151150885,9.579270417548694e-06,-0.0011178616936477074
2002-08-22,-0.008819035134316264,0.0019436931805601704,1.137639612466483e-05,-0.006886718349880758
2002-08-23,0.005445935702301315,-0.00047183382535205933,9.494532349454164e-06,0.004964607344599802
2002-08-26,0.004362507266636567,-0.004537798828103253,1.0281022800831143e-05,-0.00018557258426751694
2002-08-27,-0.003105057484910688,-0.003246073764660991,7.2734139425356675e-06,-0.006358404663514215
2002-08-28,0.0015615069574457107,0.006980856000042805,8.316490196109747e-06,0.008534046467292406
2002-08-29,0.007484023961057669,-0.001982224240858693,8.338353695880776e-06,0.005493461366503094
2002-08-30,0.0006523686286874769,-0.0011587858863695033,7.832525910646006e-06,-0.0005142497835926723
2002-09-03,0.01126135648351946,-0.001775626460825139,5.989151758170681e-06,0.009479740870936152
2002-09-04,0.00233793802940762,-0.004057010905803315,1.1143309411988447e-05,-0.0017302161858076834
2002-09-05,0.007563971807823971,-0.0009891408764956251,2.0692079122340594e-05,0.006554138852206006
2002-09-06,-0.008845130881008502,-0.007999971573191869,1.4875730534211062e-05,-0.016859978184734583
2002-09-09,-0.0007537969405881795,-0.01001133283893421,9.522867552160226e-06,-0.01077465264707455
2002-09-10,0.0018892610893725906,0.0006605148817015993,2.0973137921529802e-05,0.0025288028331526603
2002-09-11,-0.00446720177701025,0.0005730022808033366,1.085116898088516e-05,-0.0039050506651877987
2002-09-12,0.002784966177387243,0.0073050393431785465,8.782600206214616e-06,0.010081222920359574
2002-09-13,0.007178169375857975,0.012669102397811424,1.1694253214354461e-05,0.019835577520455044
2002-09-16,0.001595038013707866,0.0026522252758899977,1.3184595464155655e-05,0.0042340786941337085
2002-09-17,-0.002115366146932145,0.005441659948402303,1.2709345047054097e-05,0.003313584456423104
2002-09-18,0.0037370532425223036,0.001969599964554203,1.3202803648862088e-05,0.005693450403427644
2002-09-19,0.007250448152408283,0.005793132875488896,1.3075661429258496e-05,0.013030505366467921
2002-09-20,4.322204337199026e-05,0.005016420493853289,1.3236451203604125e-05,0.005046406086021675
2002-09-23,0.009108355018316694,0.009736178403518213,1.0733942581026754e-05,0.01883379947925388
2002-09-24,0.003493229666651815,-0.004097342447921092,1.5071587717576451e-05,-0.0006191843689868536
2002-09-25,-0.010781326202048119,-0.004724471163393167,1.4642665586023569e-05,-0.01552044003102731
2002-09-26,-0.0005360750200159465,-0.002558283371912634,1.2840468381934523e-05,-0.003107198860310515
2002-09-27,0.007650101598718546,0.00818817778929411,1.135437575782055e-05,0.015826925012254838
2002-09-30,0.009977423348693833,0.005303385398598716,1.5666688681007975e-05,0.015265142058611543
2002-10-01,-0.007453994106098037,-0.007510262969242194,1.0758033104805265e-05,-0.014975015108445035
2002-10-02,0.00012761023435089774,0.004670902714953146,9.932047324091202e-06,0.004788580901979952
2002-10-03,-0.0016129204898519115,0.006839528095515286,1.1650234476946018e-05,0.005214957371186429
2002-10-04,-0.0013228702602031328,0.0036899117480423127,1.0423446126469949e-05,0.00235661804171271
2002-10-07,0.0037228782076710078,0.0012136519868876138,1.1521047126761735e-05,0.004925009147431859
2002-10-08,-0.005037361883816571,0.0009682792502725621,1.1031939968252954e-05,-0.004080114573512262
2002-10-09,0.009894781676842417,0.0034458762751590852,8.52232017235959e-06,0.013332135631829143
2002-10-10,-0.00835191001253679,-0.00457870099185382,9.517590376320656e-06,-0.012940128594766932
2002-10-11,-0.009256776186050364,-0.008007752449442452,1.1635549648079736e-05,-0.017276164185140896
2002-10-14,0.0024889103758545315,0.00382246546445658,1.3255819895189418e-05,0.006298120020415922
2002-10-15,-0.021596936491655214,-0.014661686701815033,2.1178881325927148e-05,-0.03627980207479617
2002-10-16,-0.0010249661876451793,0.0043300617080787515,1.4893056148075318e-05,0.003290202464285497
2002-10-17,-0.0075509591084627365,-0.009132108236650897,4.339981145121575e-05,-0.01672646715656485
2002-10-18,0.0007985734896238412,0.0028527633172555395,1.1715124061657678e-05,0.0036396216828177234
2002-10-21,-0.008226512171763865,-0.006680567492135123,1.33876603717472e-05,-0.014920467324270735
2002-10-22,0.000343525819872354,0.006901573795180781,9.870017502999452e-06,0.007235229597550135
2002-10-23,0.00010635130410267989,-0.0009391236993914984,6.853115188028231e-06,-0.0008396255104768468
2002-10-24,0.007013679246747186,-0.000307118923397596,9.347274780547607e-06,0.0066972130485690425
2002-10-25,0.005643890395942444,-0.005442410208837366,9.96088552336131e-06,0.00019151930158171706
2002-10-28,0.006349656442781228,0.0008666884726256865,8.28324730368359e-06,0.007208061668103232
2002-10-29,0.012531421666290992,0.0021490167176623004,6.2605893297727824e-06,0.01467417779462352
2002-10-30,-0.0008374774272332852,-0.0032928681956633133,7.065914471217963e-06,-0.004137411537367817
2002-10-31,0.005706165636124012,-0.006473209964057871,1.2873418852357973e-05,-0.0007799177467862166
2002-11-01,-0.0041055016350984175,-0.007215540687475867,9.312735090246138e-06,-0.011330355057664531
2002-11-04,-0.005923342823510742,-0.0014539468106970536,8.395022795063265e-06,-0.007385684657002859
2002-11-05,-0.001992283524564711,-0.0008398289780326393,6.400382426433778e-06,-0.0028385128850237844
2002-11-06,0.0015259394203755827,-0.003003451614345263,1.0161145580045662e-05,-0.001487673339549726
2002-11-07,0.010521495445383694,0.009128488082657987,1.2717988844503217e-05,0.01963726553919718
2002-11-08,0.004403546257979829,0.0026359907084004736,1.1945987429763814e-05,0.007027590978950539
2002-11-11,0.00022565604079428927,-0.0007367070301768775,1.3323522761157585e-05,-0.0005243745121437458
2002-11-12,0.0028570613820488844,-0.0006174078335094935,1.3362644731389816e-05,0.0022262909038080012
2002-11-13,-0.003076991476618482,0.0017000246737767842,4.601193914806044e-06,-0.0013815679967565037
2002-11-14,-0.01507446130304756,-0.0025835963545814567,1.0230537210870827e-05,-0.017668288194839888
2002-11-15,4.489107714738931e-05,-0.0009624753050602948,1.4488085608822547e-05,-0.000932072313521728
2002-11-18,0.002295947349381722,0.0014639593457176012,3.0502522977876195e-05,0.003729404172121447
2002-11-19,-0.00038385434990526567,0.0009247898635932738,9.539115247298868e-06,0.0005313963984407093
2002-11-20,-0.00861912807561845,-0.007647122204198982,1.0174370120241873e-05,-0.01627642464993767
2002-11-21,-0.005677884802853492,-0.00433061205401723,1.0141555249950412e-05,-0.010018638412120673
2002-11-22,-0.001666543296287141,0.0006004331030456104,8.454012480549421e-06,-0.00107456420572208
2002-11-25,-0.003512987278465091,-0.0019761126970376224,7.4256288152691105e-06,-0.005496525604317982
2002-11-26,0.00955210417294344,0.006859193855364973,5.705948832924865e-06,0.01640559207947549
2002-11-27,-0.015261584108197074,-0.011372171010983763,9.330250879289916e-06,-0.02664308537006013
2002-11-29,0.005330765923717448,0.0023852532994633113,1.4987402909178877e-05,0.00770103182027158
2002-12-02,3.682074707542633e-05,0.0040319030360867715,2.1969399886876378e-05,0.004046754383275322
2002-12-03,0.0010621806852975616,0.011173090206916121,6.313287603870785e-06,0.012228957604609812
2002-12-04,0.0073033347676450455,-0.004690517461398428,1.4578314775629365e-05,0.002598238991470988
2002-12-05,0.006758397876505465,0.014444974829910468,1.0858174417332783e-05,0.021192514531998597
2002-12-06,0.007856740470938917,-0.0045227138964277665,8.840000142966036e-06,0.003325186574368185
2002-12-09,0.003913892821023324,0.006803778263348041,8.196662213284468e-06,0.010709474422158081
2002-12-10,-0.0010267263929388743,-0.00254246314489464,1.5148920121085001e-05,-0.0035843384579545994
2002-12-11,0.005430982689906634,-0.0034212136252724417,9.349215910811656e-06,0.0020004198487233813
2002-12-12,0.007063097979851673,-0.0011521050630160018,4.999016783224987e-06,0.005905993900052446
2002-12-13,-0.0014573634388002242,0.0006234656639455701,6.111262946168829e-06,-0.0008400090378008229
2002-12-16,-0.00386777896124867,-0.0020511311616258077,1.3677760649580999e-05,-0.005932587883524058
2002-12-17,0.004622790609822103,0.0005387135165250515,1.0231865947943344e-05,0.005151272260399212
2002-12-18,0.00884454296946682,0.004293936142683149,6.156365261794023e-06,0.013132322746888175
2002-12-19,0.011625338960524468,0.002417912712884013,7.178143444245278e-06,0.014036073529964235
2002-12-20,-0.0029676388278778894,0.0016109474076283236,5.141990190925395e-06,-0.001361833410440491
2002-12-23,0.0008594203318504003,-0.00406208674727182,8.135747588063113e-06,-0.003210802163009483
2002-12-24,0.007015700548775693,0.005365916011716851,9.82041615246885e-06,0.012371796144340074
2002-12-26,0.004467626097109614,0.004596479052157687,1.0850193402187084e-05,0.009053254955865115
2002-12-27,0.011913023446033556,0.003467583234715411,9.57856400568336e-06,0.015371028116743282
2002-12-30,0.0014696163810206059,-0.00033664735633960044,1.0185372921778742e-05,0.0011227836517592267
2002-12-31,-0.0005954974251386007,0.0009807568174245874,8.51397247492796e-06,0.0003767454198110587
2003-01-02,-0.02607020409795954,-0.018390068700995306,1.1959640123667972e-05,-0.04447223243907851
2003-01-03,0.0035457274615953186,-0.007651208541262942,8.163061792054005e-06,-0.004113644141459678
2003-01-06,-0.0018090968153787954,-0.008758574765780977,5.680552794837208e-05,-0.010624477109108145
2003-01-07,0.001613816182290567,-0.0015719928570707342,1.267005915505173e-05,2.9153266064781183e-05
2003-01-08,0.007750255923043127,-0.00794189499873049,8.611005240804538e-06,-0.00020025008092816756
2003-01-09,-0.016066727075511406,-0.003733533544615642,1.1970750524132428e-05,-0.01981223137065118
2003-01-10,0.0029279441675748217,0.010099069078404709,1.1348335601710962e-05,0.01301566491037782
2003-01-13,0.0023074083010613793,0.004964162530276583,2.4205610480945282e-05,0.007247365220857017
2003-01-14,0.004210160445942918,-0.0010956832636362858,1.7325963841161632e-05,0.003097151218465471
2003-01-15,0.0009001778304573681,-0.0015783098683997204,1.0698928687801202e-05,-0.0006888309666301535
2003-01-16,0.003020054561679519,0.0024313957222204326,8.079525227924102e-06,0.005443370758672028
2003-01-17,0.006551177554594552,0.004554750508559103,9.622145444669751e-06,0.011096305917708984
2003-01-21,0.00470372151302343,-0.003896238669561943,1.0707011344208922e-05,0.0007967758321172784
2003-01-22,0.006418341376108789,0.00011596848130032057,7.792807742590094e-06,0.00652651704966652
2003-01-23,-0.0015082574575707216,-0.0033632568402639806,1.2392843163980752e-05,-0.004883907140998682
2003-01-24,0.007753597934680409,0.004742765959519193,8.860282970874156e-06,0.012487503611228728
2003-01-27,-0.004598199223832755,0.01059053017584322,9.147631512311908e-06,0.005983183320498152
2003-01-28,-0.0013553907955939396,-0.0055712473452190206,1.0956599620184226e-05,-0.0069375947404331445
2003-01-29,-0.00564464200217661,5.764970514085603e-05,1.1184992920840761e-05,-0.0055981772899565945
2003-01-30,0.005120004721985668,-0.005635562350029455,8.777077070027815e-06,-0.0005243347051138148
2003-01-31,0.00011436526492131612,-0.004229252507924241,7.106774908447279e-06,-0.004121994017911372
2003-02-03,-0.0015358747980520491,0.0006953689594049614,1.4098083511425791e-05,-0.0008546039221585135
2003-02-04,0.00937984172330814,0.0005064449569224345,1.1281678880810426e-05,0.009875005001349763
2003-02-05,-0.009004995211068111,0.0031417069271408135,4.834252448953226e-06,-0.005868122536376251
2003-02-06,0.006146582697116301,0.001963470267426346,1.0116102931603935e-05,0.008099936861611043
2003-02-07,0.004611210720729957,0.00428464392206418,1.290799162572016e-05,0.008882946651168415
2003-02-10,-0.008278240392845974,-0.00860003480558335,9.361007143506244e-06,-0.01688763620557283
2003-02-11,0.002287954452308002,5.1459066611193134e-05,7.1885077731487585e-06,0.0023322250111460466
2003-02-12,0.004629849971661933,0.010986226838171059,1.8615955710304743e-05,0.015597460854122688
2003-02-13,0.00973479756929298,0.0029680565013755224,1.5907862481853662e-05,0.01268694620818665
2003-02-14,-0.009280217260949134,-0.00994467051956939,1.7366599711213516e-05,-0.019242254380229737
2003-02-18,-0.0013931156274453404,-0.003901367080813226,1.39008262096106e-05,-0.005308383534468177
2003-02-19,0.007929735633629377,0.0038082590103121487,1.2852194088020539e-05,0.011725142449853504
2003-02-20,0.0042744588920789126,-0.0006544694565709264,1.6111755331469668e-05,0.0036038776801765164
2003-02-21,-0.004413422777901616,-0.004223150442096574,9.568415044172652e-06,-0.008646141635042362
2003-02-24,0.005860848163750067,0.0051024262529507725,5.484708589799692e-06,0.01095778970811104
2003-02-25,0.002132456207522506,-0.0032337292988164792,8.75515756920771e-06,-0.0011100282488631808
2003-02-26,0.005127315039354471,0.001413641801855915,7.226808922345208e-06,0.006533730032288042
2003-02-27,0.00039510716976972303,0.002733229572239538,5.69968542777568e-06,0.0031226370565814853
2003-02-28,0.008169594986525055,0.0018354677208443123,6.279423384147776e-06,0.009998783283985218
2003-03-03,0.0024767612397010984,-0.003663897219619695,7.488908701581084e-06,-0.0011946248886201777
2003-03-04,0.0037196964887675123,0.004580505385762863,5.719563339641781e-06,0.008294482311190733
2003-03-05,0.005693618551411426,-0.0011002609276385199,4.844750686564014e-06,0.004588512873086342
2003-03-06,-0.0026790946198540447,0.0021994284507037692,8.21885751431434e-06,-0.00048788502666458983
2003-03-07,0.005002211454968939,-0.0014039739279913613,9.60456355734354e-06,0.0035886329634202342
2003-03-10,0.006192152746277619,0.009728241383165886,5.8893444608607706e-06,0.015914504784982644
2003-03-11,-0.004288065805982382,0.002539151934882294,1.2458067169424408e-05,-0.0017613719382695127
2003-03-12,-0.0030008575732442568,-2.2923948980035826e-05,9.75297683207296e-06,-0.0030335344990563657
2003-03-13,-0.022779176991865213,-0.007485235202445911,1.1524974521331331e-05,-0.030275937168832454
2003-03-14,0.004640063232537891,0.0019181072169266121,1.5596565140991914e-05,0.0065425738843235106
2003-03-17,-0.01264561574665524,-0.006366255279204622,2.8440267355289134e-05,-0.01904031129321515
2003-03-18,-0.010952650718347006,-0.0009577334366586963,9.141225527126257e-06,-0.011919525380532828
2003-03-19,-0.005986176101635821,0.002268068342865969,1.0386252834257615e-05,-0.0037284940116041093
2003-03-20,-0.005145486819329413,-0.002810265250079461,1.3056606735532379e-05,-0.007968808676144407
2003-03-21,-0.012872711576441348,-0.0009874561980508137,1.4472430277399454e-05,-0.013874640204769561
2003-03-24,0.015823289815392546,0.015160313051746994,6.686568455720905e-06,0.030976916298683817
2003-03-25,-0.0004735532109900398,-0.005659120104012294,7.763227891476105e-06,-0.006140436542893809
2003-03-26,0.003648043954525528,0.003809935693315157,2.7232218359588284e-05,0.007430747429481097
2003-03-27,0.004539856989066347,0.00274440479037607,9.70322545352738e-06,0.00727455855398889
2003-03-28,0.00719429430798372,0.00293299665450701,9.829403663380632e-06,0.01011746155882735
2003-03-31,0.010162775359521793,-0.0030115452385297476,7.886400466216885e-06,0.007143343720525829
2003-04-01,-0.0007527695877386047,-0.005033980861900673,5.4826614227186076e-06,-0.005792233111061996
2003-04-02,-0.013731855658424493,-0.0071529687233429055,1.8533848572045666e-05,-0.020903358230339446
2003-04-03,0.0020292291639851185,0.005500860266226494,1.0244688059679506e-05,0.007519844742151933
2003-04-04,-0.001919814521815519,-0.0012815845743650936,1.5345991057222318e-05,-0.003216745087237835
2003-04-07,-0.009344882318753365,-0.006849643548044305,7.627382384905249e-06,-0.016202153249182574
2003-04-08,0.010370709659698926,0.00019149029333415053,7.884382405443655e-06,0.010554315570627634
2003-04-09,0.006198558295907019,0.005207136443233763,9.872298873999573e-06,0.011395822440266783
2003-04-10,-0.0043823004522037055,0.0011818764304045923,9.174461472019838e-06,-0.003209598483271133
2003-04-11,-0.0039038871794669335,0.0018673618463648121,8.973471908798727e-06,-0.00204549880501092
2003-04-14,-0.006879345238068069,-0.004744535124828438,6.065071344198603e-06,-0.011629945434240707
2003-04-15,0.005880956156120113,-0.009077246731967217,6.510306490605011e-06,-0.0032028008823377085
2003-04-16,0.0037128509406034594,0.005890666171038899,6.612629538908935e-06,0.00959690448210345
2003-04-17,-0.0005361718827027943,-0.009082701874155944,4.620270083494977e-06,-0.009623494026942235
2003-04-21,-0.0006385652430470057,0.005539566667319995,5.856026972551489e-06,0.004895145397300438
2003-04-22,0.0009902991548676895,-0.004661552982813647,5.460398436895882e-06,-0.003676714226382853
2003-04-23,-0.001368352519895074,-0.0016593953454729807,4.220072715101405e-06,-0.0030319679380831563
2003-04-24,0.012328844208299824,0.004789868009619926,5.354305198384709e-06,0.017113357912721366
2003-04-25,0.003948576436875293,0.007778421936314882,3.974301323781351e-06,0.011723024071866395
2003-04-28,-0.0020200538778086634,-0.0024071379586824053,1.0734007030057171e-05,-0.004437925843521126
2003-04-29,-0.0034253302794412547,-0.008008010976035177,5.063358527040843e-06,-0.011438404614003472
2003-04-30,0.013115275821358945,-0.001771896391668487,4.779277224893767e-06,0.011338600152465564
2003-05-01,0.0024354318376271712,-0.0025661822070079214,6.770077738410564e-06,-0.00013752044711916073
2003-05-02,-0.007362911543911761,-0.004030397556020035,1.2842484470499694e-05,-0.011406151584402295
2003-05-05,0.004906059396408163,-0.006607891023654585,2.6915634760454025e-06,-0.0017045231907224668
2003-05-06,0.01183827302542,-0.005935277713542943,8.019895451223867e-06,0.005894975416425832
2003-05-07,0.010280180074024443,-0.006152370288320715,7.621049677986562e-06,0.004120188736025741
2003-05-08,0.00534549025000941,0.0048118312946018385,1.3889367923747755e-05,0.0101434321766875
2003-05-09,0.0005451289133425641,-0.01775578877653872,1.2908980936246797e-05,-0.017223568844132404
2003-05-12,0.004566954452852129,-0.008303720972533051,9.28363296578274e-06,-0.003746050152646705
2003-05-13,0.000975836437195565,-0.0019773096103327943,1.8228130025018885e-05,-0.0010197013031622482
2003-05-14,0.010658818168065952,0.0003908122021260191,7.309739812568924e-06,0.011042320630379403
2003-05-15,-0.003524521354632586,-0.007932858983506928,6.493228876675857e-06,-0.01146387356701619
2003-05-16,0.011200420475891558,0.0008960124518848134,6.739574783155816e-06,0.012089693352993217
2003-05-19,0.004829318930765446,0.01768337105109774,9.434731292454986e-06,0.02250325525057073
2003-05-20,0.010914519368040138,-0.004356735325094774,7.4522503179521886e-06,0.006550331792627412
2003-05-21,-0.0032736424971821832,-0.001554180677933612,2.2267802970120566e-05,-0.004850090978085916
2003-05-22,0.004788476190700993,0.003297932909228329,7.646624909214803e-06,0.008078762475020106
2003-05-23,0.0001829060146536707,0.0008991335220777534,9.936167952346005e-06,0.0010721033687790783
2003-05-27,-0.004282280322527087,-0.006392961701511549,5.936216578951977e-06,-0.01068117824061759
2003-05-28,-0.002913147550658436,0.00627384058267801,3.311775360062706e-06,0.0033573812566595113
2003-05-29,0.011590979688353133,-0.0069720633076628055,1.558211716190484e-05,0.004603334263528422
2003-05-30,-0.002226493561761464,-0.003585030715924185,8.0086780581766e-06,-0.005819532955743826
2003-06-02,-0.006437375196846634,0.0014749035730885827,8.340341987309006e-06,-0.004970811965745361
2003-06-03,0.012478064495207802,0.0024437165818958656,5.485936740172095e-06,0.014916295140363495
2003-06-04,0.0038347085147111444,-4.130951028395632e-05,1.5311197292008268e-05,0.0037780878071351797
2003-06-05,-0.0041158092188174015,-0.00499960032681788,1.4107534454800416e-05,-0.009129517080090082
2003-06-06,-0.002563559008511339,-0.0027235726529367676,5.364801010531954e-06,-0.005292496462458639
2003-06-09,0.008899617507037542,0.007427562116967549,8.031076838126344e-06,0.016319148547166967
2003-06-10,0.009365719913774887,-0.008401307977054722,8.27779112481079e-06,0.0009561341455953543
2003-06-11,-0.000593024813107538,-0.006877241493371893,5.55801146378681e-06,-0.007475824317943218
2003-06-12,0.002606752380990773,-0.006164737029623826,9.569271230373455e-06,-0.003567553919863426
2003-06-13,0.0068049692429169965,0.021386727391927544,9.619555861197085e-06,0.028182077078983344
2003-06-16,-0.009278822491888352,-0.0021367650018022395,7.060023109321662e-06,-0.011422647516799913
2003-06-17,-0.011522053558487625,-0.005672631109935992,1.663271143570102e-05,-0.017211317379859318
2003-06-18,-0.01106125298483688,-0.002209959993557828,1.7015085186719148e-05,-0.013288228063581426
2003-06-19,0.004962314980263899,0.0035411570743521525,1.6322274494680082e-05,0.008487149780121373
2003-06-20,-0.005226372775963583,0.0068825903786787004,9.821558389540948e-06,0.0016463960443255763
2003-06-23,0.008728524513961944,0.009658609490686962,1.2915968811126413e-05,0.01837421803583778
2003-06-24,0.004292212996083159,0.004060276814923207,5.415403457880488e-06,0.008347074407548486
2003-06-25,-0.01299080652214225,0.003548922380809854,9.361770065869402e-06,-0.009451245911398266
2003-06-26,-0.019659864922210647,0.010495383380177237,1.1458445468410162e-05,-0.00917593998750182
2003-06-27,-3.425707748496649e-05,0.001384257865943159,2.871405323747766e-05,0.001321286735220715
2003-06-30,0.0066910326151175935,0.0063182012659645185,2.9351707193059373e-05,0.012979882173889052
2003-07-01,0.0001330028226338063,-0.006860074242116181,8.75833136074361e-06,-0.006735829750843118
2003-07-02,0.0019995685842767257,-0.006686822821155368,9.641010908912215e-06,-0.004696895247787554
2003-07-03,-0.008142673198840204,0.010077538931403172,1.1613412923432013e-05,0.0019232523196395358
2003-07-07,-0.006398188635939113,-0.007113790090410363,1.191150222468868e-05,-0.013523890228574165
2003-07-08,-0.0036118191431460315,-0.00502954168051655,1.2024654018186442e-05,-0.008653385477680768
2003-07-09,0.0032140863104384966,-0.003541171798478261,1.4795858957809854e-05,-0.0003418813469975742
2003-07-10,0.0036153428473252552,0.010012558735183405,1.0116138449972576e-05,0.013617785444058688
2003-07-11,0.005873952007067071,-0.0019383866061481378,1.030640501389504e-05,0.003925258995905038
2003-07-14,-0.008355507200685397,-0.004589701040032497,7.81354732569985e-06,-0.012953021788043593
2003-07-15,-0.019738546855254828,0.007088728508133916,6.151236444180712e-06,-0.012655969583565093
2003-07-16,-0.003963480762875058,0.00022722701751099253,9.723960159592772e-06,-0.0037459777055236583
2003-07-17,0.00015331603900271866,0.006897169308719496,2.5145556727260962e-05,0.007025339790994953
2003-07-18,-0.0007775270962523881,-0.00514152923548006,8.614391941509076e-06,-0.005927670723673957
2003-07-21,-0.01791400257479804,0.0025314802794392044,1.0068881146295954e-05,-0.015392591176505134
2003-07-22,0.0025326782371055453,-0.0007683058908304602,1.1674404480452618e-05,0.0017526979417946326
2003-07-23,0.006380628659258652,-0.005379899579746121,2.606402639870679e-05,0.000974665053113824
2003-07-24,-0.0026147484576976117,-0.0010719771263902654,9.16809465123285e-06,-0.00369589367873911
2003-07-25,1.596961898267647e-05,-0.007297174898585832,1.037826257769095e-05,-0.007291583542180846
2003-07-28,-0.010605924099745517,-0.00866002762052629,1.032089808545345e-05,-0.019276272618357262
2003-07-29,-0.011636742150166357,0.004264721001341646,1.0791587731362522e-05,-0.007382812736556073
2003-07-30,0.005618799591732252,0.007453421123893656,8.090572608788077e-06,0.013064130143017121
2003-07-31,-0.01954734958695677,-0.005022964076796284,6.13046992137227e-06,-0.02457644413367443
2003-08-01,-0.0004429853959324333,-0.002021195080729993,8.247077907959968e-06,-0.0024724275545703863
2003-08-04,0.012498236191684782,-0.0026625284437157113,3.2445711865902466e-05,0.00980326203610317
2003-08-05,-0.011931997366408351,0.010374481785718937,8.46045594724849e-06,-0.0015659760366366624
2003-08-06,0.013923504680047577,-0.004802443115425206,2.900659101891783e-05,0.009092054973603454
2003-08-07,0.0042430448193530885,-0.008014922912847403,1.1590413967757411e-05,-0.0037834685074620714
2003-08-08,0.0014998367362840097,0.002795637707040681,1.5530207679985624e-05,0.004279944235644705
2003-08-11,-0.003360113755736819,-0.001401303993706513,1.0636958065961839e-05,-0.004772054707509295
2003-08-12,0.0028352277518454557,-0.014388752289194454,1.0321992533472958e-05,-0.01156384652988247
2003-08-13,-0.016760933478088012,0.0005762815223900891,1.196343317412552e-05,-0.01619661538887205
2003-08-14,-0.0009009656594404342,-0.003713290355422398,2.0695066157226518e-05,-0.004634951081020059
2003-08-15,0.0031687352124280203,-0.0030357784474274244,1.8747757123731936e-05,0.00011420900787686397
2003-08-18,0.0017340781740112633,-0.013900806216300455,1.092940400816133e-05,-0.012177657446297353
2003-08-19,0.009357589227418885,0.005595429771439293,8.365642625563954e-06,0.014944653356232615
2003-08-20,-0.00416580594599232,-0.002294868209800684,1.1460543416163293e-05,-0.006472134699209167
2003-08-21,-0.009107917885598673,0.003456815291454734,1.1571120948124855e-05,-0.005662673715092064
2003-08-22,0.005384880701739382,-0.00011016391795263214,8.945510734417313e-06,0.005265771273052332
2003-08-25,-0.00591779691597305,-0.00010962467462930444,1.0712729381603992e-05,-0.006038134319983959
2003-08-26,0.006112218109366569,0.003001729589724872,7.265697347011803e-06,0.00910668200174443
2003-08-27,-0.0037467024720504324,-0.0019195278456976116,8.343525357553597e-06,-0.005674573843105598
2003-08-28,0.011543221712464472,-0.0024090046554960886,6.10125272062046e-06,0.009128115804247763
2003-08-29,-0.0014369070004291145,-0.012891670198693025,8.384227675109575e-06,-0.014336961426797249
2003-09-02,-0.015413687172029858,3.519762033475887e-05,1.8654150753579604e-05,-0.01539714370244868
2003-09-03,0.0025448954957725057,-0.007560139287390608,1.2424064366173583e-05,-0.005027667855984276
2003-09-04,0.008435928160701916,-0.0005200943740291296,1.637924517797265e-05,0.007899454541494814
2003-09-05,0.017813339517668093,0.004386895383060444,1.3428590037564119e-05,0.022186806310690973
2003-09-08,-0.0025033671237419267,-0.0018228273318111718,3.3380024098681745e-05,-0.004359574479651781
2003-09-09,0.003999735059439145,0.001496568204018012,3.759776415273471e-05,0.005458705499304423
2003-09-10,0.0072030191083404214,0.008182936816234474,1.423286230693443e-05,0.015371723062267962
2003-09-11,-0.005060259969901632,-0.0004370253228477294,1.1295661491764508e-05,-0.005508580954241126
2003-09-12,0.003011976278861763,0.004885620659644816,1.8381739139025053e-05,0.007879215199367552
2003-09-15,0.001243217320746595,-0.0007414766643207206,2.208179241181029e-05,0.0004796588640140642
2003-09-16,-0.006189601507297185,0.00013747302886317567,1.4689159213378376e-05,-0.0060668176376473875
2003-09-17,0.007600583856211566,-0.0018667431936891308,1.7364035454421525e-05,0.005716476627068014
2003-09-18,-0.00013611831546573298,-0.0025749468467819083,1.9132401468510782e-05,-0.002730197563716152
2003-09-19,0.002939847443916246,-0.008097927329208325,1.716353706858764e-05,-0.005175243422360666
2003-09-22,-0.0021732365554977067,-0.004250180003682681,1.1869666359443015e-05,-0.00643528622553983
2003-09-23,0.0023542213856915565,0.005266449092866314,1.667892622047188e-05,0.007603991552337398
2003-09-24,0.009495913229042304,-0.0006498737628063043,9.981280636553624e-06,0.008836058185599446
2003-09-25,0.002116519547910344,-0.0018211409429984013,1.1953941122047869e-05,0.00028342466378989496
2003-09-26,0.00517154022007806,0.000532959015605522,1.2303246045970135e-05,0.005692195989637612
2003-09-29,-0.001972381891619077,-0.00505671774937053,8.938033462910517e-06,-0.007038037674452517
2003-09-30,0.013631109952258642,0.005356556584935981,8.573943560575651e-06,0.018979092593634048
2003-10-01,0.0012602680811532306,-0.009073164707521007,1.0227388719767025e-05,-0.007823124015087543
2003-10-02,-0.0037315802908664273,-0.002696502698448436,1.2622903062610484e-05,-0.006440705892377474
2003-10-03,-0.015756142323179893,0.002005490609098629,1.0542962248422329e-05,-0.013761194676329686
2003-10-06,0.0065465488052898245,-0.0001816551583100077,1.2468156782542042e-05,0.006352425490197275
2003-10-07,-0.005240159303522635,-0.009047519707484972,3.200528393060648e-05,-0.014319684294938214
2003-10-08,-0.0017245465982461492,0.002832552679346949,9.211146805312429e-06,0.0010987949342954873
2003-10-09,-0.0007982932297647914,0.0007692116347983488,8.082912926834315e-06,-3.7164507893276994e-05
2003-10-10,0.0068049188202850865,0.001987681823693384,8.134349229800264e-06,0.008784466294748671
2003-10-13,0.0007476768916633351,-0.007472077846215494,1.0183104769776334e-05,-0.0067345840593219354
2003-10-14,-0.005755205525125458,0.008756451379149752,1.0245702427926505e-05,0.002991000151596367
2003-10-15,-0.004819594016734919,-0.0003158082849763139,7.76431623713326e-06,-0.005143166617948366
2003-10-16,-0.005026153139030466,0.00017864222203036752,1.0876748679983507e-05,-0.004858387665680082
2003-10-17,0.0031821484229746723,0.000267507812883162,9.37071143481277e-06,0.0034402855244230215
2003-10-20,0.0026766912364100393,-0.0031189960857490235,1.3951517494373602e-05,-0.00045625636683335784
2003-10-21,0.0033235496861238095,-0.002049577563582208,9.142684015718688e-06,0.0012648294385258828
2003-10-22,0.00898388196002525,-0.009185926741803109,8.073508936696494e-06,-0.00021011829071455613
2003-10-23,-0.002565387707003068,-0.009170378148190904,8.619597097323287e-06,-0.011744385452291294
2003-10-24,0.008791543834127339,0.0033583415455671873,9.295180081013684e-06,0.012140590199613513
2003-10-27,-0.0041174282347717205,-0.004959317524476011,1.1297498662729216e-05,-0.00908804325791046
2003-10-28,0.004815522929769389,-0.007630296043213787,7.677251777705357e-06,-0.0028224503652221028
2003-10-29,-0.004659361179978276,-0.006179804952413496,4.633686082408272e-06,-0.01084379981847418
2003-10-30,-0.006615148681737688,-0.0022717944763314627,8.571984432706954e-06,-0.008895515142501857
2003-10-31,0.004134369293051389,0.002865044420659011,6.404480180125867e-06,0.006993009233530275
2003-11-03,-0.00821213931459418,0.007697156846415678,5.3479463265316044e-06,-0.0005203304145050343
2003-11-04,0.0050340318536572365,-0.002923155980354232,1.2881360466395622e-05,0.002097994512836609
2003-11-05,-0.0002445785296666587,-0.005173620130471911,8.54039940320619e-06,-0.005426739059541776
2003-11-06,-0.00635378275088045,0.005163865392711981,1.3365708063724286e-05,-0.0012032830662321934
2003-11-07,-0.00042738148517668605,-0.001232542542293851,1.4988911120710928e-05,-0.0016749129385912479
2003-11-10,0.0004483569660180996,0.0020890489022341485,1.4058909551834474e-05,0.002523346958700414
2003-11-11,0.0011661863473265651,-0.0038560741018415696,1.1991646438523815e-05,-0.002701879400953528
2003-11-12,0.008308122897391482,-0.005158234277248161,1.2471742331808666e-05,0.0031374168778115115
2003-11-13,0.011457765276661178,-0.006496220112119335,7.757496308937992e-06,0.004953787668232905
2003-11-14,0.005891060616133262,-0.0016037492428459055,1.0590790238639642e-05,0.004276720583048716
2003-11-17,-0.0012893349923928702,0.008291457813678405,2.092295287493805e-05,0.006981199868410596
2003-11-18,0.006751212013622419,-0.0022936490601913506,9.2550940352039e-06,0.004448307859395865
2003-11-19,-0.009573452561381089,0.013633824205192104,1.5187180352293794e-05,0.004045184463458721
2003-11-20,0.004071023404219573,0.0015455796474667177,9.565787574700117e-06,0.00560703726411159
2003-11-21,0.0018801089305566024,-0.003164965657759735,1.564555668782417e-05,-0.001300502283890957
2003-11-24,-0.00896618839763087,0.003922380217041006,1.2486493498137156e-05,-0.005056294674088
2003-11-25,0.004000932010338746,-0.0019359434987086198,1.3787039489173257e-05,0.002051201472140953
2003-11-26,0.0006873068324829647,-0.0070814535966180776,8.932216616520306e-06,-0.006403078980751633
2003-11-28,-0.005009794927556322,-0.00222281159631233,1.045609890643007e-05,-0.007243062622775082
2003-12-01,-0.0005619405635604294,-0.006920581768679981,8.138774215384124e-06,-0.007490661106455795
2003-12-02,0.0027814706931862413,-0.0075106982571040756,1.5246921271161603e-05,-0.004744474485188996
2003-12-03,-0.0012981865221920637,-0.006164752511068615,1.1466408335694601e-05,-0.007474405441596374
2003-12-04,0.0036573948201810784,0.0007173473803375838,1.1040880403576308e-05,0.0043637013201150866
2003-12-05,0.012312168998435227,-0.001964166151188294,1.0681789940313724e-05,0.01033732105730662
2003-12-08,-0.0005193270780740275,-0.0035664230897353086,2.0587329005355967e-05,-0.004106337496814692
2003-12-09,-0.004876275735213289,-0.0025170735905223523,3.1974733445702775e-05,-0.007425324059181344
2003-12-10,0.0009942551682686207,0.004242243605554686,1.6757913201375866e-05,0.005219740860621931
2003-12-11,0.0034477313082060122,-0.0027536290107677977,1.3823732804177392e-05,0.0006802785646340371
2003-12-12,0.004288579020303371,-0.005107866029598038,2.152650807543475e-05,-0.0008408135173701023
2003-12-15,-0.0018793682525438044,0.0013014876906940588,1.5986997409321506e-05,-0.0005938675592590671
2003-12-16,0.002717249397501462,-0.002519313909656341,1.5567232242710677e-05,0.00018236825560241017
2003-12-17,0.008022417719056082,-0.0004335897692276773,1.4836735087643457e-05,0.007573991214740762
2003-12-18,0.004011564835910237,-0.0036995080963533105,1.2495414375929843e-05,0.00029956132518099693
2003-12-19,-0.0024521543276431945,-0.0025911204761563276,1.1514080183105803e-05,-0.005054788883982628
2003-12-22,-0.0022555869559256598,0.0025665516743503744,1.082719105907326e-05,0.00030013752736564135
2003-12-23,-0.0048439700997236915,0.003105283312004415,1.037135810166718e-05,-0.0017490581458209438
2003-12-24,0.00900783498000777,0.00455203697183265,1.0167848306996691e-05,0.013549704103533424
2003-12-26,0.0022867098669583285,-0.00972737503174268,1.4057217526171644e-05,-0.007454722382310523
2003-12-29,-0.0028346022789335697,-0.006087226650291023,1.543249558429998e-05,-0.008937261424808893
2003-12-30,0.0005690103833863207,0.003257701447306767,9.958402094684756e-06,0.0038167534285984033
2003-12-31,0.0008231471285583523,-0.002838515739430436,7.57145197847654e-06,-0.0020229400628505602
2004-01-02,-0.005125042912677173,-0.0133610272684644,5.596712267980178e-06,-0.018491666893409555
2004-01-05,0.011327322781622264,-0.008779080710424738,1.2354710690668344e-05,0.002535887360506858
2004-01-06,0.007550202385949365,-0.0015881599667023345,1.984110803735747e-05,0.005942201311209673
2004-01-07,0.0009911363009778888,0.00203704777176876,2.027236665616091e-05,0.003007911706090488
2004-01-08,0.005020754222092535,-0.007636389849846494,1.6722476203890882e-05,-0.0026323581039578497
2004-01-09,0.01198088951374781,0.0006727204476703707,1.1756682894805346e-05,0.012641853278523376
2004-01-12,0.0020024207441224594,-0.013472485253855299,1.4141733923771265e-05,-0.01148420624365661
2004-01-13,-0.0020219439774374214,-0.009284679028015075,2.740587881373449e-05,-0.011334028884266231
2004-01-14,0.0003471376688052911,-0.004845397641451354,2.5857711026318572e-05,-0.004524117683672381
2004-01-15,-0.013440382208748929,0.0024626797476102916,1.5491613339952206e-05,-0.01099319407447859
2004-01-16,-0.0013014575473646699,-0.0025286822056674756,1.395889369532834e-05,-0.003844098646727474
2004-01-20,0.005126317868976868,-0.0014310806331115145,2.2042706630005628e-05,0.0036731945292353477
2004-01-21,0.00020134865132203793,-0.00313260285892381,1.7884306917793867e-05,-0.002949138514519566
2004-01-22,0.003296932517750122,-2.6254926210657944e-05,1.2022333912845922e-05,0.0032586552576266184
2004-01-23,-0.008291148951836483,0.0004854800137029296,1.2831977466627488e-05,-0.007818500915600182
2004-01-26,-0.0026561345476812763,-0.003989126872973125,1.330170307158643e-05,-0.006658563123725988
2004-01-27,0.0016921297217702132,0.0017198364838470208,1.2200426508219308e-05,0.0033997657791090146
2004-01-28,-0.006789537846247605,0.016340558173999122,8.740408643069557e-06,0.009542279919108448
2004-01-29,-0.010662022453340074,0.00042457802628541113,1.4826151534363e-05,-0.010252270578589025
2004-01-30,0.005101638585112823,-0.014870319272288435,2.675544579164516e-05,-0.009795436132967256
2004-02-02,-0.0008696075196267705,0.006929025836978227,1.5288632745210184e-05,0.006044129684606246
2004-02-03,0.0023180516559210065,-0.0033544821342968317,1.1479530163756019e-05,-0.0010479100085395811
2004-02-04,-0.004443138508437798,0.002628030369614155,1.3227569056436315e-05,-0.0018283357078800791
2004-02-05,-0.001470537760653226,-0.0017912235748446627,1.1544715099413776e-05,-0.0032733060505973025
2004-02-06,0.010187739292518814,-0.006670706525954417,1.4017979779893839e-05,0.003503014786784503
2004-02-09,0.0037500332239635524,-0.005349460824855664,1.260523270846202e-05,-0.0016120328336005738
2004-02-10,0.0007568721153480113,0.0031477847443582216,1.010613584425116e-05,0.0038945507238619817
2004-02-11,0.009353128289715629,-0.01276473075031533,1.1495970459116532e-05,-0.003423098431058817
2004-02-12,-0.000570342896126881,7.1709996776012e-05,1.3055673203599067e-05,-0.0005116885725544681
2004-02-13,-0.0004792463952961078,0.0016621698575702496,1.6504879494875124e-05,0.001166418582779267
2004-02-17,0.007799812181292831,-0.005364477961033858,1.5241542884127913e-05,0.0024200926773748454
2004-02-18,-0.00457284674613497,0.010814279944111868,1.2016245701262888e-05,0.006229416952275635
2004-02-19,-0.001344186243153672,-0.002959785841640434,1.801739755801435e-05,-0.00432198948235212
2004-02-20,-0.01314124839661119,0.01079056555416278,3.009704398726072e-05,-0.00238077988643567
2004-02-23,0.0032057563357419426,-0.014900799150518142,2.43623143440521e-05,-0.011719405129120253
2004-02-24,0.007222174264612112,-0.007047979095588877,3.659034767085025e-05,0.00013760482135238464
2004-02-25,-0.00430084605786819,0.0032503565416848847,1.9914178942481722e-05,-0.001070403695125787
2004-02-26,-0.0016132387672157594,-0.004014192788127321,1.1616500062258504e-05,-0.005639048055405339
2004-02-27,0.005141595685560135,-0.001708057467827376,1.1793817941129994e-05,0.003421744399791629
2004-03-01,0.004274160532631287,-0.004675726936613944,9.79553500657244e-06,-0.0004113619389892296
2004-03-02,-0.009749183203577174,0.011482227131928919,9.65079168780536e-06,0.0017233931366639392
2004-03-03,-0.0041032776039703,0.008384403557739693,1.274638532355961e-05,0.004268379568445834
2004-03-04,0.0025150825372397905,-0.002098235991095892,1.3979750777668926e-05,0.0004028667953662296
2004-03-05,0.014464489159203713,-0.00853824241991345,1.5327066596541972e-05,0.005910919672693722
2004-03-08,-0.001195244191948629,0.006946817859981076,1.716621706888998e-05,0.005734407450963558
2004-03-09,0.0016163550272010798,-0.005004826036116479,5.367658987174546e-05,-0.003442147598787145
2004-03-10,-0.00829032786693476,0.007011415849910974,1.5617891116482924e-05,-0.0012945299081402691
2004-03-11,0.0018649856628690131,0.0009569225407580734,1.446874503242889e-05,0.0028074394585946576
2004-03-12,-0.003917569835868738,-0.0027763456644526235,1.1834775605942185e-05,-0.0067057502759273035
2004-03-15,0.002054208785125291,-0.007362674302826128,1.668754435101793e-05,-0.005325153062051855
2004-03-16,0.005225785541230188,-0.0056009123413683255,1.5489111322088663e-05,-0.0003906159114602258
2004-03-17,0.004220643724874471,-0.01081968345814259,1.4951499935144658e-05,-0.006613991233203264
2004-03-18,0.004396746121744604,-0.005962187315671515,1.4681332682879414e-05,-0.0015801225266097903
2004-03-19,-0.0016544471338512162,0.00134201604102125,1.6843143201052685e-05,-0.000329274236031019
2004-03-22,0.006784654866216093,-0.02040731992112218,9.936137882545152e-06,-0.013632601192788632
2004-03-23,0.001567380303520233,0.00500294305949253,1.2917147264721737e-05,0.006557406215748042
2004-03-24,-0.006316911643794776,0.0029411997249341685,2.0529407827026408e-05,-0.003396241326687634
2004-03-25,-0.0030330765816398075,0.008207489580100678,1.326122782465399e-05,0.005161151770636216
2004-03-26,-0.0003063986519480568,0.0069342060262723385,1.6506183872646222e-05,0.006611301190451635
2004-03-29,-0.002738186272364815,0.002722249022467378,1.5009482476448022e-05,-3.094673237388469e-05
2004-03-30,0.0037468198642767667,-0.005692211453509298,1.62453824847117e-05,-0.001961636971717243
2004-03-31,0.008297759895832098,-0.008837734178054099,9.704872445085679e-06,-0.000549679154667087
2004-04-01,0.0018358916572133789,-0.0008757364323448411,7.689839552556141e-06,0.0009524653853159816
2004-04-02,-0.013488390486774367,0.009348049836490277,9.623050669024961e-06,-0.0041499637009531146
2004-04-05,-0.009326533484550143,0.005117280983064711,2.1006145240195896e-05,-0.004230258646725628
2004-04-06,0.006055792201852692,-0.000604772965783704,8.113594648536593e-05,0.005369883289583622
2004-04-07,0.003981843965408717,-0.005294606720369363,8.036838876477559e-06,-0.001320799593837124
2004-04-08,-0.005306331881180376,0.000265717843906632,7.49055979097937e-06,-0.005048104597064723
2004-04-12,0.0014072247339535786,0.009481355053722846,8.897912578443258e-06,0.010879681875097982
2004-04-13,-0.016719433105724622,0.02052145974079162,9.34124569333696e-06,0.003792685389373662
2004-04-14,-0.01027361591948176,-0.0027211243364635247,1.4812148584391057e-05,-0.013009552404529674
2004-04-15,-0.0020091409109349555,0.01605976094346755,1.5817346704976277e-05,0.014034802685827618
2004-04-16,0.005408907872270791,-0.010816861695199784,1.676342933714644e-05,-0.0054247172522661384
2004-04-19,0.0005921494680542512,-0.0005711923003861295,1.9805442433541346e-05,1.1517252345803872e-06
2004-04-20,-0.006866625479323809,0.005764048814278025,9.420220801187787e-06,-0.001111996885846972
2004-04-21,-0.008568239273453383,0.014680964651629925,1.657775339144765e-05,0.006096147624785094
2004-04-22,0.0037548223717461453,-0.00548559452236309,2.1211990297908957e-05,-0.0017519841409148538
2004-04-23,-0.00017558771611325273,0.0073932222879595395,1.5253035172672691e-05,0.007202381536673614
2004-04-26,0.0037091752125367862,-0.0009799213724484002,1.2642746892090037e-05,0.002716611093196296
2004-04-27,0.0030797674694638478,-0.008087828223418546,1.0885274575948473e-05,-0.005018946028530646
2004-04-28,-0.015008928222761233,0.010741792100698958,1.5261701522767667e-05,-0.0042823978235850425
2004-04-29,0.00029752944320769964,0.00221234481094805,9.50130197623735e-06,0.002500372952179512
2004-04-30,0.002499356298252421,-0.003281841033100152,1.7342014289733402e-05,-0.0007998267491374646
2004-05-03,0.0008740529532689698,-0.005121818043599076,1.2012043471132487e-05,-0.0042597771338012385
2004-05-04,0.00602935934497078,-0.006433434467638402,9.789446437169378e-06,-0.00041386456910479135
2004-05-05,0.002186973675421616,0.0014276719725487168,1.3144013844636153e-05,0.0036015016341256964
2004-05-06,-0.006467558382241474,0.009218632879261949,1.4128368219554886e-05,0.00273694612880092
2004-05-07,-0.010816469224954918,0.017972931090699883,1.1370754717120808e-05,0.007145091111027844
2004-05-10,-0.006321359808760404,0.010349853649142818,1.868405652855927e-05,0.0040098097838538556
2004-05-11,-0.0015902681369772138,-0.002344583993689076,6.70242103414257e-05,-0.004001876341007715
2004-05-12,-0.0010769831510502373,0.0035275132406179096,2.012770693284626e-05,0.0024304023826348256
2004-05-13,-0.004534422286422229,0.004672113300071612,1.6313521337707977e-05,0.00012137749231167541
2004-05-14,-0.0005102292439083385,-0.0015039151980487083,1.5814211913568953e-05,-0.0020299586538706157
2004-05-17,0.0020268489369541344,-0.010494611949963577,1.2854589326953454e-05,-0.008480617602336397
2004-05-18,-0.004049445418862735,0.0037789468202473714,2.1339013286545394e-05,-0.00029183761190190895
2004-05-19,0.010733199439531348,-0.0018331424131435943,1.6329922357408955e-05,0.008883727104030344
2004-05-20,-0.007369258063970781,-0.0009834040166471166,1.094178929847169e-05,-0.00836360386991637
2004-05-21,0.006834985930214622,0.003953213155676292,1.0410849922164274e-05,0.01077778823596875
2004-05-24,0.0033857897965096553,-0.010904428334514726,1.0802879190629266e-05,-0.007529441417195699
2004-05-25,0.007043073990748879,-0.005465029284294419,8.810473974366383e-06,0.0015692342324800934
2004-05-26,0.0002931740112539685,-0.007944904668895691,9.351872701035119e-06,-0.007661082530342758
2004-05-27,0.004261353417322863,-0.0015086091284315583,8.624356914286494e-06,0.0027441199319770183
2004-05-28,0.0017227592638595825,0.007129196984064948,8.164785207289556e-06,0.008843791462717241
2004-06-01,0.008471015547907232,-0.013099141977055525,9.641235340562449e-06,-0.0046377676644888555
2004-06-02,-0.005235697691537051,0.011410714561964881,1.595957069346804e-05,0.006159057299734362
2004-06-03,-0.00624487997839356,0.0065518713352168585,1.5713322809677765e-05,0.000291278034013621
2004-06-04,0.0010506786989838864,0.0020374061932481105,8.349903628366107e-06,0.003079734988603631
2004-06-07,0.005547463123934967,-0.004348353841105137,1.0370036995332534e-05,0.0011887392458344976
2004-06-08,-0.0044810123253495905,0.0031703069356394963,1.137504594253181e-05,-0.001322080435652626
2004-06-09,-0.012042005625940596,0.005481687233599078,1.5843628587060296e-05,-0.006576162020928578
2004-06-10,0.004427030044578109,0.0015584775301490134,1.0709839515763952e-05,0.005974797735211358
2004-06-11,0.0,0.001757788567955046,1.1815866086842792e-05,0.0017459727018682032
2004-06-14,-0.008536920377978093,0.006169513330738025,1.1727174152553951e-05,-0.002379134221392622
2004-06-15,0.011520149192800712,-0.010435832918638033,1.3018073647463114e-05,0.0010712982005152156
2004-06-16,-0.004911134162163304,0.0029845878575419796,1.9010233674336644e-05,-0.0019455565382956608
2004-06-17,0.006107902474066134,-0.002635128130157871,4.085954604524616e-05,0.0034319147978630164
2004-06-18,0.004838832943294884,0.0011260066098634878,9.221316183025764e-06,0.005955618236975346
2004-06-21,-0.0008216274210073643,0.00015230957222367198,8.85530182387412e-06,-0.0006781731506075665
2004-06-22,-0.004266407349490167,0.002309488129175623,1.0621322185338845e-05,-0.0019675405424998825
2004-06-23,0.0047295263525898796,-0.004020580900452469,1.0069839166570469e-05,0.0006988756129708403
2004-06-24,0.010871421478911784,-0.0011196105340432355,1.0589747901901043e-05,0.00974122119696665
2004-06-25,-0.001193030089135948,-0.0026523147429845413,1.0066963785062678e-05,-0.003855411795905552
2004-06-28,-0.002784700112997761,0.013016799324518128,9.23224378814015e-06,0.010222866967732227
2004-06-29,-0.010775418465959679,-0.0035222402321109843,1.0768133504962183e-05,-0.014308426831575625
2004-06-30,0.0018704378101158567,-0.006888273131907964,1.1534050400961611e-05,-0.005029369372193069
2004-07-01,0.003679384685369313,-0.0014423490966265738,1.2039249134630245e-05,0.002224996339608109
2004-07-02,0.00247393544955298,-0.006251273745175824,1.0007556509822233e-05,-0.003787345852132666
2004-07-06,-0.0042794731814691685,0.0017384008913911904,6.567828575279893e-06,-0.002547640118653258
2004-07-07,0.012402768763668713,-0.0009531418315318396,8.720995899225748e-06,0.011440905936237648
2004-07-08,0.001608881841285307,0.0026923875834526136,1.2170803087484194e-05,0.004289098621650436
2004-07-09,0.002798966132729224,0.0024150831169929966,1.1600491418387375e-05,0.005202448758303833
2004-07-12,0.00035866797973824557,-0.003834859325852865,9.873515467072093e-06,-0.0034860648615816915
2004-07-13,-0.005127189292227054,0.006601531604369609,2.381338722536926e-05,0.0014505289249171856
2004-07-14,0.0036882600146776186,-0.004425233407768573,2.2597507455622913e-05,-0.0007595709005465774
2004-07-15,-0.0036396435882581008,0.008195270880037882,1.8368090118864375e-05,0.004537259201660917
2004-07-16,0.008349609119947603,-0.007094310902856357,1.6569023791926488e-05,0.0012387291932993197
2004-07-19,-0.0008287885629450021,0.0007272495236957724,1.8718028342663685e-05,-0.00012025706759189341
2004-07-20,-0.007749452446312988,0.00921403135277709,2.0833471725432034e-05,0.00144374543473867
2004-07-21,-0.010745076066066481,0.012559604674659526,1.18957596845445e-05,0.0018026328489085005
2004-07-22,-0.00045860751625776666,-0.0004622473356611996,1.960321512712782e-05,-0.0009404580670460941
2004-07-23,-0.007957915751328556,-0.0060967758639652835,1.2277060526686142e-05,-0.014066968675820525
2004-07-26,0.00031564564657440803,0.0062391703042000285,1.2958218001542613e-05,0.006541857732772894
2004-07-27,-0.009420183722178416,0.0076387478986760324,1.378478943232118e-05,-0.001795220612934705
2004-07-28,0.0044487152831646564,0.0020048573218829748,1.0915953643118354e-05,0.0064426566514045125
2004-07-29,0.00044747685356772126,-0.0013627847776239337,1.6920523794652994e-05,-0.0009322284478508653
2004-07-30,0.0042175161255082385,-0.007801597703435328,1.1678345876025461e-05,-0.0035957599238031148
2004-08-02,0.0021453779521195026,-0.0062129907641461455,1.3385996969914967e-05,-0.004080998808996558
2004-08-03,0.0009450019502435426,-0.0023630934575776925,1.4974572724933623e-05,-0.0014330660800590833
2004-08-04,-0.00315031984296518,0.0015871466054059018,9.554461503799742e-06,-0.0015727276990630777
2004-08-05,-0.0011847943284791743,-0.006954465904989843,1.219130893001777e-05,-0.008151451542399034
2004-08-06,0.011103460970379498,-0.011522381264102325,1.173143906648314e-05,-0.0004306517327893102
2004-08-09,-0.002537655917509876,-1.4526412202325823e-05,3.6274266596923396e-05,-0.0025884565963091256
2004-08-10,-0.0011400112822860312,0.008208879272123826,6.890371053520016e-05,0.006999964279302594
2004-08-11,-0.001950293757650225,0.004625831639093006,2.4626174941548807e-05,0.0026509117065012322
2004-08-12,-0.0005789048792912024,0.0029648756958707495,1.8702520354721644e-05,0.0023672682962248255
2004-08-13,0.011531401599788533,-0.005389739483556888,2.2831882585185873e-05,0.006118830233646459
2004-08-16,0.002816094193680818,-0.0010114637184904182,2.11594631180158e-05,0.001783471012072384
2004-08-17,0.000290992153455937,-0.012538705238124625,2.086012183784177e-05,-0.012268573206506529
2004-08-18,-0.001995400780237054,0.006739633745853535,1.6224222922132027e-05,0.00472800874269435
2004-08-19,0.00487673167346926,-0.010085896531954259,1.5414311929956967e-05,-0.005224579170414956
2004-08-20,0.0004213747513356191,0.0023233151261802627,1.2143965642092941e-05,0.002732545911873789
2004-08-23,-0.006506330296516255,0.00023286913885848647,1.4944074374353293e-05,-0.006288405232032122
2004-08-24,-0.007793960966903232,0.005789145082233226,1.1130872997087997e-05,-0.002015946757667094
2004-08-25,0.004519515660933011,0.004620651541729737,1.1483563941989967e-05,0.009128683638720759
2004-08-26,0.0011495429680951185,-0.0017494291810225477,1.4280844663134218e-05,-0.0006141670575905634
2004-08-27,-0.0029617224253481577,0.0031237579171144274,8.618690971895294e-06,0.00015341680079437438
2004-08-30,0.0029688393959342307,-0.0057466593918104,5.290641282077389e-06,-0.0027831106371582473
2004-08-31,0.006391704630190441,-0.010687127125094627,6.557310263115711e-06,-0.004301979805167301
2004-09-01,-0.0012368794053665704,-0.008643121891226254,4.862400099443329e-06,-0.009884863696692267
2004-09-02,-0.003368115788281243,0.011691205115074654,9.263906225811644e-06,0.008313825420567598
2004-09-03,-0.008497605406682856,0.015937988271933344,1.167317113511222e-05,0.007428709694115376
2004-09-07,0.003122359886218867,-0.0010116579396115659,1.6468807705193645e-05,0.0020942331389021073
2004-09-08,0.001289604477970856,-0.009823485478044468,4.0072627579890425e-05,-0.008573953627653504
2004-09-09,-0.0010939322452030145,-0.0006571734733059971,1.5287500871706836e-05,-0.0017663932193807185
2004-09-10,0.006259145142466949,-0.0036425322611854205,1.8402814371324422e-05,0.0025982100669102036
2004-09-13,0.0014584959694915727,-0.004422542500896962,7.826178403839681e-06,-0.0029718727098092287
2004-09-14,0.0010108192394510788,0.0002405813080819249,8.498262410588212e-06,0.0012429022851224154
2004-09-15,-0.006438583790292418,0.001987432119422843,6.541875952746186e-06,-0.0044576935468223205
2004-09-16,0.006252343831660973,-0.00868564395774653,6.970676867866353e-06,-0.0024402708029534225
2004-09-17,0.0007393651425615158,0.00568455117618741,9.552362712238251e-06,0.0064143639560366875
2004-09-20,-0.0007099355638300871,-0.0034287022847873804,1.4762532004574051e-05,-0.0041534003806220415
2004-09-21,0.008123261515012185,-0.004221067665148329,1.5015778215667034e-05,0.0038871780716481894
2004-09-22,-0.002522692708554119,0.0010949724919925392,9.330385530923311e-06,-0.001437050602092503
2004-09-23,1.5183502648447489e-05,0.0054959432092836664,8.195843964792182e-06,0.005502930867967322
2004-09-24,-0.0016274550024945114,0.004366999541050057,1.2977523609909345e-05,0.0027265670149456364
2004-09-27,0.0017616570703675367,-0.005382519658127813,9.047629645004345e-06,-0.003629910217405281
2004-09-28,0.00274778608307215,0.001745626312809683,9.276713231840415e-06,0.004484135682649992
2004-09-29,0.003929644990165792,0.0050503330044253435,8.26161218871743e-06,0.008971716382402418
2004-09-30,0.007132946229570638,0.007918614442521532,7.201924951666093e-06,0.015044358747140505
2004-10-01,0.003927291018675145,0.003826805353284871,9.598438470848077e-06,0.007744497933489168
2004-10-04,-0.0067905981959273205,0.0031716976972714513,2.649305747523432e-05,-0.0036453935561311037
2004-10-05,0.0036991208625168238,-0.005252405246535932,2.138570538001043e-05,-0.0015746700893991188
2004-10-06,0.002425789740991602,0.004407285907798402,2.27435197192036e-05,0.0068103321290708
2004-10-07,-0.0012531645373771395,0.0012198752597374664,1.833063872792408e-05,-5.1619916367597195e-05
2004-10-08,0.009870412156600653,-0.013086697007925686,1.3800619638998679e-05,-0.0032300854709640314
2004-10-11,0.0004472454031268236,-0.0010369778879539128,1.2018260836821877e-05,-0.0006017507456639111
2004-10-12,-0.009840992097281943,-0.003567701811383153,2.024514651826555e-05,-0.01342893905518336
2004-10-13,-0.02371304018057427,-0.005213073083697326,9.883262562808104e-06,-0.0289359965268344
2004-10-14,-0.0005776860174583516,-0.009139728140555692,1.4859661430715948e-05,-0.00973227381944476
2004-10-15,0.004973988202910944,0.0012974717233722173,1.9535873740560164e-05,0.006251924052542601
2004-10-18,-0.001325076795910092,0.003804360744635937,9.253126717019952e-06,0.002470030822008825
2004-10-19,0.002587417920529593,-0.003783608859859345,8.012471506902948e-06,-0.001204203410836655
2004-10-20,0.004048060739051011,-0.0041279212279720775,8.229734005441761e-06,-8.809022292650789e-05
2004-10-21,0.005123848569023436,0.0016290264842979238,8.941297431937618e-06,0.006743933755889422
2004-10-22,-0.003773773395566897,0.00020612057372671632,7.763166490621398e-06,-0.003575415988330802
2004-10-25,0.0037770453847327605,-0.0065452945531978505,4.00000005519036e-06,-0.0027722491685202803
2004-10-26,0.0012090409444156416,-0.0005221744597557318,5.7954103782209915e-06,0.0006810710742816889
2004-10-27,0.0021556366437193953,0.011724721925186303,9.922032301625172e-06,0.013870436536604074
2004-10-28,-0.0003860657206885778,-0.003055509474902308,9.757650974185125e-06,-0.003451332846565071
2004-10-29,0.00852326693113836,-0.0032638752485772667,1.8916671599310486e-05,0.005240475010961783
2004-11-01,-0.004125428526389887,0.013055728641244428,8.784528956137847e-06,0.008921515585898404
2004-11-02,-0.002610054253495037,-0.0016294996193568444,1.0018815453405428e-05,-0.004249572688305287
2004-11-03,0.0075845388998016395,-0.0006924682060885234,9.992285903459189e-06,0.0068820784078096565
2004-11-04,0.005887688111730616,0.0015569143642594633,9.33587484084741e-06,0.007435266601149232
2004-11-05,0.0059211398249520335,0.011553362892532497,3.0204677442205093e-05,0.017444298040042324
2004-11-08,-0.0005766526173116443,0.003314974346359747,2.0005393673950483e-05,0.0027183163353741518
2004-11-09,0.0010630288356657561,0.002327545227058854,3.503994482190248e-05,0.0033555341179027074
2004-11-10,-0.004102775741303002,0.004203030053961668,1.3180671251766733e-05,8.707364140689973e-05
2004-11-11,0.002840364412968896,0.0030194944493666504,1.0409117253814468e-05,0.005849449745081731
2004-11-12,0.008217230065591366,-0.00643442798903675,1.3992304736821326e-05,0.0017688097718177955
2004-11-15,-0.001496217199875722,-0.0036476478558743353,8.116086154596642e-06,-0.005151981141904654
2004-11-16,-0.0003960429359241705,-0.001518239729340364,1.257416129133426e-05,-0.0019268568265558687
2004-11-17,0.008111854163420276,-0.010028402436166622,8.729173898431378e-06,-0.0019252774466447782
2004-11-18,-0.0008070573497450191,-0.0002785130825308462,9.778091432035158e-06,-0.0010953485237079005
2004-11-19,0.00020246916487849003,0.01226456914142816,1.0052677305388432e-05,0.012456985629001261
2004-11-22,0.001099696675256419,0.0001577075379463435,6.688517209807075e-06,0.0012507156959929554
2004-11-23,0.0018754441250299694,0.0017312462740721613,1.537581003291725e-05,0.0035913145890692135
2004-11-24,0.004964911307885733,0.002549933835601422,5.485709415817026e-06,0.007509359434071338
2004-11-25,0.0,0.0,3.771688970737914e-06,-3.771688970737914e-06
2004-11-26,0.0025180901002748077,0.005824297446339201,3.5622371766645343e-06,0.008338825309437345
2004-11-29,0.0005043343691371387,0.009629372859890989,5.74066027953752e-06,0.010127966568748589
2004-11-30,0.0004911650896272355,-0.0010404232554142316,1.2627593675586565e-05,-0.0005618857594625826
2004-12-01,0.00783354601423178,0.0020135819657036884,1.6431974418532637e-05,0.009830696005516934
2004-12-02,-0.00607366207487265,0.003775532864355991,1.3256444427453006e-05,-0.002311385654944112
2004-12-03,0.005760115640565508,-0.01670929318555507,1.3224674304390385e-05,-0.010962402219293954
2004-12-06,-0.001124468621577515,-0.0030678732071622505,1.1040006652422556e-05,-0.0042033818353921885
2004-12-07,-0.005255024564320426,0.0031580891457623703,2.4714660896171358e-05,-0.002121650079454227
2004-12-08,-0.007400806251291826,-0.008850869482070752,5.475582750484557e-06,-0.016257151316113064
2004-12-09,-0.00019840363042923333,0.002013726990697526,8.922496857686139e-06,0.0018064008634106068
2004-12-10,-0.0017294217664871152,0.0021195620779485965,2.3334392433438397e-05,0.00036680591902804295
2004-12-13,0.005522951872547666,-0.0013836685159407044,1.0770276544891682e-05,0.00412851308006207
2004-12-14,0.00010483068572632813,-0.002144161830592428,1.0590434593670692e-05,-0.0020499215794597707
2004-12-15,0.005014168934450359,-0.005638381485255829,8.283401236426491e-06,-0.0006324959520418961
2004-12-16,-0.003613813533412242,0.011087991595815524,6.295639824665651e-06,0.0074678824225786165
2004-12-17,0.0018033146338772962,-0.000387298820879694,7.515778021081334e-06,0.0014085000349765208
2004-12-20,0.0021416504267846685,-0.0001942063694388633,1.830964609115523e-05,0.00192913441125465
2004-12-21,0.001038035373572153,-0.001651956660196587,5.257161824594178e-06,-0.0006191784484490283
2004-12-22,-0.0028217505647044495,0.00034039575579150193,2.6714417727342605e-06,-0.002484026250685682
2004-12-23,0.002167586376763233,-0.0009917739555991443,7.2189962980918325e-06,0.0011685934248659969
2004-12-24,0.0,0.0,5.67744322538639e-06,-5.67744322538639e-06
2004-12-27,0.0023908706178667255,0.006011062240179426,4.625906771002621e-06,0.00839730695127515
2004-12-28,0.0017910055705174601,0.000725839245176556,5.30012834286933e-06,0.0025115446873511466
2004-12-29,-0.0034846241179825326,0.005051874506126427,7.2596061403398895e-06,0.0015599907820035544
2004-12-30,0.001397688638080484,-0.006977790330515072,4.2594972170419205e-06,-0.00558436118965163
2004-12-31,-0.0009167362714119316,-0.004203607711600391,9.650937473764962e-06,-0.005129994920486088
2005-01-03,-0.004017015265916649,0.004760446128014016,5.378159175019008e-06,0.0007380527029223483
2005-01-04,-0.014886640312543109,0.012626551693270028,6.18512002426949e-06,-0.0022662737392973504
2005-01-05,-6.711233723025796e-05,-0.001245959025962413,9.99745208691141e-06,-0.0013230688152795825
2005-01-06,-0.0020304643051234795,-0.005326760162246784,2.4084407717693573e-05,-0.0073813088750879574
2005-01-07,-0.0016311521786543666,0.0020086838457588057,6.692711138530422e-06,0.0003708389559659087
2005-01-10,0.0014411360278995156,-3.192920188059816e-05,8.279241948284883e-06,0.0014009275840706325
2005-01-11,0.001150037778770255,-0.0022179512919309904,6.728308296452139e-06,-0.0010746418214571875
2005-01-12,0.004173764622324254,0.0012939615040975922,5.5971561531205e-06,0.005462128970268726
2005-01-13,-0.0039364789568826246,-0.005298696425990006,5.744446718758687e-06,-0.00924091982959139
2005-01-14,0.0007564987737655451,0.009299127346230998,7.021381528174584e-06,0.010048604738468367
2005-01-17,0.0004643436351399211,0.0,7.5502119814523515e-06,0.00045679342315846876
2005-01-18,0.0014981870959310396,0.0005639824171321735,8.701213944443066e-06,0.00205346829911877
2005-01-19,-0.0031641632509976283,-0.0014464841839588,3.993167769310421e-06,-0.004614640602725739
2005-01-20,-0.002027931071500919,-0.003263529784003528,4.363444320820965e-06,-0.005295824299825268
2005-01-21,0.002292017987382343,-0.004627618919253836,5.6132694994935285e-06,-0.002341214201370987
2005-01-24,-0.0008138371190040694,-0.0002624142652483184,1.4153670712904502e-05,-0.0010904050549652923
2005-01-25,-0.0031327804830024036,0.004576250235550287,1.0871373074684137e-05,0.0014325983794731994
2005-01-26,0.004711166049720408,0.0024012841648737163,7.946410299358658e-06,0.007104503804294765
2005-01-27,-0.00028650887720084255,0.004905821636658479,1.1680267771192379e-05,0.004607632491686444
2005-01-28,-0.00012357805033959155,-0.006866721094042881,7.532654358881362e-06,-0.006997831798741355
2005-01-31,-0.0003676888935842617,0.0003828103272129398,4.9644973579628445e-06,1.0156936270715307e-05
2005-02-01,-0.0003045883958614376,-0.00016507982195478011,9.417695163577559e-06,-0.00047908591297979525
2005-02-02,-0.00124232598511375,0.003201495627843635,2.9952910758287652e-05,0.0019292167319715976
2005-02-03,-0.004083717632195534,0.002898211260181066,3.019206141169169e-05,-0.0012156984334261603
2005-02-04,-7.850803962240575e-05,-0.0070277226376298935,3.60587441108092e-05,-0.007142289421363108
2005-02-07,-0.0013412537706327683,-0.0035393621606322964,3.9398229218740896e-05,-0.004920014160483805
2005-02-08,-0.0010973895325887737,0.0022184504900844893,5.193776662899209e-05,0.0010691231908667236
2005-02-09,-0.001955167414147991,-0.010418988189674315,4.953081106503929e-05,-0.012423686414887345
2005-02-10,0.007037564230932737,0.00042723409902423203,3.157906906354056e-05,0.007433219260893428
2005-02-11,0.0035616580457418926,0.0018383419793282763,4.3468720146606625e-05,0.0053565313049235615
2005-02-14,0.006217851490584535,-0.00854637989272838,3.288847747794702e-05,-0.002361416879621793
2005-02-15,0.003115215448987277,0.003091978393818558,1.1233777856712263e-05,0.006195960064949123
2005-02-16,-0.0016279717582401406,0.01128985302218976,1.6523535099202487e-05,0.009645357728850418
2005-02-17,0.0028494985218153216,-0.006453848543734289,9.97666708722861e-06,-0.003614326689006196
2005-02-18,-0.0005344752152397537,0.005368184802162453,1.5685808244237895e-05,0.004818023778678461
2005-02-22,0.005021736709778835,-0.01276522267268305,1.552656046487749e-05,-0.007759012523369092
2005-02-23,0.0010259469131056092,0.0006513769460786969,1.8034981285758376e-05,0.0016592888778985478
2005-02-24,-0.0006088035914299661,0.003751545805692894,2.9441473715005392e-05,0.0031133007405479227
2005-02-25,0.0025435929883864724,-0.00796386996487142,1.2707577322155653e-05,-0.005432984553807104
2005-02-28,0.00034207226542390623,0.0006126051432852098,1.0670354803322091e-05,0.0009440070539057939
2005-03-01,-0.003825990947881386,0.0041560096416268085,2.7136584138664128e-05,0.0003028821096067586
2005-03-02,0.0012018799476236535,-0.0026356654619123614,1.8109101510118147e-05,-0.001451894615798826
2005-03-03,-0.0025482365423238496,0.0035396103521679037,2.914032288642673e-05,0.0009622334869576273
2005-03-04,0.008659088567722241,-0.006121180141449396,2.943222949649038e-05,0.002508476196776355
2005-03-07,0.001079733870102606,0.006344504738183341,1.6142532223599226e-05,0.007408096076062348
2005-03-08,0.005194640263931441,0.0021114844973652747,2.5811788098887125e-05,0.0072803129731978285
2005-03-09,-7.605962086945537e-05,0.005174882477845116,1.4162229063690131e-05,0.005084660627911971
2005-03-10,-0.0007893300982233543,-0.008902898510909567,3.3598916551666526e-05,-0.009725827525684589
2005-03-11,-0.00010681256355833937,-0.001306298826761311,3.694182456796835e-05,-0.0014500532148876185
2005-03-14,-0.003345315275162641,0.0031885114333833654,2.5032799753054932e-05,-0.00018183664153233062
2005-03-15,0.0004660136172082351,-0.008283712976529686,1.5305274073819473e-05,-0.00783300463339527
2005-03-16,0.004797060192981464,0.0012905973243156762,2.107759608547093e-05,0.0060665799212116685
2005-03-17,-0.0020879380369882815,-0.0035369279822387266,1.1057240434100038e-05,-0.005635923259661108
2005-03-18,0.0001705858543029789,0.008375555617003087,9.530019664233839e-06,0.008536611451641831
2005-03-21,-0.008011026643576715,0.011873526713110441,1.2873178259801589e-05,0.003849626891273924
2005-03-22,-0.0033157013848832146,0.007663296736943478,1.1097529257237197e-05,0.004336497822803026
2005-03-23,-0.012337069055998639,0.007904362387179047,2.1170676888048178e-05,-0.00445387734570764
2005-03-24,0.0017408990485782982,-0.0004674333329933607,2.1747596644519483e-05,0.001251718118940418
2005-03-28,-0.001659362429244349,0.0030292896595882418,1.6069034044686183e-05,0.0013538581962992066
2005-03-29,0.00122151450786876,-0.0013280154875711077,7.991895884500688e-06,-0.0001144928755868484
2005-03-30,0.005924330067723461,-0.004050901709453678,1.3057290943290172e-05,0.0018603710673264925
2005-03-31,0.004875159429996638,-0.005111689559119787,1.588487005584597e-05,-0.0002524149991789952
2005-04-01,-0.0017806970816832204,-0.0010753285551563503,1.2932119517215166e-05,-0.002868957756356786
2005-04-04,3.041909353010316e-05,0.003692701383443586,2.8797483535005095e-05,0.003694322993438684
2005-04-05,-0.0010080130912460466,0.00505960977790296,1.9065706005440546e-05,0.0040325309806514735
2005-04-06,0.004124790959654668,-0.006198318231692883,1.2339232766681748e-05,-0.002085866504804897
2005-04-07,-0.002067942530689947,0.0028474069233252477,3.586788797602533e-05,0.0007435965046592753
2005-04-08,-0.0014122466576744152,0.003570486513922011,3.183608438935689e-05,0.002126403771858239
2005-04-11,0.0041777178549997455,-0.006033522230055564,2.7861994334815453e-05,-0.0018836663693906344
2005-04-12,-0.0031904255472242804,-0.0026210255759124227,2.549246972300281e-05,-0.005836943592859706
2005-04-13,-0.0065863378279370395,-0.0006003667244613655,1.746111287748762e-05,-0.007204165665275893
2005-04-14,-0.009526465734847406,0.0009467900325989096,2.6284720724929123e-05,-0.008605960422973426
2005-04-15,0.0016070400334896556,-0.0030673425587928356,1.8527459058950697e-05,-0.0014788299843621307
2005-04-18,0.0018499552449878446,-0.0003569382690096104,2.2701887181716517e-05,0.0014703150887965177
2005-04-19,0.010874865186017359,-0.016344450125418807,1.823076090893827e-05,-0.005487815700310387
2005-04-20,0.004062012828549061,-0.00246371536944186,1.7059941959871733e-05,0.0015812375171473296
2005-04-21,-0.002671369350043278,0.004686437794458553,2.1454243934144695e-05,0.00199361420048113
2005-04-22,0.0024455871386183034,-0.0009401542838573722,1.796822060278133e-05,0.0014874646341581498
2005-04-25,0.00045894964510397127,-0.006222850013495763,3.082715902040721e-05,-0.0057947275274121985
2005-04-26,-0.0023034719350611965,-0.0008411546725357799,1.1259860750156836e-05,-0.0031558864683471333
2005-04-27,-0.005536363277601477,0.003975337256633722,1.2243460355600933e-05,-0.0015732694813233564
2005-04-28,-0.0004272811187335955,0.0015967034565895575,9.457002133317966e-06,0.0011599653357226441
2005-04-29,0.00373504263732847,0.0017367764168330852,1.2738926686322327e-05,0.0054590801274752325
2005-05-02,-0.002919313898781359,0.0041670929428445375,7.869312011768937e-06,0.0012399097320514095
2005-05-03,-0.004063316435265748,0.007341059508345403,1.2942267373837316e-05,0.0032648008057058176
2005-05-04,0.00203212254537186,-0.0038232970648762205,1.3886790331106256e-05,-0.0018050613098354667
2005-05-05,0.0020327675182619178,-0.003573557279282097,4.36810401282566e-05,-0.0015844708011484357
2005-05-06,-0.004134847256923457,0.007366534335089998,3.703695692893482e-05,0.0031946501212376066
2005-05-09,0.00115706801551356,0.0033475982322399055,1.613174730172069e-05,0.004488534500451745
2005-05-10,0.001997796111835947,-0.008877765573616303,2.977651045356978e-05,-0.006909745972233926
2005-05-11,-0.0018609574115021133,0.00622421838142251,1.1017754883896084e-05,0.0043522432150365
2005-05-12,-0.01518494375088959,0.007939136137159304,1.3136292382937546e-05,-0.007258943906113223
2005-05-13,-0.002737337530707373,0.006102785252323644,1.2381264632745945e-05,0.0033530664569835253
2005-05-16,-0.000989461193857875,-0.006586244319073089,2.323744227259941e-05,-0.007598942955203563
2005-05-17,0.002347406886244516,-0.001962769076805893,1.2312537238734299e-05,0.0003723252721998888
2005-05-18,0.006449152864403174,-0.012015176197697312,1.021179473253209e-05,-0.0055762351280266706
2005-05-19,-0.002891296723152903,0.009319426120579205,1.2390741300706544e-05,0.0064157386561255955
2005-05-20,-0.0008536285613970651,-0.0012720162749143913,9.325887048568238e-06,-0.0021349707233600246
2005-05-23,0.004075740711354994,-0.02068968303829834,9.80832290549908e-06,-0.016623750649848845
2005-05-24,0.0032651276518032707,-0.0028033786846575212,9.649367498591329e-06,0.0004520995996471581
2005-05-25,0.002241560782176366,-0.0036757548121327944,2.2070749858905746e-05,-0.0014562647798153344
2005-05-26,0.002608284523864925,-0.002095832561522907,1.4466460249061465e-05,0.0004979855020929568
2005-05-27,0.0021771528683009016,0.002184851794538884,2.057120608109747e-05,0.004341433456758689
2005-05-30,0.0002906374554784658,-6.803340961941128e-05,1.1662344660159895e-05,0.00021094170119889463
2005-05-31,-0.00022480794797368354,0.0014532383997030661,1.2853614268883394e-05,0.0012155768374604993
2005-06-01,0.008635342275591791,-0.006669071893239001,1.3874687703767113e-05,0.001952395694649023
2005-06-02,0.009108807770360373,0.007220015878256615,2.701489998567699e-05,0.016301808748631307
2005-06-03,0.0008499466583752258,0.0024010700295616643,3.4436960941662296e-05,0.0032165797269952277
2005-06-06,0.0027142816322789395,-0.0042583635040420445,2.3273657180401446e-05,-0.0015673555289435065
2005-06-07,-0.001681774411351852,-0.0026061221597094056,2.5746567383533542e-05,-0.004313643138444791
2005-06-08,-0.0019094261192639796,0.009169053919772591,2.005807501384735e-05,0.0072395697254947645
2005-06-09,-0.00010889413275434723,0.00010680467921466157,1.6414286164481823e-05,-1.850373970416749e-05
2005-06-10,-0.0016152661529623422,0.009858006554101122,9.435161493600251e-06,0.00823330523964518
2005-06-13,-0.0020298988121801387,-0.0030356757939101952,9.055247447476535e-06,-0.0050746298535378105
2005-06-14,-0.004582802824981926,-0.003343990240344779,1.2868658753876809e-05,-0.007939661724080583
2005-06-15,0.00395838495878849,-0.009721929518129644,7.4777831852727185e-06,-0.005771022342526426
2005-06-16,0.008428968994632904,-0.002204415289346724,6.327809089858507e-06,0.006218225896196321
2005-06-17,0.0058109494489927485,-0.00844819502915136,1.3683764583548042e-05,-0.00265092934474216
2005-06-20,-0.0032646057834275957,-0.007511272626767469,1.3961391431117576e-05,-0.010789839801626183
2005-06-21,0.003471283739479603,-0.0003320091446535759,1.208954193672799e-05,0.003127185052889299
2005-06-22,0.0034959746684937614,-0.0025769875305859235,1.1615082291643689e-05,0.0009073720556161943
2005-06-23,-0.0016934950543754925,0.0050895663302058525,1.1695932764255179e-05,0.003384375343066105
2005-06-24,0.0006409714665974807,-0.011510518528882501,2.6525936020263503e-05,-0.010896072998305285
2005-06-27,0.0011713868885599504,0.015491264333467931,1.000723624632707e-05,0.016652643985781555
2005-06-28,-0.004912432369740355,0.011970363846501134,1.4272148522646393e-05,0.007043659328238133
2005-06-29,-0.000690175624582501,0.003844349147500206,2.172987313025079e-05,0.0031324436497874543
2005-06-30,-0.005692246837682458,0.007751574098276471,1.8008345020682886e-05,0.00204131891557333
2005-07-01,-0.011696413153350797,0.003496803318540217,1.2599137785242858e-05,-0.008212208972595824
2005-07-04,-0.0002922607993235911,4.358560236246647e-05,1.5505042422933477e-05,-0.00026418023938405813
2005-07-05,0.0018954545173304927,-0.005916680522153465,2.496159494481266e-05,-0.0040461875997677855
2005-07-06,0.001789067922334668,0.001593112542603525,1.0580000400196717e-05,0.0033716004645379964
2005-07-07,0.0025098807189619047,-0.001870782105501148,1.1986426446288184e-05,0.0006271121870144685
2005-07-08,0.0022559336895745215,0.008068119892965268,1.277497037071424e-05,0.010311278612169076
2005-07-11,0.0037674890980867485,-0.0033559051350262044,1.0810558775264918e-05,0.00040077340428527924
2005-07-12,-0.0024162848738083584,-0.003910941692062343,1.4055125176289757e-05,-0.006341281691046991
2005-07-13,4.2382335256011065e-05,2.2236589002554543e-05,8.975148847920422e-06,5.564377541064519e-05
2005-07-14,-0.001783187690351277,-0.0010923254935777328,9.301365833959515e-06,-0.0028848145497629694
2005-07-15,0.002579697681154342,-0.002857599330798902,6.8952624648070505e-06,-0.00028479691210936707
2005-07-18,-0.0028051665001344863,-0.0014382731214344715,6.5423595933246894e-06,-0.004249981981162282
2005-07-19,0.003922910088319544,0.01076590024548283,1.1015760558683453e-05,0.014677794573243691
2005-07-20,0.0032574738278926744,0.003683984270072238,1.2544805620101495e-05,0.006928913292344811
2005-07-21,-0.007207816052777987,0.0016862015106436194,1.3897496961282038e-05,-0.00553551203909565
2005-07-22,0.006911883333648657,0.000597825633885209,1.4516656997962796e-05,0.007495192310535903
2005-07-25,0.0005845115737515275,0.0024803447954371734,2.561544669273737e-05,0.0030392409224959636
2005-07-26,-0.0012121931919857293,0.0003313659927323488,8.63854354881013e-06,-0.0008894657428021906
2005-07-27,0.003030397169738262,-0.001729774625831857,7.500532936457901e-06,0.001293122010969947
2005-07-28,0.007929301093720269,-0.005991479107166646,1.0536753027667774e-05,0.001927285233525955
2005-07-29,-0.005473162298760798,0.006605796690678471,9.845248400876436e-06,0.001122789143516796
2005-08-01,0.0019779073187522825,-0.0019400389818994487,1.9953181149711273e-05,1.7915155703122478e-05
2005-08-02,0.0019206545878855952,-0.0035148453922755523,2.377558770211839e-05,-0.0016179663920920756
2005-08-03,0.0033344090254826815,0.0010901658879846957,2.049568341114823e-05,0.004404079230056228
2005-08-04,-0.00410634616409821,0.0032786578040624437,2.1700648739902617e-05,-0.0008493890087756691
2005-08-05,-0.0057645125155182855,0.008491584406554894,2.135356524040929e-05,0.0027057183257961992
2005-08-08,-0.0026902481655144304,-0.0017576154641431429,2.460138420957909e-05,-0.004472465013867152
2005-08-09,-0.004590262196288048,0.0014786000621693478,2.871749918504564e-05,-0.0031403796333037454
2005-08-10,0.0052492798859612895,-0.009959033555997443,2.6929589890401824e-05,-0.004736683259926555
2005-08-11,0.010529381098489152,-0.010794317189352975,3.062418215252846e-05,-0.0002955602730163522
2005-08-12,0.006148802838719993,0.0028876560761784548,3.655565087920661e-05,0.00899990326401924
2005-08-15,-0.00029825614977416724,0.007004148190613104,4.236376401682734e-05,0.00666352827682211
2005-08-16,0.002428967016798048,0.006001087811285494,2.8999804933419978e-05,0.008401055023150122
2005-08-17,-0.012642884485073076,0.000962860915302551,2.3265720989635794e-05,-0.01170328929076016
2005-08-18,0.002517979938512458,0.001540573243903668,2.1932028254180672e-05,0.004036621154161945
2005-08-19,-0.0016639739337156532,-0.003457028251908845,2.9491069499574443e-05,-0.005150493255124072
2005-08-22,0.004182306780134022,-0.0037381599417109683,2.2442249419590873e-05,0.0004217045890034626
2005-08-23,0.002660681790752702,0.0038624652724081085,2.2730308916692947e-05,0.006500416754244117
2005-08-24,-0.005322708401117114,0.0039502739552003145,2.2132333023732178e-05,-0.0013945667789405317
2005-08-25,-0.001997129444961918,-0.002338066559100482,1.5633907912237566e-05,-0.004350829911974637
2005-08-26,0.0015880459331258053,0.007042805433430362,1.763702396201057e-05,0.008613214342594157
2005-08-29,0.0002156657041265966,0.0017283924261852104,1.842846189792809e-05,0.0019256296684138788
2005-08-30,0.00748522727909399,0.004713265159641721,1.5538317261999152e-05,0.012182954121473712
2005-08-31,0.0029983717688406688,-0.005135189966781695,3.2249615166114895e-05,-0.002169067813107141
2005-09-01,0.008254410621955251,-0.018175844542060053,4.906613551119123e-05,-0.009970500055615993
2005-09-02,0.0008585202072592407,0.003668646836532866,2.8054742901430253e-05,0.0044991123008906765
2005-09-05,5.643688470585601e-05,-0.00018978153945937423,2.96684847352437e-05,-0.00016301313948876192
2005-09-06,-0.0007711565184309901,-0.004197106472799298,1.8207053840185972e-05,-0.004986470045070474
2005-09-07,-0.006371398674984274,0.009579219214671973,1.4290592053211873e-05,0.0031935299476344874
2005-09-08,-0.0037800806889381707,-0.0005147936010788006,1.8316097682746937e-05,-0.004313190387699718
2005-09-09,-0.0010177025753053464,-0.0058305264405937775,1.4930798047552054e-05,-0.006863159813946676
2005-09-12,0.0005109163897772809,0.008576146826281071,2.017360669255964e-05,0.009066889609365792
2005-09-13,-0.0024735264875334283,-9.375543520032093e-06,1.8120627782596503e-05,-0.002501022658836057
2005-09-14,-0.0025022219554683978,0.002456466359558554,1.723330742967624e-05,-6.298890333952004e-05
2005-09-15,-0.0032190190546176013,0.009487563270555112,1.4336738719993023e-05,0.006254207477217518
2005-09-16,-0.001688437042005316,0.00418644947925716,1.6312960318657137e-05,0.002481699476933187
2005-09-19,0.010436328646104002,-0.0002371828854914245,1.7671519320791486e-05,0.010181474241291786
2005-09-20,-0.0012631200602545977,0.0041552513066654044,1.2817630337692186e-05,0.0028793136160731145
2005-09-21,0.006841509299357763,-0.006170470818269569,1.5972991085629247e-05,0.0006550654900025649
2005-09-22,0.001012726715311782,-0.0005888183622026969,9.212537744289465e-06,0.0004146958153647957
2005-09-23,-0.007246869077605049,0.008011918207549241,9.846310276461733e-06,0.0007552028196677311
2005-09-26,0.0017944131234592525,0.004110940835850043,1.3295163396315159e-05,0.00589205879591298
2005-09-27,-0.004100462619077906,0.01067350338891921,1.464872212098848e-05,0.006558392047720315
2005-09-28,0.006346926564084256,-0.001954736346488668,1.0465218229224099e-05,0.004381724999366364
2005-09-29,0.0002784473725230231,-0.0024343962298640676,1.202747622138963e-05,-0.002167976333562434
2005-09-30,-0.0004417891764557138,-0.004409319719800003,1.517245840199214e-05,-0.004866281354657709
2005-10-03,0.0003247469274070833,0.003395264782277264,1.1737423958573986e-05,0.0037082742857257735
2005-10-04,-0.005002290884644226,0.0038395130667204652,1.2535875441129275e-05,-0.0011753136933648903
2005-10-05,-0.00044603330919364896,-0.0007649286283660717,7.301700354225809e-06,-0.0012182636379139465
2005-10-06,0.002486164332873234,-0.007178362347817856,1.2633871672334227e-05,-0.004704831886616956
2005-10-07,0.003461732408409951,0.011504676111276924,1.6715085237354723e-05,0.01494969343444952
2005-10-10,-0.0036471839131217115,0.0016339937396002717,2.347589800919114e-05,-0.002036666071530631
2005-10-11,0.0025141006243133606,0.0016899460372969317,1.4340567402044018e-05,0.0041897060942082485
2005-10-12,-0.004053869625965926,-0.005753589259340854,1.4398470411680034e-05,-0.009821857355718461
2005-10-13,-0.005754812255144494,0.004854992637272199,1.1534422993934033e-05,-0.0009113540408662287
2005-10-14,0.0007328618035304957,-0.0018876175344725535,1.2593512682190175e-05,-0.0011673492436242478
2005-10-17,0.006515489506021865,0.007331106325986954,1.5089981528702005e-05,0.013831505850480118
2005-10-18,-0.0024331411350429367,0.010630847794223014,1.7886312382220614e-05,0.008179820346797857
2005-10-19,0.001408776708618282,-0.0028288929872770053,1.713899324076335e-05,-0.0014372552718994868
2005-10-20,-0.00482399019513125,-0.0027648931837899963,1.124931787217517e-05,-0.0076001326967934215
2005-10-21,0.0026763943181812794,0.0026417807757126476,1.5759874679776063e-05,0.005302415219214151
2005-10-24,-0.00041131054899917134,0.0019556665018325183,8.153534771248295e-06,0.0015362024180620986
2005-10-25,0.002301913671895567,-0.006596528554250041,1.7346033080278642e-05,-0.004311960915434752
2005-10-26,-0.006181452954980028,0.010030577542183006,8.545326934696141e-06,0.0038405792602682815
2005-10-27,-0.0006010348602119439,-0.003510308949017782,8.96171269519808e-06,-0.004120305521924924
2005-10-28,0.0017512820928469242,0.0067186378110089505,1.2549221593282882e-05,0.008457370682262592
2005-10-31,-0.0017298400108363306,0.005587978736505454,1.0091471925154763e-05,0.003848047253743969
2005-11-01,-6.723928615401799e-05,0.003118353654982646,3.358749572101285e-05,0.0030175268731076153
2005-11-02,0.0018914952889006527,0.0011457731269837743,2.65285381823028e-05,0.003010739877702124
2005-11-03,2.844891214870464e-05,0.0031045191025349276,1.922692872517031e-05,0.003113741085958462
2005-11-04,-0.0007279679682590566,0.006338654271846429,1.9600083833182674e-05,0.00559108621975419
2005-11-07,0.0003542386824325356,-0.0019003151039866607,1.6949257441099962e-05,-0.001563025678995225
2005-11-08,0.00197722625261915,-0.003501903600167914,2.1495688959498735e-05,-0.0015461730365082626
2005-11-09,-0.0012042919744959973,0.0043885471381474046,1.406720161354743e-05,0.0031701879620378596
2005-11-10,0.005201244754061822,0.003887075755367259,1.2506218884265834e-05,0.009075814290544815
2005-11-11,0.005183916617910586,-0.0013952683028865967,9.176273029698928e-06,0.0037794720419942903
2005-11-14,-0.001443184386075163,0.0030994434497596587,1.136194320402273e-05,0.0016448971204804728
2005-11-15,0.0016524578805736769,0.0034455386050132163,5.891845050174906e-06,0.005092104640536718
2005-11-16,0.001943256502596933,-1.4783952695739447e-05,8.965582785230876e-06,0.0019195069671159627
2005-11-17,0.0046802559291735085,-0.003091139872805214,8.567579951307679e-06,0.0015805484764169868
2005-11-18,0.00014176731466575444,0.005573558943064053,1.829636182860703e-05,0.005697029895901201
2005-11-21,0.002501829553896337,-0.0011383757006666606,7.971116717904624e-06,0.0013554827365117716
2005-11-22,-0.002109163817360935,-0.004754650468294246,5.785298981772826e-06,-0.006869599584636954
2005-11-23,0.0017224074169212291,0.0030493712224089245,6.564751897071162e-06,0.004765213887433083
2005-11-24,-0.0001541662013454971,3.230108898675176e-06,2.159621759700379e-05,-0.0001725323100438257
2005-11-25,4.4202540975946244e-05,0.00433091414771246,1.3883853232909902e-05,0.004361232835455497
2005-11-28,0.003717749332873905,-0.008003528302530186,1.0775897611330229e-05,-0.004296554867267611
2005-11-29,-0.0014090892810024848,0.009648660085152092,1.03792027351795e-05,0.008229191601414427
2005-11-30,-0.00012895555680909594,-0.0009172348252899211,2.2836275693948474e-05,-0.0010690266577929655
2005-12-01,0.00807400572399064,0.0006090366900109443,1.8657943648582127e-05,0.008664384470353002
2005-12-02,-0.00044427341254109733,0.0011590587451956117,9.08032866759811e-06,0.0007057050039869163
2005-12-05,0.0026211309464512595,-0.003576159058620868,1.0131553450058906e-05,-0.0009651596656196673
2005-12-06,-4.999651677344019e-05,0.0013852154995238558,6.445128179580423e-06,0.0013287738545708354
2005-12-07,0.0003991581987720888,0.005863308303583975,1.1684423719415422e-05,0.006250782078636649
2005-12-08,0.0039253903032940825,-0.009242460871343063,1.2852081952198542e-05,-0.005329922650001179
2005-12-09,0.001463383783705245,0.004294635094947007,5.613859142106834e-06,0.005752405019510145
2005-12-12,0.0013433148387580647,-0.012697343967951668,1.3910480875298842e-05,-0.011367939610068902
2005-12-13,0.005570448593788017,-0.0017832804661880527,1.6307127972715363e-05,0.0037708609996272495
2005-12-14,-0.0026009135546588924,-0.014265468017117724,1.7985153108600063e-05,-0.016884366724885216
2005-12-15,-0.0008313416269646982,0.0006251678412375935,7.439734448507823e-06,-0.00021361352017561255
2005-12-16,0.001961125153958209,-0.00486314152876683,3.278564782244318e-05,-0.002934802022631065
2005-12-19,0.001542301164298742,0.002122866115627143,8.293470387121237e-06,0.003656873809538764
2005-12-20,-0.0027991733147551,0.004966116705476084,7.806081646664574e-06,0.0021591373090743197
2005-12-21,-0.0009551066100936124,0.004269159476852548,8.776541497428625e-06,0.0033052763252615063
2005-12-22,0.006969297308124607,-0.006301776426668997,1.0880550613972135e-05,0.0006566403308416373
2005-12-23,0.002335954070482501,-0.002858896966369814,8.379604764859104e-06,-0.0005313225006521724
2005-12-27,0.0017897990648007571,0.0010827322810369085,1.0800152164051856e-05,0.0028617311936736138
2005-12-28,0.0007849646896254459,0.00039573108639672254,7.863138847692711e-06,0.0011728326371744757
2005-12-29,-0.00454369903729477,0.004377669523493726,1.0646169134314755e-05,-0.00017667568293535882
2005-12-30,0.0010016585497668877,-0.0015971765392053421,1.327191551557311e-05,-0.0006087899049540275
2006-01-03,0.010048042858198197,-0.020668384227079083,1.6471489726747597e-05,-0.010636812858607634
2006-01-04,0.00535725167859794,-0.005458525101743647,1.3698703196564193e-05,-0.00011497212634227084
2006-01-05,-0.006370554360909992,0.004351131291724785,2.6770017721164318e-05,-0.0020461930869063705
2006-01-06,0.002505872690424029,-0.003435396753301432,1.2734283572325053e-05,-0.0009422583464497281
2006-01-09,-0.001428156124919793,0.004690419742779261,1.0875537965146764e-05,0.003251388079894321
2006-01-10,-0.0018838919210495248,-0.00016928415467151433,1.2535125785022258e-05,-0.0020657112015060614
2006-01-11,-0.0017416736230794936,-0.0012793686242288005,9.181547085098194e-06,-0.0030302237943933925
2006-01-12,-0.0018811477397455405,-0.00038332465395895463,1.061741922671779e-05,-0.002275089812931213
2006-01-13,0.0061308044837137116,-0.007019200737586674,1.0152977406155046e-05,-0.0008985492312791173
2006-01-16,0.00027797241652747834,-4.335037832185239e-05,1.4109938908631527e-05,0.00022051209929699442
2006-01-17,-0.00352207741135127,0.008351018426243813,1.2976113884491155e-05,0.004815964901008052
2006-01-18,-0.004657801066577184,0.0025060846511738835,8.94798722189127e-06,-0.002160664402625192
2006-01-19,0.0009940812954522627,0.002167372399492101,1.2812755450405996e-05,0.003148640939493958
2006-01-20,-0.004099538649412839,-0.004640565447938028,1.0021292563066614e-05,-0.008750125389913934
2006-01-23,0.006249387453389637,-0.010168563169596086,1.2896416792461526e-05,-0.0039320721329989105
2006-01-24,0.002090830643198091,-0.0015220286839215907,1.3555906641501109e-05,0.000555246052634999
2006-01-25,0.0012604736696804784,0.004320778943310488,1.3943719429394493e-05,0.005567308893561572
2006-01-26,0.0009753998819240601,0.004169058116746527,1.0821370088328275e-05,0.005133636628582259
2006-01-27,0.008766625014115364,0.006088337611631365,2.8784032106686363e-05,0.014826178593640042
2006-01-30,0.002079609194045703,0.0019385976855057368,7.941511445757572e-06,0.004010265368105683
2006-01-31,0.00013886065987836314,-0.004119927043527393,1.2716487856054906e-05,-0.0039937828715050855
2006-02-01,-0.0025115009403177133,0.009801988218303156,1.1671454740647241e-05,0.007278815823244795
2006-02-02,0.0018905258251660602,-0.0022463892578745495,9.735260558663198e-06,-0.0003655986932671526
2006-02-03,0.001624649718783218,0.001848242028789787,1.0834369886344411e-05,0.0034620573776866603
2006-02-06,-0.0003878311690440105,0.005803760116889814,1.1132263606039933e-05,0.005404796684239763
2006-02-07,-0.010732533481203904,0.0005544196803937999,1.1065421682420805e-05,-0.010189179222492526
2006-02-08,0.0025374687017303754,0.003158379936355942,8.632322853562862e-06,0.005687216315232754
2006-02-09,0.0050359995718795465,-0.0019008416201272815,1.3845797575897391e-05,0.0031213121541763676
2006-02-10,-0.007482732880145421,0.002423157525286066,1.0951694337015173e-05,-0.00507052704919637
2006-02-13,-0.001969672136671755,0.0013555262423051283,1.0893793067415283e-05,-0.0006250396874340421
2006-02-14,0.0033598328502522524,0.0025886804860394486,1.6381358206231093e-05,0.00593213197808547
2006-02-15,-0.0014695267498229764,0.0007312971448259047,8.999606474599493e-06,-0.0007472292114716711
2006-02-16,0.0054923932063335726,-0.0028181861644853974,8.130025451649011e-06,0.0026660770163965263
2006-02-17,0.0010251382729878464,-0.0036985283788859387,7.847587250236594e-06,-0.002681237693148329
2006-02-20,-3.336974450176262e-05,-0.002010902249861515,6.772377160194149e-06,-0.0020510443715234714
2006-02-21,-8.020291638697385e-05,0.0012009750213600073,1.2016298925461175e-05,0.0011087558060475723
2006-02-22,0.0004852098277698966,0.0033220343325953685,6.028497744932311e-06,0.0038012156626203325
2006-02-23,-0.004401142101066045,-0.00641100787660024,5.023051829025759e-06,-0.01081717302949531
2006-02-24,0.0036011746659016814,-0.0014987550033185835,6.242274215904108e-06,0.002096177388367194
2006-02-27,-0.002319622576189589,-0.0006867063392383657,1.548241605317993e-05,-0.0030218113314811348
2006-02-28,0.0008817131627299709,-0.008523713160957284,9.639030648223033e-06,-0.0076516390288755365
2006-03-01,0.0035012495668529874,0.00577729208344634,1.1429109391873406e-05,0.009267112540907455
2006-03-02,0.0034932754614296485,-0.008348736925662336,2.718333924592069e-05,-0.004882644803478608
2006-03-03,-0.002808964643525128,0.0025524672150737246,1.3234498266619722e-05,-0.00026973192671802306
2006-03-06,-0.008795593703308676,0.010889216940128753,1.4886103387254625e-05,0.0020787371334328223
2006-03-07,-0.0036605115930686246,0.010574943062080394,1.3250353618210565e-05,0.0069011811153935594
2006-03-08,-0.0030972442723321714,-0.0001365754772043353,1.2317922605354623e-05,-0.0032461376721418613
2006-03-09,-0.000520233937649429,0.00018562295383047525,1.789294397449026e-05,-0.00035250392779344396
2006-03-10,0.0017308086221127265,0.006053858761590793,8.564352059620926e-06,0.007776103031643898
2006-03-13,0.001772905380633257,0.0017843604570190873,1.010807108204269e-05,0.003547157766570302
2006-03-14,0.007631532979934703,-0.015351008329730319,9.251998546378526e-06,-0.0077287273483419945
2006-03-15,0.0007956211568335497,0.0001349025091185303,1.7123702554370696e-05,0.0009133999633977093
2006-03-16,-0.001055327565263103,-0.008768549632770085,4.8296956699794255e-05,-0.009872174154732983
2006-03-17,0.0047287840716267945,-0.003228739596566348,2.4083865124499992e-05,0.0014759606099359465
2006-03-20,-0.0024088425093943587,0.006972168019338159,2.5387323083332378e-05,0.004537938186860467
2006-03-21,-0.0035235634723133017,0.00804067590327608,1.8994534832431477e-05,0.004498117896130346
2006-03-22,0.0018323078997088316,0.0012929614176657104,1.2817807817431665e-05,0.0031124515095571105
2006-03-23,0.0006408592698722871,0.011662475405690778,1.0735370756139485e-05,0.012292599304806926
2006-03-24,0.003996588943350005,-0.00755944474943921,1.105448159728214e-05,-0.003573910287686487
2006-03-27,0.004079314404948293,-0.002931578833758177,1.7606835862549166e-05,0.0011301287353275673
2006-03-28,-0.0023714387672306133,0.007095258863731531,8.117524135866667e-06,0.004715702572365051
2006-03-29,0.005652129074294264,0.0018767809661510188,9.709684216233717e-06,0.007519200356229048
2006-03-30,0.006544482657551812,-0.008335769199191483,9.712012524037652e-06,-0.0018009985541637078
2006-03-31,-0.005039880332166957,0.00268020324498997,1.0167375038489572e-05,-0.0023698444622154767
2006-04-03,0.004030767178240602,0.0021599530606763243,1.5809707732595816e-05,0.0061749105311843305
2006-04-04,-0.0005988213833146833,-0.007529856092243369,1.1525692499750627e-05,-0.008140203168057802
2006-04-05,0.005446046534729134,-0.0035711863855763743,6.9673268444989885e-06,0.0018678928223082604
2006-04-06,0.004508087933593626,0.0022423082841340025,1.2292157399339744e-05,0.006738104060328288
2006-04-07,-0.006313538205827977,0.00890478665386161,6.348612762810496e-06,0.0025848998352708233
2006-04-10,0.0045770564078309005,-0.0004629650383358311,9.193329000189547e-06,0.00410489804049488
2006-04-11,-0.00021461804278400222,-0.005256405925422967,1.0685082984335708e-05,-0.005481709051191305
2006-04-12,0.0005100158780047491,0.004478142859763691,8.602766596877067e-06,0.0049795559711715625
2006-04-13,0.0005706979111270055,0.0008039429782248881,9.823165085470898e-06,0.0013648177242664228
2006-04-17,0.006510595346655814,-0.00835795585334279,7.500285718636221e-06,-0.0018548607924056125
2006-04-18,0.009348161799695562,-0.00927578883955061,6.096759869267732e-06,6.627620027568476e-05
2006-04-19,0.0015686134973873693,-0.0016859380627602797,1.5333235596250242e-05,-0.00013265780096916065
2006-04-20,-0.002832089886986645,0.006010021600266088,1.3351701165804921e-05,0.0031645800121136375
2006-04-21,0.004993283246861524,-0.003530228266245187,7.809041468473642e-06,0.0014552459391478628
2006-04-24,-0.001532829708292259,-0.010833361378239724,1.0473944964197565e-05,-0.012376665031496181
2006-04-25,0.003697503841770206,0.00529053536439307,1.1550453252882325e-05,0.008976488752910395
2006-04-26,0.00018646841112629248,0.003282438607532273,2.5053937586803374e-05,0.003443853081071762
2006-04-27,-0.0011303155702421781,-0.00812269594371186,7.702674825041228e-06,-0.009260714188779079
2006-04-28,0.004115664898821134,-0.008537720663131233,5.077118975865425e-06,-0.004427132883285965
2006-05-01,0.0006420692902777284,0.0006564649275821663,1.6670570099949306e-05,0.0012818636477599453
2006-05-02,0.002107085375762051,-0.0029293723454456777,1.0011693757760813e-05,-0.0008322986634413874
2006-05-03,-0.0011489182835378205,0.003653055714615545,6.960510852666417e-06,0.002497176920225058
2006-05-04,0.0033793303775800586,-0.0007571343422258965,9.408871089985038e-06,0.002612787164264177
2006-05-05,0.005566405610263416,-0.007624289444548823,7.138198353610022e-06,-0.002065022032639017
2006-05-08,-0.0016784233282648518,-0.00011516729921256426,7.183748015475495e-06,-0.0018007743754928915
2006-05-09,0.005954329505970994,-0.004501288008411862,1.0751808387316799e-05,0.0014422896891718147
2006-05-10,-0.00046986879110281186,-0.0023888872691324933,7.883067195413358e-06,-0.0028666391274307186
2006-05-11,-0.0005988313921708976,-0.0032718150201974617,8.83923721866427e-06,-0.0038794856495870237
2006-05-12,-0.005471654267252662,-0.002391756321599093,8.918629093725689e-06,-0.00787232921794548
2006-05-15,-0.005251367337030022,0.0010928327727633843,1.815540183471276e-05,-0.00417668996610135
2006-05-16,0.0007642254021226458,-0.005673990544005187,1.3903117356338186e-05,-0.004923668259238879
2006-05-17,-0.003634587216989057,0.0054426155746919265,1.507685783829975e-05,0.00179295149986457
2006-05-18,-0.00291007308841751,-0.004707525298499755,7.697228207202106e-06,-0.007625295615124468
2006-05-19,-0.003354203681439698,0.00633632907827226,1.824174708923967e-05,0.002963883649743322
2006-05-22,-0.002312558766689528,-0.004186128143595706,8.624530433062325e-06,-0.006507311440718297
2006-05-23,0.0007932482226988564,0.0018453441850877239,1.4059370591334786e-05,0.0026245330371952452
2006-05-24,-0.0031882712833029587,0.0037278862725743885,6.873448423874966e-06,0.0005327415408475549
2006-05-25,0.004427816791087298,-0.0005137196933397353,8.095452316790078e-06,0.0039060016454307727
2006-05-26,0.00134250256655548,0.0032146152934000444,1.3833071814621854e-05,0.004543284788140903
2006-05-29,-0.0004709851697463429,0.0,9.364050717228998e-06,-0.0004803492204635719
2006-05-30,-0.0038133049883993337,-0.0019057005444741747,1.0133516802522576e-05,-0.005729139049676031
2006-05-31,-0.0006288911725302988,0.007915929518732757,6.157324127071359e-06,0.007280881022075387
2006-06-01,0.0028492055018470622,-0.00011295715708431288,9.883884466275495e-06,0.002726364460296474
2006-06-02,0.005439444721096764,-0.015291943006358335,1.2446778854546903e-05,-0.009864945064116117
2006-06-05,-0.0032147168900917475,0.006620290256253417,1.2141200569363783e-05,0.0033934321655923055
2006-06-06,-0.004496699503043407,0.005399807513569577,3.978781791786515e-05,0.0008633201926083047
2006-06-07,-0.002016905166456286,0.0032473185252133896,1.1840775898538143e-05,0.0012185725828585655
2006-06-08,-0.003964316064907545,0.002886398737734222,1.0091767544598855e-05,-0.0010880090947179223
2006-06-09,-0.0014543441758710848,-0.00017366491914304067,5.426570964952218e-06,-0.0016334356659790778
2006-06-12,-0.0023789032887705204,0.000965996047169964,6.89320989074544e-06,-0.001419800451491302
2006-06-13,-0.009515589421958508,0.0028484576888126276,4.461501628354913e-06,-0.006671593234774236
2006-06-14,0.0003786040974895212,0.00722347462016793,6.183215740599056e-06,0.007595895501916852
2006-06-15,0.005984184191681322,0.0027923367592397955,9.681300398907515e-06,0.00876683965052221
2006-06-16,5.977686296682673e-05,0.0016198206564855613,1.5704746342335177e-05,0.001663892773110053
2006-06-19,-0.004528075056829726,0.0045781748158883525,1.0235474414736861e-05,3.986428464388948e-05
2006-06-20,0.002155436442099353,-0.0002639828333965093,4.208668569366902e-06,0.0018872449401334769
2006-06-21,0.0038352836923007897,-0.0006964051314794562,5.71275808865692e-06,0.003133165802732676
2006-06-22,-0.0025378431396945555,0.00880236965919031,4.2236478047020724e-06,0.006260302871691052
2006-06-23,-1.4331517222171406e-05,0.004660941968702098,4.2922809411482805e-06,0.004642318170538778
2006-06-26,0.00043237219503351103,-7.481036904673262e-05,7.507725204723311e-06,0.00035005410078205504
2006-06-27,-0.0006428551255958778,-0.0021254698514781385,2.9808409742252507e-06,-0.0027713058180482415
2006-06-28,0.0007151888199430972,0.003816041664920961,4.020588984414688e-06,0.004527209895879643
2006-06-29,0.005920917124842315,-0.010144303522012245,3.489730167418499e-06,-0.004226876127337348
2006-06-30,0.003402871630589879,-0.008627151683449193,4.913802041023489e-06,-0.005229193854900337
2006-07-03,0.0020847264421239593,0.002027273769094386,1.6108450931706708e-05,0.004095891760286638
2006-07-04,-3.2953575831149705e-05,0.0,7.39256064479195e-06,-4.0346136475941655e-05
2006-07-05,0.000905752022725111,0.01006083127161577,4.455045649255279e-06,0.010962128248691626
2006-07-06,0.00312561069755372,-0.004617970870927876,3.943188679684266e-06,-0.0014963033620538399
2006-07-07,-0.003457129388485805,-0.008252301447160586,7.352875826577486e-06,-0.01171678371147297
2006-07-10,2.3905518644357613e-05,0.0016220091169762136,2.8894941796156877e-06,0.0016430251414409555
2006-07-11,0.0047329194374711395,-0.003079001460746816,4.350539539957432e-06,0.001649567437184366
2006-07-12,6.457317807941613e-05,0.00443883905579963,3.3705386254304507e-06,0.004500041695253615
2006-07-13,-0.0026683817476902565,-0.0043344813691342235,2.998552133117003e-06,-0.007005861668957597
2006-07-14,0.001678835189648134,-0.0006591354899658986,8.511971786565996e-06,0.0010111877278956695
2006-07-17,-0.005146827599670868,0.0059614871243899,5.276073620660632e-06,0.0008093834510983712
2006-07-18,-0.002778608141287865,0.006622296601919955,5.712076372349173e-06,0.0038379763842597402
2006-07-19,0.0015464246299770037,-0.010464510637072027,9.2570210686988e-06,-0.008927343028163722
2006-07-20,-0.0018787396970090368,-0.00465210010802469,7.927882527178183e-06,-0.006538767687560906
2006-07-21,-0.0029670470845956382,-0.00030228501815235886,9.541081616236802e-06,-0.003278873184364234
2006-07-24,0.0011187913991987828,0.0019929232024581676,5.886687988639489e-06,0.003105827913668311
2006-07-25,-0.00040970182167292236,0.0034799163112416245,4.810505014185253e-06,0.0030654039845545173
2006-07-26,-0.0007693344737952105,-0.006004203205181139,5.09562602244575e-06,-0.006778633304998795
2006-07-27,0.0017120212053864565,-0.0009331475493734641,2.662937624485087e-06,0.0007762107183885074
2006-07-28,0.0007277149729216965,-0.009468511775004015,4.358819207529051e-06,-0.008745155621289847
2006-07-31,0.0021738986152962164,-0.001192842380846296,3.767427325556009e-06,0.0009772888071243643
2006-08-01,0.0010232887804536928,-0.0006366706526648384,9.203190493696146e-06,0.0003774149372951583
2006-08-02,0.0031252838492380713,-0.001726851453287452,3.5502060874759348e-06,0.0013948821898631433
2006-08-03,-0.0029397644951574997,0.0006989759106481485,2.6722909283454623e-06,-0.002243460875437697
2006-08-04,0.0013983316562511676,-0.008463358914950864,2.285501422702419e-06,-0.007067312760122399
2006-08-07,-0.0004822333126925691,0.0052095176027386276,3.0798869925516617e-06,0.0047242044030535064
2006-08-08,-0.002722390909548826,-0.0019487030031610604,6.478359258373887e-06,-0.00467757227196826
2006-08-09,0.002078319950393737,0.0010794721322762415,3.818266091483915e-06,0.003153973816578495
2006-08-10,-0.004327106362769777,0.0018737139315166927,3.3048655246477763e-06,-0.0024566972967777316
2006-08-11,-0.00451112128423726,0.006865882531840278,3.1362524699307615e-06,0.0023516249951330867
2006-08-14,-0.001104919497184632,0.004873409556247304,5.440452729772237e-06,0.0037630496063328993
2006-08-15,3.33431138702667e-05,-0.009486386885360085,4.553486706323298e-06,-0.009457597258196141
2006-08-16,-0.0004263889525134723,-0.008193566387830016,5.163455516226296e-06,-0.008625118795859714
2006-08-17,-0.005337282824375315,0.00214722185727539,8.24176595228562e-06,-0.0031983027330522106
2006-08-18,0.0007012530498422507,-0.002700966551612233,6.553776732880792e-06,-0.002006267278502863
2006-08-21,0.003786783277409842,-0.0019430070603908014,4.461415732915614e-06,0.0018393148012861248
2006-08-22,-0.0018765288515743227,0.002017757474055777,4.036259433551917e-06,0.00013719236304790246
2006-08-23,0.0004717389531202605,4.58425254715726e-05,5.645649263693733e-06,0.0005119358293281393
2006-08-24,0.0010632081275765474,0.0009979497409632785,5.207160097119494e-06,0.002055950708442707
2006-08-25,0.00031393136480650715,3.170463261314928e-05,3.6078973696860026e-06,0.0003420281000499704
2006-08-28,-0.0009114469779102818,0.0005851272446108062,3.005024817010258e-06,-0.0003293247581164859
2006-08-29,-0.002222939936507475,-0.002165947236317197,2.8476207965725614e-06,-0.004391734793621245
2006-08-30,0.0037265134113620246,-0.002413931116670478,3.996935325006243e-06,0.0013085853593665401
2006-08-31,0.003151558812187971,-0.0034635078746529996,2.5845687754141006e-06,-0.00031453363124044265
2006-09-01,-0.001084009196572161,-0.0018679177764658911,3.2981856201050295e-06,-0.002955225158658157
2006-09-04,-0.0004060701325222834,-0.0020174075117689746,6.254974579839664e-06,-0.0024297326188710976
2006-09-05,0.003034851736782406,0.004650421474109521,1.8541263783508677e-06,0.007683419084513575
2006-09-06,-0.0025883070239154865,0.005234158396671138,4.468846328306821e-06,0.0026413825264273443
2006-09-07,-0.0018367952584583801,0.0009168516158461002,9.017653076987348e-06,-0.0009289612956892673
2006-09-08,-0.0027945358861074946,-0.0003759972806075569,4.91987971803917e-06,-0.003175453046433091
2006-09-11,-0.00490531207020382,0.003738565274949415,7.45372657440629e-06,-0.0011742005218288117
2006-09-12,-0.00346911262861892,-0.0021281208820989597,5.015069698758223e-06,-0.005602248580416638
2006-09-13,0.00014456131619538585,-0.0027046477260916795,9.16256813312287e-06,-0.0025692489780294167
2006-09-14,-0.0024415813224842138,0.0013821289897577057,7.546258443003436e-06,-0.0010669985911695116
2006-09-15,-1.4593878666264613e-05,0.002992014522059553,2.712940419951745e-06,0.0029747077029733367
2006-09-18,0.004154741545657278,0.00149502468600415,5.031606177522001e-06,0.005644734625483906
2006-09-19,-0.0028446702595386055,-0.006769035744647083,1.0259856563920905e-05,-0.00962396586074961
2006-09-20,0.00026090376637499444,-0.001547278987150407,4.453292818503299e-06,-0.0012908285135939158
2006-09-21,0.004393864553243741,-0.01236323634468291,2.117770617243266e-05,-0.007990549497611603
2006-09-22,-0.0007512407485524142,-0.0024914851468836267,3.996848368200838e-06,-0.003246722743804242
2006-09-25,0.0007688473849476118,-0.003337969553412313,1.7068374473260045e-05,-0.0025861905429379614
2006-09-26,0.0021853154185234114,0.004757253310586846,6.581998394735121e-06,0.006935986730715522
2006-09-27,0.0009908901301218073,0.0012386685483986226,4.749336274660278e-06,0.00222480934224577
2006-09-28,0.004123730928065334,0.0026938638934027245,6.246306073097816e-06,0.00681134851539496
2006-09-29,-0.0017528432611478577,0.0027849810691324677,5.968102297005621e-06,0.0010261697056876044
2006-10-02,-0.00021947979728398164,-0.003257514979419324,7.29568845700975e-06,-0.0034842904651603153
2006-10-03,-0.007287125728081809,0.0008900567432636717,3.404417973853731e-06,-0.006400473402791991
2006-10-04,0.0009455414476931239,-0.007446531637006945,7.381572007001603e-06,-0.006508371761320822
2006-10-05,0.0011230365544395286,0.00381295775791932,6.015795900479898e-06,0.004929978516458368
2006-10-06,-0.00012809071244183635,0.012509343112848032,1.0129298496960652e-05,0.012371123101909236
2006-10-09,0.005244180029530006,-0.001008954514190554,1.158679926895972e-05,0.004223638716070492
2006-10-10,-0.007286410796326329,0.010265810634734106,1.9500136365479787e-05,0.0029598997020422973
2006-10-11,8.26354512390153e-06,0.003357211066051159,9.890981835389694e-06,0.0033555836293396707
2006-10-12,0.0026052619922052314,-0.00434028640083618,8.535518221326733e-06,-0.0017435599268522753
2006-10-13,0.00511455205278896,0.0016591998203242275,8.813224120333815e-06,0.006764938648992853
2006-10-16,0.003628613496812265,-0.002960240614095732,8.585340186837079e-06,0.000659787542529696
2006-10-17,-0.0012978495133944275,-0.0018528556126852927,1.0357068417798576e-05,-0.003161062194497519
2006-10-18,-0.0017035946966958335,0.0003980845572759737,1.117495780495715e-05,-0.0013166850972248171
2006-10-19,0.003363828701629817,-0.002361880697882976,1.210968762415052e-05,0.0009898383161226904
2006-10-20,-0.0012740828744296526,0.001159115336678227,8.6064378903635e-06,-0.00012357397564178902
2006-10-23,-0.002371289579875025,0.004573239000748117,1.604469190681735e-05,0.0021859047289662743
2006-10-24,0.001437918352472326,0.0002840645028221869,8.415771127884359e-06,0.0017135670841666284
2006-10-25,0.002610963952353027,-0.005269504754937629,8.20463448236282e-06,-0.002666745437066965
2006-10-26,0.0011674965774617354,-0.008048262548754442,6.1074287058979434e-06,-0.0068868733999986045
2006-10-27,0.00019667425336116276,-0.0056836206180698005,6.801314992634604e-06,-0.005493747679701272
2006-10-30,-0.000979754186393081,-0.0006170488279816105,8.349423305738571e-06,-0.00160515243768043
2006-10-31,-0.0003014287910733009,-0.0070476916254875975,8.59389054700641e-06,-0.007357714307107905
2006-11-01,0.0010091761181884613,-0.004419158265322995,4.273155223152945e-06,-0.0034142553023576864
2006-11-02,0.0005863034940447556,0.0025254122739711326,1.1847284512724907e-05,0.0030998684835031633
2006-11-03,0.0011705813787118214,0.014594005030856437,7.291788416147427e-06,0.01575729462115211
2006-11-06,0.0024439757493196885,-0.0008322819194777438,2.2547838886821292e-05,0.0015891459909551234
2006-11-07,0.00026927585414657874,-0.0077879458277048935,6.665545822165863e-05,-0.007585325431779973
2006-11-08,-0.0017732044636168706,-0.0032151760934823904,2.5889862263929273e-05,-0.00501427041936319
2006-11-09,0.006114324689491961,0.0030077060470490267,3.193498850392945e-05,0.009090095748037059
2006-11-10,-0.007384138285902257,-0.0019696883021892014,3.230789683820894e-05,-0.009386134484929667
2006-11-13,-0.0022441569647177963,0.004033103223913677,2.917075676100266e-05,0.0017597755024348783
2006-11-14,0.0022340428200367563,-0.00744599453906628,2.883728419928861e-05,-0.005240789003228813
2006-11-15,-0.00038982677029534944,0.005608700713631428,2.447347204018938e-05,0.005194400471295889
2006-11-16,-0.005475317102253822,0.0024635304926023784,2.0032804029508876e-05,-0.0030318194136809526
2006-11-17,0.0030777501490630347,-0.0044385587813478644,2.1511893457291276e-05,-0.001382320525742121
2006-11-20,-0.00046141699980008525,-0.0021899539497686337,1.804371550643804e-05,-0.002669414665075157
2006-11-21,0.006289796187251118,-0.004272487702484994,2.3040048033287698e-05,0.001994268436732836
2006-11-22,0.0024089023732391155,-0.010439045282599702,1.4864631358887766e-05,-0.008045007540719474
2006-11-23,0.00031143715483242164,-0.002028947117431374,1.441601105695381e-05,-0.0017319259736559066
2006-11-24,0.0026039987793272283,-0.008435796461967437,2.7698704113991645e-05,-0.0058594963867542
2006-11-27,0.002185691904561368,0.005953884707503816,1.1592057160761288e-05,0.008127984554904422
2006-11-28,-0.0002542874626553783,-0.0046018580505951204,3.986516844015126e-05,-0.00489601068169065
2006-11-29,0.0013236685676332562,-0.00048492364980445217,4.7143410028651134e-05,0.0007916015078001529
2006-11-30,0.007924972440407262,-0.0087517039194734,2.9996936410376048e-05,-0.0008567284154765142
2006-12-01,0.000914194660058065,-0.004857692837314208,2.3478872854655136e-05,-0.003966977050110798
2006-12-04,-0.0006088750280315884,-0.00011339962959091036,2.0269659432583658e-05,-0.0007425443170550824
2006-12-05,0.00017465840899720048,-0.0028920001312646836,2.4555256760728447e-05,-0.0027418969790282115
2006-12-06,-0.010145867651708121,0.009103218700744995,1.9096019835598253e-05,-0.0010617449707987245
2006-12-07,-0.0013315436224153564,0.0027837726419663715,3.137868529298583e-05,0.0014208503342580292
2006-12-08,-0.006249799693110137,0.009651511168399827,1.9472140938712397e-05,0.003382239334350977
2006-12-11,0.003185507494310103,-0.0036228554121206366,2.3267947523670462e-05,-0.000460615865334204
2006-12-12,-0.0005253057453907194,-0.003069164184900721,2.600083551102658e-05,-0.003620470765802467
2006-12-13,-0.005323790437832558,0.006872726147227773,1.2930956054101892e-05,0.0015360047533411138
2006-12-14,0.0009622851321070495,-0.0021218420767823575,1.8797567883709732e-05,-0.0011783545125590177
2006-12-15,-0.002533469504558461,0.0023492387457986394,2.4208386067832315e-05,-0.00020843914482765384
2006-12-18,-0.0023859006725408284,0.0025636481047876586,1.2517367057594134e-05,0.000165230065189236
2006-12-19,0.001974992884835103,-0.006830913438008387,9.77469284933577e-06,-0.0048656952460226196
2006-12-20,-0.0001679656998178982,0.002848014724910844,7.987702773631957e-06,0.002672061322319314
2006-12-21,0.0007532430607080189,0.00030802853719321256,1.3982065534505807e-05,0.0010472895323667256
2006-12-22,-0.004938398649513948,0.0064565384819736315,7.5937893148821e-06,0.0015105460431448015
2006-12-26,0.0015813018446837993,-0.0002415537009004614,1.3446761998924335e-05,0.0013263013817844135
2006-12-27,-0.0030599548149798043,-0.0017933066289290646,1.616753462077133e-05,-0.00486942897852964
2006-12-28,-0.0015585398997511484,-0.0006648589124496296,8.752987712271242e-06,-0.0022321517999130494
2006-12-29,-0.0003766399241175303,0.0010827535795649022,9.801935141490587e-06,0.0006963117203058814
2007-01-02,0.0012832894029609911,-0.0060145074813925375,5.776220819760508e-06,-0.004736994299251307
2007-01-03,-0.009329743216254828,0.012845209576350573,9.184908734563937e-06,0.003506281451361181
2007-01-04,-0.00196872490701281,-0.00013290549369008155,1.2482291418752465e-05,-0.002114112692121644
2007-01-05,-0.006349449334163701,0.003574854481178578,2.889853367437543e-05,-0.0028034933866594985
2007-01-08,0.00025849874560833735,-0.0018673405101335486,1.3779231012037997e-05,-0.0016226209955372492
2007-01-09,0.00023846103827424806,0.0048468698136847725,1.3766442139326516e-05,0.005071564409819694
2007-01-10,-0.0013841368381955351,0.0003613891812956732,1.074805337279543e-05,-0.0010334957102726573
2007-01-11,-0.005251768741192844,-0.0047744229652929284,1.0278396050717989e-05,-0.01003647010253649
2007-01-12,0.003014472639534289,-0.012396875823304692,1.1563681471279402e-05,-0.009393966865241682
2007-01-15,0.00017239822543182112,-0.0015423204998163673,1.7524504475862726e-05,-0.001387446778860409
2007-01-16,-0.0031432326476482637,0.004685451814476219,1.3898332632653333e-05,0.0015283208341953024
2007-01-17,0.0009788419292396425,-0.0003274583004027581,1.084462602634559e-05,0.0006405390028105389
2007-01-18,-0.0026832666427796504,0.004352351132668614,8.831683717952532e-06,0.001660252806171011
2007-01-19,0.0036610667406597915,8.192390220184721e-05,1.3678147686626832e-05,0.003729312495175012
2007-01-22,-0.00010499895088307147,0.0015403440949659135,1.4503417602589773e-05,0.0014208417264802522
2007-01-23,0.0053475122877337505,-0.004051737121185038,9.18976427195268e-06,0.0012865854022767595
2007-01-24,0.0010660514672288439,-0.0008431501592996099,1.1165966973765388e-05,0.00021173534095546856
2007-01-25,-0.0032077178101354437,0.0074719793449005084,9.376441481844839e-06,0.00425488509328322
2007-01-26,-0.001324172942473085,0.004709108880033242,1.8707508075081836e-05,0.003366228429485075
2007-01-29,-0.006087092074201344,0.001584279266396832,1.6477111112832726e-05,-0.004519289918917345
2007-01-30,0.005281767342365698,-0.00549652856241893,7.843261804655193e-06,-0.00022260448185788684
2007-01-31,0.007825390460541069,-0.005727388956238203,1.3822345096172281e-05,0.002084179159206693
2007-02-01,-0.0018759963414735218,2.146118593933003e-05,1.2537339481905818e-05,-0.0018670724950160976
2007-02-02,-0.004487266447493949,-0.003330137776077085,1.8157860543977523e-05,-0.007835562084115011
2007-02-05,0.0016066870176168198,-0.0009745288875574814,9.895898678966224e-06,0.0006222622313803722
2007-02-06,0.004350501535456106,-0.0022332857532672765,1.0100327481318227e-05,0.0021071154547075113
2007-02-07,-0.0010652856819595702,-0.0005085462119491554,9.71944853559735e-06,-0.001583551342444323
2007-02-08,0.0034194983788410197,0.0006236480147968795,1.02445792699911e-05,0.004032901814367908
2007-02-09,0.0014474509455457247,0.00525829647887004,8.473011730342465e-06,0.006697274412685422
2007-02-12,-0.005472399138533722,0.003733374151492185,9.416401267496486e-06,-0.0017484413883090335
2007-02-13,0.004488584967509658,-0.007241077979394876,1.3240197060477272e-05,-0.0027657332089456956
2007-02-14,0.004345029088843341,-0.006857421292471682,9.505161124740858e-06,-0.002521897364753082
2007-02-15,0.0037343345283809204,-0.006406241459626323,1.251584927049155e-05,-0.002684422780515894
2007-02-16,0.0024070869098413395,-0.005588043638312737,3.0041841181202807e-05,-0.0032109985696526003
2007-02-19,7.419716423847426e-05,0.0005821419516088517,1.6694874825942597e-05,0.0006396442410213834
2007-02-20,-0.005898889943495841,-0.0012194991255449197,7.81131063027627e-06,-0.007126200379671038
2007-02-21,0.010144493758337468,-0.0035872604962494106,5.637216872215726e-06,0.006551596045215842
2007-02-22,0.002159632340376247,-0.001601016587344454,1.1827063032228178e-05,0.000546788689999565
2007-02-23,0.005617385788313027,0.000764773212331513,1.672351877374756e-05,0.006365435481870792
2007-02-26,0.003533864007520059,-0.0012500476987036947,7.65208094463633e-06,0.002276164227871728
2007-02-27,0.0013132037428333233,0.002876587921802867,8.275109464082067e-06,0.004181516555172108
2007-02-28,-0.005698762619840463,-0.0061966227135883895,4.3454513184197246e-05,-0.011938839846613048
2007-03-01,-0.0036016389619603533,0.011328630711221494,7.631232377446294e-05,0.007650679425486678
2007-03-02,-0.008860632082159231,0.005854880409966649,3.554840470246692e-05,-0.003041300076895049
2007-03-05,-0.005333627451482996,0.004416030925854946,3.249626262564506e-05,-0.0009500927882536946
2007-03-06,0.006069999330955382,0.0017575280160840698,3.693854108616648e-05,0.007790588805953285
2007-03-07,0.0051450923844581845,-0.006784937015231134,3.920760601376184e-05,-0.001679052236786711
2007-03-08,0.003292775384379831,0.0033982408787253107,2.850976175169293e-05,0.006662506501353448
2007-03-09,-0.005149504466444871,0.008817125297570484,2.1084030433638733e-05,0.0036465368006919747
2007-03-12,0.001681202409252898,-0.00360066667128502,1.4427103205671349e-05,-0.0019338913652377934
2007-03-13,-0.0056279083256140765,-0.0031856428896590073,3.8468710633760995e-05,-0.008852019925906845
2007-03-14,0.00040218628838763757,0.00018817724487732202,1.1412753576013819e-05,0.0005789507796889457
2007-03-15,0.004017654056797148,0.006986053463642235,1.2811710787645403e-05,0.010990895809651739
2007-03-16,0.0018753353117432706,-0.008527569548937493,8.221109305533124e-06,-0.006660455346499756
2007-03-19,0.0031384473213265512,0.0004476287835122798,1.0940468720182053e-05,0.0035751356361186488
2007-03-20,0.003259114822740425,-0.00823011947541365,1.0054849272591455e-05,-0.004981059501945817
2007-03-21,0.006213488167769473,-0.004927454933343055,7.64738589441156e-06,0.0012783858485320065
2007-03-22,0.002861646517246198,0.004914407195036358,1.0172019050774745e-05,0.007765881693231781
2007-03-23,-0.002246116704764987,0.003047496276894745,1.1137437574428413e-05,0.0007902421345553297
2007-03-26,0.004672597172284538,0.004794236671639177,1.0185952782239402e-05,0.009456647891141475
2007-03-27,-0.00318951521345454,0.0007555329228152635,6.491834705461664e-06,-0.0024404741253447383
2007-03-28,-0.0010790645014610814,-0.006581327654758719,8.207819525506674e-06,-0.007668599975745307
2007-03-29,0.0003108870953579925,0.0016885955375784915,6.596385123101196e-06,0.001992886247813383
2007-03-30,0.0007574658995202036,0.014382773473572412,1.4581402403789565e-05,0.015125657970688827
2007-04-02,0.0017756476193057321,0.0023696415337722456,1.600696779847789e-05,0.0041292821852795
2007-04-03,0.0052860117891773955,0.01098363681840346,2.677526362080757e-05,0.016242873343960046
2007-04-04,0.005049341130930484,-0.00611912982249272,1.6198310783301976e-05,-0.0010859870023455377
2007-04-05,0.0021019414450286354,-0.0015335890134728304,1.8857721855234752e-05,0.0005494947097005703
2007-04-06,-0.0007557583160267372,0.00956040578115229,1.772385004556081e-05,0.008786923615079992
2007-04-09,0.00011266315808442423,0.0028215850180863047,1.3870211638850692e-05,0.0029203779645318785
2007-04-10,0.00392179184418588,-0.006012429861079202,4.0307243445877923e-05,-0.0021309452603392003
2007-04-11,-0.002429960921730966,0.002198142822767481,1.444093452735503e-05,-0.00024625903349083996
2007-04-12,0.0024472147665883944,-7.26403412893933e-05,1.3420221575206276e-05,0.002361154203723795
2007-04-13,0.004587419688835578,-0.0027012461353433004,1.2396932682990295e-05,0.001873776620809287
2007-04-16,0.004019537808791361,0.002961747501341568,9.937878313300855e-06,0.006971347431819628
2007-04-17,0.0019598426599375675,-0.0035597177396805213,1.0539211691001432e-05,-0.0016104142914339552
2007-04-18,-0.0002629667556869326,-0.0012817337544005934,1.1435257238463669e-05,-0.0015561357673259896
2007-04-19,-0.002216297541547006,-0.0006002425821313877,1.3134215881542775e-05,-0.0028296743395599365
2007-04-20,0.006804664506577194,0.0013211506400378356,1.2005908034306134e-05,0.008113809238580722
2007-04-23,0.0013581062815073521,0.0016762186490713558,9.051719256093626e-06,0.0030252732113226146
2007-04-24,-0.002867733506939258,0.00045766361246909315,8.908744642671111e-06,-0.0024189786391128356
2007-04-25,0.007193675433627601,-0.0048736419173072715,8.873417143655702e-06,0.002311160099176674
2007-04-26,-0.0035957463045770176,0.010702884212828423,1.1548374577027514e-05,0.0070955895336743775
2007-04-27,0.002547237192036848,-0.000805960244008507,1.0610658456095324e-05,0.0017306662895722458
2007-04-30,-0.004516853864871861,-0.0029903643181467383,1.1045733606333389e-05,-0.007518263916624933
2007-05-01,0.0005542795157862587,-0.004095618615151536,6.483494001728032e-06,-0.0035478225933670057
2007-05-02,0.001911002921449026,0.006229221147495677,1.8846282313574396e-05,0.008121377786631129
2007-05-03,0.004467120565889273,0.003388374394846484,3.972412744781099e-05,0.007815770833287945
2007-05-04,0.0026999197991628057,-0.004859960041036145,3.323891762916477e-05,-0.002193279159502504
2007-05-07,-0.0014061775186971492,0.001964922205073791,2.5421323445712687e-05,0.000533323362930929
2007-05-08,-0.0010386197149378409,0.004519953182802595,2.0526331680431458e-05,0.003460807136184323
2007-05-09,-0.0014411411317858448,0.0006941387164516076,1.8754537518829973e-05,-0.0007657569528530671
2007-05-10,-0.010392559741845098,0.002328667005881005,1.720158171572465e-05,-0.008081094317679817
2007-05-11,0.0074174484483955526,-0.004804335951675287,1.1235581014614169e-05,0.0026018769157056514
2007-05-14,-0.0040169858413481715,0.00019418529741860698,2.4306800444733913e-05,-0.0038471073443742984
2007-05-15,0.0012859666883799647,-0.0024774647566107337,1.806912705322102e-05,-0.0012095671952839899
2007-05-16,-0.0018870491742733588,0.0007107135010216195,1.0468032637689975e-05,-0.001186803705889429
2007-05-17,-0.002557976701552077,0.007236796106391574,1.0155270510570277e-05,0.004668664134328927
2007-05-18,0.004141095087578714,0.00343990629457939,1.3946594512269035e-05,0.007567054787645835
2007-05-21,0.00295885832260931,-0.0024000400441920294,9.70820862176517e-06,0.0005491100697955154
2007-05-22,-0.0034839077738168384,0.00556198805596838,9.130212462941435e-06,0.0020689500696886
2007-05-23,0.0004403982068827674,-0.0012610243085610022,7.662968052914299e-06,-0.000828289069731149
2007-05-24,-0.00844393165780542,-0.001664940112715876,7.753456033820287e-06,-0.010116625226555117
2007-05-25,0.004481826883583853,0.00020398613356542553,8.37702029353073e-06,0.004677435996855748
2007-05-28,0.0002668726705093357,-0.00010193494157297515,1.2138977683319274e-05,0.00015279875125304124
2007-05-29,0.0002463466781140054,0.005589094302184893,5.478531191563891e-06,0.005829962449107335
2007-05-30,0.002072299663225566,-0.0022292516368886796,5.680824331443544e-06,-0.000162632797994557
2007-05-31,0.003001897752900822,0.0018292123586191211,1.3883991110740772e-05,0.0048172261204092025
2007-06-01,0.0036262367110613605,0.00504061433810729,1.1980264721484154e-05,0.008654870784447167
2007-06-04,0.0017117254251504022,-0.002518081991636011,7.657848759321186e-06,-0.0008140144152449299
2007-06-05,-0.0017154271754520971,-0.0014605108420100944,1.6597556837415764e-05,-0.0031925355742996073
2007-06-06,-0.005109280010311648,-0.0019373704497583724,7.029713494822092e-06,-0.007053680173564842
2007-06-07,-0.009219071629369656,0.005446895712325926,1.0171202740188422e-05,-0.0037823471197839186
2007-06-08,-0.0007324505472802545,0.005792432305598418,1.599277967193822e-05,0.005043988978646225
2007-06-11,0.0036762482069868526,-0.002939911921730883,3.698505363395104e-05,0.0006993512316220186
2007-06-12,-0.00558552819830054,0.0058360285339186056,1.8056027121831946e-05,0.00023244430849623336
2007-06-13,0.0053647658391559674,0.002383487654254458,1.1646547357095866e-05,0.0077366069460533295
2007-06-14,0.004121617912945374,0.0025360353560141217,2.0868711463211042e-05,0.006636784557496285
2007-06-15,0.0037473816262812596,-0.006124436484431179,2.1303642825841384e-05,-0.0023983585009757606
2007-06-18,0.00046888937463996716,-0.002972435644626644,1.0559611364725062e-05,-0.002514105881351402
2007-06-19,0.0011237002664870417,0.003830153325297749,2.1893313309306385e-05,0.004931960278475484
2007-06-20,-0.00551074179565802,-0.0003426136860751832,1.0831740592267134e-05,-0.00586418722232547
2007-06-21,0.0007756802548413154,0.0055153019371251,1.4898793190056507e-05,0.006276083398776359
2007-06-22,-0.002323767817278057,0.003975148705890991,8.707990512310437e-06,0.0016426728981006238
2007-06-25,-0.0011837621673465339,-0.004620135415847166,8.389606548274562e-06,-0.005812287189741974
2007-06-26,-0.007320234168313835,-0.002397207537375644,9.318789038907914e-06,-0.009726760494728388
2007-06-27,0.0064854415400750955,-0.003886027294412402,1.3796844948360875e-05,0.002585617400714333
2007-06-28,0.001458319578945611,0.007499051427820761,1.0343387657470605e-05,0.008947027619108903
2007-06-29,0.0021507400686361475,-0.007708672443642965,2.0171276762151046e-05,-0.005578103651768968
2007-07-02,0.007064545469908242,-0.00767865335045111,2.1556791936855156e-05,-0.0006356646724797229
2007-07-03,0.0010527070345651961,0.005745502722696306,2.4036202305214273e-05,0.006774173554956288
2007-07-04,0.0006436070826980093,0.0013634147369064973,1.5032630819644558e-05,0.001991989188784862
2007-07-05,-0.0012900196820141373,0.004035981870955799,8.798336669734002e-06,0.0027371638522719274
2007-07-06,0.002824517378179338,0.0010430235939559607,8.655127043550804e-06,0.0038588858450917477
2007-07-09,0.002431419628426084,-0.0012104241912947022,2.386493501226628e-05,0.0011971305021191154
2007-07-10,-0.0024203401393272034,-0.01728138505380206,9.829450442580801e-06,-0.019711554643571844
2007-07-11,0.0029376884226753473,-0.0004721706896850325,9.238716408069388e-06,0.002456279016582245
2007-07-12,0.006942161673628162,0.0006426975250344772,2.14597690652552e-05,0.007563399429597384
2007-07-13,0.0028913453448799423,-0.003065762461922299,8.483945714772163e-06,-0.00018290106275712894
2007-07-16,-0.00019846788352228278,0.004800673427319929,9.270281908983356e-06,0.004592935261888662
2007-07-17,0.0011035047788785514,0.008292862862027073,1.3010599009131714e-05,0.009383357041896493
2007-07-18,0.0026341838467798828,-0.009817467002786554,1.2619016717455036e-05,-0.007195902172724126
2007-07-19,0.003001181326459503,0.0029845255279976825,1.2534994743202356e-05,0.005973171859713983
2007-07-20,-0.0008171758838590448,-0.007587877318508941,8.962741758059695e-06,-0.008414015944126045
2007-07-23,-0.0012200220682622362,0.002623779816506454,6.995364589824776e-06,0.0013967623836543932
2007-07-24,-0.006912201173934882,-0.007700225865930605,7.964201356456348e-06,-0.014620391241221943
2007-07-25,-0.002151337533243841,0.0018558285616517953,4.749549960444737e-06,-0.00030025852155249056
2007-07-26,-0.01012970400787134,-0.01916109300663421,1.7742609272808072e-05,-0.029308539623778357
2007-07-27,-0.009564705574685431,0.00447737153925387,2.4716184965466563e-05,-0.005112050220397028
2007-07-30,0.007825863579894109,0.0013730408455624008,3.5189431047406595e-05,0.009163714994409104
2007-07-31,-0.005169879984660001,-0.0009799294570108472,3.478850255955637e-05,-0.006184597944230405
2007-08-01,0.0005437735671123731,-0.0010531794517745772,1.3028907162643305e-05,-0.0005224347918248473
2007-08-02,0.0038139467774521425,0.001548655077216664,1.3065131635150843e-05,0.005349536723033655
2007-08-03,-0.007153751507635543,-0.009388516051432597,8.095889701139049e-06,-0.016550363448769277
2007-08-06,0.0021593914170819004,0.0012860270498531077,8.794723933586972e-06,0.003436623743001421
2007-08-07,0.002832389457926917,0.003406700139307886,1.0830596741768761e-05,0.006228259000493034
2007-08-08,0.005547046965074499,0.009423390412242513,7.70938253637482e-06,0.014962727994780637
2007-08-09,-0.01282483165870702,-0.010465275145174768,6.398115458519292e-06,-0.023296504919340304
2007-08-10,-0.000954349137544914,-0.00045822455347880415,8.73765087492471e-06,-0.0014213113418986428
2007-08-13,0.0020398404349400707,0.00015388690419403713,1.7923609107090867e-05,0.002175803730027017
2007-08-14,-0.006805171074019354,-0.007291447546139781,4.53548180839787e-06,-0.014101154101967533
2007-08-15,-0.005782595319554069,-0.005362904540208411,5.0308405292044044e-06,-0.011150530700291685
2007-08-16,-0.010665869345847293,-0.022651496753271425,4.810895669751902e-06,-0.03332217699478847
2007-08-17,0.008545161316063053,0.007085435577506376,6.743897037294947e-06,0.015623852996532135
2007-08-20,0.00034053038090364334,-0.0022056139607776956,3.410573236436987e-05,-0.001899189312238422
2007-08-21,0.0010695419998710562,-0.004986763966505118,4.864270898090832e-06,-0.003922086237532153
2007-08-22,0.006341857799597754,0.0032153251664676736,5.057153296451297e-06,0.009552125812768975
2007-08-23,0.0015006222778113077,0.002113301080291235,5.60422725768647e-06,0.0036083191308448567
2007-08-24,0.007780383609070735,0.0036917699646498046,1.4731519409256513e-05,0.011457422054311283
2007-08-27,-0.0019126847664803985,-0.0024809262842072303,6.212984893127472e-06,-0.004399824035580756
2007-08-28,-0.007926015401315604,-0.013754212287093125,8.283412522197512e-06,-0.021688511100930927
2007-08-29,0.008939372539809372,0.0033488626016665735,4.966682977768161e-06,0.012283268458498177
2007-08-30,0.0010186158448191502,-0.006873759417398773,1.2855941676504279e-05,-0.005867999514256127
2007-08-31,0.005086342171287299,0.007285284368520214,9.148931425746489e-06,0.012362477608381767
2007-09-03,8.052560699286882e-05,-0.00010564438459574853,5.575291383954351e-06,-3.069406898683406e-05
2007-09-04,0.00754516733065656,-0.0033843066880470604,8.710279727813151e-06,0.004152150362881686
2007-09-05,-0.0034329749926576125,-0.015421293810514955,4.754143758069946e-06,-0.018859022946930638
2007-09-06,0.0026344071275191923,0.005151577044175138,6.933318511694087e-06,0.007779050853182636
2007-09-07,-0.0015059080344607728,-0.02299090284909399,7.744388124803675e-06,-0.024504555271679565
2007-09-10,0.0018788612030620235,-0.004695122162637918,5.520570204935101e-06,-0.0028217815297808297
2007-09-11,0.008003756558508336,0.005666316014790007,1.3742497689298258e-05,0.013656330075609045
2007-09-12,0.0037638127805742793,0.00339707604800389,4.044030916000324e-06,0.007156844797662169
2007-09-13,0.0018274500574076164,0.012838418794087661,9.031233670017747e-06,0.01465683761782526
2007-09-14,0.001044620233780287,-0.0030887536306217042,7.394286912016339e-06,-0.0020515276837534337
2007-09-17,0.0008057164360489711,0.0005532160506644609,5.673718207616748e-06,0.0013532587685058152
2007-09-18,0.009799947462064739,-0.0023246055652198236,3.80721374700223e-06,0.007471534683097913
2007-09-19,0.0064601227475170105,0.003466509859422017,4.627965380768225e-06,0.00992200464155826
2007-09-20,0.0039359607437421,0.0035615516471350114,1.0927292498180542e-05,0.007486585098378931
2007-09-21,-0.0008665378328053396,-0.0026414879213169447,5.71104221734169e-06,-0.003513736796339626
2007-09-24,0.0002692722859622791,-0.0026859168675633033,1.5608089485865905e-05,-0.0024322526710868902
2007-09-25,-0.0026910989947602137,-0.004375483361452628,5.970109821729697e-06,-0.007072552466034571
2007-09-26,0.00368987540429966,0.0015768738507192493,3.7026438419358245e-06,0.005263046611176974
2007-09-27,0.00859302581866823,-0.006784210678557053,4.495699300120498e-06,0.0018043194408110558
2007-09-28,-0.0016761377914918316,-0.003091893637528407,5.809719791385372e-06,-0.004773841148811624
2007-10-01,0.003897259489633451,0.004288462913449677,8.416584104471481e-06,0.008177305818978657
2007-10-02,-0.006478301033011047,0.00219089116701611,7.78036932039863e-06,-0.004295190235315335
2007-10-03,0.00016962479323267456,0.004574080750470285,8.444865409057688e-06,0.004735260678293902
2007-10-04,0.0023999011653720375,-0.0024700639604177195,1.3781462323135063e-05,-8.394425736881705e-05
2007-10-05,0.002865948138371816,0.009704054700533815,3.979357880211758e-06,0.01256602348102542
2007-10-08,-0.008237207944029972,0.0019083549933623693,3.245628632808967e-06,-0.006332098579300412
2007-10-09,0.00634345192830226,0.003993467982159568,1.7433468994095296e-05,0.010319486441467731
2007-10-10,0.0036286301239887393,-0.0006018188610419119,6.5101244406018155e-06,0.0030203011385062256
2007-10-11,0.0005761876289368448,-0.0015152763474015059,4.52246516164882e-06,-0.0009436111836263099
2007-10-12,0.003322932205393014,0.005481614684148983,3.034166154010255e-06,0.008801512723387988
2007-10-15,0.0029250384804904057,-0.0035561637716917897,5.019097690397342e-06,-0.0006361443888917812
2007-10-16,-0.002221265335342927,-0.004671521426877533,6.084329114678906e-06,-0.006898871091335139
2007-10-17,-0.0005810559212803929,-0.010987880469197141,3.5493712909156122e-06,-0.011572485761768449
2007-10-18,0.002516980311036807,-0.009396233849790134,8.471822575155093e-06,-0.006887725361328483
2007-10-19,-0.008667807370065023,-0.011552571071702308,2.4012673741589598e-05,-0.020244391115508922
2007-10-22,-0.0019455187830427778,0.001373208671240859,6.9033795368451925e-06,-0.0005792134913387639
2007-10-23,0.0032989680471203348,0.0003402968611308681,1.2268052004347086e-05,0.0036269968562468555
2007-10-24,-0.0013421330059343564,-0.007296855726683853,1.071485828356868e-05,-0.008649703590901779
2007-10-25,0.004345391424036419,0.0005864619280453239,5.912470352211535e-06,0.004925940881729532
2007-10-26,0.007221935247172252,0.0007565388335891946,6.651779361804894e-06,0.007971822301399643
2007-10-29,0.004116900645569382,0.0011776698377041787,3.143010852091075e-06,0.0052914274724214705
2007-10-30,-0.006631351253670657,0.0015832291560279542,5.412760477010427e-06,-0.0050535348581197135
2007-10-31,0.007558922015084216,0.010008398999819028,4.836980503265932e-06,0.017562484034399976
2007-11-01,-0.010478276090507038,-0.008403251022168347,5.390710331321748e-06,-0.018886917823006708
2007-11-02,0.004157184024245308,-0.013404892703906239,1.6147314642222697e-05,-0.009263855994303153
2007-11-05,-0.0026990656541026024,0.0016749625284268718,1.7378064612162614e-05,-0.0010414811902878932
2007-11-06,0.009293082076556419,0.0009550179039823643,1.6276361608287098e-05,0.010231823618930495
2007-11-07,-0.0070573354924990785,-0.014907177872635947,4.172024288752157e-06,-0.021968685389423776
2007-11-08,-0.005546658162958683,-0.0075939544983937585,5.963151430462105e-06,-0.013146575812782902
2007-11-09,-0.003900213615829897,-0.007643436771912369,1.967021689798493e-05,-0.011563320604640251
2007-11-12,-0.011235860709715998,0.00043732887323267384,7.235879096784213e-06,-0.010805767715580108
2007-11-13,0.004658242979313269,0.00619506772314206,1.2200590557103077e-05,0.010841110111898226
2007-11-14,0.009053542668520875,0.003458408683126096,9.637331143247711e-06,0.012502314020503724
2007-11-15,-0.011659679028825616,-0.015924625294227147,1.0180616186893543e-05,-0.027594484939239657
2007-11-16,0.003941393383323648,-7.972235912034485e-05,1.1265315200354151e-05,0.0038504057090029487
2007-11-19,-0.006091106123559094,-0.013282031572939057,1.5487805921648738e-05,-0.0193886255024198
2007-11-20,0.006850134787926381,-0.004125511738552589,4.740297476176199e-06,0.002719882751897616
2007-11-21,-0.005215784316727761,-0.010822130437937855,6.303319193093745e-06,-0.01604421807385871
2007-11-22,0.0009394619798761099,0.0,7.078657556878592e-06,0.0009323833223192313
2007-11-23,0.008858614812048402,-0.0019360316250229613,6.3056857700497525e-06,0.00691627750125539
2007-11-26,-0.002448655717865839,-0.017120020945041208,1.5801972024685536e-06,-0.019570256860109516
2007-11-27,-0.0032580252643023074,0.013149268960190849,4.005425702511874e-06,0.009887238270186031
2007-11-28,0.0030345970202535636,0.01260904663237721,2.0680933028746707e-05,0.015622962719602028
2007-11-29,-0.0004155137142085314,-0.00760538637701451,1.6410210842913106e-05,-0.008037310302065954
2007-11-30,-0.002583110041453704,0.006134203959893773,1.1365031111004374e-05,0.0035397288873290646
2007-12-03,-0.00011636363751168545,-0.01236068092895986,6.8737476800225015e-06,-0.012483918314151568
2007-12-04,0.0032858559304783513,-0.004921680698166498,1.2574698860535115e-05,-0.001648399466548682
2007-12-05,0.0025742666092202094,0.005056284453710857,7.2323607521702065e-06,0.007623318702178896
2007-12-06,0.0032269602488845064,0.011215836818369376,9.870268186938683e-06,0.014432926799066943
2007-12-07,0.003388859490817523,0.011466034274164316,1.0363410361832399e-05,0.014844530354620007
2007-12-10,0.0026029914011751927,0.001456146514362833,1.0758514580563999e-05,0.004048379400957461
2007-12-11,-0.002364562761850826,-0.018592492189970528,1.5284340957541034e-05,-0.020972339292778894
2007-12-12,0.00462062417577673,0.013521896466160708,7.344968484246022e-06,0.01813517567345319
2007-12-13,-0.006930660044587145,0.009423664292354781,2.930090020210256e-05,0.002463703347565534
2007-12-14,-0.004230417968367636,0.013515899940018174,1.3914261380519617e-05,0.009271567710270018
2007-12-17,-0.004474310268961159,-0.004613144497543487,8.351776418686561e-06,-0.009095806542923333
2007-12-18,0.0020777679428315094,-0.005177074657636951,1.058147798700459e-05,-0.0031098881927924464
2007-12-19,0.005368222160922243,-0.0047009906588841854,8.269510306255973e-06,0.0006589619917318017
2007-12-20,0.002840444324646887,-0.005747269636822403,7.525312285531927e-06,-0.002914350624461048
2007-12-21,0.012059639456943634,0.01581581569277189,1.1236113837493597e-05,0.027864219035878032
2007-12-24,0.003464193386098668,0.005180905514575816,1.241061364313123e-05,0.008632688287031353
2007-12-26,0.010110532259764021,0.004025723452473017,1.8631798261022108e-05,0.014117623913976016
2007-12-27,-0.0014903510814065423,-0.008635453312922557,1.20567048778497e-05,-0.01013786109920695
2007-12-28,-0.00015587201159767864,-0.011520528222914599,9.89760068811056e-06,-0.011686297835200388
2007-12-31,-0.0034487880596686528,-0.009487645843725046,5.6345979817947765e-06,-0.012942068501375494
2008-01-02,0.009349582492965764,-0.025038495638692267,7.065968349999693e-06,-0.015695979114076504
2008-01-03,0.007190324778422132,-0.002744385240147666,7.983205511772083e-06,0.004437956332762694
2008-01-04,-0.006363708418416884,-0.009649587489924807,3.0134914923969316e-05,-0.01604343082326566
2008-01-07,-0.0008166815070506667,0.0032286838073766516,1.3415805192113955e-05,0.002398586495133871
2008-01-08,0.0068183048818659725,0.0009371479845469276,9.316697443445355e-06,0.007746136168969455
2008-01-09,0.0011564671905873309,-0.004025628410371268,9.707130130176322e-06,-0.0028788683499141134
2008-01-10,0.005368558075246024,0.007435114432962975,1.2227036168992406e-05,0.012791445472040005
2008-01-11,0.01191290045739061,-0.012491927011090528,9.638683617485406e-06,-0.0005886652373174028
2008-01-14,0.009370621366673632,-0.0052468456046712774,1.0788391157018833e-05,0.004112987370845336
2008-01-15,-0.0015510473198975788,-0.011055623301015656,1.6561266521224804e-05,-0.01262323188743446
2008-01-16,-0.009786363175866345,0.0020146507663381585,6.254299374655866e-06,-0.0077779667089028426
2008-01-17,-0.003433976877272181,-0.009082243267388695,9.888256589062158e-06,-0.012526108401249937
2008-01-18,-0.00412881040455719,-0.003823024040519995,1.1116030305021777e-05,-0.007962950475382207
2008-01-21,-0.006831627971735421,0.0,5.960855382477412e-06,-0.006837588827117899
2008-01-22,-0.0006068200187145365,-0.015917846226105554,6.620755803495433e-06,-0.016531287000623587
2008-01-23,-0.009271098527586223,-0.006797434565420096,5.942222084924244e-06,-0.016074475315091246
2008-01-24,0.015601988954812697,0.024104727095633847,1.5489858639462242e-05,0.03969122619180708
2008-01-25,-0.00027450598602428607,-0.004805182341607435,1.6134463149462238e-05,-0.0050958227907811834
2008-01-28,0.00492231045022354,-0.0023746971112955178,6.213745342537795e-05,0.0024854758855026443
2008-01-29,0.001112123908886028,0.006559249105602748,1.3101238244871828e-05,0.0076582717762439054
2008-01-30,-0.0008078098980972176,0.004109269617214947,1.2515436570667592e-05,0.003288944282547062
2008-01-31,0.005881738661909513,-0.009846493673276918,5.990003633915111e-06,-0.00397074501500132
2008-02-01,-0.0014600501239899586,-0.003170881464798628,1.1890797397846879e-05,-0.004642822386186434
2008-02-04,0.0016237958874552143,-0.000907964359195681,7.906705995710439e-06,0.0007079248222638228
2008-02-05,-0.010351275540079195,-0.005873490914895436,1.2081156685943363e-05,-0.01623684761166057
2008-02-06,-0.00040191160813783503,6.235071774792302e-05,1.1777062923885526e-05,-0.00035133795331379755
2008-02-07,0.002582315123482535,0.010429571665831458,1.068146815623872e-05,0.013001205321157755
2008-02-08,0.003918850120072067,-0.00919192787396714,9.880891598698614e-06,-0.005282958645493773
2008-02-11,0.002241106316517738,-0.005776751514143796,1.2682982734225385e-05,-0.003548328180360284
2008-02-12,-0.0027102763368459844,0.00842806881074126,8.657713333160402e-06,0.005709134760562114
2008-02-13,0.0018689656140767098,0.001551193518555427,1.3752260826175077e-05,0.003406406871805962
2008-02-14,0.002015423878020027,0.0010205819169266028,1.092321044835407e-05,0.003025082584498276
2008-02-15,-7.794765974270696e-05,-0.001779593265308561,1.1380742227890375e-05,-0.0018689216672791583
2008-02-18,0.002780900743585027,0.0,1.0638474425717484e-05,0.0027702622691593098
2008-02-19,0.005808304808840847,0.00562963121784482,7.980767979336949e-06,0.01142995525870633
2008-02-20,0.0017346285688845382,0.008542533430186532,1.07443159760417e-05,0.010266417683095028
2008-02-21,0.004083517757862285,-0.016113065709349794,2.9113189652908535e-05,-0.012058661141140417
2008-02-22,0.002511526033438704,-0.0033364037277927375,1.4162034689002028e-05,-0.0008390397290430354
2008-02-25,0.00406566489831453,0.013202867642082302,2.2592915029789982e-05,0.01724593962536704
2008-02-26,0.009769033539462131,-0.011764037831892636,1.1165274063703654e-05,-0.0020061695664942087
2008-02-27,0.002859729689268163,-0.004390399907284251,2.176631993223162e-05,-0.0015524365379483195
2008-02-28,0.0006998563832363784,-0.01690919318255906,1.3061061246763265e-05,-0.016222397860569445
2008-02-29,-0.005616587308448787,-0.020680075391954288,1.0051113671963405e-05,-0.02630671381407504
2008-03-03,0.002405998151022136,-0.005166901185025365,1.3008904449737396e-05,-0.002773911938452966
2008-03-04,-8.318046989727436e-05,0.00323596281955274,3.0924062743673e-05,0.003121858286911793
2008-03-05,0.0013464260884361104,0.006551451266637295,1.0690090704285331e-05,0.00788718726436912
2008-03-06,-0.0067772379789027525,-0.00682171440933703,7.082323683831431e-06,-0.013606034711923613
2008-03-07,-0.00624006225860344,-0.005453914428438922,1.1306357041111947e-05,-0.011705283044083475
2008-03-10,-0.00266260256638091,-0.008524584194493515,1.3640998359410975e-05,-0.011200827759233836
2008-03-11,0.010906211205211121,0.0188012280266094,1.0683997013484051e-05,0.029696755234807037
2008-03-12,0.0028030947672189567,-0.01615813462976458,1.2194435386565114e-05,-0.013367234297932186
2008-03-13,0.0045816461184353535,-0.003264842844469958,4.1859635081649115e-05,0.0012749436388837464
2008-03-14,-0.005385375083776475,-0.015359297297235754,1.282364522363499e-05,-0.02075749602623586
2008-03-17,-0.00935556298434952,-0.004816131772241787,9.915315517955949e-06,-0.014181610072109264
2008-03-18,0.008509579724808865,0.00908593667869538,1.6020282546881158e-05,0.017579496120957366
2008-03-19,-0.026855398957618633,0.005037136962940995,1.7406754180029424e-05,-0.021835668748857666
2008-03-20,-0.015547378547447125,-0.0016484687973455712,3.199104024071179e-05,-0.017227838385033407
2008-03-24,0.009088915877435632,0.017957072207741,2.5556066595906372e-05,0.027020432018580724
2008-03-25,0.011129864736411577,-0.00535880291023557,1.707967378136813e-05,0.005753982152394639
2008-03-26,0.0036979562281555475,-0.005710562188066868,3.366111449217349e-05,-0.0020462670744034943
2008-03-27,-0.002934169929304978,0.000612936402532808,1.5199477015086595e-05,-0.0023364330037872567
2008-03-28,-0.006896585382805215,-0.001749403878448834,1.3693784271403702e-05,-0.008659683045525453
2008-03-31,-0.009018397577376838,0.00010366361327409409,1.4718450848571631e-05,-0.008929452414951317
2008-04-01,-0.0005611976706397574,0.009876571775803474,1.52852230347951e-05,0.009300088882128922
2008-04-02,0.006098958150867384,0.0008319036587316471,1.7083263861583484e-05,0.006913778545737448
2008-04-03,0.0039510975293131885,0.0002588578031078421,1.844902199524988e-05,0.004191506310425781
2008-04-04,0.0036533999876385255,-0.008207523777234368,1.1979824109392734e-05,-0.004566103613705235
2008-04-07,-0.001604557747959963,0.004985103998911761,1.2616359995108914e-05,0.003367929890956689
2008-04-08,-0.0025750232486048837,0.001050313734654753,9.913474440399712e-06,-0.0015346229883905305
2008-04-09,0.007721423326100098,-0.007815131447570657,9.58187208767678e-06,-0.00010328999355823572
2008-04-10,-0.001040015349415879,0.004212513422961615,1.0349946086109716e-05,0.003162148127459626
2008-04-11,-0.0017872633565729412,-0.0016455463304281747,9.425099669758653e-06,-0.0034422347866708745
2008-04-14,0.002051620514501342,0.002655780828979211,7.6185534083102755e-06,0.0046997827900722424
2008-04-15,0.00014754746558264136,0.0033587045413145757,6.805484908124086e-06,0.0034994465219890932
2008-04-16,0.0018675200291407316,-0.0026247005753414414,9.059558565686067e-06,-0.0007662401047663958
2008-04-17,-0.0008378006349701126,0.004752562209460223,7.946323718141e-06,0.003906815250771969
2008-04-18,-0.007172008707711331,0.0010512964267202648,1.0218745548726397e-05,-0.006130931026539792
2008-04-21,-0.0057456048754718665,-0.0034812323383056395,1.034030697187983e-05,-0.009237177520749386
2008-04-22,0.006286183409279373,0.00021674573406907979,1.2697435164603496e-05,0.006490231708183849
2008-04-23,-0.007510533140002753,0.0023988129150693594,1.0752763720499632e-05,-0.005122472988653893
2008-04-24,-0.0075351655329801755,0.00822498058936168,8.114358960584836e-06,0.0006817006974209204
2008-04-25,-0.0007544929214270708,5.0594442683373625e-05,9.387024682785623e-06,-0.0007132855034264827
2008-04-28,0.003320155651176199,-0.0035954281828075862,1.1962732903923233e-05,-0.0002872352645353106
2008-04-29,-0.007280938924157088,0.0007705077845230732,9.154538456543837e-06,-0.006519585678090559
2008-04-30,0.001461373599359747,-0.002097914158158303,8.660788491350218e-06,-0.0006452013472899063
2008-05-01,-0.0010208022459930275,-0.005562633207508464,9.072643568262301e-06,-0.0065925080970697545
2008-05-02,-0.0025476492365929626,0.0071641080174102215,1.070938746694552e-05,0.0046057493933503125
2008-05-05,0.002773840379721877,-0.003666476350136409,9.452923273413736e-06,-0.000902088893687946
2008-05-06,0.0027227616625761075,-0.0013969957124026072,1.242732976079588e-05,0.0013133386204127043
2008-05-07,0.0005655979501126041,0.005266491100097378,8.878294555569069e-06,0.005823210755654414
2008-05-08,0.005096806999176723,-0.0056599634060624324,9.08089004352995e-06,-0.0005722372969292395
2008-05-09,0.005077823735190681,-0.0033154429431870953,9.067281701437633e-06,0.0017533135103021485
2008-05-12,-0.0030134178626316207,-0.00268680827954556,8.964579594770997e-06,-0.0057091907217719515
2008-05-13,-0.004173540634228752,0.009686330545764366,9.089339153964636e-06,0.005503700572381649
2008-05-14,-0.004505661548249768,0.005044261729443678,8.949992098201871e-06,0.0005296501890957081
2008-05-15,0.0037155233965131835,-0.012132355313214157,1.781527492657711e-05,-0.00843464719162755
2008-05-16,0.007193254882246393,-0.003972228255194023,7.414868757883827e-06,0.0032136117582944857
2008-05-19,0.00036936830319616654,0.0004851781278227485,6.980329550930474e-06,0.0008475661014679846
2008-05-20,0.005156641551144123,-0.003823813234273079,8.342694470554576e-06,0.00132448562240049
2008-05-21,0.004602116773211743,0.008486051884568628,6.874536346319391e-06,0.01308129412143405
2008-05-22,-0.010416135694819095,0.009875656373285354,5.70213966875244e-06,-0.000546181461202493
2008-05-23,0.006894090796754195,-0.005893551179627202,7.889957167663633e-06,0.0009926496599593291
2008-05-26,0.0,-0.0006275194107309868,1.0860801877648159e-05,-0.0006383802126086349
2008-05-27,-0.005916624684135702,0.003817545351741949,1.1408030099260784e-05,-0.0021104873624930138
2008-05-28,-0.0016477124005170635,0.003715864055685159,5.219948253433251e-06,0.0020629317069146623
2008-05-29,-0.011160457025042085,0.006543202599278496,7.09028229505833e-06,-0.004624344708058647
2008-05-30,0.007939084917993377,-0.0051773629180172035,6.465835264785922e-06,0.002755256164711387
2008-06-02,0.005800158334136862,-0.0024043034115316664,1.0267420940430706e-05,0.003385587501664765
2008-06-03,-0.005316131884258591,-0.0005320450761187462,7.3989653935126954e-06,-0.00585557592577085
2008-06-04,0.0013112591682877457,0.0005287897525894971,1.3125264363859573e-05,0.0018269236565133834
2008-06-05,0.00666752549663587,-0.004822311144040219,1.1599903817682719e-05,0.0018336144487779682
2008-06-06,0.0112622388521641,0.005525364264045543,1.2660597498249307e-05,0.016774942518711394
2008-06-09,-0.005190273084161872,0.007714827021114858,1.7938496603146483e-05,0.002506615440349839
2008-06-10,-0.006771102048582367,0.012773588437204785,2.4342150005366945e-05,0.005978144238617052
2008-06-11,0.014715407623170217,0.0010056885321949023,2.9848406676324726e-05,0.015691247748688797
2008-06-12,-0.0057120503319602525,0.007505657794670466,1.6821307443793772e-05,0.0017767861552664202
2008-06-13,0.0036999816167798765,-0.0043261110417375575,1.3742349333829813e-05,-0.0006398717742915109
2008-06-16,-0.00024310337602211687,-0.003035985372104926,1.0573298509147334e-05,-0.00328966204663619
2008-06-17,0.007334547351217716,-0.001903638061960779,1.1305028894098852e-05,0.005419604260362839
2008-06-18,0.00258415625230711,-0.00206711973968462,9.890743616485539e-06,0.0005071457690060042
2008-06-19,-0.002733621962982379,0.0005350761995056318,8.487347698104922e-06,-0.002207033111174852
2008-06-20,7.196047247186614e-05,0.00037246681463372073,8.635073910978552e-06,0.0004357922131946083
2008-06-23,-0.005147190370223546,0.004731460863047327,9.19493412966495e-06,-0.0004249244413058836
2008-06-24,0.0018603494814825742,-0.0005120018861402102,8.419288448088408e-06,0.0013399283068942754
2008-06-25,0.003652505978077994,-0.0022304732212248216,8.963415465543783e-06,0.0014130693413876285
2008-06-26,0.01484232913469503,-3.117155740075563e-05,6.968774794314163e-06,0.014804188802499962
2008-06-27,0.0022787131658101455,-0.0028310585148704397,8.765234766072295e-06,-0.0005611105838263666
2008-06-30,-0.0033451086783533165,0.001240303524387323,1.5416604457352104e-05,-0.0021202217584233457
2008-07-01,0.004954017645406453,-0.003180358513906533,9.88644490686556e-06,0.0017637726865930542
2008-07-02,0.005245125520150193,-0.0019455730076945552,1.0632514073328254e-05,0.0032889199983823095
2008-07-03,-0.0021152143661510294,0.005500048304372442,1.0027161653331155e-05,0.0033748067765680813
2008-07-04,0.0,0.0,1.1638876932924782e-05,-1.1638876932924782e-05
2008-07-07,-0.008106885369101235,0.0060300388563553665,1.396878730506361e-05,-0.0020908153000509322
2008-07-08,-0.0035516176535983855,0.002562502554494521,6.965393373085205e-06,-0.0009960804924769497
2008-07-09,0.004107879870548992,0.0035557601245543623,1.3291026518307651e-05,0.007650348968585047
2008-07-10,0.003249320211083023,-0.004711868030356425,1.2564699643207976e-05,-0.00147511251891661
2008-07-11,-0.0008435032161522393,0.002913578580710582,1.070453957841316e-05,0.00205937082497993
2008-07-14,-0.001047869695563892,0.00126676646278737,1.0146727596879052e-05,0.00020875003962659894
2008-07-15,0.005164983370914512,0.004780676076109635,1.9767536190565837e-05,0.009925891910833581
2008-07-16,-0.0016134645039648564,-0.0038270253745553953,6.164376520647989e-06,-0.0054466542550409
2008-07-17,-0.007763481760287046,0.007887166132322288,1.4761540909536603e-05,0.00010892283112570519
2008-07-18,-0.007321096156875593,0.0031715114842611695,1.1866856674663778e-05,-0.004161451529289087
2008-07-21,-0.002153057781003505,-0.0016532888701484526,1.4505480645045765e-05,-0.003820852131797003
2008-07-22,-0.003982859242042905,0.0032274790079125674,1.3027415066180244e-05,-0.0007684076491965176
2008-07-23,-0.009830273112808187,0.002549452195348804,1.379408400895641e-05,-0.007294615001468339
2008-07-24,0.001994863387407407,0.004409868181097523,1.1879184125257509e-05,0.006392852384379672
2008-07-25,0.003430680844408068,0.0015478968161064597,9.565356843667175e-06,0.004969012303670861
2008-07-28,0.0037247696892175677,0.0007002700224573114,1.1012930816923233e-05,0.004414026780857956
2008-07-29,-0.004766774516674088,-0.0027379553238504385,6.871032701530561e-06,-0.007511600873226057
2008-07-30,-0.002180643322778204,-0.008550631999261624,6.947631822997378e-06,-0.010738222953862824
2008-07-31,0.004948037202454859,0.0019973173228925957,8.358526466662888e-06,0.006936995998880792
2008-08-01,-0.0026048406493426077,0.003932939407494528,9.731358895070049e-06,0.0013183673992568498
2008-08-04,-0.011112599849072136,0.0122882194586782,4.931859058130865e-06,0.0011706877505479336
2008-08-05,-0.005511535752424772,-0.007121687110714266,1.0823673621736199e-05,-0.012644046536760776
2008-08-06,-0.007189799766197245,0.001963265099586606,1.1161378252274378e-05,-0.005237696044862913
2008-08-07,0.006398636007157274,-0.0013201970498793174,1.3828718516373383e-05,0.005064610238761583
2008-08-08,-0.013081738591516068,0.0010717963143857976,1.2123644903811162e-05,-0.012022065922034081
2008-08-11,-0.007681083688732128,-0.0006486753683035369,1.8628418399863094e-05,-0.008348387475435528
2008-08-12,0.0011707299684934835,0.0004704920297665014,1.079940061507821e-05,0.0016304225976449067
2008-08-13,0.008266730321588435,-0.001648471912184267,1.1865845593553087e-05,0.0066063925638106145
2008-08-14,-0.002968165038801808,-0.0029963783423760672,8.923106224274237e-06,-0.005973466487402149
2008-08-15,-0.009053718986014104,-0.00013659713879303319,1.2527151840698229e-05,-0.009202843276647835
2008-08-18,0.008834672412617338,0.00398604730494361,1.0871829064938956e-05,0.012809847888496009
2008-08-19,0.002562406277977559,0.0007828695124796185,1.3914054731964077e-05,0.0033313617357252135
2008-08-20,0.0031662349739423343,-0.0023679763403122783,1.2677030020877691e-05,0.0007855816036091783
2008-08-21,0.00721503563861984,-0.008897999051087528,1.2914155233918936e-05,-0.0016958775677016074
2008-08-22,-0.008007305458553396,0.006147699863445063,1.1654303211873428e-05,-0.001871259898320206
2008-08-25,0.001999927436298764,0.004075611943037622,1.4528158022251153e-05,0.006061011221314134
2008-08-26,-0.00217965840100149,0.0005058283659719801,1.1110246624897163e-05,-0.001684940281654407
2008-08-27,0.002332966792942939,-0.004770121546181596,1.230531798539216e-05,-0.0024494600712240493
2008-08-28,-0.002329215797740798,0.00013652947931858163,1.2412256794496953e-05,-0.002205098575216713
2008-08-29,-0.00016836009176965594,0.005764340996932453,1.134713838812485e-05,0.005584633766774672
2008-09-01,0.0,-0.00025636439543326233,9.421334580747597e-06,-0.00026578573001400995
2008-09-02,-0.005447249435056925,0.010587548348962996,1.4377122419343466e-05,0.005125921791486728
2008-09-03,-0.00041433320104841285,0.00045750612913668983,1.0619252114903958e-05,3.255367597337302e-05
2008-09-04,0.0002780813397274017,0.014389783973508655,8.767115451663474e-06,0.014659098197784394
2008-09-05,-0.0054291165139115,0.008640129123187824,1.4315543254343187e-05,0.003196697066021982
2008-09-08,-0.004849172304464601,-0.001830963939144477,1.851238383849606e-05,-0.006698648627447574
2008-09-09,0.003399548736994072,0.01132168703505182,1.0711192242669022e-05,0.014710524579803222
2008-09-10,-0.010472914405439387,-2.369670150108164e-05,1.1319015217607473e-05,-0.010507930122158076
2008-09-11,-0.0027330221687196267,-0.0069459680729499875,9.917501251084774e-06,-0.009688907742920697
2008-09-12,0.006826520531545022,-0.0015119138127945638,1.966197005042232e-05,0.005294944748700036
2008-09-15,0.026989406516268986,0.01665125583938103,3.569826859407809e-05,0.04360496408705594
2008-09-16,-0.010339015724612603,0.0061619777466699055,6.268802189355368e-05,-0.004239725999836251
2008-09-17,0.021598935514052245,0.006383250171326427,0.0001297418547310535,0.027852443830647618
2008-09-18,0.0058182941877938515,-0.008823053592265621,4.523285454791398e-05,-0.0030499922590196834
2008-09-19,-0.010292311569038265,-0.0016838026274056256,6.266766917013009e-05,-0.01203878186561402
2008-09-22,0.010231388058957864,-0.005543300221186396,5.081263887466949e-05,0.004637275198896799
2008-09-23,-0.0007946135545619766,0.008628515617517157,4.6219096288621356e-05,0.007787682966666558
2008-09-24,0.0016172902693242577,0.00225676992771941,3.016561301629485e-05,0.003843894584027373
2008-09-25,-0.004808462881433684,-0.0010009895690239984,2.5516557176052506e-05,-0.005834969007633735
2008-09-26,0.00232597164910261,0.0030426871263502437,2.0516183546505683e-05,0.005348142591906347
2008-09-29,0.003886368229551832,0.03036581586260265,1.489454556441673e-05,0.03423728954659007
2008-09-30,-0.010248783043010211,0.0042244421499074225,1.9661566697608497e-05,-0.006044002459800397
2008-10-01,0.0038733425687190975,0.006273816757788487,2.3873304506869247e-05,0.010123286022000714
2008-10-02,0.0007383944147764911,0.020388996323700927,1.696019173314246e-05,0.021110430546744274
2008-10-03,-0.0006788237400690851,-0.0025366160859011926,1.2087031021560512e-05,-0.0032275268569918383
2008-10-06,0.0033565551833825693,0.02048122484152616,1.050688971520159e-05,0.02382727313519353
2008-10-07,-0.006636142381498162,-0.00762552726223959,1.5870072409637624e-05,-0.01427753971614739
2008-10-08,-0.006452467675189681,0.0030449896936169006,1.9926256931925197e-05,-0.0034274042385047058
2008-10-09,-0.009476865842496086,0.0029345624945739616,1.6327016722968738e-05,-0.006558630364645093
2008-10-10,-0.00301617881596712,0.018823061685574065,1.5739312940092533e-05,0.015791143556666852
2008-10-13,0.01414379792487384,-0.003203531070778206,1.6289285827034617e-05,0.0109239775682686
2008-10-14,-0.007973887768970329,-0.0038717016442998456,1.7320868390173596e-05,-0.011862910281660349
2008-10-15,-0.007070368806212044,0.005080311260345336,1.43876507841561e-05,-0.0020044451966508637
2008-10-16,0.0009324172750845698,0.007192656920379839,1.4928055656688661e-05,0.00811014613980772
2008-10-17,0.0017744431176016278,0.0017366534557638905,9.745306101508509e-06,0.0035013512672640097
2008-10-20,0.0031962071326075594,0.003733064631880185,8.228301575377138e-06,0.006921043462912367
2008-10-21,0.002612118938889705,0.00674746845686224,6.976980598783426e-06,0.009352610415153163
2008-10-22,-0.00553851147123287,0.01427370417382951,5.576942893097033e-06,0.008729615759703543
2008-10-23,0.002254666783562882,0.0012257180228288354,9.131575376832892e-06,0.0034712532310148844
2008-10-24,-0.007487372719974369,0.0014155257928755174,1.1865337063608884e-05,-0.00608371226416246
2008-10-27,0.003528237546219018,-0.00010754844390330372,6.209964758355074e-06,0.0034144791375573594
2008-10-28,-0.0011199746204409262,0.00374608500670104,4.719528239458587e-06,0.0026213908580206553
2008-10-29,0.0018508910941651547,-0.01063083558946351,5.03964560927061e-06,-0.008784984140907625
2008-10-30,0.002202970621937442,0.0004964762743583721,8.807760688968659e-06,0.002690639135606845
2008-10-31,-0.00242690710674165,0.0071764748611701686,8.570663899398733e-06,0.00474099709052912
2008-11-03,0.002747110916253418,0.0004900527130731762,5.107549726051743e-06,0.003232056079600542
2008-11-04,0.012964215115107097,-0.008913758405279781,3.9709551187431314e-06,0.004046485754708572
2008-11-05,-0.006258075223082115,0.00640771770896565,5.486493825970624e-06,0.00014415599205756436
2008-11-06,-0.004364815361217172,0.007986266538275662,6.298177825312589e-06,0.003615152999233178
2008-11-07,-0.002188041307432119,-0.0022568195225220085,6.5038902211043296e-06,-0.004451364720175232
2008-11-10,0.0054591100551944155,-7.703380789821405e-06,5.3201499321605555e-06,0.0054460865244724335
2008-11-11,-0.0058856945154004605,0.004322843969311225,4.697046622192573e-06,-0.0015675475927114282
2008-11-12,0.0026026790751384277,0.01048095193498479,4.287775460519453e-06,0.013079343234662697
2008-11-13,-0.0012857612538858104,-0.0015866100176993147,7.088176380525069e-06,-0.0028794594479656503
2008-11-14,0.003931971722255092,-0.0010883265148384652,8.860128829442153e-06,0.0028347850785871848
2008-11-17,0.0002770153114834921,0.0013344013356470696,5.949222726766498e-06,0.001605467424403795
2008-11-18,0.002716248540404007,0.0002321490499752874,7.542400087491052e-06,0.002940855190291803
2008-11-19,0.0006418647392960693,0.006099193068511503,7.0605855733440765e-06,0.006733997222234229
2008-11-20,0.0013890720938848685,0.004420021350014733,6.082484975943158e-06,0.005803010958923658
2008-11-21,-0.002649377033792487,-0.009981648444197386,8.018479535488319e-06,-0.012639043957525362
2008-11-24,0.002208359179950064,-0.012260752766007438,6.3406059768752455e-06,-0.01005873419203425
2008-11-25,0.005476946205750802,-0.002662302531840228,8.633089511434364e-06,0.002806010584399139
2008-11-26,0.004063480080322096,-0.00238999899372364,1.0319669905555711e-05,0.0016631614166928998
2008-11-27,0.0,-0.0001647222148816072,6.789248689690628e-06,-0.00017151146357129784
2008-11-28,0.001110489038882234,0.00018627031563263672,7.096723062032533e-06,0.001289662631452838
2008-12-01,0.0005023563644595266,0.01358147254482487,6.168342238597692e-06,0.0140776605670458
2008-12-02,-0.0019895062583024726,-0.004945312394061403,7.3224876796908745e-06,-0.006942141140043566
2008-12-03,-0.00045870274986275,0.0004228965172245232,8.610706899136727e-06,-4.441693953736349e-05
2008-12-04,-0.003235494642601325,0.0019349384184408677,7.777050062412647e-06,-0.0013083332742228697
2008-12-05,-0.013187474225880529,0.002013542112386909,8.592190170931758e-06,-0.011182524303664551
2008-12-08,0.007466292065431246,-0.009776862764678162,8.519923907553071e-06,-0.002319090623154469
2008-12-09,-0.0002409880635662222,-0.000982115985561448,1.0905451683666447e-05,-0.0012340095008113367
2008-12-10,0.0013638523563130449,-0.006275865182771874,7.784618154415208e-06,-0.004919797444613245
2008-12-11,0.006575836263248924,-0.005845139049391048,7.84500499798705e-06,0.0007228522088598894
2008-12-12,-0.0014007069198140212,-0.00278431056466146,7.575691701181257e-06,-0.004192593176176662
2008-12-15,0.0048323480848822264,-0.004962987783764373,8.139394926745851e-06,-0.00013877909380889255
2008-12-16,0.009501830160835022,-0.012233605172748881,9.895837438557702e-06,-0.002741670849352417
2008-12-17,0.000508063962835253,-0.009997578936503706,6.861760556195437e-06,-0.009496376734224647
2008-12-18,-0.001214292942429703,0.0034166211426920317,5.361673366261059e-06,0.002196966526896068
2008-12-19,-0.004183159770788394,0.010043308334409227,6.402855536960377e-06,0.005853745708083872
2008-12-22,-0.000990312567811826,0.00028795811688276773,8.847424421507057e-06,-0.0007112018753505652
2008-12-23,-0.001312711937977866,0.003063087626107128,7.143559069897098e-06,0.0017432321290593647
2008-12-24,-0.0019084396304656255,-0.000407349007011152,6.297157929662257e-06,-0.0023220857954064397
2008-12-26,0.004826007378553936,-0.007285265704827449,8.128731045793214e-06,-0.0024673870573193066
2008-12-29,0.002958010221243724,-0.00084306344909396,6.703335315670937e-06,0.002108243436834093
2008-12-30,-0.0008113999594307381,-0.002555696017712351,7.83387929385024e-06,-0.003374929856436939
2008-12-31,-0.001318657406785143,-0.0016350250709817014,5.895905221363524e-06,-0.002959578382988208
2009-01-02,-0.0088438600741397,0.0008612295153766913,8.614310332076137e-06,-0.007991244869095086
2009-01-05,0.004651828857094122,0.007139631335891482,1.0922875584571435e-05,0.011780537317401031
2009-01-06,0.005805334661042255,-0.0007174864535412866,1.5504095687951428e-05,0.0050723441118130175
2009-01-07,-0.0010255263983159598,0.006957487537920459,5.751704562823495e-06,0.005926209435041675
2009-01-08,0.0016031842474782858,-0.006015098469158223,9.285731672815315e-06,-0.004421199953352752
2009-01-09,0.005939312122668213,0.004824394279683903,9.218624611089817e-06,0.010754487777741024
2009-01-12,-0.0016875001273609067,0.008870452433549347,7.262686991563982e-06,0.007175689619196876
2009-01-13,-0.0009973716713791748,0.0025642578065303333,9.085305060606444e-06,0.001557800830090552
2009-01-14,0.0036822390074721144,0.0055753474980572626,1.0440432420872227e-05,0.009247146073108505
2009-01-15,-0.0006391165627900982,0.00032816418843030677,8.528051088269229e-06,-0.00031948042544806065
2009-01-16,0.0006172945371674522,-0.0064911861884384605,7.622807392353889e-06,-0.0058815144586633625
2009-01-19,0.0,0.000978190149596845,9.500494328105002e-06,0.00096868965526874
2009-01-20,-0.00559344956914307,0.010372593579327419,8.446885608752436e-06,0.004770697124575596
2009-01-21,-0.010234128468012464,-0.004598894417502707,6.7495742718545945e-06,-0.014839772459787025
2009-01-22,-0.0025789432636597115,-0.0008696503468133535,1.1394310099752232e-05,-0.0034599879205728175
2009-01-23,-0.0029192162926672837,-0.006887515846036042,1.7382487985289967e-05,-0.009824114626688614
2009-01-26,0.0008760706508391878,-0.004855294905477176,7.72645786577823e-06,-0.0039869507125037664
2009-01-27,0.004735449443860937,0.0008418242760838811,1.0552019083474963e-05,0.005566721700861343
2009-01-28,-0.005394064359399705,-0.0007800312709906666,7.331352044018981e-06,-0.00618142698243439
2009-01-29,-0.00733031767947206,0.003028960465286166,5.10989110316017e-06,-0.004306467105289054
2009-01-30,6.583642093205185e-05,0.0031444294435967906,8.026873451648263e-06,0.0032022389910771943
2009-02-02,0.00363035442740791,0.0031925904988317983,8.500449881480263e-06,0.006814444476358228
2009-02-03,-0.0067386048960386725,-0.0028097741734740877,5.050314494499152e-06,-0.009553429384007259
2009-02-04,-0.0032687239744385995,0.0005826494428910185,8.018210262597996e-06,-0.002694092741810179
2009-02-05,0.004633325979133698,-0.0013709287188254505,6.496857483904109e-06,0.0032559004028243437
2009-02-06,0.0015366443299909957,-0.006888356996592779,5.180731745809279e-06,-0.0053568933983475925
2009-02-09,-0.0019925378391375563,0.001754633602019235,9.54828500092496e-06,-0.00024745252211924617
2009-02-10,0.006058986617144107,0.004670778322823554,8.06156415425155e-06,0.01072170337581341
2009-02-11,-0.0019430376499491803,-0.004389443502008772,1.1148004548415718e-05,-0.006343629156506368
2009-02-12,-1.8312693385294965e-05,-0.0006476690655485015,2.905225577493318e-05,-0.0006950340147087296
2009-02-13,-0.006339311234143868,0.005237590888249654,9.641671882960812e-06,-0.0011113620177771748
2009-02-16,0.0,0.0025413175208359408,1.062365183624323e-05,0.0025306938689996974
2009-02-17,0.003218810773647106,0.009853847624963349,1.228136814006011e-05,0.013060377030470395
2009-02-18,-0.0066756618157023245,0.004021270200097998,4.68413311131932e-06,-0.0026590757487156462
2009-02-19,-0.002228557577126775,-0.0027835308006799392,1.1464791652580689e-05,-0.005023553169459295
2009-02-20,0.004283059861301659,-0.005570363039941538,6.061672955966758e-06,-0.0012933648515958457
2009-02-23,-0.0004757612452300286,0.010211233408515114,6.495839718393833e-06,0.009728976323566691
2009-02-24,-0.0011534367370237138,-0.0018609508058254958,5.427880802631641e-06,-0.003019815423651841
2009-02-25,-0.007009938434196911,0.0036465465976781852,7.109676030664241e-06,-0.0033705015125493902
2009-02-26,0.0005234418237781816,0.0042449414042340745,8.398321156610185e-06,0.004759984906855645
2009-02-27,0.0008755692050744702,0.004896843665315179,5.502196239207273e-06,0.005766910674150442
2009-03-02,-0.00017613160442020827,0.012169835669010878,5.601487405011209e-06,0.011988102577185659
2009-03-03,-0.0020160584920541394,0.006268994625093665,8.224149599048848e-06,0.0042447119834404775
2009-03-04,0.0014157380824259326,-0.006175902410347161,1.6506306853698895e-05,-0.004776670634774928
2009-03-05,0.0038614125743480546,0.00295386653695706,8.297306457194708e-06,0.00680698180484792
2009-03-06,0.0007776978549664902,-0.0052999476411405445,9.290299542434972e-06,-0.004531540085716489
2009-03-09,-0.006330555193125061,0.010414840870892946,7.368676867506474e-06,0.004076917000900379
2009-03-10,-0.0017250965268844883,-0.007314242755511526,7.98378689784341e-06,-0.009047323069293858
2009-03-11,-0.001427863928184545,-0.006934718097860622,7.590925347482518e-06,-0.008370172951392649
2009-03-12,0.007332694453445276,-0.010618566442266338,9.840428199778102e-06,-0.00329571241702084
2009-03-13,0.002248959029821514,-0.002474210308055276,2.2103914261446838e-05,-0.00024735519249520846
2009-03-16,0.0033217427641462974,7.850827399451168e-05,1.9678690251773745e-05,0.0033805723478890354
2009-03-17,-0.0025860890415602186,-0.0050609947911046255,1.6152983305646306e-05,-0.00766323681597049
2009-03-18,0.0201715095002324,-0.009715338023038832,1.526363163965126e-05,0.010440907845553918
2009-03-19,0.006732089061159546,-0.016452038835015285,3.153230253255173e-05,-0.00975148207638829
2009-03-20,-0.0013792662574295777,0.006522379709944466,8.034090166972596e-05,0.005062772550845162
2009-03-23,0.0012650768244127071,-0.009455834310381165,2.5344414197786333e-05,-0.008216101900166244
2009-03-24,0.0010227299298824967,0.00822305398503065,2.6963125651267676e-05,0.00921882078926188
2009-03-25,-0.009014004630788237,-0.0006216402557440365,3.306335254903329e-05,-0.009668708239081307
2009-03-26,0.000941974995493832,-0.003427965336771302,3.102443025878635e-05,-0.0025170147715362565
2009-03-27,-0.005709915681602557,0.005596854287202052,1.9436679615280632e-05,-0.0001324980740157853
2009-03-30,-0.0031202286360088897,0.0037932194059573003,2.750698391451613e-05,0.0006454837860338945
2009-03-31,0.013869336724622969,-0.002015591023440532,2.546528046431419e-05,0.011828280420718124
2009-04-01,-0.0009300179472192082,-0.0037295098372994084,2.3625664248435873e-05,-0.004683153448767053
2009-04-02,0.008960532477895553,0.002747026482960859,2.0490363828436425e-05,0.011687068597027976
2009-04-03,0.0027981185677239274,0.008417361978858,1.3791675695234706e-05,0.011201688870886692
2009-04-06,-0.0030470267558855646,0.006580844453644567,8.56280740991961e-06,0.003525254890349083
2009-04-07,-0.0031424072255649893,-0.0008666590818994899,7.96824839020409e-06,-0.0040170345558546835
2009-04-08,-0.0006534019210230348,-0.004102120691909561,1.6117724657583975e-05,-0.0047716403375901795
2009-04-09,-0.002474878035426982,0.002696494491973263,1.682750451129287e-05,0.00020478895203498838
2009-04-13,0.005279298348097863,-0.009137442545298366,1.9431901738814685e-05,-0.003877576098939318
2009-04-14,0.0044005923413056505,-0.0019082990949973214,1.557874122937159e-05,0.0024767145050789575
2009-04-15,-0.001958893992348129,-1.4778695875942603e-06,7.446980057006087e-06,-0.0019678188419927295
2009-04-16,-0.00016856997806052225,0.005275024621277478,1.2997476925964366e-05,0.0050934571662909905
2009-04-17,-0.0060170739547644545,0.009931197875767777,1.3794062236353055e-05,0.0039003298587669696
2009-04-20,-0.00990420338240642,-0.006629905606788881,6.5363012573716605e-06,-0.016540645290452672
2009-04-21,0.004876775677120334,0.004707189264643421,4.48915735014003e-06,0.009579475784413614
2009-04-22,-0.002961663417236801,0.0016152635600436712,7.262072393553218e-06,-0.001353661929586683
2009-04-23,0.006600454804794945,-0.005747471091992617,9.955781607291156e-06,0.0008430279311950363
2009-04-24,0.0009020558575647961,-0.0007488898143208111,8.323048106009984e-06,0.00014484299513797507
2009-04-27,-0.005269054150408027,-0.0033459587920106897,8.274264943628755e-06,-0.008623287207362345
2009-04-28,-0.000828096287690798,0.006780150210537248,1.1955626287106772e-05,0.0059400982965593435
2009-04-29,0.009417919678335275,0.0011526572064370292,1.359867126283372e-05,0.01055697821350947
2009-04-30,0.0027240558650432475,0.0025496414400687914,5.29646783456555e-06,0.005268400837277473
2009-05-01,0.008330983704761808,0.0016768793189403288,7.711072205457587e-06,0.010000151951496679
2009-05-04,-0.0013876582819174082,-0.0055721895073749805,5.9512920374130555e-06,-0.006965799081329801
2009-05-05,0.0009566297611537846,0.0006816415657283227,7.6672721782185e-06,0.0016306040547038887
2009-05-06,0.004360168622839762,-0.0036693297049166353,7.287921319320765e-06,0.0006835509966038057
2009-05-07,-0.003215318063307742,0.008377944034933343,6.989759679175286e-06,0.005155636211946426
2009-05-08,0.007943713490123934,-0.003234571759944231,4.761458621709513e-06,0.004704380271557993
2009-05-11,0.00017568567488396856,-0.008727255885756353,6.891015900562265e-06,-0.008558461226772947
2009-05-12,0.003227135890849939,-0.0037026566680919914,7.0669512639607736e-06,-0.0004825877285060133
2009-05-13,-0.003585410107063219,-0.004278285186284748,1.5204566723804789e-05,-0.007878899860071772
2009-05-14,0.003222577356568347,-0.0011219799195228463,6.486625200867934e-06,0.0020941108118446325
2009-05-15,-0.005874363034869053,0.00204217381018296,3.6798062234444036e-06,-0.0038358690309095366
2009-05-18,0.0059731468406067426,0.007900062567171882,2.6056857132863865e-06,0.013870603722065339
2009-05-19,0.004935406630920998,-0.0013418672007525167,4.739964410922118e-06,0.00358879946575756
2009-05-20,0.007566463568867241,-0.008652311113897602,7.306635325216484e-06,-0.0010931541803555777
2009-05-21,-0.0006751644639654877,0.0067791935401713506,3.7411659482079267e-06,0.006100287910257655
2009-05-22,0.00419339455281525,0.003585039052856535,4.411311573392274e-06,0.0077740222940983926
2009-05-25,0.00024214834752127608,-0.00014065754402932238,8.871991233077227e-06,9.261881225887646e-05
2009-05-26,0.0023113136655133746,0.004145654813227156,4.197159101845907e-06,0.006452771319638684
2009-05-27,0.0028554600417923424,0.01069252226934133,3.9054614909675945e-06,0.013544076849642706
2009-05-28,0.0002673478591787762,-0.0012697367163656559,4.085549105724552e-06,-0.001006474406292604
2009-05-29,0.007740309783247429,-0.016036566138175463,9.89820748843979e-06,-0.008306154562416472
2009-06-01,0.01236665018939428,0.014076573103428115,8.634290566025551e-06,0.026434589002256367
2009-06-02,0.002384350653744395,-0.004942806341484724,1.5294640162701948e-05,-0.002573750327903031
2009-06-03,-0.01697180587677355,0.0006718312038197368,1.7209132564383994e-05,-0.016317183805518196
2009-06-04,0.0071427532341523225,0.005744611786845789,8.14701349182906e-06,0.012879218007506282
2009-06-05,-0.013488646238915433,0.02780949524371528,2.379226371110206e-05,0.014297056741088747
2009-06-08,-0.005817148973002428,0.0073283178505530325,4.466369007126339e-05,0.001466505187479341
2009-06-09,0.011073638068948639,-0.007066826851549482,0.00013832264716065077,0.003868488570238506
2009-06-10,-0.0029513906482126723,0.00490718465482351,2.1562073934385172e-05,0.0019342319326764524
2009-06-11,0.006887465467455301,-0.00844331826756093,1.7289268127661976e-05,-0.0015731420682332912
2009-06-12,-0.006154244113064155,0.0026753036873711036,1.7814271906282144e-05,-0.0034967546975993337
2009-06-15,-0.010271842267875352,0.0029451273412780324,1.5960551405597238e-05,-0.007342675478002917
2009-06-16,0.001509919710804168,-0.003107852978583023,1.4424458116835055e-05,-0.0016123577258956902
2009-06-17,0.0031063616804532816,-0.0047239888944857426,1.2939342587917957e-05,-0.0016305665566203789
2009-06-18,-0.004310409309426243,0.012183988179212775,1.1881207258669537e-05,0.007861697662527862
2009-06-19,-0.001654374965937549,-0.004908298289336395,1.173536233997976e-05,-0.006574408617613924
2009-06-22,-0.007075645330194418,0.0016759216271673748,1.33855568331256e-05,-0.005413109259860169
2009-06-23,0.005560718452904569,-0.0059760750600710445,1.0680720829714575e-05,-0.0004260373279961901
2009-06-24,-0.002218394916976181,-0.0005476359084726815,8.520126163888417e-06,-0.002774550951612751
2009-06-25,0.00010941109555450719,-0.012227316688555563,1.0525952734722802e-05,-0.01212843154573578
2009-06-26,0.002177801701922057,-0.0036877161636084035,1.0371597444938515e-05,-0.001520286059131285
2009-06-29,-0.00022214675724716273,-0.0007691330975565863,8.841658926533143e-06,-0.0010001215137302821
2009-06-30,-0.008624292111915937,0.006176205493401074,1.0181561312854164e-05,-0.002458268179827717
2009-07-01,0.0040068556766998465,-0.005617588309548808,1.2145855071418966e-05,-0.0016228784879203807
2009-07-02,-0.002830244753207076,0.001374370367745184,1.1426910655545904e-05,-0.001467301296117438
2009-07-03,0.0,8.340635655698884e-05,1.0061827880669689e-05,7.334452867631915e-05
2009-07-06,-0.006352147420828023,0.0013978363235390154,6.1371540259872235e-06,-0.004960448251314995
2009-07-07,-0.012915209128868937,-0.001179089891730967,3.0310504900479347e-06,-0.014097330071089952
2009-07-08,-0.001088021314557877,-0.006049733326356438,1.175469281708737e-05,-0.007149509333731403
2009-07-09,0.007535153177311125,0.0042646414261266405,1.3026549208001536e-05,0.011786768054229764
2009-07-10,-0.0023209520548460143,-0.005695268180605535,1.4787054181106129e-05,-0.008031007289632654
2009-07-13,0.0022812660271765376,-0.0022861300321859145,1.343783691430821e-05,-1.830184192368506e-05
2009-07-14,0.0002728768446325059,0.004587202921341222,8.331057780262995e-06,0.004851748708193466
2009-07-15,-0.0009031112843289633,-3.864992549160569e-05,1.042818128988155e-05,-0.0009521893911104507
2009-07-16,-0.0009817882884508395,-0.004010771351176756,6.935533150391991e-06,-0.004999495172777988
2009-07-17,0.002874962785980927,0.0038384284788032874,1.331936502677027e-05,0.006700071899757444
2009-07-20,0.004412130620122482,-0.00990640992063119,8.755520774313623e-06,-0.005503034821283022
2009-07-21,-0.0038068008983673787,-0.006546436568187946,6.80566881556576e-06,-0.01036004313537089
2009-07-22,-0.0013986454889898328,0.002685786218749861,6.437922894221191e-06,0.0012807028068658071
2009-07-23,0.003949331014020249,0.008078441954023203,6.473335690478567e-06,0.012021299632352973
2009-07-24,-0.004061963372362596,-0.003647036560339092,6.269152062950248e-06,-0.007715269084764638
2009-07-27,0.0012527671484564113,0.0019783279192428704,1.3984931897625467e-05,0.0032171101358016564
2009-07-28,-0.0023019173184448526,0.003950632657440669,5.374032610636448e-06,0.0016433413063851796
2009-07-29,-0.006109933623397502,0.006313565412926535,6.046561180288142e-06,0.00019758522834874528
2009-07-30,0.009246512587200731,-0.004774549871019449,6.166292984343619e-06,0.004465796423196939
2009-07-31,0.01009855050415838,-0.016610934809487842,7.463411495513043e-06,-0.006519847716824976
2009-08-03,0.009137741823630745,0.004239613910552745,7.2751071518003185e-06,0.013370080627031688
2009-08-04,-0.0009238144796389117,-0.0014091648508345318,1.0861952977778335e-05,-0.002343841283451222
2009-08-05,-0.0003521832089879881,0.004992935073287385,8.544313375448883e-06,0.004632207550923948
2009-08-06,-0.008364435902094389,0.0015543803994629457,6.605455452263679e-06,-0.0068166609580837065
2009-08-07,-0.007675830474297244,0.009795034691197815,7.165354477496203e-06,0.0021120388624230753
2009-08-10,-0.001360880135715789,-0.0025269930116204177,9.130717769001147e-06,-0.003897003865105208
2009-08-11,0.0022117011680782357,-0.0030766659014255676,1.1893240281094325e-05,-0.0008768579736284261
2009-08-12,0.0052590485545559,-0.003923491937276922,7.024780975655401e-06,0.0013285318363033224
2009-08-13,0.0004228937752053679,-0.010459632420150576,5.5765188003739095e-06,-0.010042315163745583
2009-08-14,-0.004730952710386147,0.001855910589286454,7.171348008285043e-06,-0.002882213469107978
2009-08-17,-0.005179783550965903,0.004498345779790689,6.9363807479778715e-06,-0.0006883741519231919
2009-08-18,0.003767570895829603,-0.0012188271635346015,5.068299290360378e-06,0.0025436754330046413
2009-08-19,0.0029899491320444565,-0.007666022970884919,9.875749566609182e-06,-0.004685949588407071
2009-08-20,-0.0012673483458699535,-0.001560865956789887,5.239847935259435e-06,-0.0028334541505951
2009-08-21,-0.0012668762484276007,0.0017746450580532422,2.198011222155574e-06,0.0005055707984034859
2009-08-24,0.005982989400613682,-0.00014014087086522777,1.5745771867922034e-06,0.0058412739525616625
2009-08-25,-0.004087985544581823,-0.0040007384073450355,7.959347035186066e-06,-0.008096683298962045
2009-08-26,-0.00030437449054977186,-0.00023107761645390945,5.869035255847053e-06,-0.0005413211422595285
2009-08-27,0.0016917001543602427,-0.001949787474111496,4.184322328578364e-06,-0.00026227164207983175
2009-08-28,0.0015332776214401933,-0.003197516448772952,4.201015630613897e-06,-0.0016684398429633726
2009-08-31,-0.0011604412810403684,-0.00242249390146557,4.815744102962292e-06,-0.003587750926608901
2009-09-01,-0.00392819435017594,0.0007430810728588217,5.096152893396459e-06,-0.003190209430210514
2009-09-02,0.0021736836087196554,-0.011240739365366278,5.056949631239376e-06,-0.009072112706277863
2009-09-03,-0.002104027489895438,-0.0030127550562483625,6.6882967638843975e-06,-0.005123470842907685
2009-09-04,-0.0037859926115744232,0.003767039471047307,1.0395054348057524e-05,-2.9348194875173884e-05
2009-09-07,0.0,-0.0008496447426929747,5.6959540222705665e-06,-0.0008553406967152453
2009-09-08,0.0026896416243104996,-0.003814567821887679,1.1033011743847083e-05,-0.0011359592093210266
2009-09-09,0.0003309797719243371,-0.0006311691283260004,4.4584560914917634e-06,-0.0003046478124931551
2009-09-10,0.004285841542356391,-0.00946847617060264,8.601313483727656e-06,-0.005191235941729976
2009-09-11,-0.00025746213181845266,-0.0035067265821291382,4.841568612447261e-06,-0.0037690302825600383
2009-09-14,-0.0027449450438353784,0.0036095053962976386,3.334775711122078e-05,0.0008312125953510394
2009-09-15,0.006394114746583178,0.00011971282153565516,3.278472321738333e-05,0.006481042844901449
2009-09-16,-0.0037680279372604535,-0.00495008987835154,3.095085817379867e-05,-0.008749068673785793
2009-09-17,-0.0003458883744481518,-0.001506790767098128,3.283448707428679e-05,-0.0018855136286205665
2009-09-18,-0.0055959471025803465,0.005526195294186701,2.9875543682488296e-05,-9.962735207613356e-05
2009-09-21,-0.0018616203347489235,0.0025800250332550624,2.097219013346862e-05,0.0006974325083726703
2009-09-22,0.004197521047021947,-0.0072867120201989,1.7870276442040364e-05,-0.003107061249618993
2009-09-23,0.003431426043234572,-0.0010716167373923864,1.9137947862499837e-05,0.002340671357979686
2009-09-24,-0.0006284685277800037,0.007270977479352221,1.8282836233716508e-05,0.0066242261153385005
2009-09-25,-0.003281180569071474,-0.00024499909777334484,1.9725482666399516e-05,-0.0035459051495112183
2009-09-28,0.0009395763911005386,-0.0016978271806672145,2.1303130875063793e-05,-0.0007795539204417397
2009-09-29,-0.0008019224168370055,0.0001184182583438633,2.0025082828818425e-05,-0.0007035292413219606
2009-09-30,0.003989339403196762,-0.005290711420864852,1.1576102250599993e-05,-0.0013129481199186895
2009-10-01,0.004228614010379043,0.0017488561869039897,1.0509730766624117e-05,0.005966960466516408
2009-10-02,-0.001935874523096604,0.001880843764530062,1.1715925242698777e-05,-6.674668380924079e-05
2009-10-05,0.000974955676087052,-0.00437904511929177,1.0735373773722027e-05,-0.0034148248169784397
2009-10-06,0.0011895299870404712,-0.006153259459264694,8.202791416422292e-06,-0.004971932263640646
2009-10-07,0.004595991563351802,-0.003287411542874074,8.12836594194212e-06,0.0013004516545357856
2009-10-08,-0.000651248881145382,-0.0030379007947383694,7.881431780887404e-06,-0.003697031107664639
2009-10-09,-0.007238681503422157,0.009199044413760767,6.236656299639944e-06,0.0019541262540389705
2009-10-12,0.002087264453163483,-0.0041354627352045694,7.0863133172085016e-06,-0.002055284595358295
2009-10-13,0.005845701597558005,-0.005337890303350771,1.0143113884048236e-05,0.0004976681803231854
2009-10-14,-0.0017870770037280398,0.0005483397412284386,6.100038304906147e-06,-0.0012448373008045073
2009-10-15,-0.0010211983902749327,0.0028189197014542623,1.2361438988291633e-05,0.001785359872191038
2009-10-16,-7.782265544229908e-05,-0.0010045631874436552,6.660709033530516e-06,-0.001089046551919485
2009-10-19,0.002457239919886698,-0.006748156870565342,9.015778253180141e-06,-0.004299932728931824
2009-10-20,0.0032501423726643353,-0.001084257825406503,3.4186416129293027e-06,0.002162465905644903
2009-10-21,-0.0023482838026829857,-0.00369674828680742,4.786133218658608e-06,-0.006049818222709064
2009-10-22,0.0015700051805061387,0.0009356851559636174,8.805759706471903e-06,0.0024968845767632843
2009-10-23,-0.004383186718842093,0.0041547400792098805,6.676848356222875e-06,-0.00023512348798843572
2009-10-26,-0.006769672114807667,0.009359432383833056,4.391093365985644e-06,0.002585369175659404
2009-10-27,0.005300521688486202,-0.0016909108756543107,6.359366943377157e-06,0.003603251445888514
2009-10-28,0.001335174436927219,0.0008989184085932255,1.480274086737795e-05,0.0022192901046530667
2009-10-29,-6.827189991631655e-05,-0.00478351159276372,1.383431461216145e-05,-0.004865617807292198
2009-10-30,0.002892430083326366,0.0010224139220950624,5.085646543651977e-06,0.003909758358877776
2009-11-02,0.0003919682575216617,-0.003260842271020895,5.610920371402538e-06,-0.002874484933870636
2009-11-03,-0.00011996641044735449,-0.0028765588423174913,7.6218541051344865e-06,-0.0030041471068699803
2009-11-04,0.0007799814128521996,-0.002207354313194387,6.210465211593045e-06,-0.0014335833655537804
2009-11-05,0.0029544884177677318,0.0009043018743536205,9.716703205271167e-06,0.003849073588916081
2009-11-06,0.0021693578787971967,-0.001008783165936192,1.025441942691049e-05,0.0011503202934340943
2009-11-09,0.005078848525108248,-0.006699797563892234,3.54509799715515e-06,-0.0016244941367811406
2009-11-10,0.0007042082048453975,-0.0006801682136859514,3.758475989297651e-06,2.028151517014843e-05
2009-11-11,0.0015528590030080022,-0.002887525528596149,5.97534976301634e-06,-0.001340641875351163
2009-11-12,8.906444857827237e-05,0.0035186230780313316,2.5233081192787166e-06,0.0036051642184903253
2009-11-13,0.0018134018035444329,-0.0032697692670312093,5.528310436021563e-06,-0.001461895773922798
2009-11-16,0.007566791769294069,-0.012842408593543367,3.129123020782885e-06,-0.005278745947270081
2009-11-17,0.0011195163110480648,0.0009091030042401488,4.329458653670502e-06,0.002024289856634543
2009-11-18,-0.0013324373135055962,0.0015125432211724743,8.897794046824683e-06,0.00017120811362005345
2009-11-19,-0.0003297231459734179,-4.175468914010194e-05,4.779561661499974e-06,-0.0003762573967750198
2009-11-20,-0.001954907065189606,0.0009224352800900527,5.471895458793728e-06,-0.0010379436805583468
2009-11-23,0.0020900873295139834,-0.003833837591858429,3.442217589730188e-06,-0.001747192479934176
2009-11-24,0.0027530182347768983,2.4951814093759038e-05,7.254241990684329e-06,0.002770715806879973
2009-11-25,0.003176628121292985,-0.009136837578424194,6.252856539673273e-06,-0.005966462313670882
2009-11-26,-0.0024604624195620948,0.0,7.012157503999778e-06,-0.0024674745770660944
2009-11-27,0.003154230125131775,0.0017974391725869114,1.0470051837084402e-05,0.004941199245881602
2009-11-30,0.0029274850253630615,-0.003796944086358358,5.6355087185298176e-06,-0.0008750945697138262
2009-12-01,0.0010379108254000605,-0.0018769578189385754,1.0863637082651225e-05,-0.0008499106306211661
2009-12-02,-0.004306302484324533,0.002217121604850671,1.630715014828784e-05,-0.00210548802962215
2009-12-03,-0.0024314834622104807,0.0024047517194361297,9.5161230991109e-06,-3.624786587346193e-05
2009-12-04,-0.009145882928446113,0.014951362513084002,1.7558755912497842e-05,0.0057879208287253915
2009-12-07,0.004433495222144592,0.00020634173883100296,1.3645776984556817e-05,0.004626191183991038
2009-12-08,-3.0400000935824857e-05,0.00278691568513288,5.017114269994105e-05,0.002706344541497114
2009-12-09,-0.0001767569166737004,0.003702677771362524,2.2969235185141534e-05,0.0035029516195036817
2009-12-10,-0.0009588368153484472,0.0004959535158755544,1.4283792199069145e-05,-0.00047716709167196187
2009-12-11,-0.0030180638287371324,0.0008472809975562129,8.496838592760626e-06,-0.00217927966977368
2009-12-14,0.0003070454647859638,-0.0015723286232092013,1.3490643606219348e-05,-0.001278773802029457
2009-12-15,-0.004368370238096618,0.005693043955321589,1.5198299822212966e-05,0.0013094754174027585
2009-12-16,0.0030161067197696425,-0.005206403178315923,1.3545556392123238e-05,-0.0022038420149384035
2009-12-17,-0.002732763172257241,0.0077680365838833755,1.3071865113530418e-05,0.005022201546512604
2009-12-18,0.00018898707276283292,0.0004421535372226943,1.098222585619005e-05,0.0006201583841293372
2009-12-21,-0.003950229785708244,0.00639042737569661,1.609853273166958e-05,0.0024240990572566967
2009-12-22,-0.0014307446021416836,0.0037540722514779307,7.421450260067094e-06,0.00231590619907618
2009-12-23,0.0018265640962385654,-0.004997421099240287,1.4653474313766242e-05,-0.003185510477315488
2009-12-24,0.0005360549526961289,-0.002202677965742157,5.598521585955846e-06,-0.0016722215346319839
2009-12-28,0.0012659990440143198,-0.0053553883983153,6.963319692681747e-06,-0.004096352673993661
2009-12-29,-0.0019099992036929899,0.0025168676412179493,1.1120199261970746e-05,0.0005957482382629887
2009-12-30,0.0009259389551605269,-0.0029909365402566194,1.3158111463623103e-05,-0.0020781556965597157
2009-12-31,-0.004238683593928186,0.002863247526744838,7.2398061908331386e-06,-0.0013826758733741812
2010-01-04,0.009140202324541286,-0.006914555825085383,1.1298358491054568e-05,0.002214348140964849
2010-01-05,0.0008034062346865454,-0.0027880781076265386,1.0734818632623525e-05,-0.001995406691572617
2010-01-06,0.0035789150909623767,-0.004262626608401885,1.5098321941740567e-05,-0.0006988098393812485
2010-01-07,-0.003692765504225959,0.007481571389603361,1.5418325016203977e-05,0.003773387560361198
2010-01-08,0.005568480549688967,-0.004888358235702051,2.4905550154881984e-05,0.0006552167638320335
2010-01-11,0.0022006757242176767,-0.0015366906392585062,1.0587477565671603e-05,0.0006533976073934989
2010-01-12,-0.0033912485001129098,0.011778637280696282,1.608122033612809e-05,0.008371307560247242
2010-01-13,0.0015484207249290773,-0.0010176158126509267,1.0619080052839575e-05,0.000520185832225311
2010-01-14,0.0028492031943920058,-0.0011060562910995796,2.2034024714854918e-05,0.0017211128785775713
2010-01-15,-0.00503052461109815,0.00331093317492692,7.116065695703379e-06,-0.0017267075018669335
2010-01-18,0.0015373849184225183,-0.0003518474909889312,6.162784995951886e-06,0.0011793746424376354
2010-01-19,0.002318194152326402,-0.0009195932082799264,1.0730927086098913e-05,0.0013878700169603765
2010-01-20,-0.0062721900423536895,0.003555124624758282,9.59002795558061e-06,-0.002726655445550988
2010-01-21,-0.004261919209868991,-0.0010598634819500375,8.38373394168302e-06,-0.005330166425760712
2010-01-22,-0.005970940704590982,0.0016314528345103413,8.483263926111594e-06,-0.004347971134006753
2010-01-25,0.0008270958684540082,0.00027928762311571975,7.509763697263814e-06,0.0010988737278724641
2010-01-26,-0.0009051188293138293,0.001878475855144819,1.0591888694401544e-05,0.0009627651371365882
2010-01-27,-0.0014664408284207025,0.007108687925159786,8.899971538096448e-06,0.005633347125200987
2010-01-28,-0.003756722546985943,0.002427561950587663,7.546207463849505e-06,-0.0013367068038621299
2010-01-29,-0.004812869374173485,0.002126211089646492,8.16756919993928e-06,-0.002694825853726932
2010-02-01,0.0029599693095700244,-0.0005905972488195842,8.795582212485288e-06,0.0023605764785379546
2010-02-02,0.005399130373577622,-0.0070690228896418805,7.400696455788757e-06,-0.001677293212520047
2010-02-03,-0.00303777429981155,0.01225084443679347,8.196402297030924e-06,0.009204873734684888
2010-02-04,-0.006224031811069775,0.0005796704793455084,7.728295391466617e-06,-0.005652089627115733
2010-02-05,-0.0009874206406507284,-0.0008524885827252025,1.0315500522596878e-05,-0.0018502247238985276
2010-02-08,-0.0003935275457138084,-0.0018025280119795986,1.9501596607172684e-05,-0.0022155571543005796
2010-02-09,0.0022746419275431543,-0.0007575709559617902,7.555088163340223e-06,0.001509515883418024
2010-02-10,-0.002963601912381477,0.0015420214939158407,8.348130413153555e-06,-0.0014299285488787899
2010-02-11,0.005073521712843763,-0.0037779514665633586,9.530396669673059e-06,0.0012860398496107317
2010-02-12,0.00012050298405118722,-9.039222830135819e-06,1.7527292347511095e-05,9.393646887354031e-05
2010-02-15,-0.0005859040469767289,0.0001741455142561217,8.819856351883503e-06,-0.0004205783890724907
2010-02-16,0.008161838863477815,-0.01143083295129595,8.410182598289473e-06,-0.0032774042704164248
2010-02-17,-0.0037511377378585823,0.00933239023796915,7.187506260072922e-06,0.005574064993850496
2010-02-18,5.417240087052602e-05,0.0041933839754529365,1.4476831241362579e-05,0.0042330795450821
2010-02-19,-0.0026868800771375012,-0.0016655953307139844,1.3233534528949024e-05,-0.004365708942380435
2010-02-22,0.002555395142569284,-0.0031176860265493935,1.3038716970186111e-05,-0.0005753296009502957
2010-02-23,-0.0012457385682082271,-0.005208822009496506,2.0923683558534543e-05,-0.006475484261263267
2010-02-24,0.001792560402985141,-0.0007143726671225103,1.2251726159230957e-05,0.0010659360097034
2010-02-25,0.0017234808368586673,-0.001991631724634729,1.5729679627683763e-05,-0.0002838805674037456
2010-02-26,0.0043757666388823425,-0.009204112997936546,1.0766238176844517e-05,-0.004839112597231048
2010-03-01,0.00021730725171827787,0.0022412219443479695,1.0116489937060917e-05,0.0024484127061291864
2010-03-02,0.0034035664966231877,-0.001124668432725951,1.2697711008064037e-05,0.0022662003528891726
2010-03-03,0.0028119976334613278,-0.0035897320897891856,9.214017831538033e-06,-0.0007869484741593959
2010-03-04,-0.004640414723863346,0.004374433692574916,7.378717241341605e-06,-0.00027335974852977114
2010-03-05,0.0007196317240829528,0.005944584360414049,9.166611812521848e-06,0.006655049472684479
2010-03-08,0.0002908874474943195,0.0006113321630135059,1.2329912432246337e-05,0.000889889698075579
2010-03-09,0.0009620758332642427,0.0012114282982529075,1.1808154459734016e-05,0.0021616959770574162
2010-03-10,-0.00033300807364207235,0.0021323839073076317,8.361773662047453e-06,0.0017910140600035118
2010-03-11,-0.000921622253980479,0.002772625586274281,2.0387166657176652e-05,0.0018306161656366255
2010-03-12,-0.0005833981087532102,-0.0008547945742706655,1.7903639071948316e-05,-0.001456096322095824
2010-03-15,-0.001555616896833122,0.0014393631067281618,3.831467275280992e-05,-0.00015456846285777007
2010-03-16,0.00680725769221262,-0.010883102328504644,3.025726001362812e-05,-0.004106101896305652
2010-03-17,0.002305264187909355,-0.0049918237679064,3.138889603799793e-05,-0.002717948476035043
2010-03-18,-0.0014919004745943668,0.005118592902896872,2.7123676307499764e-05,0.0035995687519950054
2010-03-19,-0.005748588719118758,0.004261863256911356,3.0160514079670054e-05,-0.0015168859762870722
2010-03-22,0.002943336780029071,-0.0036753396184425694,2.6665098278786056e-05,-0.0007586679366922847
2010-03-23,0.001667665292131143,0.0030492221972585358,2.6734013799667482e-05,0.004690153475590012
2010-03-24,-0.009030953113768874,0.01740651186412917,2.6029508023895315e-05,0.0083495292423364
2010-03-25,-0.001810536527859486,0.007312749495954276,3.084252704660004e-05,0.005471370441048191
2010-03-26,0.004261825147412791,-0.005716891571694055,5.55777021943122e-05,-0.0015106441264755765
2010-03-29,0.0031547130992492043,-0.007781320124288338,2.2282605476928097e-05,-0.004648889630516062
2010-03-30,-0.001123021699920645,-0.0028542945686626173,2.203348714751532e-05,-0.003999349755730778
2010-03-31,3.182358457922145e-05,0.00027092426804120563,1.6712358608540566e-05,0.00028603549401188654
2010-04-01,0.0016972897010480391,-0.00351524730486095,1.4993591152776743e-05,-0.0018329511949656875
2010-04-02,-0.0018160208171740441,0.006068425836024093,1.4897457894050503e-05,0.004237507560955998
2010-04-05,0.0017612322282533387,-0.0010092123778559265,1.3014323684039993e-05,0.0007390055267133723
2010-04-06,0.0025661086728647363,-0.0011668609239108372,2.0851155958396097e-05,0.001378396592995503
2010-04-07,0.004373294267509468,-0.006615484755029274,4.411205427257155e-05,-0.002286302541792377
2010-04-08,0.0008590130568925908,0.0038475865824735642,2.4923053773948146e-05,0.004681676585592207
2010-04-09,0.004805866026110999,-0.0028660754340877085,2.220737829146962e-05,0.0019175832137318214
2010-04-12,0.0014208463448926764,-0.002924499200748226,1.7274102666146002e-05,-0.0015209269585216955
2010-04-13,0.0002313624440925533,-0.005345471546872348,1.5825503810366532e-05,-0.005129934606590161
2010-04-14,0.007451189069113408,-0.001638821974438306,1.4080324014438802e-05,0.005798286770660663
2010-04-15,0.003342425428139338,-0.002114767293760665,1.0817818746983587e-05,0.0012168403156316895
2010-04-16,-0.006478862074159873,0.0015629269265157143,1.2163062889154295e-05,-0.004928098210533313
2010-04-19,-0.0023373258235486654,0.009708178814995878,9.14369176614098e-06,0.007361709299681072
2010-04-20,0.0028952395038286116,-0.004589323832942965,1.6961441978857788e-05,-0.001711045771093211
2010-04-21,0.0021174445683314583,-0.005026783297452651,1.142304547368628e-05,-0.002920761774594879
2010-04-22,-0.0006783931846089333,0.004785346738036882,7.642388963510825e-06,0.004099311164464437
2010-04-23,0.0023328110297340327,0.00192225132834177,8.22465214169582e-06,0.004246837705934107
2010-04-26,-0.0009574100656542195,-0.0006469912049730523,7.798711104191972e-06,-0.0016121999817314638
2010-04-27,-0.004340913170246924,0.007714482484369069,6.8528636636832744e-06,0.0033667164504584614
2010-04-28,0.0013292672553985138,0.005202314890634862,8.700363401677782e-06,0.006522881782631698
2010-04-29,0.008174761342852145,-0.0070607633114348825,2.0910571469905964e-05,0.0010930874599473566
2010-04-30,-0.002847059821203556,-0.005287349163508936,1.2005693559571971e-05,-0.008146414678272063
2010-05-03,0.002991995431311219,0.00711404990756694,8.99495330845281e-06,0.010097050385569706
2010-05-04,-0.00878263985404566,0.005033929921836133,1.5361413578669688e-05,-0.0037640713457881975
2010-05-05,0.002323035677041026,0.0017579676224108456,1.4937941257718374e-05,0.004066065358194153
2010-05-06,-0.0005254224962746518,0.0012020380494951544,2.2215676823853165e-05,0.0006543998763966494
2010-05-07,-0.003862721287030148,0.0012587800659816118,2.584042275382853e-05,-0.0026297816438023646
2010-05-10,0.008206670012084395,0.0011485643455229153,4.119253476479402e-05,0.009314041822842517
2010-05-11,0.0037391469935016113,-0.0008745015790603939,2.2005013867368473e-05,0.002842640400573849
2010-05-12,0.006494816321907151,0.005383889394760109,2.3649186516032908e-05,0.011855056530151228
2010-05-13,-0.004963506547205062,0.0027601365813760955,1.6233483642497835e-05,-0.002219603449471464
2010-05-14,-0.0034171112040379285,0.001634995213480945,1.9099140490746865e-05,-0.0018012151310477305
2010-05-17,-0.0031008755425230385,0.012463685948011543,2.0024425699112086e-05,0.009342785979789393
2010-05-18,-0.0015956063874002372,-0.004839010145263604,1.8508589878279414e-05,-0.00645312512254212
2010-05-19,-0.006396821436650423,-0.001704266150652244,1.6305839838057355e-05,-0.008117393427140724
2010-05-20,-0.004489886290245101,-0.008829495091571563,1.2608552200407772e-05,-0.013331989934017071
2010-05-21,0.0014890091522940933,-0.006787035068989167,1.0902993704189172e-05,-0.005308928910399263
2010-05-24,0.002665606913607636,0.0028001685829725513,1.2030943055095774e-05,0.005453744553525092
2010-05-25,-0.0010183889876454746,0.0009896437339044655,1.1001234779077366e-05,-3.974648852008641e-05
2010-05-26,0.0016999789275872488,0.0023280402752534086,9.884226411282611e-06,0.0040181349764293744
2010-05-27,0.004945684582119679,0.002499634172687707,8.95680863986426e-06,0.007436361946167522
2010-05-28,-0.001993760808226627,0.001274282609291925,1.69654817536725e-05,-0.0007364436806883745
2010-05-31,0.00035735244877177985,0.0,1.5563203050803906e-05,0.00034178924572097596
2010-06-01,-0.0022953156749797,0.0011406781715822887,2.8410641266650045e-05,-0.0011830481446640615
2010-06-02,0.0002074756553210453,0.007131726839843001,1.1117931068588687e-05,0.007328084564095458
2010-06-03,-9.628446837004997e-05,0.004879825806328881,1.733350651736318e-05,0.004766207831441468
2010-06-04,-0.0054022393227448635,-0.006918624183686183,1.3080285368925786e-05,-0.012333943791799973
2010-06-07,0.00040187096212495786,0.0028805859953086326,1.206169717050506e-05,0.003270395260263085
2010-06-08,0.0014842004369765745,-0.0014098419782697382,3.150720900559638e-05,4.285124970123987e-05
2010-06-09,-0.0012250898429572812,-0.0021018048968559733,1.4630459686963063e-05,-0.0033415251995002177
2010-06-10,0.0017816473214529625,0.00361353655745359,1.692441055079514e-05,0.005378259468355757
2010-06-11,0.0066973262722151315,-0.006751461468045759,1.6080468415304844e-05,-7.021566424593203e-05
2010-06-14,0.0015680538444447236,-0.002270192967919449,2.047141756014607e-05,-0.0007226105410348714
2010-06-15,0.004906198822190214,0.0006168531664604599,1.4393498622550786e-05,0.005508658490028123
2010-06-16,0.002250157284967279,-0.003135250021298612,1.2936858646945625e-05,-0.0008980295949782788
2010-06-17,0.004108774886955647,-0.009159145148767084,1.1310948502295845e-05,-0.005061681210313733
2010-06-18,0.0023789449126502523,0.0021364747912526855,8.097775064990316e-06,0.004507321928837947
2010-06-21,-0.0033564899121494374,0.0035398085993067984,9.032575617802525e-06,0.00017428611153955846
2010-06-22,-0.0029117873266297726,-0.006215243045374033,6.635444472590238e-06,-0.009133665816476396
2010-06-23,-0.0057336724733564656,-0.006261389297746051,7.365409468076055e-06,-0.012002427180570593
2010-06-24,-0.0012554897323429329,-0.0003108604561731683,7.234352139598456e-06,-0.0015735845406556995
2010-06-25,0.0030314381911583357,-0.0018661436080957224,7.981990059831008e-06,0.0011573125930027823
2010-06-28,-0.004910889964483334,-0.00283855154633171,6.666152949086429e-06,-0.00775610766376413
2010-06-29,-0.010006405035678873,-0.0028634115258697494,1.0191656204995701e-05,-0.012880008217753619
2010-06-30,0.00554639394268284,-0.008819791588204742,8.724756749250181e-06,-0.0032821224022711528
2010-07-01,-0.007487036795149533,-0.01257622573315214,1.2252553811658981e-05,-0.020075515082113332
2010-07-02,-0.0007452779208532613,0.0026094640644229805,2.651272907036456e-05,0.0018376734144993547
2010-07-05,-0.0002092491013900929,1.3706369550215248e-06,1.839201033762252e-05,-0.0002262704747726939
2010-07-06,-0.000356978630374437,-0.0056393958491657604,1.0766256295299021e-05,-0.006007140735835496
2010-07-07,0.011832392123304707,-0.0020635612865306137,1.1026405360544897e-05,0.009757804431413549
2010-07-08,0.003592071083552483,0.004264929355904144,2.147111028190476e-05,0.007835529329174721
2010-07-09,0.004455415785739193,0.0047997441395603736,2.5004856117850314e-05,0.009230155069181716
2010-07-12,-0.0035115232836367537,5.654653261965599e-05,1.4940632966963686e-05,-0.0034699173839840614
2010-07-13,0.007078559530713555,0.004276047780980478,1.5662600230531683e-05,0.011338944711463501
2010-07-14,-0.00016581299463626657,-0.012083523441519809,1.2992673060305081e-05,-0.012262329109216381
2010-07-15,0.0007424681435727808,-0.017209480606888462,1.8103353350854577e-05,-0.016485115816666535
2010-07-16,-0.011515349474613412,-0.006931406486499545,3.0263071498287595e-05,-0.018477019032611244
2010-07-19,-0.0007154520744623524,0.006476465692008007,1.3902904841031588e-05,0.005747110712704623
2010-07-20,0.0073036945196308265,0.002452566072126078,1.0622904072481494e-05,0.009745637687684423
2010-07-21,-0.0017655213357172011,-0.007085125961311556,9.279508837902007e-06,-0.008859926805866659
2010-07-22,0.009408849604752675,0.0027808244169845306,1.2433613143669139e-05,0.012177240408593538
2010-07-23,0.0008824251087063333,0.00808722096269906,1.2323516347073307e-05,0.00895732255505832
2010-07-26,0.0012114680550772364,0.00047158675173739235,9.707869733759025e-06,0.0016733469370808697
2010-07-27,-0.007693091224480014,0.009353550914476781,1.3732236775707798e-05,0.001646727453221059
2010-07-28,-0.00029898550113602285,-0.014134154824502834,1.3049015388049484e-05,-0.014446189341026906
2010-07-29,0.0032239067800251325,-0.0074065860784477975,1.8201539557038246e-05,-0.004200880837979704
2010-07-30,0.004663176734747458,-0.02002985673343631,1.3810594654891526e-05,-0.015380490593343742
2010-08-02,0.00952011787525384,0.0018058296795331157,1.247662950578208e-05,0.011313470925281174
2010-08-03,0.0010177741098609365,-0.006873978182692723,1.632253926630753e-05,-0.005872526612098095
2010-08-04,0.0036792048872620197,-0.003297846849721328,1.0536589933947001e-05,0.0003708214476067445
2010-08-05,-0.0015062377090553705,-0.011826374253050201,9.794412867998282e-06,-0.01334240637497357
2010-08-06,-0.0001310692337478642,-0.0025010929758913607,9.094859008559967e-06,-0.0026412570686477847
2010-08-09,0.0015329594160117658,0.005090047429521086,1.0650537779391285e-05,0.00661235630775346
2010-08-10,-0.0054706899255870306,-0.0010772477397740573,1.0650468634466297e-05,-0.006558588133995554
2010-08-11,-0.013363593264972176,-0.006284307304622288,9.23367107916802e-06,-0.019657134240673634
2010-08-12,-0.0005263030120278166,0.0002631276469195732,1.1202860627671852e-05,-0.00027437822573591524
2010-08-13,-0.002482595511126965,-0.002765698266074492,1.6780590383014427e-05,-0.005265074367584471
2010-08-16,0.003721950891955739,-0.007158000291077916,1.1349720441620336e-05,-0.0034473991195637975
2010-08-17,0.005235392175139761,0.004126457955688983,1.0882181688558165e-05,0.009350967949140187
2010-08-18,0.00030027278633433903,-0.001838813934465652,1.0379376300415388e-05,-0.0015489205244317281
2010-08-19,-0.004045367988965626,-0.004131268191055909,9.067454162771301e-06,-0.008185703634184307
2010-08-20,-0.004229491381053548,0.003909143774753655,1.1189969442071643e-05,-0.0003315375757419651
2010-08-23,-0.0025061621765303027,-0.003894884026366602,9.142924474417342e-06,-0.006410189127371322
2010-08-24,-0.006677283993734429,-0.007063327539953201,8.925444190693637e-06,-0.013749536977878323
2010-08-25,0.003188588278302723,0.00908990677426583,9.50442744452151e-06,0.012268990625124033
2010-08-26,0.0024102627687099107,-0.01027285909425485,2.0351064411752677e-05,-0.00788294738995669
2010-08-27,0.007527006756048825,0.01279564809748688,1.0597807369757947e-05,0.020312057046165944
2010-08-30,-0.001841659640706806,-0.014319891506160712,1.86725161049119e-05,-0.01618022366297243
2010-08-31,-0.0019583616808337228,-0.0031578371244699024,2.6065464972762498e-05,-0.005142264270276387
2010-09-01,0.012669146915068201,0.004405585034281671,1.3691164944299757e-05,0.01706104078440557
2010-09-02,0.0038431167248756002,-0.0002456323285546859,2.3647898760838562e-05,0.0035738364975600755
2010-09-03,0.0026914797023300492,-0.004542287054454168,2.4708721477594788e-05,-0.001875516073601713
2010-09-06,0.00019095308913948887,0.0,8.183016633706905e-06,0.00018277007250578196
2010-09-07,-0.002224067082550219,-0.00971553618008007,1.0585635496237818e-05,-0.011950188898126527
2010-09-08,0.0026888748002388933,0.0050919522177287945,5.029836574166474e-06,0.007775797181393521
2010-09-09,-0.003248332032036519,0.004331087327220463,8.249371641158887e-06,0.0010745059235427856
2010-09-10,-0.0011011696700701722,0.001800668043916885,1.6352145722543545e-05,0.0006831462281241691
2010-09-13,0.007209058477321225,-0.006827689954394202,4.7437319615372146e-05,0.0003339312033116507
2010-09-14,0.009660736212492933,-0.00998832688053385,1.345228552021371e-05,-0.00034104295356113056
2010-09-15,0.00010954036841535902,0.01639010128268327,1.4591279027334397e-05,0.016485050372071295
2010-09-16,0.0023990659397838095,0.0038377565362705353,2.1980887444401432e-05,0.006214841588609943
2010-09-17,0.0009002148837976955,-0.011027912163772415,2.9752915007777296e-05,-0.010157450194982496
2010-09-20,0.0038670908901804043,-0.002339334638635459,1.1394277744607373e-05,0.001516361973800338
2010-09-21,-0.001471516091266331,-0.007316184177316491,1.4797800351173435e-05,-0.008802498068933995
2010-09-22,0.008975032621456077,-0.004227967276561761,1.1211987606922107e-05,0.004735853357287393
2010-09-23,0.001596144702022394,0.0011160734336931035,9.782689402621933e-06,0.0027024354463128755
2010-09-24,0.008834362662127046,-0.006988174535074534,1.0840352734779632e-05,0.0018353477743177325
2010-09-27,-0.001685772968714032,-0.0032177511208267132,9.844357134135705e-06,-0.0049133684466748815
2010-09-28,0.0007699578903772464,-0.0021005253296749876,1.0259313990453844e-05,-0.001340826753288195
2010-09-29,0.00860548666361464,0.003535570880105088,3.309329542616085e-05,0.012107964248293567
2010-09-30,-6.236808117178938e-05,0.0005479328660521662,2.5477379334509683e-05,0.0004600874055458671
2010-10-01,0.007793163026780383,0.013427385677509087,2.7974597359723193e-05,0.021192574106929745
2010-10-04,-0.004106109602907002,-0.0035170700685659036,2.8873125638309197e-05,-0.007652052797111215
2010-10-05,0.015041484250712275,-0.00647727808129968,2.8700616841673897e-05,0.00853550555257092
2010-10-06,0.0029957504240823657,-0.003870862836110181,1.915403252932886e-05,-0.0008942664445571444
2010-10-07,-0.0064297299812475185,-0.004962574522088413,2.493260359660385e-05,-0.011417237106932534
2010-10-08,0.007257617218753734,-0.012230384613515291,1.1278586305336681e-05,-0.004984045981066894
2010-10-11,0.0018980982151324969,-0.0034583110841733137,1.3883937306873598e-05,-0.0015740968063476903
2010-10-12,-0.001506606095093353,-0.000553771292205983,1.3320981281350899e-05,-0.002073698368580687
2010-10-13,0.009315954487940611,0.00043361681675185804,6.588007757583592e-06,0.009742983296934887
2010-10-14,0.002240132729977643,0.002161685210467308,9.455406258726482e-06,0.004392362534186225
2010-10-15,-0.00024781754595085343,0.002847876106578025,1.1623113604894283e-05,0.0025884354470222773
2010-10-18,0.0024885517190509614,-0.004377753390783658,1.3915492616350005e-05,-0.0019031171643490465
2010-10-19,-0.018975209325534394,0.002403711639608051,9.2599988028149e-06,-0.01658075768472916
2010-10-20,0.008729406865366001,-0.0066497799958278245,9.70136847948736e-06,0.0020699255010586896
2010-10-21,-0.004934535738604346,0.0059491246599137635,2.3736588645767795e-05,0.0009908523326636492
2010-10-22,0.002689041280213749,0.0021061423705215744,7.0006251804072515e-06,0.0047881830255549155
2010-10-25,0.005470370043341135,-0.00694353468546317,7.338418555810944e-06,-0.001480503060677846
2010-10-26,-7.594467931203354e-05,0.0066013429811544845,5.04552252263489e-06,0.006520352779319816
2010-10-27,-0.006438301797158777,0.002686528382480852,5.776840020773497e-06,-0.003757550254698698
2010-10-28,0.005465889372509431,-0.00854394040293812,1.6482694988962334e-05,-0.0030945337254176513
2010-10-29,-0.0004408991901816827,-0.0057323194263233564,7.821027996973228e-06,-0.006181039644502013
2010-11-01,0.0024451290884055467,0.001447868314060842,1.6348409302091694e-05,0.0038766489931642972
2010-11-02,0.00637240030196186,-0.0020404116919614367,1.220387531419034e-05,0.004319784734686233
2010-11-03,-0.0021001604948305093,0.002496554137085384,1.3961337196803788e-05,0.000382432305058071
2010-11-04,0.015352603551554342,-0.013430406758382684,1.439192781143282e-05,0.001907804865360225
2010-11-05,0.0022440448170410587,0.0032251871977119245,1.6603989888442083e-05,0.00545262802486454
2010-11-08,-5.2959208596771196e-05,0.0020906953201636,1.948564811679512e-05,0.0020182504634500336
2010-11-09,0.0009883594884281493,0.004412009475967738,1.5049289591888753e-05,0.005385319674803998
2010-11-10,-0.003704994728305562,0.0022570439659892845,1.378529040254315e-05,-0.001461736052718821
2010-11-11,0.0006585967435133108,0.0036218716090516325,1.366939604897903e-05,0.004266798956515964
2010-11-12,-0.014189200498535177,0.022762022604873644,9.543491850417723e-06,0.00856327861448805
2010-11-15,-0.0004278477577076904,0.004122280520542306,1.3923459516835223e-05,0.003680509303317781
2010-11-16,-0.015607823228364414,0.011707331871249614,3.000121039889017e-05,-0.00393049256751369
2010-11-17,-0.0002977721625461409,-0.0004778715872035022,1.881203064931103e-05,-0.0007944557803989541
2010-11-18,0.008528594037633876,-0.0010595332450398416,2.8573744958586645e-05,0.007440487047635448
2010-11-19,-0.00036944426906539835,0.0026414369509751537,1.3705715490939847e-05,0.0022582869664188156
2010-11-22,-0.00023362024540003398,-0.004389986905841329,1.4955396745605781e-05,-0.004638562547986969
2010-11-23,-0.0035215439025663604,-0.004576227005750203,1.6998936668737556e-05,-0.008114769844985301
2010-11-24,0.004273757949032335,0.009936531400691844,1.677862043229312e-05,0.014193510729291887
2010-11-25,0.0003306277260968125,-1.6062885284811695e-05,2.3961645859678174e-05,0.00029060319495232263
2010-11-26,-0.004316375284278905,-0.0016034340214128267,3.7036649711174654e-05,-0.005956845955402907
2010-11-29,0.00047507417409894644,-0.002554667258394286,1.9901606117268966e-05,-0.0020994946904126085
2010-11-30,0.0026681712347083088,-0.005009077780451734,4.437854254897153e-05,-0.002385285088292397
2010-12-01,0.008033932783365935,0.0047699233482759815,4.115251433704023e-05,0.012762703617304876
2010-12-02,0.004605162158648136,0.003177219349971036,5.1726810877296054e-05,0.0077306546977418756
2010-12-03,0.007141129200475576,-0.008630847234052035,5.0209100224337964e-05,-0.0015399271338007974
2010-12-06,0.0021873624142368015,-0.00659401641312892,2.8841225851322274e-05,-0.00443549522474344
2010-12-07,-0.0023509856335017466,0.015560441025677009,3.0312025848477832e-05,0.013179143366326786
2010-12-08,-0.0034309717249435827,0.0027849685116300713,4.2715764106237105e-05,-0.0006887189774197485
2010-12-09,0.0012724205015691445,-0.0009482480709016045,4.5352498993328085e-05,0.00027881993167421193
2010-12-10,-0.000456025138535924,0.0022615703403580374,2.5635781896268422e-05,0.001779909419925845
2010-12-13,0.006333612725328369,-0.006302163011094111,2.3200828492939375e-05,8.248885741318533e-06
2010-12-14,-0.001273761324880311,0.011259638871806794,2.2015664126761477e-05,0.009963861882799723
2010-12-15,-0.007755350847657714,0.010014008573317593,2.1249690841310718e-05,0.0022374080348185675
2010-12-16,-0.0005586124830822494,-0.0034534324680658996,1.9632982824291696e-05,-0.004031677933972441
2010-12-17,0.0051041996678335725,-0.005594147730360332,2.1725831040936675e-05,-0.0005116738935676961
2010-12-20,0.0036972881169432567,-0.0017657201689661773,1.1249073683308543e-05,0.001920318874293771
2010-12-21,0.003158039788788017,-0.001008741381033909,1.1747969053932114e-05,0.0021375504387001762
2010-12-22,9.815310301676381e-05,-0.0023455861934409306,8.261477176611437e-06,-0.0022556945676007784
2010-12-23,-9.158070898059977e-05,-0.0030490928448715653,1.2235171340005291e-05,-0.0031529087251921705
2010-12-27,0.0012929138787946834,-0.0008156115444128102,1.1646453733270877e-05,0.0004656558806486023
2010-12-28,0.0033904315044740556,-0.0012565754445258257,1.2649562614654348e-05,0.0021212064973335754
2010-12-29,0.006270549510668782,-0.00831874657091948,9.909818488947521e-06,-0.002058106878739646
2010-12-30,-0.0007923497626236196,0.004081344598786939,2.4442045386560484e-05,0.003264552790776759
2010-12-31,0.008864350118477896,-0.009504816466838165,4.206208657075088e-05,-0.0006825284349310195
2011-01-03,7.229792365411394e-05,0.0011750720362083092,2.6165967918296654e-05,0.0012212039919441266
2011-01-04,-0.011154642406456772,0.00525290785359288,2.3371373343008795e-05,-0.005925105926206901
2011-01-05,-0.003184818253635459,-8.22362821839371e-05,2.2254512739429247e-05,-0.003289309048558825
2011-01-06,-0.0023435235019707967,0.005253985674726707,1.346281482368878e-05,0.0028969993579322216
2011-01-07,-0.0005924542684752378,0.001421716023972658,3.2005997058588825e-05,0.0007972557584388315
2011-01-10,0.003321863782572658,-0.003706226005649746,1.2734923668340819e-05,-0.00039709714674542854
2011-01-11,0.0027933957070378924,0.0009568031437458861,1.0099471645162361e-05,0.0037400993791386157
2011-01-12,0.0062048610402011435,-0.01317432753231422,1.0980648026938222e-05,-0.006980447140140015
2011-01-13,0.0002643675473428255,-0.00881466345818984,1.0797455420238656e-05,-0.008561093366267253
2011-01-14,-0.001938482781019457,0.0004217351601353233,1.1525714420440637e-05,-0.0015282733353045744
2011-01-17,-0.0013391095672173733,0.0018061814004569805,9.25650425115625e-06,0.00045781532898845094
2011-01-18,0.0045182484659773755,-0.00980180525550291,8.875971787232985e-06,-0.005292432761312769
2011-01-19,-0.001274340810715063,0.003386294498969615,6.1432155509123415e-06,0.0021058104727036397
2011-01-20,-0.012414678101701463,0.0060805642995342,1.3270389385226333e-05,-0.00634738419155249
2011-01-21,0.002361336850771411,-0.009059326464735085,1.600213982087252e-05,-0.006713991753784546
2011-01-24,0.0016153734258253394,-0.004487484778726186,1.2870388185655976e-05,-0.0028849817410865025
2011-01-25,-0.006510474292107449,0.0021024867218034423,1.3652306732412494e-05,-0.004421639877036419
2011-01-26,0.002836992038797101,-0.0070865850377351105,1.5490516794078572e-05,-0.004265083515732088
2011-01-27,-0.00011065477906423756,0.0005301611601058204,1.5805750315395114e-05,0.00040370063072618775
2011-01-28,0.0069378970745392135,0.008309820779485362,9.53020431478235e-06,0.015238187649709793
2011-01-31,0.0038225101283598027,-0.010482319148967054,1.1497031098111796e-05,-0.006671306051705363
2011-02-01,0.006638003794880274,-0.008335002649109746,2.641784187461118e-05,-0.001723416696104083
2011-02-02,-0.0020945256257483037,-0.003322727823450946,1.0275391419260667e-05,-0.00542752884061851
2011-02-03,0.001161206190512007,0.004628534260055511,9.518900110463589e-06,0.005780221550457054
2011-02-04,-0.003288083450394215,0.0024595536608444874,1.151453127484613e-05,-0.0008400443208245736
2011-02-07,-0.0007790757892601635,-0.003232335565405171,1.3755025971567082e-05,-0.0040251663806369015
2011-02-08,0.0019284765639196763,-0.0016682622010407789,1.2555337771243769e-05,0.00024765902510765365
2011-02-09,0.0018844798133651796,-0.007380541746890694,1.2998753317907606e-05,-0.005509060686843422
2011-02-10,-0.00520119527627515,0.010210130938046916,1.637868785962796e-05,0.004992556973912138
2011-02-11,-0.0011936522951931368,-0.002090486483484296,1.3440704716773492e-05,-0.0032975794833942063
2011-02-14,0.003916973109040952,0.000526190419803175,1.3821885395789771e-05,0.004429341643448338
2011-02-15,-0.007932742410883088,0.008668152870896105,1.2130416340142386e-05,0.0007232800436728754
2011-02-16,-0.0017131057044140793,-0.0026639125420366326,1.8163298227534812e-05,-0.004395181544678247
2011-02-17,0.007363524318801563,-0.0109731446816983,2.1443026505939836e-05,-0.003631063389402676
2011-02-18,-0.00034050023186471274,-0.0005551219699557986,1.6458806132268127e-05,-0.0009120810079527795
2011-02-21,-0.0008035653099666593,0.003929099242772778,2.2298199390273402e-05,0.003103235733415845
2011-02-22,-0.004415129800511845,0.016323420999941107,1.4978314807104627e-05,0.011893312884622158
2011-02-23,0.002031125439627474,-0.003362397103856161,1.2808414522387071e-05,-0.0013440800787510741
2011-02-24,0.003596223574460571,-0.0005905544709955074,2.5985702979376885e-05,0.0029796834004856866
2011-02-25,0.007190921969475194,-0.009185224745562767,1.3783550541054924e-05,-0.0020080863266286274
2011-02-28,0.00155116966139255,-0.006876428367525125,1.7152414347095447e-05,-0.0053424111204796705
2011-03-01,0.004494308231602609,0.006905255485786858,1.701446038022024e-05,0.011382549257009246
2011-03-02,0.0021824589129518053,-0.0027536380815734937,1.1059033687902142e-05,-0.0005822382023095906
2011-03-03,-0.005522501932840451,-0.003989360460280001,1.816492239675957e-05,-0.009530027315517211
2011-03-04,0.004675568922674802,-0.0017567110435911934,1.1066671504605903e-05,0.0029077912075790024
2011-03-07,-0.005531883897041367,0.0048506357172595,4.49232527403532e-05,-0.0007261714325222203
2011-03-08,-0.0031356265904104066,0.004085677360784546,3.077594128027866e-05,0.0009192748290938604
2011-03-09,-0.004936400842013756,-4.759887663751604e-05,1.996765911202993e-05,-0.005003967377763302
2011-03-10,-0.0046338458081483765,0.014101054268521677,1.4601350745962386e-05,0.009452607109627337
2011-03-11,0.003623555240644912,-0.00534586533681965,1.5606974069160122e-05,-0.0017379170702438984
2011-03-14,0.0011861540100335053,-0.002028235754312141,2.2276347015834485e-05,-0.0008643580912944703
2011-03-15,-0.01588212175437104,0.014776645046693817,2.9211318061255578e-05,-0.001134688025738479
2011-03-16,0.006968552614735387,0.0023673489793924023,2.4970650025333042e-05,0.009310930944102456
2011-03-17,0.013427074127617922,-0.01727335247468849,3.28986134853025e-05,-0.003879176960555869
2011-03-18,0.0009250815896264344,-0.0017513596032634696,1.7784480072296018e-05,-0.0008440624937093313
2011-03-21,0.00037751458037451404,-0.006659551428485849,2.014867441239899e-05,-0.006302185522523734
2011-03-22,-0.0001859724970032208,-0.00041386244471071864,3.443897369217238e-05,-0.0006342739154061118
2011-03-23,0.00613447762828478,0.003932125259353542,2.5433547588004527e-05,0.010041169340050317
2011-03-24,-8.513036232041238e-05,-0.0024764647244600074,2.3371884541155684e-05,-0.0025849669713215754
2011-03-25,-0.00201825926907625,0.008016787928132827,3.0012922768839547e-05,0.005968515736287736
2011-03-28,-0.004727360142545913,0.004503270995061522,2.628322583447511e-05,-0.0002503723733188664
2011-03-29,-0.0006755537896618879,0.0006910751047308754,9.839010299499489e-06,5.682304769488015e-06
2011-03-30,-0.00045048119867788526,-0.0020423563874218354,2.2762991141235728e-05,-0.0025156005772409566
2011-03-31,0.006451588599218004,-0.006646332577486177,1.8047654354459776e-05,-0.00021279163262263352
2011-04-01,-0.003936630717117733,0.0001599592558934437,1.090085001498531e-05,-0.0037875723112392747
2011-04-04,0.0011149446942605526,-0.003902984538833124,1.6200449819255402e-05,-0.002804240294391827
2011-04-05,0.000735427502785918,0.0036880912115657607,1.2001324300097035e-05,0.0044115173900515815
2011-04-06,0.0027439289876463376,0.0012418450194471502,8.362282054670202e-06,0.003977411725038818
2011-04-07,0.0014851787628754785,-0.0015709423318989364,1.3065240147871564e-05,-9.882880917132947e-05
2011-04-08,0.007703473438050803,-0.0023851405269916578,1.2743842535987732e-05,0.005305589068523157
2011-04-11,-0.0011011508909081287,0.00016805885850715958,9.104368103402014e-06,-0.0009421964005043712
2011-04-12,-0.010270278538365138,-0.002917966146981932,9.28930643041476e-06,-0.013197533991777484
2011-04-13,-0.0007608808298662274,-0.002615761699905521,6.71450195443627e-06,-0.0033833570317261846
2011-04-14,0.0016409683592770587,-0.0006489231664348488,9.296072651650026e-06,0.0009827491201905598
2011-04-15,0.001812314721495271,-0.006240606616179417,4.965345321414879e-06,-0.00443325724000556
2011-04-18,-0.00116074212991292,-0.001920961372193705,6.14387682656925e-06,-0.0030878473789331946
2011-04-19,0.0027870844170516896,-0.005385763531895601,1.6515022149622092e-05,-0.0026151941369935336
2011-04-20,0.0062926373413360005,-0.0012069232913699147,1.3463967357079792e-05,0.005072250082609006
2011-04-21,0.004538217328355818,-0.0058656352755700435,4.681911906892729e-06,-0.0013320998591211182
2011-04-25,-0.00044214129575029156,-0.004510884571708198,1.0361656310960912e-05,-0.00496338752376945
2011-04-26,-0.0006346563239292083,-0.0028796671099122336,7.016444946322483e-06,-0.003521339878787764
2011-04-27,-0.0007015868219934407,0.0016190357127506632,4.839410678943815e-06,0.0009126094800782787
2011-04-28,7.054051360400732e-05,-0.0021042720404074898,8.63427874641048e-06,-0.002042365805549893
2011-04-29,0.006169190900941587,-0.0064231769360900155,1.1988250194436303e-05,-0.00026597428534286504
2011-05-02,-8.105728672817987e-05,0.000823770768192693,1.5276788000339612e-05,0.0007274366934641735
2011-05-03,-0.0035980960583679436,0.0019059977868870351,1.4338231142566632e-05,-0.0017064365026234752
2011-05-04,-0.006901576977715274,-0.0002276824119859988,1.0272867283407222e-05,-0.00713953225698468
2011-05-05,-0.014704812925842102,0.0036149216561568104,1.893438169243483e-05,-0.011108825651377727
2011-05-06,-0.0013153065728346873,0.0005543793429992102,1.5937928872575123e-05,-0.0007768651587080522
2011-05-09,0.004868874578462625,-0.0054354000373476735,2.7063658116205024e-05,-0.0005935891170012539
2011-05-10,0.001861327299733683,0.0017163435943550833,9.790640784429977e-06,0.0035678802533043365
2011-05-11,-0.005769564871839878,0.0032637888623662167,9.196002418816993e-06,-0.0025149720118924778
2011-05-12,0.0015943101951818878,0.0011186891486545147,1.605719992566938e-05,0.0026969421439107335
2011-05-13,-0.0014701335026932215,0.003058045247411552,8.874095377087894e-06,0.0015790376493412426
2011-05-16,-0.0008507566161619835,-0.000941234939183147,1.2965997709908822e-05,-0.0018049575530550393
2011-05-17,-0.0008913260778234742,-0.004010420387102021,1.0389315001012741e-05,-0.0049121357799265086
2011-05-18,0.0047942226696865,-0.0030542550039357307,1.0441143259843808e-05,0.0017295265224909252
2011-05-19,-0.0015169194309778587,-0.001668858214465668,9.415074917196846e-06,-0.0031951927203607237
2011-05-20,0.0028421329062902328,-0.0002484283906140987,9.746121703290144e-06,0.0025839583939728443
2011-05-23,-0.0023233673079069584,0.004524572242564466,8.896262808614561e-06,0.002192308671848893
2011-05-24,0.0025267361246071028,0.0012486796528166876,7.450898056817075e-06,0.003767964879366973
2011-05-25,0.001888427627874527,-0.004380472929726469,1.058844587591242e-05,-0.0025026337477278547
2011-05-26,0.0027232737426377373,-0.0078693051435887,5.8661423045981905e-06,-0.00515189754325556
2011-05-27,0.0033410493573274988,-0.0031314935092020615,6.391969934392476e-06,0.00020316387819104475
2011-05-30,0.0,-6.237507440328121e-05,1.0504341167867347e-05,-7.287941557114856e-05
2011-05-31,-0.000109796968092359,0.00010398454054538016,1.3729902385185735e-05,-1.9542329932164573e-05
2011-06-01,0.0018732812612466082,0.0042544503416008985,1.0157370183689427e-05,0.006117574232663818
2011-06-02,-0.0004834828539319448,-0.0011611463127226313,1.4002069595273393e-05,-0.0016586312362498496
2011-06-03,0.003629638816578827,-5.186920129535521e-05,1.7904292266783854e-05,0.0035598653230166878
2011-06-06,-0.001183703714291631,0.006164263162172917,1.807200958946938e-05,0.004962487438291818
2011-06-07,0.0007233502840454263,-0.0031191145334204737,1.3407756721814895e-05,-0.0024091720060968624
2011-06-08,0.0006846740641688772,-0.00340429823899011,1.1085957583558829e-05,-0.0027307101324047915
2011-06-09,-0.000666034210940566,0.0016484759532168166,9.154107839787822e-06,0.0009732876344364628
2011-06-10,-0.003907623128337184,0.002341992196966955,6.192367959649595e-06,-0.0015718232993298781
2011-06-13,-0.0030349406925172994,0.0008634889960540932,2.1862141189547092e-05,-0.0021933138376527533
2011-06-14,0.00222455178795731,0.006353592332059106,1.1086469784752822e-05,0.008567057650231663
2011-06-15,-0.005464178573357043,0.0012938836845961675,7.554488812417829e-06,-0.004177849377573293
2011-06-16,0.00022018802035953653,0.0033152622334416335,2.0771236764880506e-05,0.0035146790170362896
2011-06-17,0.0012208345288921784,-0.0007104285981725046,1.2534325130093129e-05,0.0004978716055895806
2011-06-20,-0.00026182792827560006,0.00040963714363633413,8.29774700379902e-06,0.00013951146835693504
2011-06-21,0.002991159985940091,-0.0048622636599580165,7.556641628141545e-06,-0.001878660315646067
2011-06-22,7.341305184181335e-05,0.00920332295752328,7.600074638561951e-06,0.00926913593472653
2011-06-23,-0.010250002098051953,-0.002270956257077434,6.832396221958205e-06,-0.012527790751351344
2011-06-24,-0.002314615212504721,0.0014072963723688703,9.609552731588935e-06,-0.0009169283928674399
2011-06-27,-0.0017602171070060957,0.0038456927856204484,1.8509376247521754e-05,0.002066966302366831
2011-06-28,0.002500095102909043,0.0014862841422995355,1.5663209457731994e-05,0.003970716035750847
2011-06-29,0.004963761307253208,-0.001555056940303735,3.74935776985356e-05,0.003371210789250937
2011-06-30,0.00042042350916927565,0.012797809920608163,4.9980504221774094e-05,0.013168252925555665
2011-07-01,-0.0034417976377070646,0.0019366961511899103,1.66880310990058e-05,-0.00152178951761616
2011-07-04,-1.4046391171681563e-05,-0.00035354670370536123,1.6086206966571805e-05,-0.0003836793018436146
2011-07-05,0.004768269119648396,-0.009509659938184235,1.3353698368034421e-05,-0.004754744516903874
2011-07-06,0.0010966906760369946,-0.00022103155774931744,1.3828963132747669e-05,0.0008618301551549295
2011-07-07,0.003231519597160028,0.00021798052488413268,1.9014613796364556e-05,0.0034304855082477963
2011-07-08,0.0010975476718423707,-0.013285013821957924,1.0308123888435653e-05,-0.01219777427400399
2011-07-11,-0.0009174014247906096,0.0020803332116914887,1.2750056668482754e-05,0.0011501817302323964
2011-07-12,0.008095674726357568,-0.003226481771989787,2.5066379196754156e-05,0.004844126575171027
2011-07-13,0.00839914342796091,-0.008125410352463223,1.1870890442756303e-05,0.0002618621850549299
2011-07-14,-0.0028061376487623245,0.0038517636020594355,9.804592901115753e-06,0.0010358213603959953
2011-07-15,0.002569180156563421,-0.004250087180879205,1.0318238332842895e-05,-0.0016912252626486272
2011-07-18,-0.001235344358398267,0.004219404514701989,6.796236866472495e-06,0.0029772639194372494
2011-07-19,0.0019299588086686345,-0.007986446754137302,7.253136637107643e-06,-0.006063741082105775
2011-07-20,0.0028935678557981295,0.0025323115217710337,4.720049917986144e-06,0.005421159327651177
2011-07-21,0.003368189483995276,0.0003697568823894594,7.061782693013585e-06,0.0037308845836917215
2011-07-22,0.0020932394453686033,-0.005381081985055814,7.138210187228466e-06,-0.0032949807498744393
2011-07-25,-0.0002981530095551439,0.00422740195234005,8.954721645806359e-06,0.0039202942211391
2011-07-26,0.006055783551793588,-0.006210104132741525,6.194814342608841e-06,-0.0001605153952905465
2011-07-27,-0.006413940871657428,0.009046803948124082,8.659767715464866e-06,0.0026242033087511894
2011-07-28,-0.0006139354417662358,-0.0016544054143034156,8.750293738055456e-06,-0.0022770911498077072
2011-07-29,0.001917574322481977,-0.0069035034271765095,1.2867454110626161e-05,-0.004998796558805159
2011-08-01,-0.00334339527328816,-0.0007130270790813699,1.091796008201867e-05,-0.004067340312451548
2011-08-02,0.001339723220381287,-0.003618952318131915,1.291261928998351e-05,-0.002292141717040611
2011-08-03,0.0018241735270810723,-0.0021371234201651083,8.425791981791802e-06,-0.00032137568506582784
2011-08-04,-0.024548599122139955,0.006448454031336491,1.1000249512723e-05,-0.018111145340316187
2011-08-05,0.0025987247799679116,0.007111359356997461,1.7296378032005312e-05,0.009692787758933369
2011-08-08,-0.003086676623980017,0.0034075027334207527,4.0472766363122364e-05,0.00028035334307761336
2011-08-09,0.0022156695274688602,-0.015058859552834283,2.376065270419284e-05,-0.012866950678069615
2011-08-10,0.006357452910570473,0.001805833788617036,3.138936991560437e-05,0.008131897329271904
2011-08-11,0.004661157234805275,0.0003164036798176148,1.566446671040782e-05,0.004961896447912483
2011-08-12,0.00020766360752489378,-0.00575648727852263,1.609236723783945e-05,-0.005564916038235576
2011-08-15,0.0064698083006043015,-0.00014851239694840855,2.2051273835794297e-05,0.006299244629820098
2011-08-16,-0.0012613388673364167,-0.005181217602100461,1.0631056832535259e-05,-0.006453187526269413
2011-08-17,0.003386296307342538,-0.003249504729357796,1.1518762690473157e-05,0.0001252728152942692
2011-08-18,-0.007446125735757406,0.0001764268828496401,7.506173922377361e-06,-0.007277205026830143
2011-08-19,0.0006321031985262497,-0.002441762459333719,7.245230507734173e-06,-0.0018169044913152036
2011-08-22,0.0018179292901899693,-0.00018406825865173,8.002303191191e-06,0.0016258587283470485
2011-08-23,0.0032421005869264653,0.0012177857102495578,5.8082348289602e-06,0.004454078062347063
2011-08-24,-0.0019605812280405945,0.009340572462791834,4.833928772177072e-06,0.007375157305979063
2011-08-25,-0.003050660648153937,-0.004131168835276706,8.579352885299036e-06,-0.0071904088363159415
2011-08-26,0.006911895484515247,-0.005814906658997735,9.532529733212763e-06,0.0010874562957842993
2011-08-29,0.003127601040681222,0.0037002204166382406,5.720738038327577e-06,0.006822100719281136
2011-08-30,0.0025149743764524063,-0.005347983836659235,1.5262987120238702e-05,-0.002848272447327067
2011-08-31,0.0007178730418601537,0.00400337240379039,6.976268096380682e-06,0.0047142691775541624
2011-09-01,-0.0029805592897611142,0.0005060361704005736,9.987411889975002e-06,-0.002484510531250516
2011-09-02,-0.001940860908109995,-0.007103968488933351,8.368866545195134e-06,-0.00905319826358854
2011-09-05,-0.0011974013594515465,0.0,8.350755236398178e-06,-0.0012057521146879447
2011-09-06,-0.003868956839602195,0.0027204446643257227,6.299345962875615e-06,-0.0011548115212393476
2011-09-07,0.003645438969409413,0.0028077497098817914,8.57289093699266e-06,0.006444615788354212
2011-09-08,-0.000749109738219067,-0.0013985798293512368,1.4261057933243131e-05,-0.0021619506255035467
2011-09-09,-0.0030785019384116903,-0.0034794287317399444,1.0236691234934876e-05,-0.00656816736138657
2011-09-12,-0.0007531686570540184,0.003974613725021171,9.098748796154913e-06,0.003212346319170998
2011-09-13,0.0038904174762200744,0.005152796165521271,6.291064497017116e-06,0.009036922577244328
2011-09-14,0.0005643758177558421,0.0004962246937919598,1.6532477225229356e-05,0.0010440680343225728
2011-09-15,0.00037645331463749695,0.0053167856941094115,5.875511762396138e-06,0.0056873634969845125
2011-09-16,-0.0004438429631263302,-0.000326370437025864,2.9300459154521493e-06,-0.0007731434460676464
2011-09-19,-0.002663373101234526,-0.006713286109804048,6.387704991280878e-06,-0.009383046916029855
2011-09-20,0.00188432081956174,0.0014098535624202523,3.1196935001267785e-06,0.0032910546884818656
2011-09-21,-0.003975235942317186,0.001639949253549549,1.0686931069493682e-05,-0.0023459736198371307
2011-09-22,-0.008334279157178449,-0.0002625252903906306,3.5283226056143775e-06,-0.008600332770174695
2011-09-23,-0.004659462935187058,0.007373996350849401,1.921866162508085e-05,0.002695314754037262
2011-09-26,0.0010325281832431917,0.004105275704567586,1.4308479801496027e-05,0.005123495408009282
2011-09-27,0.004410104932018475,0.004380222058466381,1.4376541649793413e-05,0.008775950448835062
2011-09-28,-0.004182935522697401,0.002898782350188808,6.728676837867275e-06,-0.00129088184934646
2011-09-29,-0.00013846347093902892,-0.0023467444173369753,1.2469340615088352e-05,-0.0024976772288910925
2011-09-30,-0.0050744597882411615,0.003946587760775677,1.1096128859671746e-05,-0.001138968156325156
2011-10-03,-0.0007766815797535737,-0.006672622630580985,1.0940669893669677e-05,-0.0074602448802282275
2011-10-04,-0.001797678706152135,0.001835548956220337,1.1450407065332058e-05,2.6419843002869942e-05
2011-10-05,0.004158336404866359,0.003163196628624951,1.2715474973595325e-05,0.007308817558517715
2011-10-06,0.003287139735175351,0.0036438797093840914,6.781097797141826e-06,0.0069242383467623
2011-10-07,-0.0008764493864867334,0.004878572786699757,9.151927579198863e-06,0.003992971472633824
2011-10-10,0.003997614805599355,0.006246021155335613,4.5698962772164195e-06,0.010239066064657751
2011-10-11,8.943028585358905e-05,-0.005732233502861065,3.654184080707926e-06,-0.005646457401088184
2011-10-12,-0.0005613678966991586,0.0005567726647248191,1.0005318196737332e-05,-1.4600550171076842e-05
2011-10-13,0.00016308769089820347,-0.0031312449650329945,4.6056909083933454e-06,-0.0029727629650431846
2011-10-14,0.001459952199131526,-0.0004874477663525167,8.36465291206834e-06,0.0009641397798669409
2011-10-17,-0.0004710430730653373,-0.0014123926095023806,4.921852238086642e-06,-0.0018883575348058045
2011-10-18,0.0009656857644633264,-0.0008061711883442693,6.427040284534986e-06,0.00015308753583452212
2011-10-19,-0.0024110034048055633,0.0002267794004791289,5.220501718110844e-06,-0.0021894445060445453
2011-10-20,-0.0021540888746447795,0.0002598027407992566,3.186329986839841e-06,-0.0018974724638323628
2011-10-21,0.004327086956419183,-8.829408160597861e-05,1.2853885548815036e-06,0.004237507486258323
2011-10-24,0.002717069585085427,0.0009476345273769563,1.3477082756239735e-06,0.0036633564041867596
2011-10-25,0.0008180532670716118,-0.0058190485138909145,5.534665644117047e-06,-0.005006529912463419
2011-10-26,4.5343885406567416e-05,0.005452036888360095,1.5095972648509104e-06,0.005495871176501812
2011-10-27,0.004533329391066663,0.005486563867565441,5.1117225051290085e-06,0.010014781536126975
2011-10-28,0.00015014869101461953,-0.004774458367881226,1.0222111006047988e-05,-0.004634531787872654
2011-10-31,-0.007890413869868813,-0.005743239523681994,1.2645264772838388e-05,-0.013646298658323645
2011-11-01,-0.0030353375327402377,-0.004975375063526702,4.684785017480255e-06,-0.00801539738128442
2011-11-02,0.0016598088818312858,-0.0008525240131596417,1.7507106664850252e-05,0.0007897777620067938
2011-11-03,0.0030648275052734654,0.0007779225050630295,6.350729579525324e-06,0.0038363992807569696
2011-11-04,-0.0005203394085369283,-0.0012810756223144426,2.2716502327884404e-06,-0.0018036866810841594
2011-11-07,0.0019784110739095315,-0.0006765226089770771,2.7187865545027363e-06,0.0012991696783779514
2011-11-08,0.0018435976887277569,0.0017450074482187315,2.1543490098095175e-06,0.0035864507879366787
2011-11-09,-0.003557601114799149,-0.0011543239562786807,2.3182642443034066e-06,-0.004714243335322134
2011-11-10,-1.6506053919173408e-05,0.0029567383010974937,3.5168409082648296e-06,0.0029367154062700557
2011-11-11,0.0031944148149953087,0.0030181741804056438,7.10465751201335e-06,0.006205484337888939
2011-11-14,-0.0006881573053955014,-0.003198613964909652,4.569853448524791e-06,-0.0038913411237536783
2011-11-15,0.0008498077051644033,0.0006273297115325986,4.191493020610008e-06,0.001472945923676392
2011-11-16,-0.0003045441335858294,0.00036454843379125966,3.2464767124237663e-06,5.675782349300647e-05
2011-11-17,-0.003950898964876239,0.000544024324477408,2.326454622511805e-06,-0.003409201095021343
2011-11-18,-0.00022501947080943736,0.0028006007354043003,2.3037369043670483e-06,0.002573277527690496
2011-11-21,-0.002690365473521582,-0.0013351808994923615,3.6467034587780703e-06,-0.004029193076472721
2011-11-22,0.0009599451822020072,-0.002101001438253167,3.078695751860484e-06,-0.0011441349518030205
2011-11-23,-0.0029116593084908653,7.766976297487793e-05,5.678830414544204e-06,-0.0028396683759305315
2011-11-24,-5.5196343769406053e-05,0.0,4.8557446269789344e-06,-6.0052088396384986e-05
2011-11-25,-0.0016623268823657642,0.003854981405050137,2.3274751841693968e-06,0.0021903270475002036
2011-11-28,0.00241887404163683,-0.0024966584470616036,1.141007141119552e-06,-7.892541256589319e-05
2011-11-29,0.0006879098147629494,0.0009163849898435054,4.955097664478356e-06,0.0015993397069419765
2011-11-30,0.003913762615572428,0.0014053298857092315,3.7443250433172725e-06,0.005315348176238343
2011-12-01,-0.0005771335656474157,0.0016499066368942093,2.9720107662125925e-06,0.001069801060480581
2011-12-02,-1.366178759606917e-05,-0.0030449833890258005,5.890833274142396e-06,-0.003064536009896012
2011-12-05,0.0005065272529004199,0.0011421492585666363,2.081029410883562e-06,0.0016465954820561726
2011-12-06,0.00022967425687445473,0.00018750372203419057,2.789442898996699e-06,0.0004143885360096486
2011-12-07,0.0004862985665015149,-0.003649177964226865,1.0951118604962967e-06,-0.003163974509585846
2011-12-08,-0.002336617659982803,-0.002619578339880817,1.0768705799047965e-06,-0.004957272870443525
2011-12-09,0.001233843364218587,0.0030877851666940193,4.458916943551028e-06,0.004317169613969055
2011-12-12,-0.003429039900211944,-0.0012640789558371634,1.971023789806329e-06,-0.004695089879838914
2011-12-13,3.9594863372764145e-05,-0.00021697342028430941,3.2147711695648215e-06,-0.00018059332808111007
2011-12-14,-0.00488370514368406,0.0009848114703620951,2.7013031580906203e-06,-0.0039015949764800552
2011-12-15,-3.3316320089075136e-05,-0.00021844173925069643,3.776606828113744e-06,-0.0002555346661678853
2011-12-16,0.0006003961225173608,-0.0028545491529201354,4.224925115680936e-06,-0.0022583779555184554
2011-12-19,-0.00042451832419057166,-0.0012109305200732768,8.821762859269843e-07,-0.0016363310205497754
2011-12-20,0.0027470055449024724,0.0030274329970304756,2.628141267199163e-06,0.0057718104006657485
2011-12-21,-0.0001911326235420663,0.001898084038695007,2.489212810182719e-06,0.001704462202342758
2011-12-22,0.0002784534539036571,0.0006042484405739454,3.983531937446474e-06,0.000878718362540156
2011-12-23,0.0004921128526068667,0.0038019604562309134,8.633320794934843e-06,0.004285439988042845
2011-12-27,0.0010021653634115484,-0.001298339096838432,5.003568988358566e-06,-0.00030117730241524207
2011-12-28,-0.0020534821542405103,-0.004098981263626769,7.2467347532817034e-06,-0.006159710152620561
2011-12-29,0.0005398686326864245,-0.0007576463093023067,3.594486110606325e-06,-0.00022137216272648851
2011-12-30,0.0023742544733725123,-0.0026895117264416407,6.760037016188918e-06,-0.0003220172900853173
2012-01-03,0.003568594713317942,0.002323773533563968,1.98361731605569e-06,0.0058903846295658546
2012-01-04,0.0004880369715810028,0.00112523126042832,7.228181846257422e-06,0.0016060400501630653
2012-01-05,-0.0013969674653835505,0.000700328307808954,2.563409326848877e-06,-0.0006992025669014455
2012-01-06,0.00034200820038965006,-0.0008199670306408796,1.3096433053044925e-06,-0.000479268473556534
2012-01-09,0.0004572709644153378,-0.0019161126402000362,3.5149836469808247e-06,-0.0014623566594316791
2012-01-10,0.001271586689787007,8.827353667461337e-05,1.118068398563309e-06,0.001358742158063057
2012-01-11,-0.00046350377908153397,-0.002337037503901646,3.2637699306527515e-06,-0.0028038050529138325
2012-01-12,-6.127399930240854e-05,0.0011134609500263607,2.2754809729861108e-06,0.001049911469750966
2012-01-13,-0.0012202214658435994,-0.0020438634986338624,2.2101313712482533e-06,-0.0032662950958487103
2012-01-16,0.00012146561910093755,0.0,2.9705536369927285e-06,0.00011849506546394482
2012-01-17,0.0016039387235306682,-0.0010105865422885495,6.626502383309482e-06,0.0005867256788588092
2012-01-18,0.0006454944776989093,0.0020696270659389896,1.1005147960947853e-06,0.0027140210288418044
2012-01-19,-0.0006022985957797947,0.0019298677381106612,1.534016724235942e-06,0.0013260351256066305
2012-01-20,0.00024163554563946108,0.0021578294563083206,3.868603856260469e-06,0.0023955963980915214
2012-01-23,0.000817415397141479,-0.00013846484674684143,6.072710097888189e-06,0.0006728778402967494
2012-01-24,-0.002056035095584943,-0.0007261824932432339,3.4650022519170378e-06,-0.0027856825910800944
2012-01-25,0.0012851313747935674,-0.004674179952222959,1.3542171655440908e-06,-0.0033904027945949357
2012-01-26,0.001243685820912125,-0.0032351879151565543,7.426342341034886e-06,-0.001998928436585464
2012-01-27,0.0018535881789719152,-0.0012066505368381647,1.195770416303081e-05,0.0006349799379707197
2012-01-30,0.0004691693457089452,-0.0002337615676919486,4.577415516320162e-06,0.00023083036250067646
2012-01-31,0.00030022253113072734,-0.0005281365089454204,6.305044429236801e-06,-0.0002342190222439299
2012-02-01,0.0007961702166694582,0.0004321906997090204,2.9290573827527965e-06,0.0012254318589957258
2012-02-02,0.0001230774471001782,-0.0004266806219013808,6.052508173086261e-06,-0.0003096556829742889
2012-02-03,-1.4883509341007698e-05,0.0036362929751239358,5.8605837963543125e-06,0.0036155488819865737
2012-02-06,-0.0004539212364055794,-0.0018596271453345963,3.630804539558302e-06,-0.002317179186279734
2012-02-07,0.0008953508597838744,0.002870425599298978,7.5271376600503046e-06,0.003758249321422802
2012-02-08,-0.000779872288431772,0.0004902636677556075,5.729226759250267e-06,-0.0002953378474354147
2012-02-09,-0.0006819585588460544,0.0022183974470196366,9.325720517752327e-06,0.0015271131676558298
2012-02-10,-0.0014443552180021892,-0.0013619958811211907,3.505530597151921e-06,-0.0028098566297205317
2012-02-13,0.0012349162644917028,0.0019108167039054436,5.907395943622781e-06,0.0031398255724535236
2012-02-14,-0.002395155394504681,-0.0008793191654826243,5.907089710133903e-06,-0.003280381649697439
2012-02-15,0.0002257680910747514,-0.0004798231139116953,1.410935153606991e-05,-0.0002681643743730138
2012-02-16,0.0003849402952759178,0.003264430849349424,7.697028319074137e-06,0.0036416741163062677
2012-02-17,-0.0008079341232766165,-0.00032847183324686733,5.948336242543318e-06,-0.001142354292766027
2012-02-20,0.00016481045975930549,-3.932333894221041e-05,7.419425474459497e-06,0.00011806769534263557
2012-02-21,0.0012000591124588821,0.0014979946130593725,7.448189065759826e-06,0.002690605536452495
2012-02-22,-0.0009894330524241306,-0.0024208461953366205,3.685927711265662e-06,-0.003413965175472017
2012-02-23,0.0013083411563028168,-8.930460364262244e-05,4.145590873826347e-06,0.001214890961786368
2012-02-24,-0.0011870894361078628,0.00042720086195661966,3.457266229200486e-06,-0.0007633458403804436
2012-02-27,0.0006310853116392422,-0.003645477322285487,2.949532713575334e-06,-0.0030173415433598205
2012-02-28,0.0005488803181954893,-0.0010709428656112533,5.078483374029164e-06,-0.0005271410307897931
2012-02-29,-0.003721504760660678,0.0030508005297506195,1.3096679415477427e-05,-0.0006838009103255361
2012-03-01,0.0013173862370894419,0.0010548032408472302,2.8009963453473467e-06,0.002369388481591325
2012-03-02,-0.0023937914964196555,-0.0036537128958829697,5.269138423397356e-06,-0.006052773530726022
2012-03-05,0.00039184183119502777,0.003032602209903776,5.0054764204820195e-06,0.003419438564678322
2012-03-06,-0.0018838430956371758,-0.0029943197064827027,4.66208156758134e-06,-0.00488282488368746
2012-03-07,0.00015320229393894953,0.002968113254659014,1.4851037654996143e-05,0.0031064645109429674
2012-03-08,0.0005597619058188067,0.0016847774269817815,1.0902334124588892e-05,0.0022336369986759993
2012-03-09,-0.0010686532901287682,0.0019111390869463096,1.2298816732313772e-05,0.0008301869800852277
2012-03-12,-0.0003296063144435385,7.088867460516295e-05,7.063809030936598e-06,-0.00026578144886931214
2012-03-13,0.000349541669048042,0.003508389457177047,5.71996497252816e-06,0.0038522111612525607
2012-03-14,-0.0037091849301241313,0.011940167873238101,4.295977311218283e-06,0.008226686965802752
2012-03-15,0.002027173843827804,-0.003308296410582917,2.1399847533748098e-05,-0.0013025224142888614
2012-03-16,0.0016942965112436113,0.00020815305962832085,4.934521544564424e-05,0.001853104355426288
2012-03-19,0.0009726546359840807,0.005166235123136655,3.104140383236555e-05,0.00610784835528837
2012-03-20,-0.004432039539336697,0.002254700364178591,1.3176126336843267e-05,-0.0021905153014949493
2012-03-21,0.000625091683326215,-0.005715068991647188,3.048892912873637e-05,-0.00512046623744971
2012-03-22,0.0014470204576536993,-0.00029384947357351406,3.53979519168799e-05,0.0011177730321633053
2012-03-23,0.00297923558195145,-0.005202673208711275,4.201159538160724e-05,-0.0022654492221414325
2012-03-26,0.0016812308820518046,-0.005580404787131916,4.22867827988219e-05,-0.003941460687878933
2012-03-27,-0.0017506654676286012,-0.0028062497130604703,3.906331994923274e-05,-0.004595978500638304
2012-03-28,-0.005033291935095185,0.004513320571466861,3.3081072013738164e-05,-0.000553052435642062
2012-03-29,-0.0008389030683952608,0.0010428809759534129,6.103718856119404e-05,0.000142940718996958
2012-03-30,0.0008164746738888058,-0.003454694493773931,3.970845831715235e-05,-0.002677928278202277
2012-04-02,0.004659384533284812,-0.006385062000878226,3.649552628093687e-05,-0.0017621729938743507
2012-04-03,-0.006145923161113292,0.005469776858623942,2.9293171441349733e-05,-0.0007054394739307
2012-04-04,-0.0035971171214825267,0.00362556498031585,2.6709437986338662e-05,1.7384208469848272e-06
2012-04-05,0.0019042524369262746,-0.002776644308048311,2.0521672387503405e-05,-0.0008929135435095396
2012-04-06,0.003169270932068571,-0.0025915904401047187,2.2984200261082276e-05,0.0005546962917027699
2012-04-09,0.0006579226061378485,0.0002336299567686172,1.4149276754996192e-05,0.0008774032861514695
2012-04-10,0.002796940643140391,0.003174419555622948,1.0118652106977035e-05,0.0059612415466563625
2012-04-11,0.0004291538274439728,0.0003612335240800809,7.616618259355906e-06,0.0007827707332646978
2012-04-12,0.003367024454624979,-0.004530356162741601,1.2014958199866097e-05,-0.001175346666316488
2012-04-13,-0.004345696967920686,0.00434821357336051,7.302632385797728e-06,-4.786026945973435e-06
2012-04-16,0.001085451282079103,0.0020692657913421652,7.115491447359836e-06,0.003147601581973908
2012-04-17,0.0007173868757549376,-0.0020608391580096775,7.102575528227327e-06,-0.001350554857782967
2012-04-18,-0.0017658536778305711,0.0017137358366190998,5.171071083436231e-06,-5.728891229490755e-05
2012-04-19,0.00016147810029953127,-0.001872419841218729,5.1236797623536e-06,-0.0017160654206815511
2012-04-20,0.00029572165513001,-0.0010276397727863222,5.996763698396964e-06,-0.0007379148813547092
2012-04-23,0.0008131842010803787,0.0005952292707614682,4.524274464160019e-06,0.0014038891973776869
2012-04-24,0.00024451805884589993,-0.00037668772497264475,5.674768974328841e-06,-0.00013784443510107366
2012-04-25,0.0009740844638276288,-0.003141228117415555,5.885309927332533e-06,-0.002173028963515259
2012-04-26,0.002714055187116101,-0.0022097293569176774,7.1552167761961216e-06,0.0004971706134222277
2012-04-27,0.002444119866826742,-0.002827496213857356,1.8457772506843507e-05,-0.00040183411953745735
2012-04-30,0.0006992657408602704,-0.0016067178392078169,1.0572328391182282e-05,-0.0009180244267387287
2012-05-01,-0.0007736302607504212,0.0008619936783070104,9.703662821701329e-06,7.865975473488785e-05
2012-05-02,-0.0016175661234671514,0.0035776300745173637,1.1674920150250728e-05,0.0019483890308999616
2012-05-03,-0.0026743277968122366,0.0012037456680633889,8.659505172744749e-06,-0.0014792416339215926
2012-05-04,-0.002075295864998183,0.0019910415829518624,9.953861613016615e-06,-9.420814365933713e-05
2012-05-07,-0.0005168600407994203,-8.871699292980226e-05,1.1219533390428207e-05,-0.0006167965671196508
2012-05-08,-0.002244842092175645,0.0007118997243120691,1.1913298057385414e-05,-0.0015448556659209613
2012-05-09,-0.0014284960002894091,0.0018893811364155432,8.940254772279997e-06,0.00045194488135385407
2012-05-10,-0.00020590191153281473,-0.0012170592848490013,9.739320232812999e-06,-0.0014327005166146292
2012-05-11,-0.001540349546623957,0.0019448482727413348,6.566198980338515e-06,0.0003979325271370394
2012-05-14,-0.0018058732293604125,0.0020466428922396376,6.21274845192969e-06,0.0002345569144272954
2012-05-15,-0.001880319728308346,0.0003874471523150225,8.055774184593975e-06,-0.0015009283501779174
2012-05-16,-0.0023111341018454833,-0.0003011977070253184,6.1499245268686725e-06,-0.0026184817333976705
2012-05-17,0.0009907970977430407,8.981288291731547e-05,6.245922538437776e-06,0.0010743640581219185
2012-05-18,0.00020682419780635507,0.0003326882178620837,6.3831031373005575e-06,0.0005331293125311383
2012-05-21,0.0007449264514217839,-0.002930586663303161,8.803057152707516e-06,-0.0021944632690340843
2012-05-22,-0.0018898230846823801,0.0028796157273263006,2.9685568339340904e-06,0.0009868240858099864
2012-05-23,-0.0010089637236278515,-0.0002748661191534176,6.800157754520229e-06,-0.0012906300005357894
2012-05-24,-0.000286579401927871,0.00043681702839789345,7.53580819320004e-06,0.00014270181827682243
2012-05-25,0.0006704577138031255,-0.0009185640997525396,2.3405582377430043e-06,-0.00025044694418715715
2012-05-28,0.00012456758348196258,-0.00043725787560150485,4.42624667293467e-06,-0.00031711653879247693
2012-05-29,-0.0006315309955598064,-0.00018327518135772498,7.10907528822109e-06,-0.0008219152522057525
2012-05-30,-0.0005825614641247226,-0.0005232216624433393,4.598526222715855e-06,-0.0011103816527907777
2012-05-31,-0.00014128947858583118,1.0144481258049433e-05,2.6755724766292146e-06,-0.00013382056980441097
2012-06-01,0.0008642679936745611,0.0013557691591378346,1.7205606689098606e-05,0.0022028315461232973
2012-06-04,-0.0005278529505624479,9.24933617262295e-05,4.7686150502942225e-06,-0.00044012820388651257
2012-06-05,0.00021154199891551816,8.013909073453477e-05,6.6056857944608165e-06,0.0002850754038555921
2012-06-06,0.0008134380650831657,-0.0009096802219771848,1.0743164734943653e-05,-0.00010698532162896277
2012-06-07,-0.0013782793710965765,-0.0012714060407776051,2.28062604198049e-06,-0.002651966037916162
2012-06-08,-0.00027559136624226,0.00042919170863764834,4.3432956703831886e-06,0.00014925704672500516
2012-06-11,-0.0006639228323643957,0.0005273561449266028,4.825323428177939e-06,-0.00014139201086597078
2012-06-12,0.00033335687215519245,0.0011235821170113576,2.9644835806342815e-06,0.0014539745055859156
2012-06-13,-0.00021703701479960604,-0.0002600910232863457,3.1314207152507337e-06,-0.0004802594588012025
2012-06-14,0.0006327814808622449,-0.0002759993169058024,5.7198432298128635e-06,0.00035106232072662963
2012-06-15,0.0022970284326044913,-0.0016512096227564313,4.09557301073595e-06,0.000641723236837324
2012-06-18,-0.0008341121902455016,-0.001040471070741686,3.7867932138100394e-06,-0.0018783700542009975
2012-06-19,0.000518523415100277,-0.002591200531145421,4.820098099444807e-06,-0.002077497214144589
2012-06-20,-0.0024311980735605004,0.0009514594188462996,3.0683234323216885e-06,-0.0014828069781465225
2012-06-21,-0.00404002710161576,0.002558436673370622,5.941559109699876e-06,-0.0014875319873548377
2012-06-22,0.00028052801443062385,0.00012956616321252088,4.748660868463236e-06,0.00040534551677468147
2012-06-25,0.0010824752738470508,-0.004523557395571269,8.649237134049638e-06,-0.0034497313588582683
2012-06-26,-6.16824541321953e-05,-0.00036035577823141456,3.8480727276571835e-06,-0.000425886305091267
2012-06-27,0.00019272594258519952,-0.0005507162421842065,6.832003814087157e-06,-0.0003648223034130942
2012-06-28,-0.001474001009756596,-0.00012170472318559321,3.6803232318712376e-06,-0.0015993860561740606
2012-06-29,0.004035456369580847,-0.001061697710145258,2.0257012141897865e-06,0.002971732958221399
2012-07-02,0.0008951081819507937,-0.00252018522598753,7.2933037879743865e-06,-0.0016323703478247108
2012-07-03,6.088189104678452e-05,-0.0008573211050866282,1.1754507040438849e-05,-0.0008081937210802825
2012-07-04,-4.920315892665239e-06,-1.7340667772514639e-06,7.116413980204426e-06,-1.3770796650121129e-05
2012-07-05,-0.00014813149696227675,-0.003084266690372913,4.131530295016637e-06,-0.0032365297176302063
2012-07-06,-0.00021290144915329104,0.0010033425941020897,3.264502661631263e-06,0.0007871766422871674
2012-07-09,0.0010435239138809498,-0.0032365494666532243,9.670187846048304e-06,-0.002202695740618323
2012-07-10,-0.0006314080933083328,0.0011038513052060374,6.9214592490306105e-06,0.00046552175264867395
2012-07-11,-0.00019727237025403722,0.0004823264162604318,2.691379078327756e-06,0.0002823626669280669
2012-07-12,3.3409424798053346e-05,-0.0019292628615355362,1.8104321250114123e-06,-0.0018976638688624943
2012-07-13,0.0018528627317201812,-0.0013480804755049622,2.0540404551581208e-06,0.0005027282157600609
2012-07-16,0.001719746012514564,-0.004018213394038883,2.548034870744359e-06,-0.0023010154163950634
2012-07-17,-0.0008523966604536922,0.0009119592374569694,3.3519307992924e-06,5.621064620398477e-05
2012-07-18,0.0008907706451216036,-0.002441155746416031,1.3914531876939165e-05,-0.0015642996331713666
2012-07-19,0.0009709884233763862,-0.0016904471428400652,6.9475692300942855e-06,-0.0007264062886937732
2012-07-20,0.00024057385691932164,-0.001736824672820333,4.96593420341487e-06,-0.0015012167501044264
2012-07-23,-0.000984794709065059,0.003319458832296597,1.8325351265618822e-06,0.0023328315881049762
2012-07-24,0.0002517933144842774,0.0019461943137506674,3.5165153586702904e-06,0.0021944711128762747
2012-07-25,0.0008655890945218986,-0.001837898825860826,4.801909332451558e-06,-0.000977111640671379
2012-07-26,0.0006639085938301419,0.0016228713384233056,1.9724904446232407e-06,0.002284807441808824
2012-07-27,-0.001606321401813253,0.00012380365644849216,6.654131301323788e-06,-0.0014891718766660846
2012-07-30,0.001900895002579458,-0.002913161734749152,4.9472541624203016e-06,-0.0010172139863321144
2012-07-31,-0.0002742839730712788,0.0011739459055256263,1.5427771853520226e-05,0.0008842341606008273
2012-08-01,-0.0025620905245149084,0.00210225994767802,1.5784661608978693e-05,-0.0004756152384458673
2012-08-02,-0.0001936147304340223,0.0011652846609749106,1.1582271775320529e-05,0.0009600876587655678
2012-08-03,0.000109790829089114,-0.0025396270033947945,1.5618048344481096e-05,-0.0024454542226501614
2012-08-06,0.0017438344070891025,-9.815583022029106e-06,1.8298329081876177e-05,0.0017157204949851972
2012-08-07,-0.002351987828192446,0.001688348722815791,2.1030161391383124e-05,-0.0006846692667680379
2012-08-08,-4.607724323697597e-05,-0.001524764085564342,2.5540936159370228e-05,-0.001596382264960688
2012-08-09,-5.5172185232291195e-05,-0.0029784228937959627,4.296425266686296e-05,-0.003076559331695117
2012-08-10,0.002752687771165988,0.0029977911123783927,4.5520694719267774e-05,0.005704958188825113
2012-08-13,-0.001771685236958137,0.005770255008346016,4.1813437873946535e-05,0.003956756333513933
2012-08-14,-0.0038927468499118266,0.0025689517539399225,4.170452375627955e-05,-0.0013654996197281835
2012-08-15,-0.0016905792107664323,-0.0030458540674117972,3.865932810610118e-05,-0.004775092606284331
2012-08-16,9.042907463632048e-05,-0.002809246578899489,3.862389017228087e-05,-0.0027574413944354494
2012-08-17,-0.0010030536805734195,-0.0017013664873550094,2.975073637417133e-05,-0.0027341709043026004
2012-08-20,0.0009175437893811274,-0.0035220948701040764,2.6380222606595237e-05,-0.0026309313033295446
2012-08-21,0.002896764523644656,-0.005234375021842956,1.9386246308048878e-05,-0.0023569967445063486
2012-08-22,0.005401154840028244,-0.0007874493040817811,1.4884999936628653e-05,0.004598820536009834
2012-08-23,0.0034390450428300853,0.0034222805209895447,1.3613355346254524e-05,0.0068477122084733754
2012-08-24,-0.001864709310791572,0.0010248624642093334,1.4218131324751756e-05,-0.0008540649779069903
2012-08-27,0.0007046517901975632,0.0016589570094066516,1.023734353503731e-05,0.0023533714560691776
2012-08-28,0.0001232474374571586,-0.00031289225971648676,7.830681036177235e-06,-0.00019747550329550539
2012-08-29,-0.0013841276817354716,-0.0027820272651927908,6.0580324750382465e-06,-0.0041722129794033004
2012-08-30,0.0010465494088418036,0.0013578520996492332,6.1249222689945195e-06,0.0023982765862220427
2012-08-31,0.005755258279471225,-0.0006751755166888732,5.665573915810363e-06,0.005074417188866542
2012-09-03,0.0,-0.00017666431570844944,3.377424862890082e-06,-0.00018004174057133953
2012-09-04,-0.0011347888280095041,0.00033057314989551773,1.649057873268106e-05,-0.0008207062568466676
2012-09-05,0.00017614027175083058,0.002576076537033836,3.8107253101150105e-06,0.0027484060834745516
2012-09-06,-0.0034101747741449124,-0.003427046181096661,4.118854332904471e-06,-0.006841339809574478
2012-09-07,0.005483292494051754,-0.003133055692524929,1.1777414030915898e-05,0.0023384593874959093
2012-09-10,-0.000591344108332786,0.0036781983296276456,2.2286660118240502e-05,0.003064567561176619
2012-09-11,0.0014476082344075047,-0.0003696831080172238,1.4077386938741235e-05,0.0010638477394515396
2012-09-12,-0.0010223139612333466,-0.0007189346885934811,9.044580664932014e-06,-0.0017502932304917598
2012-09-13,0.004622662002686797,-0.004125605861430563,9.671573742726685e-06,0.00048738456751350667
2012-09-14,-0.004847870353619802,-0.0038883818767988243,6.5812835459975676e-06,-0.008742833513964623
2012-09-16,0.0,-0.000733868301320683,8.85284642415581e-06,-0.0007427211477448387
2012-09-17,-0.0004183870999756108,0.00941091663305701,1.0893436507650496e-05,0.008981636096573748
2012-09-18,0.00032702376910233706,0.0021986183128431796,5.284947115067816e-06,0.002520357134830449
2012-09-19,0.0008035529763123841,0.0005637401055499562,1.0035365184578101e-05,0.0013572577166777622
2012-09-20,0.00032422319524205435,0.0022671793214682785,6.988622819649096e-06,0.002584413893890684
2012-09-21,0.0016394931199572482,-0.00100519260278184,1.0229750527870863e-05,0.0006240707666475373
2012-09-23,0.0,-0.0005526503321437068,6.936672503516622e-06,-0.0005595870046472234
2012-09-24,0.0006700464161264321,0.002111286901332047,5.823700755004984e-06,0.002775509616703474
2012-09-25,0.0014477720262175483,0.0021135248140726976,4.266386696233301e-05,0.0035186329733279125
2012-09-26,0.002348123632338226,0.007172917495897237,4.7102101330032924e-05,0.00947393902690543
2012-09-27,0.0011823751695893077,-0.0027827928443119447,3.5333292601134886e-05,-0.001635750967323772
2012-09-28,-0.0005017601310834853,-0.005787720398648088,2.338789291145169e-05,-0.006312868422643026
2012-09-30,0.0,0.00018956288077590967,1.0742240467833459e-05,0.0001788206403080762
2012-10-01,0.0007341642524892795,-0.0007856328304139881,2.649070762080394e-05,-7.79592855455125e-05
2012-10-02,0.0002587336194717556,9.487684771398014e-05,2.036540188074536e-05,0.0003332450653049904
2012-10-03,-4.77379685875131e-06,0.00453125320836437,1.654818249753907e-05,0.00450993122900808
2012-10-04,-0.0016504042513757742,-0.005786734471632488,1.2761290207131254e-05,-0.007449900013215393
2012-10-05,-0.005080338423280218,0.0031240128015621194,7.759951003760985e-06,-0.00196408557272186
2012-10-08,0.0028906443747257213,0.002119223056927146,1.0992715311246898e-05,0.004998874716341621
2012-10-09,-0.0022359874108439726,0.0013431717429275834,7.883189592941165e-06,-0.0009006988575093304
2012-10-10,0.00079251884025336,0.0019062646364102795,9.570595759462154e-06,0.0026892128809041776
2012-10-11,0.0009407036345257481,-0.006021045527099393,9.002749315195849e-06,-0.005089344641888841
2012-10-12,3.477762321603955e-05,0.004102972100596535,5.2696396340654925e-06,0.004132480084178509
2012-10-14,0.0,0.0001327291407081109,1.3799867155490717e-05,0.00011892927355262018
2012-10-15,-0.0009968964636332411,0.0014060699230505202,8.634836420572857e-06,0.0004005386229967062
2012-10-16,-0.003007460839506409,-0.0019837179202159085,1.05163462994785e-05,-0.005001695106021795
2012-10-17,-0.0055178292247837855,-0.002645942343656263,9.912229022580867e-06,-0.00817368379746263
2012-10-18,-0.0011692221471734747,0.0008158408890255807,9.647324030011139e-06,-0.0003630285821779052
2012-10-19,0.00048344527881612307,0.005634622541101105,1.8085467609616342e-05,0.006099982352307611
2012-10-22,-0.0021986307423381805,0.0004040148878456355,9.6334493004087e-06,-0.0018042493037929539
2012-10-23,0.001065266018167961,0.0042165976464386,1.0266611779325414e-05,0.005271597052827235
2012-10-24,0.0002225132802124994,0.0001298549189676923,7.426488877890166e-06,0.00034494171030230154
2012-10-25,-0.0035444526001889376,-0.0008492154804458968,1.353242543150573e-05,-0.004407200506066341
2012-10-26,0.004859860065505756,-0.00017804794677353964,6.642126751246628e-06,0.0046751699919809694
2012-10-28,0.0,5.164584267730145e-05,1.3139154385338254e-05,3.850668829196319e-05
2012-10-29,0.0011471631142335682,0.0023592559069699802,9.35638638571717e-06,0.0034970626348178315
2012-10-30,-0.000670047578594558,-0.001861216598036316,3.769210414053271e-06,-0.0025350333870449273
2012-10-31,0.0034829909208017595,-0.0007661954041247774,4.654562522921664e-06,0.0027121409541540605
2012-11-01,-0.0004742311445765588,-0.0028052568063512825,3.3458515319529164e-06,-0.0032828338024597946
2012-11-02,-0.0029612060664041435,0.007009007078805606,9.544056160690038e-06,0.004038256956240773
2012-11-04,0.0,-0.00012048608995091328,9.054214638413473e-06,-0.00012954030458932675
2012-11-05,0.002943883839935952,0.00020566034863696883,1.4449923821445124e-05,0.0031350942647514757
2012-11-06,-0.002348222514933731,-0.0052732734475196405,4.939644350803456e-06,-0.007626435606804175
2012-11-07,0.006329632823916355,0.004938641239351768,5.760251694891874e-06,0.011262513811573232
2012-11-08,0.0018607439577818896,9.485432498864321e-05,1.4721780514803724e-05,0.0019408765022557292
2012-11-09,-9.016413870548368e-05,0.0015648186953438254,2.0035339483214076e-05,0.0014546192171551275
2012-11-11,0.0,0.00019945662244964617,1.0070105230083885e-05,0.00018938651721956228
2012-11-12,-0.000940042116997434,0.0034973451298788514,1.115038876991455e-05,0.0025461526241115032
2012-11-13,0.0009237625412514762,0.003040996377586018,9.839684328491254e-06,0.003954919234509003
2012-11-14,-0.001010394238642232,0.0007807393926800339,1.2360922210072674e-05,-0.0002420157681722708
2012-11-15,-0.000499771105968721,0.0017570453686946205,1.1734149008368005e-05,0.0012455401137175315
2012-11-16,0.0010122972964226086,-0.0002814226150736485,1.319004042093941e-05,0.0007176846409280206
2012-11-18,0.0,0.000705882048944891,2.3328098524803104e-05,0.0006825539504200879
2012-11-19,-0.0010690749089431906,-0.007799505998259208,2.155519439813967e-05,-0.008890136101600539
2012-11-20,-0.003222692338457233,0.0008659169597433269,1.991416861744287e-05,-0.0023766895473313486
2012-11-21,-0.002838927153090801,-0.0009168674151979261,1.195401886151324e-05,-0.0037677485871502403
2012-11-22,4.9074934473943394e-05,-4.212033616320068e-05,1.0020172513006829e-05,-3.0655742022641143e-06
2012-11-23,0.0007068520554174947,-0.006140367321699893,6.744607420259938e-06,-0.005440259873702659
2012-11-26,0.0026291595433763147,-0.0004182223752317579,5.8221843434460785e-06,0.0022051149838011107
2012-11-27,0.0015753208712191453,-0.00303762622936952,1.3516813656275721e-05,-0.0014758221718066506
2012-11-28,0.002091225241326098,2.6891209951583974e-05,6.045604767207835e-06,0.0021120708465104743
2012-11-29,0.0002634600123662095,-0.002907179022401533,7.641162134529581e-06,-0.0026513601721698528
2012-11-30,0.0004223357505038287,-0.0013053767002452281,5.395362599116334e-06,-0.0008884363123405158
2012-12-02,0.0,0.0011218274077324471,4.843432480345015e-06,0.0011169839752521022
2012-12-03,-0.0007890689098171085,-0.0023257355915798734,3.075730383844442e-06,-0.0031178802317808263
2012-12-04,0.0012897435040726503,0.000346118232910752,2.004990912701821e-05,0.001615811827856384
2012-12-05,0.0013558792321305543,-0.0006114487369196196,1.8326499388013266e-05,0.0007261039958229214
2012-12-06,0.0008539366356025767,0.0028942388572658338,1.177473289824351e-05,0.003736400759970167
2012-12-07,-0.0028369566956886272,0.0013743646851506744,1.2520307247632635e-05,-0.0014751123177855856
2012-12-09,0.0,0.0001330335505837496,1.2355672140388797e-05,0.00012067787844336081
2012-12-10,0.0010886486726918582,-0.0006980812136145945,1.248470649910225e-05,0.0003780827525781614
2012-12-11,-0.0023115439982268017,0.002063904030778144,9.645607700480535e-06,-0.0002572855751491382
2012-12-12,-0.0034128142542187083,-0.0007835992640720378,2.2049800241902246e-05,-0.004218463318532648
2012-12-13,-0.00333180620790536,0.0033117354875514086,8.044003991617247e-06,-2.811472434556872e-05
2012-12-14,0.002076135414112589,-0.002674683869241889,6.951776909887675e-06,-0.0006055002320391878
2012-12-16,0.0,-0.0002926091844822111,1.6050319849931165e-05,-0.0003086595043321423
2012-12-17,-0.004045820203183821,0.0011550818242067149,1.7534577274906468e-05,-0.0029082729562520124
2012-12-18,-0.0066010496523225045,-9.577610441478975e-05,2.173266853820575e-05,-0.0067185584252755
2012-12-19,0.0009918705820360612,0.0026355889396644785,2.5080641557713114e-05,0.003602378880142827
2012-12-20,-0.0013633048179843847,0.005741961713975377,3.220018083180295e-05,0.00434645671515919
2012-12-21,0.00418823363636261,0.0016472741374032825,2.06990376263614e-05,0.005814808736139531
2012-12-24,-0.0013686427530735122,0.0006639543818655435,1.9129510732740218e-05,-0.0007238178819407088
2012-12-26,-0.000411552403578654,0.0017564107332995787,4.3668304159811774e-05,0.001301190025561113
2012-12-27,0.0031065774744966678,0.0007706298336087402,1.3975338781046596e-05,0.0038632319693243616
2012-12-28,0.0006719194998752665,-2.1368350939396036e-05,3.784644938904973e-05,0.0006127046995468207
2012-12-30,0.0,0.00013432740055374897,1.6155310184138337e-05,0.00011817209036961063
2012-12-31,-0.0011911746902342711,-0.003344809479197473,1.2802452726221567e-05,-0.004548786622157966
2013-01-01,0.0,0.0,1.7942111231640786e-05,-1.7942111231640786e-05
2013-01-02,-0.00406814220666293,0.0003309407884768741,2.57124483875458e-05,-0.0037629138665736016
2013-01-03,-0.003670595315164331,0.004067482922165897,8.63933351140243e-06,0.00038824827349016406
2013-01-04,-0.002166603582461667,0.005213233020974621,2.4342895563868115e-05,0.0030222865429490858
2013-01-06,0.0,2.8475230065791946e-05,1.9730397193354632e-05,8.744832872437314e-06
2013-01-07,0.0006922951616620197,-0.0012746403182067275,1.598402552476355e-05,-0.0005983291820694714
2013-01-08,0.0022619458138566934,-0.0007661550715936634,8.020307820176747e-06,0.0014877704344428532
2013-01-09,0.0014052413920597187,0.0005062595638213345,6.34765601605949e-06,0.0019051532998649937
2013-01-10,-0.0013572828285522156,-0.0042248435648972755,1.201396312544323e-05,-0.0055941403565749346
2013-01-11,-0.00037213693339526745,0.0014144858876805194,1.0034494051998977e-05,0.001032314460233253
2013-01-13,0.0,-0.000819623877355416,1.7401046148341846e-05,-0.0008370249235037579
2013-01-14,0.0014552265641007715,-0.001240784834907553,1.006009080669994e-05,0.00020438163838651857
2013-01-15,0.0007004108192675135,-0.00012579418555139438,5.512216348133304e-06,0.0005691044173679858
2013-01-16,0.00045637721668323385,-0.0012448780257097807,3.825741945519694e-06,-0.0007923265509720666
2013-01-17,-0.002505258477903383,-0.0009624483999126186,4.446652725501799e-06,-0.003472153530541503
2013-01-18,0.0014356584564073809,-0.0007272285052834576,9.862811485698424e-06,0.0006985671396382249
2013-01-21,3.5210793827431706e-06,-0.0001594150168102075,1.3221298077232641e-05,-0.00016911523550469694
2013-01-22,0.0022226841303630922,-0.0005875952398177505,8.333379895991052e-06,0.0016267555106493506
2013-01-23,-0.0007943259108529971,0.0015038700814267217,3.27825489893561e-06,0.000706265915674789
2013-01-24,-0.0005227736237315385,0.0011291565347108284,6.105076564661354e-06,0.0006002778344146286
2013-01-25,-0.006009451145008583,-0.00026234104308814945,2.5688055443858816e-06,-0.006274360993641119
2013-01-27,0.0,-0.00023346093514686604,1.6865991489301666e-05,-0.0002503269266361677
2013-01-28,-0.0008963599147349868,-0.0015289216642116808,4.052742127022869e-05,-0.002465809000216896
2013-01-29,0.001636170927643697,-0.0009609185480286364,1.0394633642281051e-05,0.0006648577459727796
2013-01-30,0.0011833264874300871,-0.002895521100572513,8.856774977936096e-06,-0.0017210513881203617
2013-01-31,0.0006188553614019549,9.50770142518514e-05,1.2655657523069446e-05,0.0007012767181307368
2013-02-01,-0.00039979065686074415,-0.0015040966393384358,9.358064462119693e-06,-0.0019132453606612997
2013-02-03,0.0,-3.901231830051391e-05,5.054161580499331e-06,-4.406647988101324e-05
2013-02-04,0.001484812938497387,0.0030470867599063194,7.537867993584947e-06,0.004524361830410121
2013-02-05,-0.0013823241350467493,-0.0009086205351032323,7.927545262675425e-06,-0.002298872215412657
2013-02-06,0.001876776060825265,0.0030683784533192234,1.7099403851724635e-05,0.004928055110292764
2013-02-07,-0.000397162719176506,0.00370652948491793,6.4752713657863895e-06,0.0033028914943756377
2013-02-08,-0.0013730240270844493,0.0006062504633636162,5.637975120895711e-06,-0.0007724115388417288
2013-02-10,0.0,-0.00010492674051778357,6.5701574747553915e-06,-0.00011149689799253896
2013-02-11,-0.0007221898282792857,0.0019685626014698645,5.143625790837802e-06,0.001241229147399741
2013-02-12,-0.0013399532233600883,-0.001226338483621206,3.42894288329186e-06,-0.0025697206498645864
2013-02-13,-0.0018797509548425587,0.00039200704894300947,3.2693315283396613e-06,-0.0014910132374278888
2013-02-14,0.0019472420756091362,0.0004258498191662762,4.8638854561452195e-06,0.002368228009319267
2013-02-15,-0.0011651537247158224,0.0011204414728445702,2.8971150765651453e-06,-4.760936694781744e-05
2013-02-17,0.0,0.0,6.980615201987205e-06,-6.980615201987205e-06
2013-02-18,0.0,-0.00010057416746139789,5.3421727431255356e-06,-0.00010591634020452343
2013-02-19,-0.00047203396052367504,0.0003461535592269086,4.614480136812017e-06,-0.00013049488143357848
2013-02-20,-0.00012672628220706655,0.0035598624722787808,5.6674964008773e-06,0.003427468693670837
2013-02-21,0.0005910658637950374,0.005277331674417247,7.281386555379592e-06,0.005861116151656905
2013-02-22,0.0002707624172532972,-0.0005257273660013819,9.010078828555601e-06,-0.0002639750275766403
2013-02-24,0.0,0.0003998505288188532,7.847963189620455e-06,0.00039200256562923276
2013-02-25,0.0024480437184847175,0.0023469136555050755,2.659347290461398e-06,0.0047922980266993315
2013-02-26,0.0008455416114300617,-0.00044690205821645677,8.712367786788072e-06,0.0003899271854268169
2013-02-27,-0.0004076169475473586,-0.0013775122137674582,7.458389291307501e-06,-0.0017925875506061243
2013-02-28,0.00035594106087905497,0.0004501486533836492,7.519820810546423e-06,0.0007985698934521578
2013-03-01,-2.3407289651513306e-05,0.00034569480019695147,6.385594479429576e-06,0.0003159019160660086
2013-03-03,0.0,0.00029040809949008406,3.995795151663057e-06,0.000286412304338421
2013-03-04,-0.00012034809930956079,0.000977037354329818,4.222688471428249e-06,0.000852466566548829
2013-03-05,-0.0003311332462163376,-0.0006727497131982711,2.7730516395082716e-06,-0.001006656011054117
2013-03-06,-0.002032138506023468,0.002917001266968868,5.139371862733794e-06,0.0008797233890826659
2013-03-07,-0.001986938065595512,-0.001265544532512638,4.808804221213696e-06,-0.0032572914023293637
2013-03-08,-0.0019646683331035262,-0.00017484637418511392,5.975654976457443e-06,-0.0021454903622650976
2013-03-10,0.0,0.00016036424705717905,1.0701768624414402e-05,0.00014966247843276466
2013-03-11,-0.0003011965317339581,-0.0015237728621016406,9.205087071776009e-06,-0.0018341744809073747
2013-03-12,0.0007262962271696635,-0.0006756562429425794,3.655725841020889e-06,4.6984258386063165e-05
2013-03-13,-0.0006892966099467554,0.0009044063310532724,3.872936180520235e-06,0.00021123678492599682
2013-03-14,0.00015541797194269354,-0.0016522258070063517,6.772331113854808e-06,-0.001503580166177513
2013-03-15,0.002105022816566814,-0.001135203064600967,8.88152223716361e-06,0.0009609382297286834
2013-03-17,0.0,0.0006141369393398743,6.090871061191686e-06,0.0006080460682786826
2013-03-18,0.0008838618021275177,0.0010267229752779715,1.4008515107730032e-05,0.0018965762622977593
2013-03-19,0.001132226786482067,0.001023403193472995,3.523311774961791e-06,0.0021521066681801
2013-03-20,-0.0004905589268317935,-0.0017719602639019699,8.212154166921257e-06,-0.002270731344900684
2013-03-21,6.706360584144063e-05,0.0004507275739898542,1.0583998959808317e-05,0.0005072071808714865
2013-03-22,0.00041352700354545637,-0.0017208375393031302,5.663287459870803e-06,-0.0013129738232175445
2013-03-24,0.0,-4.788038798347319e-05,5.781814362723925e-06,-5.366220234619712e-05
2013-03-25,0.0012391444400401698,3.961687292755069e-06,4.702668180401486e-06,0.0012384034591525234
2013-03-26,0.0006755328686175693,-0.0003357039149230115,4.258040437877482e-06,0.00033557091325668034
2013-03-27,0.0017122944061780305,-0.0006031113244411912,1.2684546772340545e-05,0.0010964985349644987
2013-03-28,-0.0016407045715138462,0.004792648594944747,4.458624805303541e-06,0.003147485398625597
2013-03-31,-3.4555042255281413e-06,0.0005722076297283564,9.17341036410453e-06,0.0005595787151387237
2013-04-01,0.0007238351778352482,-4.156899663918483e-06,1.3575313892462134e-05,0.0007061029642788676
2013-04-02,-0.0006485285602569571,6.683548387342864e-05,3.6168248820631396e-06,-0.0005853099012655917
2013-04-03,0.0010466277784827488,0.0013687085714431196,6.033572469945058e-06,0.0024093027774559233
2013-04-04,0.0004045991161441178,-6.558353455591537e-05,6.022663278749378e-06,0.00033299291830945306
2013-04-05,0.0005796512203666172,-0.0008763224226070006,1.3107466296022599e-05,-0.000309778668536406
2013-04-07,0.0,0.0001948164727681637,1.1973940462246723e-05,0.00018284253230591696
2013-04-08,-0.0004984596349209625,-0.0009619615738117142,6.735929747359776e-06,-0.0014671571384800364
2013-04-09,0.0004213589568274401,-0.0033649716721199773,6.03596531689721e-06,-0.0029496486806094347
2013-04-10,-0.0008874587625716659,-6.559556517423959e-05,1.453441790738413e-05,-0.0009675887456532896
2013-04-11,-0.00020143529157803775,-0.0006066947046650467,7.3179920799878876e-06,-0.0008154479883230723
2013-04-12,0.0017371707362127012,0.0014450670745735242,1.523324291108441e-05,0.003167004567875141
2013-04-14,0.0,0.001428606026974531,8.34115876213407e-06,0.0014202648682123968
2013-04-15,-0.000858882712117237,0.00565330917545628,9.271416041011209e-06,0.004785155047298032
2013-04-16,0.0002523193881397479,-0.002831214153983977,8.390253135596176e-06,-0.0025872850189798255
2013-04-17,1.5452949774821433e-05,0.004676169047028113,1.1711138711494236e-05,0.004679910858091441
2013-04-18,8.325267885662111e-06,0.0015386066463773207,6.753672079827789e-06,0.001540178242183155
2013-04-19,-0.0007276874375448458,-0.0015254166751845328,7.994422118100434e-06,-0.002261098534847479
2013-04-21,0.0,0.0005493862571430911,4.566751093503902e-06,0.0005448195060495872
2013-04-22,0.0003284749540591591,0.0002821850612143974,4.915827080314036e-06,0.0006057441881932424
2013-04-23,-0.0004858889433587108,0.0003670198877178788,2.319018351880869e-06,-0.00012118807399271283
2013-04-24,0.00012837563322510518,-0.0015418923452327174,5.265264063872303e-06,-0.0014187819760714845
2013-04-25,0.0011473766220394443,-0.002174708872907341,3.3813189298401013e-06,-0.0010307135697977367
2013-04-26,0.0015080872047816673,0.001011261522647451,3.774524044865697e-06,0.002515574203384252
2013-04-28,0.0,0.00022442043547976707,5.0286373853334235e-06,0.00021939179809443365
2013-04-29,0.0016674704442671726,-0.003507833093141579,8.634396371528968e-06,-0.0018489970452459355
2013-04-30,0.0002465313833584873,-0.0008880793508380701,5.016817604523815e-06,-0.0006465647850841067
2013-05-01,0.0007126148697050899,0.0006183039219097668,6.6212139706533875e-06,0.0013242975776442034
2013-05-02,0.00036975460699409943,-9.908367036004138e-05,4.159271599755499e-06,0.00026651166503430257
2013-05-03,-0.0035164067478092123,-0.0026162468691502605,4.779493580979505e-06,-0.006137433110540453
2013-05-05,0.0,0.000128128523585638,8.447015225761646e-06,0.00011968150835987637
2013-05-06,-0.0011120135343230704,0.0015783521142884135,1.6985616132865865e-05,0.0004493529638324772
2013-05-07,-0.0005973379446981614,0.00023611503512572683,5.788728714261991e-06,-0.00036701163828669654
2013-05-08,0.000972865417647717,-0.0012242333607344487,4.77359438982565e-06,-0.00025614153747655733
2013-05-09,-0.0012576427826282127,0.0003636437497053448,1.0573075461691964e-05,-0.0009045721083845599
2013-05-10,-0.004252951200892231,0.001510448694448649,3.858978323782496e-06,-0.002746361484767365
2013-05-12,0.0,-0.00020492752807462752,5.770589069892868e-06,-0.0002106981171445204
2013-05-13,-0.0008008284203880303,-0.00010986000929369763,9.026367071887974e-06,-0.0009197147967536159
2013-05-14,-0.0011546371937865268,0.0012620498440409275,7.390123129174327e-06,0.00010002252712522643
2013-05-15,-0.0005376718497603081,0.0012952438627094644,7.596152130890409e-06,0.0007499758608182659
2013-05-16,0.002418688518777762,-0.0005089056324165858,6.146457263772069e-06,0.0019036364290974043
2013-05-17,-0.00446333422141663,0.00023095958607963408,3.81676093493549e-06,-0.004236191396271931
2013-05-19,0.0,0.0004598660307680542,1.2739173530406805e-05,0.0004471268572376474
2013-05-20,0.0014094413954737026,-0.0023260432950423376,3.129652536646875e-05,-0.0009478984249351038
2013-05-21,-7.60819186537486e-05,0.0009418502867610951,7.49646013383563e-06,0.0008582719079735108
2013-05-22,-0.003692002273422315,0.0014644815362719354,6.601823411592013e-06,-0.0022341225605619717
2013-05-23,0.002773038411965541,0.00017044588695832398,7.115911379751289e-06,0.0029363683875441135
2013-05-24,0.0010745470046501211,-0.0009748098614215431,9.318108594321453e-06,9.041903463425655e-05
2013-05-26,0.0,0.0004216580132425211,5.874921319245323e-06,0.00041578309192327577
2013-05-27,0.0,0.0,4.240098284624665e-06,-4.240098284624665e-06
2013-05-28,-0.005549353992706378,-0.001569684850961376,3.4312609227253092e-06,-0.007122470104590479
2013-05-29,0.0017698650932983975,-0.0016030878624924173,5.59447973801531e-06,0.00016118275106796482
2013-05-30,0.0010492482028018808,-0.002686059486419152,4.4717275441569115e-05,-0.0016815285590588405
2013-05-31,-0.002201810196797983,0.003261392228030483,8.630592596645117e-06,0.001050951438635855
2013-06-02,0.0,-0.0002166104615460048,8.825220105240567e-06,-0.0002254356816512454
2013-06-03,0.004001722332187243,-0.003467699933558837,8.775015946273514e-06,0.0005252473826821327
2013-06-04,-0.001902566514510137,0.0015109665663357525,1.7881399790786438e-05,-0.000409481347965171
2013-06-05,0.0017239285814534897,0.0010169044976830637,1.27684962686942e-05,0.002728064582867859
2013-06-06,0.0033304810024062715,-0.0030966178257320655,1.2413358021671315e-05,0.00022144981865253473
2013-06-07,-0.004658178938348738,-0.0006149265447929154,1.3430175143776593e-05,-0.00528653565828543
2013-06-09,0.0,0.0009845039163376662,1.2957453651902205e-05,0.0009715464626857639
2013-06-10,-0.002873568175442924,0.0005261817465756562,1.397514494127456e-05,-0.0023613615738085425
2013-06-11,0.0009390332246616097,-2.215938618845394e-05,6.3410650643754995e-06,0.0009105327734087802
2013-06-12,-0.00035596955723760744,0.003676935615254884,1.329470452699745e-05,0.003307671353490279
2013-06-13,0.0019762153610939272,-0.0014579766023423346,1.0049056980813771e-05,0.0005081897017707789
2013-06-14,0.0049172341817288285,2.1239564697869917e-05,9.49983141479333e-06,0.004928973915011905
2013-06-16,0.0,0.00032323597698269944,5.788186777578795e-05,0.0002653541092069115
2013-06-17,-0.0016757494786074625,-0.0012353878056429075,0.00015108513710089885,-0.003062222421351269
2013-06-18,-0.001060868017374908,-0.0035012404990247235,0.00010484904956490417,-0.004666957565964536
2013-06-19,-0.008885996621027459,0.004913031481185751,0.00011806967433883829,-0.004091034814180546
2013-06-20,-0.024533987294943858,0.016967589410379947,3.3308712741478325e-05,-0.007599706597305389
2013-06-21,-0.006271259380226405,0.0023325546773932167,5.51129646814074e-05,-0.003993817667514596
2013-06-23,0.0,0.0004487863174321918,4.960263567130962e-05,0.0003991836817608822
2013-06-24,-0.005407277381818168,0.010315693124486998,9.847954809066412e-06,0.004898567787859764
2013-06-25,-0.0008129661274638301,-0.0016964149065672165,1.7991367387012577e-05,-0.0025273724014180593
2013-06-26,-0.0006941380789005035,0.003890923289890041,1.90501910575905e-05,0.003177735019931947
2013-06-27,0.0028937305222408276,0.00039290406912449396,2.3520495567327983e-05,0.0032631140957979934
2013-06-28,0.00023066155365798752,0.012183018890538433,4.1996558881312515e-05,0.012371683885315109
2013-06-30,0.0,0.0007895841469668574,4.423159404797329e-05,0.0007453525529188841
2013-07-01,0.0024796925210208796,-0.006480616355704067,4.0301722800907166e-05,-0.004041225557484094
2013-07-02,0.00028246298956121426,0.0038035854176765643,2.259272621515461e-05,0.004063455681022623
2013-07-03,-0.00023630979127688427,-0.005368104486536411,2.689699627311682e-05,-0.005631311274086412
2013-07-04,0.0,0.001426515870489268,2.0225217520410667e-05,0.0014062906529688573
2013-07-05,-0.015272814501994685,0.018926457247364095,2.4437552676073174e-05,0.0036292051926933373
2013-07-07,0.0,0.002413923667374329,2.457528105856115e-05,0.002389348386315768
2013-07-08,0.006945301313402159,-0.0051613612684685405,6.786599274769145e-05,0.0017160740521859274
2013-07-09,0.0030928209270243583,-0.004638851541324916,2.358031612976142e-05,-0.0015696109304303189
2013-07-10,-0.0005231409129096495,-0.005875630551665347,1.903603016326927e-05,-0.006417807494738266
2013-07-11,0.0100883352808761,-0.01627404255973614,2.0767668396301607e-05,-0.006206474947256339
2013-07-12,-0.001497140494793278,0.00800646004754874,2.4164256345285074e-05,0.006485155296410175
2013-07-14,0.0,0.0002799354755894748,2.9222898516056672e-05,0.0002507125770734181
2013-07-15,0.0030388935469249116,0.0006748702782542745,2.1658869685175348e-05,0.0036921049554940106
2013-07-16,0.0013175687020635617,-0.007312033048490919,1.1996513664453937e-05,-0.006006460860091811
2013-07-17,0.001784516730649216,0.004904050779514687,1.401977328045534e-05,0.006674547736883449
2013-07-18,-0.00021729556386203264,0.0030563943197241157,1.2251839333697212e-05,0.002826846916528386
2013-07-19,0.0030373819612740487,-0.0019064717619184757,9.952923762672769e-06,0.0011209572755929002
2013-07-21,0.0,-0.0015121179852854551,4.998109012878102e-06,-0.0015171160942983332
2013-07-22,0.0030813513915372787,-0.0026735793013936858,4.603230397164454e-06,0.0004031688597464285
2013-07-23,-0.0009508106896182903,0.004061875719052547,9.675084653882428e-06,0.0031013899447803746
2013-07-24,-0.0048885267208987875,0.0019776571909126397,9.625866861719866e-06,-0.002920495396847868
2013-07-25,0.0003188933476634451,-0.0002593007587949584,8.545351239565794e-06,5.1047237628920916e-05
2013-07-26,0.002020438859086862,0.0007506749900794699,4.386787224050023e-06,0.0027667270619422817
2013-07-28,0.0,0.0007285678125721084,9.111021120652405e-06,0.000719456791451456
2013-07-29,-0.0007654407706022297,0.00029570221459480873,6.873130896944732e-06,-0.00047661168690436574
2013-07-30,-0.0012754580316543147,0.002751998572234594,6.524839104317757e-06,0.0014700157014759618
2013-07-31,-0.00017844406698853165,-0.004894508988385507,6.200281599931482e-06,-0.00507915333697397
2013-08-01,-0.003777724920260461,0.004796185452498169,7.300583004132387e-06,0.0010111599492335756
2013-08-02,0.006042852485916051,-0.003743930885365466,7.854203097586222e-06,0.0022910673974529984
2013-08-04,0.0,-0.0002580656890562821,2.0224009019748288e-05,-0.0002782896980760304
2013-08-05,-0.002328182730162192,0.001484570303204416,1.8429424804325325e-05,-0.0008620418517621012
2013-08-06,-0.0020965780930279586,0.00010048510359914013,5.72938342968233e-06,-0.002001822372858501
2013-08-07,0.0007673842972510186,-0.001221657543901112,5.6810178474182254e-06,-0.0004599542644975116
2013-08-08,0.0019071391580570674,-0.006012428091324898,7.050266333005866e-06,-0.004112339199600837
2013-08-09,0.0006389009226059113,0.0009658954916228934,6.999949836347521e-06,0.0015977964643924573
2013-08-11,0.0,0.00018408831436992932,1.0171132715714808e-05,0.0001739171816542145
2013-08-12,0.0006738690925642851,-0.0027508542130458627,5.662358683638304e-06,-0.002082647479165216
2013-08-13,-0.0036235518870088666,0.0051162320368274465,4.240779031612158e-06,0.0014884393707869678
2013-08-14,8.518884910998673e-05,-0.0017495266814191424,7.481143792151799e-06,-0.0016718189761013075
2013-08-15,-0.00017541551875276752,-0.0031339842663635313,1.0906700507933148e-05,-0.003320306485624232
2013-08-16,-0.001552699949822572,0.0007300155472662942,4.00382238671828e-06,-0.0008266882249429961
2013-08-18,0.0,-0.00022739449398805203,8.702089901347169e-06,-0.0002360965838893992
2013-08-19,-0.0018223297816669466,-0.002576817379996591,5.181755696305305e-06,-0.0044043289173598425
2013-08-20,0.001770853727244688,-0.0008141088946162037,6.0849596013887564e-06,0.0009506598730270956
2013-08-21,-0.0030748469930736936,0.001150385938535443,4.7985263533365805e-06,-0.0019292595808915872
2013-08-22,-0.0003088645737745881,0.004333380550569039,7.644868651282415e-06,0.004016871108143168
2013-08-23,0.005305712570182933,-0.004168302956565779,8.694347808056864e-06,0.0011287152658090965
2013-08-25,0.0,-0.0004687145955489314,1.527871293244993e-05,-0.00048399330848138133
2013-08-26,0.0005149976331760189,-0.004244626941665809,7.933675985032588e-06,-0.0037375629844748227
2013-08-27,0.004306664053665029,0.0006957578336825646,4.938405683126241e-06,0.0049974834816644675
2013-08-28,-0.0008198997127805245,0.0036616455676494195,6.398998739457094e-06,0.002835346856129438
2013-08-29,-5.3332786465289334e-05,0.001354476950075712,1.209798923735273e-05,0.0012890461743730699
2013-08-30,-0.0025386284616809706,0.0025054241589332706,9.123132535085399e-06,-4.232743528278536e-05
2013-09-01,0.0,0.0009351363452115449,1.0025523074812925e-05,0.000925110822136732
2013-09-02,0.0,-0.002276036096988591,1.2517022310835619e-05,-0.0022885531192994267
2013-09-03,-0.00027834600389999595,0.00195462827887085,7.097522160627866e-06,0.0016691847528102263
2013-09-04,-0.002876811772469793,0.006619986990004067,9.824506934953372e-06,0.0037333507105993206
2013-09-05,-0.004462486260285551,0.004633640654298719,4.929053329153159e-05,0.0001218638607216366
2013-09-06,0.005534259494057332,-0.007186617542497491,5.799985037780958e-05,-0.0017103578988179682
2013-09-08,0.0,-0.0006151515111042125,3.413995685520693e-05,-0.0006492914679594195
2013-09-09,0.004363628469936337,-0.0015939580013667857,4.156993401746611e-05,0.002728100534552085
2013-09-10,-0.005741537561699177,0.0013562563273395282,1.0409581325549779e-05,-0.004395690815685199
2013-09-11,0.003328816691153434,-0.003435869814134653,1.1784485652866763e-05,-0.00011883760863408591
2013-09-12,-0.004031239735561234,0.0020137733510931575,1.1142145078724915e-05,-0.0020286085295468017
2013-09-13,-0.0023630419518906234,0.00348782561176341,1.2504874868981172e-05,0.0011122787850038054
2013-09-15,0.0,-0.0030304853289643907,1.2009374953323062e-05,-0.003042494703917714
2013-09-16,0.0031391477800158593,-0.0014107366611630177,5.31440944559418e-06,0.0017230967094072475
2013-09-17,0.001051303967938504,-0.002070991221909276,5.22163196343034e-06,-0.0010249088859342022
2013-09-18,0.014209380484604255,-0.010782341768710638,1.6638195029400533e-05,0.003410400520864217
2013-09-19,0.004787239396448325,-0.008585221381153774,1.6754895484341975e-05,-0.003814736880189791
2013-09-20,-0.0074522670123479875,0.007063809983763152,2.9408405302661374e-05,-0.0004178654338874964
2013-09-22,0.0,0.000746428196491347,3.480255442071022e-05,0.0007116256420706368
2013-09-23,-0.0018340467325089881,0.00017930447471381614,1.7344649219191812e-05,-0.0016720869070143637
2013-09-24,0.0015751330546291526,0.0016855903497903393,1.1776812516144915e-05,0.003248946591903347
2013-09-25,0.0023785951773194662,-0.003392588489138025,1.2433523811898337e-05,-0.0010264268356304572
2013-09-26,-5.27153040476183e-07,-0.0024843211089327103,1.2122809817718509e-05,-0.002496971071790905
2013-09-27,0.0018978358614735605,-0.0002186993187060575,1.1581534785806552e-05,0.0016675550079816963
2013-09-29,0.0,-0.0006460227118967991,1.2348535029526621e-05,-0.0006583712469263258
2013-09-30,-0.0032434912759066207,0.0043027930604019665,8.938283348782271e-06,0.0010503635011465634
2013-10-01,-0.0007364264404820407,0.0006054120558386792,9.602815062251924e-06,-0.0001406171997056134
2013-10-02,0.0036972088879187064,-0.0025156913433988445,9.964145476008877e-06,0.001171553399043853
2013-10-03,-0.0029115653342436268,0.000407194823882277,1.1252780248215748e-05,-0.0025156232906095653
2013-10-04,0.0007937237985705159,-0.0007669832961014216,8.822892677751415e-06,1.7917609791342836e-05
2013-10-06,0.0,-0.001803260535642535,1.226218054078155e-05,-0.0018155227161833166
2013-10-07,-0.0012827928779251237,-0.001823659293899249,1.0646433460209704e-05,-0.003117098605284582
2013-10-08,-0.003618866345206796,0.004417299763217795,6.602358647885745e-06,0.0007918310593631132
2013-10-09,-0.004945370461829651,0.0022223401770712146,9.187308277847506e-06,-0.002732217593036284
2013-10-10,0.003704870213376171,0.0026881329363376946,1.8421635910674045e-05,0.006374581513803192
2013-10-11,0.0004729453749049207,0.0022364946596132723,9.08727430760697e-06,0.002700352760210586
2013-10-13,0.0,0.0005947327080109107,1.5965887252030235e-05,0.0005787668207588804
2013-10-14,-0.0007179294037638273,-0.004489091160099377,7.162151348620441e-06,-0.005214182715211824
2013-10-15,-0.0005838836701198831,-3.61005744863911e-05,5.656230071859451e-06,-0.0006256404746781337
2013-10-16,0.0040898785944198015,-0.0019015497981944693,9.139969052465006e-06,0.002179188827172867
2013-10-17,0.00907494928776568,-0.0034212434261726102,5.246785006389476e-06,0.00564845907658668
2013-10-18,0.002921442274465452,-0.0027773868108265276,1.100512894180996e-05,0.0001330503346971143
2013-10-20,0.0,-0.0007551940039528691,1.8473813008155814e-05,-0.0007736678169610249
2013-10-21,-0.0015123389895188688,-0.0011109067875138524,9.524980339510576e-06,-0.0026327707573722313
2013-10-22,0.005912255661592864,0.0004956402531614716,6.468393699494156e-06,0.006401427521054841
2013-10-23,-0.0026296030938598395,-0.002247865962166659,5.8141685178658695e-06,-0.004883283224544364
2013-10-24,0.0020639714345120886,0.0018392865993657572,1.0994780008545421e-05,0.0038922632538693
2013-10-25,0.001509004210590235,0.004375335907882199,1.1540903532745743e-05,0.005872799214939688
2013-10-27,0.0,-0.0014496436937306624,7.476924695000938e-06,-0.0014571206184256632
2013-10-28,-0.0004430895705622275,0.00483652473702055,7.537057364943561e-06,0.0043858981090933785
2013-10-29,-0.00040047145931112555,-0.0016067105861269262,5.130692278545685e-06,-0.0020123127377165975
2013-10-30,-0.0019643403804185102,-0.0015173198805991882,6.7151288538618e-06,-0.00348837538987156
2013-10-31,-0.0033323712147686254,0.005611599397314617,5.419122167804268e-06,0.0022738090603781876
2013-11-01,-0.0043806263228800095,0.00354845282405573,1.3450160276831519e-05,-0.000845623659101111
2013-11-03,0.0,0.0013206342281378736,1.7244952671799405e-05,0.0013033892754660743
2013-11-04,0.001342651996994698,-0.0003996402061009146,1.2737666190560296e-05,0.0009302741247032231
2013-11-05,-0.0024476265667573004,0.0019396728995551516,5.736148420898507e-06,-0.0005136898156230473
2013-11-06,0.001771042960706879,0.002426449879463437,7.632195372037649e-06,0.004189860644798278
2013-11-07,-0.0027949625513332133,0.0003027104869494087,1.0218192497476243e-05,-0.0025024702568812807
2013-11-08,-0.0030399718806607017,-0.001110790289725383,9.015756345317276e-06,-0.004159777926731402
2013-11-10,0.0,-0.0006109935635886677,1.1664841792096016e-05,-0.0006226584053807637
2013-11-11,-0.0010631697258840665,-0.002692933450168945,1.5699052983717115e-05,-0.0037718022290367283
2013-11-12,-0.0024643460057622866,0.0033841395188259705,4.3808772548999045e-06,0.000915412635808784
2013-11-13,0.005224707011436111,0.001946450588465867,4.9497133094770135e-06,0.007166207886592501
2013-11-14,0.0030099483030990174,0.00043080479004500795,1.2415305384445664e-05,0.00342833778775958
2013-11-15,0.0007430460035504902,0.0081020892825359,2.8966100433444232e-05,0.008816169185652947
2013-11-17,0.0,-0.0019913970748441333,2.0146054651368978e-05,-0.002011543129495502
2013-11-18,-0.0020302905560097037,0.0042655821802752535,2.2308470786439188e-05,0.0022129831534791105
2013-11-19,-0.001736491931307373,-0.0019764569403563294,1.6058355471535434e-05,-0.0037290072271352376
2013-11-20,-0.005973613488325853,0.0004288483881292652,1.6348161269835136e-05,-0.005561113261466423
2013-11-21,0.00395945068972778,-0.004209533496430835,1.5711224981334733e-05,-0.0002657940316843902
2013-11-22,0.002876758252668628,-0.0025231315591437422,1.8116914389028556e-05,0.00033550977913585707
2013-11-24,0.0,-0.004351249686611141,1.2036582627835613e-05,-0.004363286269238977
2013-11-25,1.179312978058988e-05,0.002317819209528672,1.1813494774917018e-05,0.0023177988445343446
2013-11-26,0.0033848614630247057,0.0038463869298286666,1.302836872082587e-05,0.007218220024132547
2013-11-27,-0.00011489884899057586,0.0004076813994857148,8.61136419079445e-06,0.0002841711863043445
2013-11-28,0.0016216503898532834,-0.0008207232850731065,2.1396456898996098e-05,0.0007795306478811808
2013-11-29,0.0006564572061326597,-0.001424503140974927,5.323706213547148e-06,-0.0007733696410558144
2013-12-01,0.0,0.0002685242367156785,7.694837593258394e-05,0.00019157586078309455
2013-12-02,-0.005536350771083809,0.00223112476688629,6.668831705793245e-05,-0.003371914321255452
2013-12-03,0.00142483924404936,-0.0030833768764338635,5.0673659503903184e-05,-0.0017092112918884067
2013-12-04,-0.00127155155048282,-0.005126218150165086,3.391440837813156e-05,-0.006431684109026037
2013-12-05,-0.0017150657362019982,0.0025877990006569936,2.956621109425327e-05,0.0008431670533607421
2013-12-06,0.0012887524954981527,-0.0008867618475126857,1.369442198046449e-05,0.0003882962260050025
2013-12-08,0.0,-0.0003361570110588642,7.683135971779428e-06,-0.0003438401470306436
2013-12-09,0.001705124311150029,-0.0030484712524755362,1.101895760935196e-05,-0.0013543658989348592
2013-12-10,0.0021964158156040046,-0.00023938877005079954,7.471612846052862e-06,0.0019495554327071522
2013-12-11,-0.004502372915659875,0.0006932682814773576,8.285809930939874e-06,-0.0038173904441134577
2013-12-12,-0.0031196915498094935,0.004266469650687053,9.698739522058267e-06,0.0011370793613555013
2013-12-13,0.0006277932020890733,0.003012748359890587,1.2335389010193988e-05,0.0036282061729694666
2013-12-15,0.0,-0.0007127888253335188,2.774147431262865e-05,-0.0007405302996461474
2013-12-16,0.0010203541508829372,-0.000993000234254041,8.510306868702903e-06,1.8843609760193288e-05
2013-12-17,-8.947639922334471e-05,-0.0015479425536091542,6.0838222192515784e-06,-0.0016435027750517505
2013-12-18,0.0016435570437733213,0.001248001914735686,5.017164960439978e-06,0.0028865417935485674
2013-12-19,-0.004014938732653434,0.0033430817472541517,7.570312536152307e-06,-0.0006794272979354342
2013-12-20,0.0039310459542866005,-0.0015421145845635285,1.3458359393793489e-05,0.0023754730103292786
2013-12-22,0.0,0.00012182945928282884,4.521497705463396e-05,7.661448222819487e-05
2013-12-23,0.0003926464400705581,0.0011463359769322845,9.420073736196813e-06,0.0015295623432666457
2013-12-24,-0.0013310450429763613,-0.0016467801033693075,5.366368996673159e-06,-0.002983191515342342
2013-12-25,0.0,-0.0008201449110815429,6.361082300582923e-06,-0.0008265059933821257
2013-12-26,0.00033699750203002943,0.004797618523064637,7.760001458939015e-06,0.005126856023635727
2013-12-27,-0.00034370407322724085,-0.0018917955370105616,1.0673597922440746e-05,-0.002246173208160243
2013-12-29,0.0,0.0,1.0860336661670871e-05,-1.0860336661670871e-05
2013-12-30,0.0004009919035764582,0.0019854436420387207,1.0175269726488137e-05,0.002376260275888691
2013-12-31,0.0010233953414609395,0.002233704297282406,4.87984806742053e-06,0.003252219790675925
2014-01-01,0.0,-0.0010110699427449215,7.327192714390802e-06,-0.0010183971354593123
2014-01-02,-0.0027054519626824427,0.0030999886356521613,7.061478417232665e-06,0.0003874751945524859
2014-01-03,-0.001699302267597842,0.0024578686296325546,8.482962127463265e-06,0.0007500833999072493
2014-01-05,0.0,0.0005056825132261242,2.2157271095959654e-05,0.0004835252421301645
2014-01-06,0.001091547010483004,-0.000953808471709357,1.430971953800559e-05,0.0001234288192356414
2014-01-07,0.001303461071910449,0.0017667237978520876,4.286082793792327e-06,0.003065898786968744
2014-01-08,-0.002306426904280161,0.009245757340901708,4.980358673454733e-06,0.006934350077948092
2014-01-09,0.00040893196391362217,0.00361096834783076,5.957689078189459e-06,0.004013942622666192
2014-01-10,0.005796215813198052,-0.008057045062288715,2.7218459582154298e-05,-0.002288047708672817
2014-01-12,0.0,-0.0015828190831218194,9.456614024359548e-06,-0.0015922756971461789
2014-01-13,-0.0016461856076397962,-0.004658499886064875,6.118664004520758e-05,-0.006365872133749879
2014-01-14,0.0015795718180958355,0.0009954605551158301,5.759627847455084e-06,0.0025692727453642105
2014-01-15,-3.6684055416182646e-05,0.0030301392883532226,2.192417214087101e-05,0.0029715310607961692
2014-01-16,0.0013420530043595663,-0.0018674445145047684,1.6192908294652168e-05,-0.0005415844184398544
2014-01-17,-0.0004929843713987517,0.00022395344736031992,6.760969206345017e-06,-0.0002757918932447768
2014-01-19,0.0,0.0,6.77107409495932e-06,-6.77107409495932e-06
2014-01-20,0.0,0.0005078745260010555,8.04832564720202e-06,0.0004998262003538535
2014-01-21,0.0013965811771174544,0.0036670004062217283,2.339883123320083e-05,0.0050401827521059815
2014-01-22,-0.0008399647046905766,0.0007755411002033233,2.0881892133598352e-05,-8.530549662085166e-05
2014-01-23,0.006712938712229496,-0.002495099812029374,2.2433126811446398e-05,0.004195405773388675
2014-01-24,-0.00323809248370669,-0.0012287979686268018,2.4311903024422564e-05,-0.004491202355357914
2014-01-26,0.0,0.0019677070823198146,3.121844552150172e-05,0.0019364886367983127
2014-01-27,-0.004183382112277926,0.0009043209727672296,2.8892953299496905e-05,-0.0033079540928101932
2014-01-28,0.0014371802488348058,-0.00040349809362195553,1.9169287331192275e-05,0.0010145128678816578
2014-01-29,0.0018432003931057265,-0.001127070893413065,1.8941554888624504e-05,0.0006971879448040369
2014-01-30,-0.002280361165052611,0.00389540562299125,3.838626160861231e-05,0.0015766581963300266
2014-01-31,0.00067369565875072,-0.0006814222387227316,6.805509248799491e-05,-7.578167246000651e-05
2014-02-02,0.0,0.0013984112913790962,4.7733776713884885e-05,0.0013506775146652113
2014-02-03,-0.001825585987638276,-0.003706051583416033,2.4992903624365994e-05,-0.005556630474678675
2014-02-04,-0.00026445188919593197,-0.0013456896112162625,1.972115551246583e-05,-0.0016298626559246602
2014-02-05,-0.0010110674330753534,0.0003350621391814779,2.7312669372665063e-05,-0.0007033179632665406
2014-02-06,0.0022326493145658115,-0.0016034212465011514,1.700566682256658e-05,0.0006122224012420935
2014-02-07,0.005485943696300203,-0.004230412214826801,1.6170125686250567e-05,0.0012393613557871521
2014-02-09,0.0,0.00026515214339495937,1.3875348298063929e-05,0.0002512767950968954
2014-02-10,0.0007494542004151637,0.002058094467462602,1.2671405770682135e-05,0.0027948772621070837
2014-02-11,0.0023360639274918795,0.0006248855093823879,6.769269334312371e-06,0.002954180167539955
2014-02-12,-0.00011877503899017654,0.0005419290946213652,7.554754344254882e-06,0.0004155993012869338
2014-02-13,0.004265521640511161,-0.005658182930163019,1.9662463683147334e-05,-0.0014123237533350053
2014-02-14,0.001742774742766907,-0.0010792040730009502,9.998717544151048e-06,0.0006535719522218057
2014-02-16,0.0,-0.0030420973563444966,1.5634802761997033e-05,-0.0030577321591064937
2014-02-17,2.530347765204713e-06,0.0006284029974315278,8.231582798759352e-06,0.0006227017623979731
2014-02-18,0.0027016560065932053,-0.004179952607644409,1.0228436327580845e-05,-0.0014885250373787848
2014-02-19,-0.002528143312488554,0.0003354278718506442,1.4047323307929634e-05,-0.0022067627639458394
2014-02-20,0.0022274711425810233,0.0002469905069999861,6.247591622443222e-06,0.002468214057958566
2014-02-21,0.000600402411316201,5.022464231053698e-05,1.0341505042998062e-05,0.0006402855485837399
2014-02-23,0.0,-0.0004807385029818063,5.378238962189275e-06,-0.0004861167419439956
2014-02-24,0.002667713833906624,-0.0008262329438653275,5.517281703422661e-06,0.0018359636083378735
2014-02-25,0.001172152328583094,-0.003020042003396151,5.5102709675616004e-06,-0.0018533999457806187
2014-02-26,-0.0007089557919414679,0.0006179328320421026,7.684754307676746e-06,-9.870771420704199e-05
2014-02-27,0.001643313636056972,0.005618923530687374,9.573306893223343e-06,0.007252663859851123
2014-02-28,0.0021671205977297826,-0.007131111200131781,1.1112135268425479e-05,-0.004975102737670423
2014-03-02,0.0,0.0005404392824900398,1.6653123428595813e-05,0.000523786159061444
2014-03-03,0.0004367972384452108,-0.005489529915203918,1.3672101232369652e-05,-0.005066404777991077
2014-03-04,0.0009409034024243551,-0.0006679078495020546,9.923097941968786e-06,0.0002630724549803318
2014-03-05,-0.0012136619053160463,-0.00021361845312577453,1.146235928398313e-05,-0.001438742717725804
2014-03-06,0.0018611361882189073,-0.0004222870764990001,1.4209684359594394e-05,0.0014246394273603126
2014-03-07,-0.0018940069375546701,0.007158558381390714,8.709739117423755e-06,0.00525584170471862
2014-03-09,-4.91534074226837e-05,0.0022770174678733586,8.703925483204891e-06,0.00221916013496747
2014-03-10,-0.0010994401994278036,0.004032632497758447,1.565026751934538e-05,0.002917542030811298
2014-03-11,-0.0011492839570375062,-0.004389486839252917,8.69310298348373e-06,-0.005547463899273906
2014-03-12,0.001668442438642091,-0.00403036341603734,1.4945070816403306e-05,-0.0023768660482116526
2014-03-13,-0.0025941728412952336,-0.003851045575417782,1.1344453475498228e-05,-0.006456562870188514
2014-03-14,-0.0007638960138822215,0.0013130146954536419,1.5137321650214294e-05,0.0005339813599212061
2014-03-16,0.00010086949110309126,-0.00011746165303034065,1.566999120008438e-05,-3.2262153127333774e-05
2014-03-17,0.00013894413860462659,0.002884354661565618,9.582681357868271e-06,0.0030137161188123762
2014-03-18,0.0007165377015956691,-0.0023117034181946126,6.5195190399846675e-06,-0.0016016852356389281
2014-03-19,-0.002876374493126452,0.005636334444740915,6.368773812871729e-06,0.002753591177801591
2014-03-20,0.0014451141983644223,0.0006227175227738893,2.5975332713755643e-05,0.002041856388424556
2014-03-21,-0.002025165685649283,0.0022511990595213164,9.60444073116107e-05,0.00012998896656042294
2014-03-23,0.0005034496091716232,-0.00025365271372303883,2.703981859718046e-05,0.0002227570768514039
2014-03-24,-0.002083213620550241,0.0013665018843539616,2.898671389329353e-05,-0.0007456984500895729
2014-03-25,0.0020696099341692806,-0.0077309093554939635,3.835637757958698e-05,-0.0056996557989042705
2014-03-26,-0.004792092005318566,-0.0027404875138045625,3.8482515908123603e-05,-0.007571062035031253
2014-03-27,0.0010942696700679691,-0.0020246202671613503,2.9562614034115657e-05,-0.0009599132111274968
2014-03-28,0.0016031223093063089,0.005575540727313332,2.448766216705902e-05,0.007154175374452582
2014-03-30,0.0010123983259737778,-0.0003764257650232474,1.3049021191013034e-05,0.0006229235397595174
2014-03-31,0.0022009756564547673,-0.0022965862626011992,1.1684295977346705e-05,-0.00010729490212377868
2014-04-01,0.0018956520801985273,-0.0027125494566213595,9.185549219003726e-06,-0.0008260829256418359
2014-04-02,0.00028579691744388237,0.00770117603654958,1.7703311280166224e-05,0.007969269642713297
2014-04-03,-0.0014114551977112446,0.0024685679996352132,1.6903768064238536e-05,0.0010402090338597302
2014-04-04,-0.00011307928017520254,-0.001153452136974127,1.4012256042651076e-05,-0.0012805436731919808
2014-04-06,-0.0006442795172561694,0.00022368276860411463,8.893284257239108e-06,-0.0004294900329092939
2014-04-07,-0.005823452054207562,-0.011223299713706343,5.509188562837847e-06,-0.01705226095647674
2014-04-08,0.00036204143663128333,-0.0008595684465236909,1.2675696759792403e-05,-0.0005102027066521999
2014-04-09,-0.00027944400522148877,-0.0021555144862382813,4.497128694939273e-05,-0.0024799297784091627
2014-04-10,0.005276127497478409,-0.01140065448546727,3.908275944222808e-05,-0.006163609747431089
2014-04-11,-0.0037239260124277513,0.005315640846284219,4.5456010416603025e-05,0.0015462588234398645
2014-04-13,0.00042663210221691205,-0.0001396692200314358,5.0972413370044804e-05,0.00023599046881543143
2014-04-14,0.001498242446696388,-0.002177154538905113,3.0831932401723135e-05,-0.000709744024610448
2014-04-15,5.965320769526903e-05,-0.005313322716522092,2.208329359955684e-05,-0.00527575280242638
2014-04-16,0.005141538244814236,0.004533394770107077,1.8520862694747042e-05,0.009656412152226566
2014-04-17,0.0012725042842807095,0.002740943561720002,1.9217056061329267e-05,0.003994230789939383
2014-04-20,0.0,0.0,1.529069985013181e-05,-1.529069985013181e-05
2014-04-21,0.0006920558276597575,0.007171677484570543,2.665317751242617e-05,0.007837080134717874
2014-04-22,0.0006076681462680541,-4.220869527301685e-05,6.916451550739872e-06,0.0005585429994442974
2014-04-23,-0.0006045154321653759,-0.006718009808318246,1.134929363660288e-05,-0.007333874534120225
2014-04-24,0.001591138465057202,-0.002437539067415298,8.63339544607676e-06,-0.0008550339978041729
2014-04-25,-0.002172347146727426,-0.002976728136372127,7.722371207157496e-06,-0.005156797654306711
2014-04-27,0.00013064437767068348,-1.4660221023869539e-05,1.3316802794137647e-05,0.0001026673538526763
2014-04-28,-0.001413908192359807,-0.001510491784248954,1.3649303869300752e-05,-0.002938049280478062
2014-04-29,-0.00017420976062959898,-0.0019454191111885155,2.2895902203641782e-05,-0.0021425247740217562
2014-04-30,0.0037250128708720444,-0.003957529024652907,1.424737274196326e-05,-0.00024676352652282577
2014-05-01,0.00032594394251641407,0.007275513082159804,1.4382225966829048e-05,0.0075870747987093895
2014-05-02,0.0016390332613070875,0.001786845967172634,1.8341962885039005e-05,0.003407537265594683
2014-05-04,0.00010417389512545682,0.0,1.7251185017088457e-05,8.692271010836837e-05
2014-05-05,-0.00010010993697565787,-0.0051766949714288114,1.001349475717716e-05,-0.005286818403161646
2014-05-06,-0.0021229395940541755,-0.0047800279638821495,1.124640605497229e-05,-0.006914213963991297
2014-05-07,-0.001313853689684494,1.3945949456474179e-05,2.7102533425313278e-05,-0.001327010273653333
2014-05-08,0.0014192673992456236,-0.0009324684616670101,2.2382505409089952e-05,0.00046441643216952363
2014-05-09,0.0006457094634894903,0.008647421733561552,3.059302640530826e-05,0.009262538170645734
2014-05-11,0.00016619815433686745,0.0,2.7415925473220124e-05,0.00013878222886364733
2014-05-12,0.006820925764959167,0.008820943865705234,2.4120784976178855e-05,0.015617748845688223
2014-05-13,0.0026795235179846973,-0.0031110077028941334,2.2303915985564857e-05,-0.0004537881008950009
2014-05-14,0.0012464395611221733,-0.0001109036943992307,2.435336467650605e-05,0.0011111825020464366
2014-05-15,-0.0017956261737163278,0.007638845298368538,1.9795487778656648e-05,0.005823423636873554
2014-05-16,0.00135011623815802,-0.0002244352618613427,3.609475520560623e-05,0.001089586221091071
2014-05-18,0.00022879380039694152,0.0,5.587734094408673e-05,0.00017291645945285479
2014-05-19,0.0028428414561977294,-0.0010844081988921075,1.5837147206310046e-05,0.001742596110099312
2014-05-20,-0.0008316481189607136,-0.0008465867451883883,1.4384405438993608e-05,-0.0016926192695880956
2014-05-21,0.0010013466376091232,-0.0008388464110572133,1.453998254146145e-05,0.00014796024401044847
2014-05-22,0.002123855396433968,0.0005859403554846315,1.2365274977491126e-05,0.0026974304769411084
2014-05-23,0.0036679280923675238,0.0014292547081718315,2.3764158364097143e-05,0.005073418642175259
2014-05-25,0.00020339075629674465,0.0,1.3033939143364115e-05,0.00019035681715338053
2014-05-26,0.000774748523277771,0.0,1.3775193101727269e-05,0.0007609733301760437
2014-05-27,0.0004312532337554945,0.008256447997624334,1.0947635979126684e-05,0.008676753595400702
2014-05-28,0.002256729650120176,-4.304064461700479e-05,9.315122796347646e-06,0.002204373882706824
2014-05-29,0.0002516773284500847,0.0017796664410404703,2.548570925976299e-05,0.0020058580602307923
2014-05-30,-0.0013476387636249367,0.003961801583547153,2.088344260416901e-05,0.0025932793773180474
2014-06-01,-0.0008369762621607687,0.0,3.139903250631756e-05,-0.0008683752946670863
2014-06-02,-0.0003707069291706151,0.005714841032921889,2.0963691237255568e-05,0.005323170412514019
2014-06-03,-0.0010702806094188794,0.00334725749187246,3.131180813796361e-05,0.002245665074315617
2014-06-04,-0.00179687231509322,0.002639238762389747,3.690553552093066e-05,0.0008054609117755965
2014-06-05,0.0038843723625950656,-0.002102271133528572,4.594341140796839e-05,0.0017361578176585252
2014-06-06,0.0015285450179551654,-0.00040709552511190806,5.011190896964076e-05,0.0010713375838736167
2014-06-08,-0.0017219997588698239,0.0,4.927595565989675e-05,-0.0017712757145297207
2014-06-09,0.0014211144528509054,0.0012851517965544762,2.851588229796181e-05,0.0026777503671074196
2014-06-10,0.0015642801137302495,0.0037803768598467877,3.436706911074911e-05,0.0053102899044662885
2014-06-11,0.00010988819280281027,0.0014646980061621562,3.784864481184522e-05,0.0015367375541531212
2014-06-12,-0.005200474338536939,-0.0017643613401041262,2.7303746975579887e-05,-0.006992139425616645
2014-06-13,0.003593156936345418,-0.002549981161403452,2.3642232867065442e-05,0.0010195335420749006
2014-06-15,0.0002860450158236434,0.0,2.777384975514172e-05,0.0002582711660685017
2014-06-16,0.0017713778440325615,0.003918160755628291,2.042279057477926e-05,0.005669115809086074
2014-06-17,-0.0009581300397165458,0.004887600127710936,1.768473537457712e-05,0.003911785352619814
2014-06-18,0.006441832190850443,-0.005268772257511466,1.159595204628943e-05,0.0011614639812926877
2014-06-19,0.0013352139566784856,-0.008794101073242647,2.8407303204309995e-05,-0.007487294419768471
2014-06-20,0.004071963804881788,-0.0018641800648575542,3.293175663111825e-05,0.002174851983393115
2014-06-22,0.0001435023352214334,0.0,2.8110804476308127e-05,0.00011539153074512526
2014-06-23,0.0011893773371837318,0.002985072762163097,1.978102365408659e-05,0.004154669075692743
2014-06-24,-0.0007355474199774446,0.006054757567702261,1.747034544218125e-05,0.005301739802282635
2014-06-25,0.005440578293163367,-0.0022524998765726624,8.938293959475287e-06,0.003179140122631229
2014-06-26,0.0010034989442399109,-0.005248535811271325,1.2803218766948129e-05,-0.004257840085798362
2014-06-27,0.0006804403552833598,-0.0011761588242896696,7.999551649387943e-06,-0.0005037180206556976
2014-06-29,-0.0004881903238371911,0.0,4.04056751565666e-05,-0.0005285959989937577
2014-06-30,-2.836517609301108e-05,0.012228443139642041,1.3438414396034491e-05,0.012186639549152996
2014-07-01,0.004856209693220094,0.0019552719611766207,5.500629884964215e-06,0.006805981024511751
2014-07-02,-0.003177004871965368,0.0037440358999200223,3.839707668844035e-05,0.0005286339512662138
2014-07-03,0.0037946471141769183,0.0032968974838557723,2.1506331730722732e-05,0.007070038266301968
2014-07-04,0.0023198615566849485,0.0013212072061842728,3.0064717354844684e-05,0.0036110040455143767
2014-07-06,-0.00042895622213542765,0.0,1.245587002863437e-05,-0.00044141209216406205
2014-07-07,-0.0017030049705507263,0.0037711881858783266,2.715652825527789e-05,0.0020410266870723223
2014-07-08,-0.003291042873274486,-0.0008735364143106968,3.967013349503636e-06,-0.004168546300934686
2014-07-09,0.0013113234691765731,0.0006514531748464847,9.219949073389293e-06,0.0019535566949496685
2014-07-10,-0.0008475292350308314,0.0018997382089787048,1.7970810950454164e-05,0.0010342381629974194
2014-07-11,0.0017673787614654354,0.00392611203536767,1.804787166080696e-05,0.005675442925172298
2014-07-13,0.000497417984460738,0.0,2.7206982739274516e-05,0.00047021100172146347
2014-07-14,0.0009021709196463303,0.004105035689097476,1.885192400836223e-05,0.004988354684735444
2014-07-15,-0.0033618598397493543,0.0003170057206663972,1.4947361140810083e-05,-0.003059801480223767
2014-07-16,0.003413983562290816,-0.0011478479848037162,1.9047082639227447e-05,0.0022470884948478723
2014-07-17,-0.006010657639909396,-0.003039052706011414,1.86367523442922e-05,-0.009068347098265102
2014-07-18,0.0040411202412808335,0.008114388834514452,1.6678563330723637e-05,0.012138830512464562
2014-07-20,-0.000431795462940252,0.0,3.583740563669355e-05,-0.00046763286857694555
2014-07-21,0.0013241924976398732,0.00399223651195621,1.8234093272643354e-05,0.005298194916323439
2014-07-22,0.002769892299068555,0.004994620817379088,1.1007255019481601e-05,0.007753505861428161
2014-07-23,0.0032000520681483495,-0.0010679849086271207,1.0343575850634438e-05,0.0021217235836705943
2014-07-24,-0.0007226019357910344,0.004530029682563948,5.585561659209611e-05,0.0037515721301808174
2014-07-25,0.0008784521992659883,-0.0015519303257893065,1.639983668525866e-05,-0.0006898779632085769
2014-07-27,-0.001771846589308118,0.0,1.850144135779854e-05,-0.0017903480306659166
2014-07-28,0.000322165920338505,-0.002369322285749224,1.0824553088346972e-05,-0.0020579809184990655
2014-07-29,6.0956040952709354e-05,0.006396165533775294,1.0513074606699007e-05,0.006446608500121304
2014-07-30,-0.006227748223564507,0.007464626903102003,1.2298499430701212e-05,0.0012245801801067948
2014-07-31,0.0010537479305060963,0.0019165720736660438,3.0285852139724176e-05,0.002940034152032416
2014-08-01,0.0005136931798170074,-0.0006340109589134521,4.1067096887985575e-05,-0.00016138487598443027
2014-08-03,-0.0010572021901276312,0.0,1.3784639983565138e-05,-0.0010709868301111963
2014-08-04,-0.0005311171204862711,-0.0007903736586424079,1.1134078398900682e-05,-0.0013326248575275797
2014-08-05,-0.0005038068367305725,-0.00020740629636484387,9.194685107859411e-06,-0.0007204078182032758
2014-08-06,-0.014610291077844098,-0.0068365219130424836,5.362794382286995e-05,-0.021500440934709455
2014-08-07,0.00020182794584114306,0.0030631232399139416,7.140251861904047e-05,0.0031935486671360444
2014-08-08,0.002339774614305745,0.004274331996934281,9.709719755448237e-05,0.006517009413685543
2014-08-10,0.0005966891897730044,0.0,5.5927049226087204e-05,0.0005407621405469172
2014-08-11,0.0022792802847224087,0.001222419433157008,6.065247052543929e-05,0.0034410472473539776
2014-08-12,-0.0020063789462149203,-0.0003367117057904707,4.4062033312864267e-05,-0.0023871526853182553
2014-08-13,0.001596388024141344,0.008520590951404033,3.6056908531795506e-05,0.010080922067013581
2014-08-14,-0.0007125413563348525,-0.0016661683370630287,3.207014855342966e-05,-0.002410779841951311
2014-08-15,0.0014078928783065813,-0.002542221629722651,6.647459189475673e-05,-0.0012008033433108265
2014-08-17,0.0,0.0,3.550434063394583e-05,-3.550434063394583e-05
2014-08-18,0.0007784635156835153,0.0016371853946204108,2.9743641687070107e-05,0.002385905268616856
2014-08-19,0.00018253026964182414,0.0047273126765031166,2.118395625781902e-05,0.004888658989887122
2014-08-20,0.003248718934780435,0.007455189381117607,2.6135411045817893e-05,0.010677772904852225
2014-08-21,0.0014567394063081305,-0.00041187546297330983,2.5535914398190682e-05,0.00101932802893663
2014-08-22,0.00117559041674856,3.936081364646737e-05,1.895187711076092e-05,0.0011959993532842665
2014-08-25,0.001211203598976162,0.003127497933972005,1.0631765338042895e-05,0.004328069767610124
2014-08-26,-0.0005342445153252787,0.0011162434896926257,6.358291911536155e-06,0.0005756406824558109
2014-08-27,0.0005977986831848347,-0.0019269175355673897,1.182804838958106e-05,-0.0013409469007721361
2014-08-28,0.0008070944009539503,-0.0029495910553877253,9.44666757401347e-06,-0.002151943322007789
2014-08-29,-0.00012634737925618165,0.0010540250583628635,9.135594472782725e-06,0.0009185420846338991
2014-08-31,0.0,0.0,1.1668485976157036e-05,-1.1668485976157036e-05
2014-09-01,-0.00012507473448233154,-9.486522890883998e-05,4.711332588627355e-06,-0.00022465129597979889
2014-09-02,-0.002234406066986127,0.0066915506565574,8.996961844792972e-06,0.00444814762772648
2014-09-03,0.0002891069974601259,0.0027100752613167254,1.1388292109732272e-05,0.0029877939666671186
2014-09-04,-0.0028092240202792964,0.007368326965226692,2.1334690512227837e-05,0.0045377682544351676
2014-09-05,0.0019693418431099693,-0.005140150976709801,2.7926911557312716e-05,-0.0031987360451571447
2014-09-07,0.00013147017678003946,0.0,1.2310188471652334e-05,0.00011915998830838713
2014-09-08,-0.0012001586608358763,0.007417251108498977,1.3838484987460276e-05,0.00620325396267564
2014-09-09,-0.0038773870087555817,0.004133802657551313,1.1865589903779634e-05,0.00024455005889195133
2014-09-10,-5.6504802908511866e-05,0.0018391687967279655,1.692045770750862e-05,0.0017657435361119452
2014-09-11,-0.0005447987994565728,0.0022904347039055094,8.531296375360421e-06,0.0017371046080735762
2014-09-12,-0.002745789738584497,0.0012706119711332392,9.097349426892145e-06,-0.0014842751168781501
2014-09-14,-0.0002880848340669862,0.00017964855630681813,5.839145916645018e-06,-0.00011427542367681307
2014-09-15,-0.0010294772852085087,-0.002537366604521131,1.1095358403571142e-05,-0.003577939248133211
2014-09-16,0.0032101446884806404,-0.0011767430015666865,3.015862197351104e-06,0.0020303858247166027
2014-09-17,-0.00021567839097920763,0.0030530282637681616,5.513921874005266e-06,0.0028318359509149483
2014-09-18,0.0015371824443868465,0.0023405095939544544,5.969517548437131e-06,0.003871722520792864
2014-09-19,-0.0013248278063682656,0.0032829321612765795,6.899767662623549e-06,0.0019512045872456907
2014-09-21,-0.0001062415619382542,9.87423401105642e-05,5.19082987867595e-06,-1.269005170636596e-05
2014-09-22,-0.003537323228479272,-0.0005276337229385918,8.682694069914097e-06,-0.004073639645487778
2014-09-23,0.0005015943092313614,0.00040676595437874326,1.197134626819279e-06,0.0009071631289832853
2014-09-24,0.0014272345626557051,-0.0001078987258875451,6.7609821468744975e-06,0.0013125748546212856
2014-09-25,-0.004370160571774192,-0.0013519653385748983,8.423062342571883e-06,-0.005730548972691662
2014-09-26,0.000844530462860988,0.004284235637926138,6.539789790240998e-06,0.005122226310996885
2014-09-28,-0.0005491491559498459,0.0005924371699790828,1.3101266565075698e-05,3.0186747464161216e-05
2014-09-29,0.0014476191206692086,-0.0027289702284821315,9.389444558470881e-06,-0.0012907405523713937
2014-09-30,-0.0018349256522629104,0.002885674161295799,1.8182131131720898e-06,0.0010489302959197167
2014-10-01,-0.0022755112945980365,-0.005617750405942703,7.119300541971976e-06,-0.007900381001082712
2014-10-02,0.0001494306641152051,-0.0014527097489015189,4.096839990353853e-06,-0.0013073759247766677
2014-10-03,-0.0004887927133354036,0.00512304096693629,1.9260619474896505e-05,0.00461498763412599
2014-10-05,-0.0001400090113157973,0.00015768366501362632,5.60486022595937e-06,1.2069793471869646e-05
2014-10-06,0.0010679058816085304,-0.008069847548580224,8.827255957451542e-06,-0.007010768922929146
2014-10-07,0.0002688642000901211,-0.006450009300627524,1.7086996481904279e-06,-0.0061828538001855934
2014-10-08,0.004342339291598078,-0.004903040070884112,9.837663067811307e-06,-0.0005705384423538454
2014-10-09,-0.004142041676872441,-0.0005246324481197722,1.2226457998106874e-05,-0.00467890058299032
2014-10-10,-0.004587062949158472,0.0024047691930622356,1.7929868128271785e-05,-0.002200223624224508
2014-10-12,-0.00010833199061707617,0.00012613065779229209,5.8049076228020775e-06,1.1993759552413843e-05
2014-10-13,-0.0016209657461795346,-0.007334674454293805,7.724282835077274e-06,-0.008963364483308417
2014-10-14,0.0016666026644990102,-0.007099621252455857,1.6556950071121093e-06,-0.005434674282963959
2014-10-15,-0.0004815289335969912,-0.0029964578284793356,8.408699399804071e-06,-0.003486395461476131
2014-10-16,-0.001008598558019077,0.0020803206338837078,6.01568660286025e-06,0.0010657063892617704
2014-10-17,0.0013302580723329673,0.003865412076365171,7.938747429148158e-06,0.00518773140126899
2014-10-19,0.00012267090908460852,-0.00014717776288213446,9.005028153380468e-06,-3.35118819509064e-05
2014-10-20,0.0022598453624743894,-0.0010019115130651271,7.137005847128911e-06,0.0012507968435621333
2014-10-21,0.0032905049844948906,-0.0013113458047265185,2.227835082427317e-06,0.001976931344685945
2014-10-22,-0.0008291593457507526,0.0017298818754778065,1.92925259582306e-05,0.0008814300037688234
2014-10-23,0.0021598519346415117,0.0018743531378384703,7.4485734964142945e-06,0.004026756498983567
2014-10-24,0.0013494040311009434,0.00030948852828609804,4.222072476302531e-06,0.001654670486910739
2014-10-26,5.8035824433193374e-05,-6.06638422701795e-05,7.895610604060096e-06,-1.0523628441046219e-05
2014-10-27,0.0014591857815671226,-0.0031071348697022053,2.8960021699420633e-06,-0.0016508450903050247
2014-10-28,0.0012850439496458054,0.000827925122778219,1.7819438740101114e-06,0.0021111871285500144
2014-10-29,8.793483009933949e-05,0.0036118764492148363,3.1516558170536358e-06,0.003696659623497122
2014-10-30,4.949232720393118e-05,0.0015886489216796087,6.0261974119983825e-06,0.0016321150514715416
2014-10-31,0.001748540780019916,0.007449809065226604,5.9902344301796685e-05,0.009138447500944724
2014-11-02,-0.00012985866669402592,0.00010355220486856101,1.4107223794612869e-05,-4.041368562007777e-05
2014-11-03,-0.0005017715246404208,0.002627069613031465,1.4638838597769916e-05,0.0021106592497932746
2014-11-04,-0.0001993056122804602,0.0008197698830441919,6.602901386854418e-06,0.0006138613693768773
2014-11-05,-0.0011082162147226771,0.0028629321441869734,6.72213004041061e-06,0.0017479937994238858
2014-11-06,-0.000866566902987844,0.0025920772688979472,7.153320444507306e-06,0.001718357045465596
2014-11-07,0.002136768927306263,-0.007022412777808276,8.878965520760405e-06,-0.004894522816022773
2014-11-09,4.435211049270722e-05,-2.583264171512122e-05,6.415602300467922e-06,1.2103866477118079e-05
2014-11-10,-0.0009954540814805673,0.005030339246203105,1.1024669103563081e-05,0.0040238604956189744
2014-11-11,0.0014302711828068256,-0.0028429176190365004,6.079662195173885e-06,-0.0014187260984248487
2014-11-12,-0.0013310909274613452,0.0004360831366908434,1.1386765517677432e-05,-0.0009063945562881792
2014-11-13,-0.0005611005046339626,-0.0037130785123249245,6.4304864447377225e-06,-0.004280609503403625
2014-11-14,-0.00011303842687177934,-0.0014718672510426404,5.668077303979347e-06,-0.001590573755218399
2014-11-16,0.00045927668769862276,-0.00023954317754189413,5.02437443944442e-06,0.00021470913571728422
2014-11-17,-0.0006059956445291367,0.0004384567375522473,7.362470605727315e-06,-0.0001749013775826167
2014-11-18,0.0007230191274238072,-0.00014382412245357828,3.3731242456934944e-06,0.0005758218807245354
2014-11-19,-0.002330358058399245,0.004456288773537596,3.4072805883528005e-06,0.0021225234345499983
2014-11-20,0.0016578255170197275,-0.0041080873162857665,3.873366734893957e-06,-0.002454135166000933
2014-11-21,0.001636534631485836,-0.0007992603620578329,2.9924169279312636e-06,0.0008342818525000719
2014-11-23,1.9330766105758584e-05,-1.0536865159488e-05,4.745201260270107e-06,4.0486996860004775e-06
2014-11-24,0.0008594122465813965,-0.0004970094624547177,6.562146650020663e-06,0.0003558406374766581
2014-11-25,0.0004451870381280528,-0.00294714749231865,2.494972492848421e-06,-0.0025044554266834456
2014-11-26,0.0013606591266854887,-0.0019594928401320206,5.1858335480227315e-06,-0.0006040195469945546
2014-11-27,-0.001138098288767811,-6.276757971320584e-05,5.954505769590912e-06,-0.0012068203742506079
2014-11-28,-0.001979054137501686,-0.0010414033518205633,4.710149455014725e-06,-0.0030251676387772638
2014-11-30,-0.0009331139491519561,0.0004482712298803006,8.06710686035777e-06,-0.0004929098261320133
2014-12-01,-0.0012517332531915473,-0.0017197137414384908,1.2241346346553413e-05,-0.0029836883409765915
2014-12-02,-0.00041917855093502214,0.007187320532094988,5.713968400171783e-06,0.006762428012759794
2014-12-03,0.00013532589506045405,0.0012441892775642651,1.1528714317172282e-05,0.001367986458307547
2014-12-04,0.0003961158436235003,-0.002509955010083293,2.3424643312169063e-05,-0.0021372638097719616
2014-12-05,-0.002684971647383603,0.00642167053527553,7.293634425955948e-06,0.0037294052534659707
2014-12-07,-3.0562441364133185e-05,0.0,2.001462756927368e-05,-5.057706893340686e-05
2014-12-08,-0.001587494219463496,-0.0014072701668556788,9.354742663516966e-05,-0.0030883118129543447
2014-12-09,0.004050847148993033,-0.005086269148360585,2.5669057768390038e-05,-0.0010610910571359421
2014-12-10,-0.003953358873631281,-0.0025103993775641726,2.1107894368478067e-05,-0.006484866145563931
2014-12-11,-0.00015266843322221232,0.00031258842052422713,2.4548774204232793e-05,0.00013537121309778203
2014-12-12,-0.003900619171304876,-0.009644030735136505,3.2321134288833665e-05,-0.013576971040730215
2014-12-14,3.6088371158030285e-05,0.0,1.940263370924705e-05,1.6685737448783236e-05
2014-12-15,-0.0068485240900602335,0.00792075533699794,2.4744063779982413e-05,0.001047487183157724
2014-12-16,2.118410698384273e-05,-0.004331306195122213,1.6129357368471988e-05,-0.004326251445506842
2014-12-17,-4.8521269196468006e-05,0.0017911891891825651,1.6822959647861087e-05,0.001725844960338236
2014-12-18,0.007908603571026913,0.0016354678430002562,9.935294436195183e-06,0.009534136119590975
2014-12-19,0.005482262659466101,0.0014501560449001144,2.8498796090157565e-05,0.006903919908276058
2014-12-21,0.0002531380798855454,0.0,2.426569921972747e-05,0.00022887238066581796
2014-12-22,-0.0025881759545505973,0.003446467915414413,1.4697341425857316e-05,0.0008435946194379584
2014-12-23,-0.004003138766248994,0.002308103299267743,9.821648658086984e-06,-0.0017048571156393377
2014-12-24,0.0010542656819531994,0.0051728828919004825,8.270048277852221e-06,0.006218878525575829
2014-12-25,6.239669478940913e-05,0.0,1.3589448396153967e-05,4.880724639325516e-05
2014-12-26,0.0003050729121466322,0.0006907425568409664,1.2400981188881151e-05,0.0009834144877987174
2014-12-28,-0.0012184735052076846,0.0,6.764551164780279e-06,-0.0012252380563724649
2014-12-29,0.0009031873328905743,-0.006523137784164636,7.744098061545994e-06,-0.005627694549335608
2014-12-30,0.002351764879318074,-0.00023449026955717634,1.5084994716248884e-05,0.002102189615044649
2014-12-31,-0.0025045227910376862,0.008898897613486154,1.5694284344496217e-05,0.006378680538103971
2015-01-01,-0.001783799412637328,6.780616360337926e-05,1.553000134447784e-05,-0.0017315232503784265
2015-01-02,-0.004708716495080398,0.004607237792896432,3.76387148801749e-05,-0.00013911741706414073
2015-01-04,-0.0009066362777935412,0.0,2.6016777486430576e-05,-0.0009326530552799718
2015-01-05,-0.003335056478974437,-0.012956045921318486,2.890244345338698e-05,-0.016320004843746308
2015-01-06,-0.0011578888110795878,-0.004310213147641013,2.0094985651570376e-05,-0.0054881969443721715
2015-01-07,-0.00011710051224634482,0.004859591249310126,3.7216977816279393e-05,0.004705273759247503
2015-01-08,0.0030872557891678484,0.005367691071062163,1.9223041225210266e-05,0.008435723819004802
2015-01-09,0.0028359730808621233,-0.004292509779694019,1.4884502829460148e-05,-0.0014714212016613561
2015-01-11,3.512790160477899e-05,0.0,1.8870999874878186e-05,1.6256901729900806e-05
2015-01-12,-0.0018618676956503677,0.00013288333043995468,1.1923434603850013e-05,-0.0017409077998142629
2015-01-13,-0.001501054193629477,0.0072461071305213575,9.185524668741319e-06,0.005735867412223139
2015-01-14,-0.0004892755665594216,-0.00017835851125901715,8.733184240791906e-06,-0.0006763672620592307
2015-01-15,0.0027262211960252646,-0.0027383428972635564,1.3797036090839735e-05,-2.591873732913148e-05
2015-01-16,-0.0027769821756216022,0.001734223018723588,8.296471753202403e-06,-0.0010510556286512165
2015-01-18,0.0012908015996893779,0.0,1.2856904737846712e-05,0.001277944694951531
2015-01-19,0.0008330146859136371,-0.0008238381712910979,1.748570061046746e-05,-8.309185987928263e-06
2015-01-20,-0.002768513810510919,0.0011890060682892495,6.812485126431078e-06,-0.0015863202273481006
2015-01-21,0.001800657250021656,-0.00019100011480111434,4.356704406395996e-06,0.0016053004308141457
2015-01-22,-0.0013583405547454765,0.004889881681440977,1.7502356971489805e-05,0.003514038769724011
2015-01-23,0.00044320469806549733,0.0005147709285037941,1.0499820001657513e-05,0.000947475806567634
2015-01-25,-0.0008690731151919475,0.0,1.2862561585233398e-05,-0.0008819356767771809
2015-01-26,0.0007073976759330136,0.002157990223685372,6.757887696927973e-06,0.0028586300119214573
2015-01-27,-0.003019216444222138,-0.0003726195629716904,6.824980075015974e-06,-0.0033986609872688443
2015-01-28,0.0008763039148988376,0.003812210574606426,6.9183206863054115e-06,0.0046815961688189585
2015-01-29,-0.0025603779818547186,0.005545038478891784,1.1937650961296905e-05,0.0029727228460757686
2015-01-30,0.0023043777964505655,-0.004059768958807392,9.582676681325398e-06,-0.0017649738390381519
2015-02-01,0.0008676584765429274,0.0,2.4533039464659795e-05,0.0008431254370782676
2015-02-02,0.0015690824903842788,-0.00042082245621410594,9.374304650179579e-06,0.0011388857295199933
2015-02-03,0.00244140792375909,-0.009709144765741156,4.681791418448615e-06,-0.0072724186334005144
2015-02-04,0.0012019883270699581,0.0051369495458726076,6.9032224671032225e-06,0.006332034650475463
2015-02-05,0.001641174834110896,-0.005935553997896349,1.8903724067364482e-05,-0.004313282887852818
2015-02-06,-0.008813256074132029,0.0077069711042910384,5.848196682511198e-06,-0.0011121331665235015
2015-02-08,-0.00029289130978015773,0.0,3.2966322769730955e-05,-0.0003258576325498887
2015-02-09,0.0007132054617689501,-0.004309870687323677,8.008244704944763e-05,-0.0036767476726041744
2015-02-10,-0.0009555928521618449,0.005821106639194348,2.9346492472772326e-05,0.004836167294559731
2015-02-11,-0.0020872493434487497,0.0038255278535145815,2.5922733501480563e-05,0.0017123557765643513
2015-02-12,0.007519287513410251,-0.0018620981541615437,2.4225502087015125e-05,0.005632963857161692
2015-02-13,0.0038811546125463933,-0.007439257682249185,2.3051551261946464e-05,-0.0035811546209647384
2015-02-15,-0.0007885555606931557,0.0,2.1177055179477596e-05,-0.0008097326158726332
2015-02-16,0.0009548883772517548,0.001904249396677382,1.8507835198933055e-05,0.0028406299387302037
2015-02-17,-0.005053735107907504,-0.00483101182110462,1.624076581594896e-05,-0.009900987694828074
2015-02-18,0.005633977367998984,0.007933380500427774,1.687961975558035e-05,0.013550478248671177
2015-02-19,-0.0018104700582949268,0.00040201221952485217,3.3508904269812694e-05,-0.0014419667430398875
2015-02-20,-0.00031548617324555985,0.0017471682785184174,1.9252429498194816e-05,0.0014124296757746628
2015-02-22,0.00021040340780944958,0.0,1.423293591971838e-05,0.0001961704718897312
2015-02-23,0.002274057157571163,0.0067958948621677385,1.2260542862028446e-05,0.009057691476876873
2015-02-24,0.006018061518478996,-0.001769223421845234,1.042229497661769e-05,0.004238415801657144
2015-02-25,-0.00031445032446635957,-0.0005109287935264107,1.3092086302354034e-05,-0.0008384712042951244
2015-02-26,-0.0018944786175245235,-6.815142390777414e-07,1.5015794094792643e-05,-0.001910175925858394
2015-02-27,3.8051160940553736e-05,-0.0032588008438096993,1.2943269322846835e-05,-0.003233692952191992
2015-03-01,0.00042928295193571885,0.0,1.0425347048038068e-05,0.00041885760488768076
2015-03-02,-0.003664489823908326,0.005962619338263244,1.0235150935211967e-05,0.002287894363419706
2015-03-03,-0.0030128336735948894,-0.0021746637209774148,6.7487926576249795e-06,-0.00519424618722993
2015-03-04,-0.0002055114563642938,0.0029808731500632095,1.2407932006606831e-05,0.002762953761692309
2015-03-05,-4.0079665779539024e-05,0.008910024763130218,1.0401595778113109e-05,0.008859543501572566
2015-03-06,-0.013426828293267329,0.011397162769095692,8.956931072584754e-06,-0.002038622455244221
2015-03-08,-0.0011256754790606987,0.0,1.5629440059498666e-05,-0.0011413049191201974
2015-03-09,0.0032887484141863607,-0.00515965088156887,3.2416754765216204e-05,-0.0019033192221477254
2015-03-10,-0.0014862793355200255,0.004235678974410571,8.25697284652574e-06,0.0027411426660440196
2015-03-11,-0.0025377867905803327,-0.0011077927705263819,9.421074446044995e-06,-0.0036550006355527596
2015-03-12,0.004256655369806657,0.001637711715926183,1.3513182854739033e-05,0.005880853902878101
2015-03-13,-0.0010363424820368616,0.010485701459548878,7.042084597335337e-06,0.009442316892914682
2015-03-15,-0.0002298414574966489,0.0,5.317448851188205e-06,-0.0002351589063478371
2015-03-16,0.003932595251992439,-0.005527001795943949,1.0853500659906376e-05,-0.0016052600446114166
2015-03-17,1.695808221554261e-06,0.007271133381144762,3.901376230943011e-06,0.007268927813135374
2015-03-18,0.014012128496829064,-0.011478707463606706,5.2984938885160474e-05,0.0024804360943371977
2015-03-19,-0.005113167931595213,0.005475324993277576,3.481721267914749e-05,0.00032733984900321496
2015-03-20,0.00607724846217866,-0.01694669613414934,6.762781709407272e-05,-0.010937075489064753
2015-03-22,0.003264999679553562,0.0,2.605596895936732e-05,0.003238943710594195
2015-03-23,0.0016504936251441056,-0.005935727459944605,1.9308237863765182e-05,-0.004304542072664264
2015-03-24,0.002531648950813348,0.0018179023306693644,1.703080043484083e-05,0.004332520481047871
2015-03-25,-0.006128229361495045,-0.0005480828519399838,1.8835399740805583e-05,-0.006695147613175834
2015-03-26,-0.0024901076610785488,-0.0014597176932107242,1.6721061197400573e-05,-0.003966546415486673
2015-03-27,0.003452258941929547,0.009442935586637717,2.8382189313090436e-05,0.012866812339254175
2015-03-29,-0.0006992402875002559,0.0,1.6746056754016307e-05,-0.0007159863442542722
2015-03-30,-0.002064493934681968,-0.00411689149874025,1.5995661109548902e-05,-0.006197381094531766
2015-03-31,0.00021136164697949003,0.004029207323567437,1.3293572142993498e-05,0.004227275398403933
2015-04-01,0.0030487484335396378,-0.007720670761983453,2.214994574513738e-05,-0.0046940722741889524
2015-04-02,-0.0012033300918931071,-0.002137503655498091,1.4159609993468834e-05,-0.0033549933573846667
2015-04-05,-0.00014037957020610119,0.0,1.7068704605481173e-05,-0.00015744827481158237
2015-04-06,0.0050725181198876205,-0.012927491223697407,1.30549299140266e-05,-0.007868028033723813
2015-04-07,-0.004348944289161839,0.009057366979570441,9.754652423863356e-06,0.004698668037984739
2015-04-08,0.0011915778387180064,0.004451694891349927,1.4289299802349069e-05,0.005628983430265584
2015-04-09,-0.0038180836069973277,0.008529182737627483,1.3525215549217252e-05,0.004697573915080939
2015-04-10,0.002426455410534244,-0.002380515600543654,8.532895638679075e-06,3.740691435191077e-05
2015-04-12,-7.900775404268267e-05,0.0,9.284184167713707e-06,-8.829193821039639e-05
2015-04-13,-0.00041042120337043796,0.004799169891705762,7.980796615886708e-06,0.004380767891719438
2015-04-14,0.0034161722727137234,-0.0029627798091796708,6.9358764877284304e-06,0.0004464565870463242
2015-04-15,0.0032167845751803767,-0.0054854187774865774,8.443203968357704e-06,-0.0022770774062745584
2015-04-16,-3.299203182574611e-05,-0.001645339740961969,6.816758212163338e-06,-0.0016851485309998786
2015-04-17,-0.0020107807701855718,0.00041362015371896406,7.672869564370908e-06,-0.0016048334860309784
2015-04-19,4.918269397248567e-05,0.0,8.965432583280242e-06,4.021726138920543e-05
2015-04-20,0.0006037167381493542,-0.0013802037043647872,1.6094801419045708e-05,-0.0007925817676344788
2015-04-21,-0.001810123662241694,-0.00010285397896449821,5.433409119818517e-06,-0.0019184110503260108
2015-04-22,-0.004500280816336875,0.0034153292065020662,9.638934122712668e-06,-0.001094590543957522
2015-04-23,0.004497672883490824,-0.006955857763993043,1.3980208824819905e-05,-0.0024721650893270385
2015-04-24,0.006172958161777377,0.004932243583268738,2.1707984880069915e-05,0.011083493760166046
2015-04-26,2.6499118938943907e-05,-7.835386919524432e-06,1.7430055166711478e-05,1.233676852707996e-06
2015-04-27,-0.0023197320431938423,-6.279065799736234e-05,1.0146293369895174e-05,-0.0023926689945611
2015-04-28,-0.0037661369756658548,-0.0027776352636903322,1.3671985886772834e-05,-0.0065574442252429605
2015-04-29,-0.004775624089961188,-0.005330500993613545,1.877492696157456e-05,-0.010124900010536307
2015-04-30,-0.005976298509523395,0.007283819643380139,1.8615802349008282e-05,0.001288905331507735
2015-05-01,-0.0025088310898213687,0.006676799438716423,1.474331458509223e-05,0.004153225034309962
2015-05-03,-7.60045811030345e-05,9.527789070246177e-05,1.892728610316301e-05,3.4602349626425e-07
2015-05-04,-0.0017844207678928052,-0.0017772180691879456,3.4631671518707225e-05,-0.003596270508599458
2015-05-05,-0.004551170086596491,-0.0016674503931773553,3.249982310367981e-05,-0.006251120302877526
2015-05-06,-0.005791002685923977,-2.906366998831067e-05,3.1839819071529884e-05,-0.005851906174983818
2015-05-07,0.00366614502027364,0.004979778777650395,3.985341526450725e-05,0.008606070382659528
2015-05-08,0.007834047879898748,-0.006475193482333735,3.883318228490722e-05,0.0013200212152801054
2015-05-10,0.0,0.0,2.6837523725437524e-05,-2.6837523725437524e-05
2015-05-11,-0.01131765860806976,0.00010210566136684189,3.452476305101511e-05,-0.011250077709753935
2015-05-12,0.0011030341915284829,0.0035796967977379385,1.739888499359776e-05,0.004665332104272824
2015-05-13,0.001931521923914382,-0.005796079089004971,2.0807258973917315e-05,-0.0038853644240645063
2015-05-14,0.008434826299910181,-0.014841842112152922,2.0253433317374397e-05,-0.006427269245560115
2015-05-15,0.004013704866913397,0.0032616987526771137,2.2586135954060486e-05,0.00725281748363645
2015-05-17,0.0,0.0,2.8481312057399175e-05,-2.8481312057399175e-05
2015-05-18,-0.005169854635440898,-0.0015096930797090361,2.0928375928477455e-05,-0.006700476091078411
2015-05-19,-0.007836596190658775,0.016720690372703538,1.76392708518765e-05,0.008866454911192886
2015-05-20,6.477572195029392e-05,0.003104903994473201,1.674033356321954e-05,0.003152939382860275
2015-05-21,0.006811320376057411,-0.006750415180990258,2.3912709601064805e-05,3.6992485466087714e-05
2015-05-22,-0.0038968224205238686,0.008861890763598536,1.6393571875192123e-05,0.004948674771199475
2015-05-24,0.0,0.0019425529077284343,1.7997331228629147e-05,0.001924555576499805
2015-05-25,0.0008065067434990985,5.477003661084549e-05,1.5464444706518056e-05,0.000845812335403426
2015-05-26,-0.006043081017943766,0.01612155222338032,9.740517497246906e-06,0.010068730687939304
2015-05-27,0.0042932491342892315,0.0033237332716018666,1.0477738344100247e-05,0.007606504667546998
2015-05-28,-0.0007753921162517074,0.002279858665121072,3.4492226166463386e-05,0.001469974322702901
2015-05-29,-0.0009063344333616804,-0.0035685784820280652,2.0380701154582987e-05,-0.004495293616544329
2015-05-31,0.0,0.0021962305305708828,1.0282701154788983e-05,0.0021859478294160937
2015-06-01,-0.00556684690982031,-0.00046636867714559436,1.9397098000114772e-05,-0.006052612684966019
2015-06-02,-0.0038834300842527465,-0.01646097773006692,1.3349878007610615e-05,-0.020357757692327276
2015-06-03,-0.006912089464811514,0.0019439658426417595,1.7326559817067272e-05,-0.004985450181986822
2015-06-04,0.0017410848137862124,0.0002610479883037355,2.6819995659688396e-05,0.0019753128064302597
2015-06-05,-0.008808566153194426,0.005835438805117312,2.240074358427437e-05,-0.0029955280916613885
2015-06-07,0.0,-0.00013227496839373804,2.8822496343495007e-05,-0.00016109746473723304
2015-06-08,0.0018742429535900768,-0.007034798774563852,2.8144463532608625e-05,-0.005188700284506385
2015-06-09,-0.0032290381417624248,-0.004445873009308641,1.8562343799546543e-05,-0.0076934734948706125
2015-06-10,0.003751177619326608,-0.004521600206234013,3.052297263297848e-05,-0.0008009455595403837
2015-06-11,0.004657200618888763,0.013053900302949553,2.3223420587053165e-05,0.01768787750125126
2015-06-12,-0.004375581470794949,0.00654960169215651,2.9642785489472902e-05,0.002144377435872088
2015-06-14,0.0,4.806953958908529e-05,2.9776469810802126e-05,1.8293069778283164e-05
2015-06-15,-0.001243616962544683,0.001003570113501369,1.49409796854786e-05,-0.0002549878287287926
2015-06-16,0.005065699928856123,-0.004911214131085986,1.0959430500384233e-05,0.0001435263672697524
2015-06-17,0.0037587695149438926,-0.005654390870135945,1.721110917708194e-05,-0.001912832464369134
2015-06-18,0.005005328292024824,-0.0015809020438830596,2.1219795949274787e-05,0.00340320645219249
2015-06-19,0.003033581148817439,0.004231303929079578,1.9630340360405015e-05,0.007245254737536611
2015-06-21,0.0,2.563924667901386e-05,1.7414238963837782e-05,8.22500771517608e-06
2015-06-22,-0.0050222396666817475,-0.0038461438681537544,1.5421891601284638e-05,-0.008883805426436787
2015-06-23,-0.0023252923217601936,-0.007908415111274754,8.682256001562625e-06,-0.01024238968903651
2015-06-24,-0.0010593265561091147,0.0016664756479721834,1.756997766650089e-05,0.0005895791141965679
2015-06-25,-0.0008225734396492616,-0.0033136728032950443,1.4185415425723041e-05,-0.004150431658370029
2015-06-26,-0.005579430353922825,-0.005367929426087763,1.5035450752263993e-05,-0.010962395230762851
2015-06-28,0.0,-0.0007042069487487106,1.602448284501667e-05,-0.0007202314315937273
2015-06-29,0.0026254931945942973,-0.004649293748807917,1.3153886636014807e-05,-0.0020369544408496347
2015-06-30,-0.0006411031507061377,-0.019563763966248707,1.5216631140426097e-05,-0.020220083748095273
2015-07-01,-0.00383039565810869,0.010793333833509958,3.67720344718293e-05,0.006926166140929439
2015-07-02,0.00384223179478165,-0.002014934937146954,2.6840102990981026e-05,0.001800456754643715
2015-07-03,0.0019187382726283345,-0.00042023231439031433,1.6089732697711217e-05,0.001482416225540309
2015-07-05,0.0,0.0025179120015306838,2.3757219071385354e-05,0.0024941547824592985
2015-07-06,0.001202663398091581,0.009856244984482496,2.8654200934803248e-05,0.011030254181639273
2015-07-07,0.0008797989542677707,0.009442884706611775,2.9088347483174098e-05,0.01029359531339637
2015-07-08,-0.002828493913264109,0.0017362169924445702,3.0114786686958357e-05,-0.0011223917075064971
2015-07-09,-0.0022964340233066283,-0.009758214601021711,2.9246518599481495e-05,-0.012083895142927821
2015-07-10,0.0011474054421460236,0.000307962506627326,2.98850211644581e-05,0.0014254829276088914
2015-07-12,0.0,0.00025336708808981745,1.4249851709813979e-05,0.00023911723638000347
2015-07-13,0.003230524530090789,7.021352332661811e-06,2.7977107541229265e-05,0.0032095687748822216
2015-07-14,0.005049194107034145,0.0024700065704364653,9.334539648879645e-06,0.007509866137821731
2015-07-15,-0.0011269233014241696,0.0052819336999300305,1.4400334405449598e-05,0.004140610064100411
2015-07-16,0.002965484040771078,0.0031127287600621932,1.0599207625797346e-05,0.006067613593207473
2015-07-17,0.0024927512465471808,0.006722619742380573,1.2137722986877393e-05,0.009203233265940875
2015-07-19,0.0,-0.00020876943267705015,7.925039343659547e-06,-0.0002166944720207097
2015-07-20,-0.0037735642440527607,0.014503887519780325,1.2437319552119559e-05,0.010717885956175444
2015-07-21,0.0009949423779988336,4.8804585471597854e-05,6.164716060193986e-06,0.0010375822474102375
2015-07-22,-0.005538871231019767,0.006486168984087193,1.8273987353018354e-05,0.0009290237657144084
2015-07-23,-0.0014620010348352797,0.005888788207778505,5.731662681922549e-06,0.004421055510261303
2015-07-24,-0.0032075002237584417,0.0038403345615390773,7.3643674491285365e-06,0.000625469970331507
2015-07-26,0.0,0.0002757424953256487,6.201719913975727e-06,0.000269540775411673
2015-07-27,-0.002018611076074316,0.013757112314639122,9.432800363274646e-06,0.011729068438201531
2015-07-28,0.003955937651313869,-0.005483682517729779,8.000225061231971e-06,-0.0015357450914771425
2015-07-29,0.001792020723362106,0.0009744767147972375,1.0740425797647462e-05,0.002755757012361696
2015-07-30,-0.00038023026334869676,0.002453192493811686,1.0944001046589351e-05,0.0020620182294164
2015-07-31,0.002390417913196295,0.002758337565888866,4.199902752008344e-06,0.005144555576333153
2015-08-02,0.0,-0.00048172651101301855,4.806765216469682e-06,-0.0004865332762294882
2015-08-03,-0.002268605794052271,0.0029507176237473396,1.9814018374370768e-05,0.000662297811320698
2015-08-04,-0.004181382941261204,-1.0435926500415495e-05,7.630932130077929e-06,-0.004199449799891697
2015-08-05,3.683940904974372e-05,-0.0007792541845712297,4.389779852363821e-06,-0.0007468045553738498
2015-08-06,-0.003460963868393071,0.0006989729321281336,2.7129418850346825e-05,-0.002789120355115284
2015-08-07,-0.00011878980927149932,-0.004964113834389242,7.574921698943225e-06,-0.005090478565359684
2015-08-09,0.0,0.0015869841088104481,7.838648661423095e-06,0.0015791454601490251
2015-08-10,0.004475688179567925,-0.014898340737379912,7.125697458341497e-06,-0.010429778255270328
2015-08-11,-0.0020788895794974227,0.010092798243043155,5.677253977503291e-06,0.00800823140956823
2015-08-12,0.003744804152530005,0.01060627764787157,1.8070679116707173e-05,0.014333011121284867
2015-08-13,-0.0035227099172757004,-0.002292406706344576,1.720670310353677e-05,-0.005832323326723813
2015-08-14,0.000847518587232688,0.0028469576053235567,3.1665479851487086e-05,0.0036628107127047575
2015-08-16,0.0,0.00034539005637376557,3.26155485741209e-05,0.00031277450779964466
2015-08-17,0.0019740516609166293,0.000744453765441842,2.3600615321666545e-05,0.002694904811036805
2015-08-18,-0.001119861574696974,0.00470187450289433,2.33821522791668e-05,0.0035586307759181896
2015-08-19,0.00010950712409080925,-0.0016315648719767463,2.220667717542626e-05,-0.0015442644250613633
2015-08-20,-0.00871519907564074,-0.005219943344611821,1.8904279095951567e-05,-0.013954046699348513
2015-08-21,-0.012632779255402684,-0.007054759779461912,1.978489835135931e-05,-0.019707323933215955
2015-08-23,0.0,0.000810327597625167,2.495506137844304e-05,0.000785372536246724
2015-08-24,-0.0056407050382159835,0.0003221846400208129,2.9842934569796216e-05,-0.005348363332764967
2015-08-25,-0.006450580699875801,0.0010594533988060192,1.5335921925676542e-05,-0.005406463222995457
2015-08-26,0.003203487097437326,0.0065809153572122464,3.894389839493853e-05,0.009745458556254635
2015-08-27,0.008480334766866326,-0.003024021917147508,1.1323114384252405e-05,0.005444989735334566
2015-08-28,0.0009625367840825989,0.001345777818872964,2.4681748481735355e-05,0.0022836328544738275
2015-08-30,0.0,0.0,1.697623675043766e-05,-1.697623675043766e-05
2015-08-31,-0.0007717815416183702,-8.714961329409798e-05,1.1319101065293332e-05,-0.0008702502559777615
2015-09-01,0.00013181888355120642,0.002268692836232284,6.9246377298624165e-06,0.0023935870820536278
2015-09-02,-0.005622563744105974,-0.0010735653915431023,9.656146502335498e-06,-0.006705785282151411
2015-09-03,0.0008244194327162418,0.0031168979555535885,7.544100565362894e-06,0.003933773287704467
2015-09-04,-0.0035033183346931565,-0.0026407147772181073,1.0180432182790648e-05,-0.006154213544094054
2015-09-06,0.0,0.0033326759730337883,1.0144234198662279e-05,0.003322531738835126
2015-09-07,0.0017572854654921085,0.0009834385420079707,6.867362982020393e-06,0.002733856644518059
2015-09-08,0.004590397005331477,-0.006054463858729041,5.878533649625571e-06,-0.00146994538704719
2015-09-09,-0.004524463741224572,-0.0006522051324930515,1.0905850113658277e-05,-0.005187574723831282
2015-09-10,0.00240990762995369,-0.005035251292548689,8.819417050965743e-06,-0.002634163079645965
2015-09-11,0.0031454072126189565,-0.0038234060915954635,9.635532521704645e-06,-0.0006876344114982116
2015-09-13,0.0,0.0005506021360795102,7.870766527385997e-06,0.0005427313695521241
2015-09-14,-0.0002612182605864265,-0.003668414903511871,9.587632989658385e-06,-0.003939220797087956
2015-09-15,-0.0020776305338825346,0.001343559562166736,7.044333737898808e-06,-0.0007411153054536975
2015-09-16,0.0035452938968436863,-0.0017597480469312657,2.3650992691818902e-05,0.0017618948572206015
2015-09-17,0.006105378632433174,-0.0035616971003024204,4.5494196382956726e-05,0.002498187335747797
2015-09-18,-0.002858364282854411,0.009551125074459132,2.7122236062180053e-05,0.006665638555542541
2015-09-20,0.0,-0.0004041990508341619,4.231607240447085e-05,-0.00044651512323863276
2015-09-21,-0.00025815645901516035,0.0003188683017990023,2.189455221443495e-05,3.881729056940697e-05
2015-09-22,-0.005309479006484214,0.002857858593878198,1.6764529600069695e-05,-0.002468384942206086
2015-09-23,-0.0004224578023846536,-0.0007739809185643681,2.028203997619784e-05,-0.0012167207609252194
2015-09-24,0.0027978409622285557,-0.0012966772550465696,2.088803504986828e-05,0.0014802756721321178
2015-09-25,-0.002148305523277392,-0.00013187708549839468,1.6054483672529568e-05,-0.0022962370924483164
2015-09-27,0.0,5.258558057648889e-05,1.88752924168404e-05,3.371028815964849e-05
2015-09-28,-0.009388597398053315,0.0008356627928007428,1.6133152925532365e-05,-0.008569067758178105
2015-09-29,0.0007839185865876813,-0.00034105257732488543,1.4409338986885329e-05,0.00042845667027591053
2015-09-30,0.006204534094725678,-0.003915298866325047,1.946418352165222e-05,0.0022697710448789793
2015-10-01,8.681081411344174e-05,-0.002798018257974098,1.837127782709995e-05,-0.0027295787216877563
2015-10-02,0.00866097178880806,0.0023555992790387794,2.229687494030362e-05,0.010994274192906536
2015-10-04,0.0,-0.0021330652301495717,1.8945680760551265e-05,-0.002152010910910123
2015-10-05,0.003713711335916907,-0.0020986708144565516,1.864898553973818e-05,0.001596391535920617
2015-10-06,0.0007368975585939584,-0.004743296914702365,1.013950625102782e-05,-0.004016538862359435
2015-10-07,0.001705315158645469,-0.003069539662659583,1.146100522836059e-05,-0.0013756855092424748
2015-10-08,-0.0003199902557266915,-0.00022345301149966619,2.321192837096229e-05,-0.00056665519559732
2015-10-09,0.0018784865671889516,0.000710219266296881,1.7165700136197234e-05,0.0025715401333496354
2015-10-11,0.0,-0.0004585804438652925,1.5133542823092227e-05,-0.0004737139866883847
2015-10-12,0.0030734039729878176,0.00292624333413115,1.4635754261893985e-05,0.005985011552857074
2015-10-13,0.0011545040818407809,-0.0003535060886823963,8.24789289967566e-06,0.0007927501002587089
2015-10-14,0.0028903881949575378,-0.009414748684649725,1.2373114840537587e-05,-0.0065367336045327245
2015-10-15,0.0030255031501863865,0.006346425902139113,1.7375545782886546e-05,0.009354553506542613
2015-10-16,0.00014333646657816967,0.006757154714199545,1.7980841595506505e-05,0.006882510339182207
2015-10-18,0.0,0.00011252359362033245,1.7511784036265655e-05,9.50118095840668e-05
2015-10-19,-0.00042356292659866357,0.008591493042635406,1.63585520315498e-05,0.008151571564005193
2015-10-20,-0.002971586483616334,0.0005596527668404235,1.091120760169419e-05,-0.002422844924377605
2015-10-21,0.000550304091536234,0.00017855674682690757,1.1890240711092302e-05,0.0007169705976520493
2015-10-22,0.006222343585276917,0.007542959915820387,8.64560721573014e-06,0.013756657893881573
2015-10-23,0.0030469403436944684,0.006498323541196747,1.6620268453938963e-05,0.009528643616437276
2015-10-25,0.0,0.00247872045387145,2.247584239262943e-05,0.002456244611478821
2015-10-26,-0.0008353490810077193,-0.008692946178122166,1.3768570909225745e-05,-0.00954206383003911
2015-10-27,0.0025470963240106894,-0.0031234482121512653,1.1297550404272481e-05,-0.0005876494385448484
2015-10-28,-0.0006549921352843463,0.005255713969817872,1.402651185863106e-05,0.004586695322674895
2015-10-29,0.0,-0.002180694474400522,1.2107564310845693e-05,-0.0021928020387113677
2015-10-30,0.0,-6.135522834680845e-05,4.432483465562219e-05,-0.00010568006300243064
2015-11-01,0.0,0.0029058245767870114,1.2759350152744748e-05,0.0028930652266342667
2015-11-02,-0.0037929037214545725,0.0020771330041457316,1.1325011491640746e-05,-0.0017270957288004817
2015-11-03,-0.001380985758574196,-0.005467730521313503,1.1057562763894471e-05,-0.006859773842651594
2015-11-04,-6.200647809380448e-05,0.003200989511370168,2.7799207656108715e-05,0.003111183825620255
2015-11-05,-0.004643363315308267,0.008998845672164583,1.4442157585203636e-05,0.004341040199271113
2015-11-06,-0.004723872821167173,0.016176758627678155,1.0343116476393376e-05,0.011442542690034588
2015-11-08,0.0,0.00022181868464433714,1.640465750661323e-05,0.0002054140271377239
2015-11-09,-0.00763837847532429,0.008650700012519184,2.784294529704366e-05,0.0009844785918978508
2015-11-10,0.0011280401250576937,0.003641544586592414,6.3564969132719655e-06,0.0047632282147368355
2015-11-11,-0.0002661404310353268,0.0005816935325752236,1.4689947259263377e-05,0.0003008631542806334
2015-11-12,-0.0018222981792779293,0.0048157291618280505,8.166787887303044e-06,0.002985264194662818
2015-11-13,-0.007865923743481718,0.0008030236325481469,6.8845756438222165e-06,-0.007069784686577393
2015-11-15,0.0,0.0002945999443366604,1.007633587840884e-05,0.00028452360845825157
2015-11-16,0.006487986217096934,0.002405114831368155,1.167525913948356e-05,0.008881425789325605
2015-11-17,0.0009741726337368236,0.009387901802230198,4.33667161006716e-06,0.010357737764356955
2015-11-18,0.004198842579491562,0.0012380577070393785,7.585441884340773e-06,0.005429314844646599
2015-11-19,0.0034364284887721387,-0.004436996273307847,1.4182972610915969e-05,-0.0010147507571466245
2015-11-20,-0.00011761315331910256,0.0004549739111260247,1.1252985880456594e-05,0.0003261077719264655
2015-11-22,0.0,0.002648098878248826,1.158081223553568e-05,0.0026365180660132903
2015-11-23,0.001603814040732229,0.0003818023873408053,4.91046992606315e-06,0.001980705958146971
2015-11-24,0.0005714611322164738,-0.006242647893546366,7.964660997458737e-06,-0.005679151422327351
2015-11-25,0.0029494203670411886,-0.0031155622442748834,1.8117906779923284e-05,-0.00018425978401361812
2015-11-26,0.0007865659543100968,0.001709172648205147,1.5962906917039515e-05,0.0024797756955982045
2015-11-27,-0.0005043872573458485,0.005451540618866676,1.545530539739325e-05,0.004931698056123434
2015-11-29,0.0,0.0017068640260977192,1.133849293372444e-05,0.0016955255331639948
2015-11-30,0.0011547715381123914,-2.901081798526361e-05,1.4220533149662723e-05,0.001111540186977465
2015-12-01,0.007918597473485674,-0.0026766596379803422,1.250533678345243e-05,0.00522943249872188
2015-12-02,-0.0029620036741557134,0.00796916945546608,1.2577867023342693e-05,0.004994587914287024
2015-12-03,-0.008850959410087568,-0.0063412330719227715,1.451637667193677e-05,-0.015206708858682277
2015-12-04,0.010546416980035826,0.00027860024286494684,1.2827855589960282e-05,0.010812189367310814
2015-12-06,0.0,-9.910410288176225e-05,3.403490666236205e-05,-0.0001331390095441243
2015-12-07,-0.004692845330458256,0.007510921982307885,1.7356384033779753e-05,0.0028007202678158485
2015-12-08,-0.0038634064513483426,-0.002088596075935166,6.707861908917927e-06,-0.005958710389192426
2015-12-09,-0.001741117864579283,-0.010573624962456797,1.8997494737156564e-05,-0.012333740321773238
2015-12-10,0.0013841798364382786,0.0011292190802028891,7.232696166724026e-06,0.0025061662204744436
2015-12-11,-0.0035699047936338197,-0.005854644966532459,2.3818238325548046e-05,-0.009448367998491827
2015-12-13,0.0,-0.0001963766506152892,4.2140456476140446e-06,-0.00020059069626290324
2015-12-14,-0.0011707544473505726,0.0039175682487115416,4.073124227673723e-05,0.0027060825590842314
2015-12-15,-0.00027400952941328553,0.0041673783397743296,6.909534469323376e-06,0.003886459275891721
2015-12-16,-0.000520070473018679,0.005870797817524944,1.9674681242211417e-05,0.005331052663264054
2015-12-17,0.0013142096584605964,0.009553922973063077,1.232945702617989e-05,0.010855803174497495
2015-12-18,0.003108703538961805,-0.011908485578191592,1.7005373478741515e-05,-0.008816787412708528
2015-12-20,0.0,-0.0006011674247824438,2.0990694423740943e-05,-0.0006221581192061848
2015-12-21,-0.000502754737238471,-0.0005216669315952082,1.958163637193593e-05,-0.001044003305205615
2015-12-22,-0.0012071536932793875,0.004053133164823931,3.50527929278451e-06,0.0028424741922517586
2015-12-23,-0.0009627304510187744,-0.0011978372516699926,4.919834843138362e-06,-0.0021654875375319055
2015-12-24,-2.709233687233823e-05,-0.004182747426991948,5.046840362961212e-06,-0.004214886604227248
2015-12-27,0.0,0.0,7.3938680808189215e-06,-7.3938680808189215e-06
2015-12-28,-0.0021769524319445056,0.004363037258942434,6.217151908518139e-06,0.00217986767508941
2015-12-29,0.000759112470633406,-0.0017530211565075522,5.649487571851813e-06,-0.0009995581734459978
2015-12-30,-0.002320326434486484,0.0007068835221220427,9.216924052685125e-06,-0.0016226598364171261
2015-12-31,-0.0027123781805499726,4.513355377243431e-05,1.0160806845382752e-05,-0.002677405433622921
2016-01-03,0.0,0.0003686210884056542,5.903659831952217e-06,0.00036271742857370195
2016-01-04,-0.007775381132890301,-0.0006095925232441859,7.599696782420863e-06,-0.008392573352916908
2016-01-05,0.001387173771670258,0.0015385814569697919,6.620540060314907e-06,0.002919134688579735
2016-01-06,0.0017805709704661055,-0.0018600027380163235,1.2918859826740291e-05,-9.235062737695838e-05
2016-01-07,-0.004316212779213927,-0.004986946240555172,6.039503370376727e-06,-0.009309198523139474
2016-01-08,-0.0005112631795710359,0.000615500471074564,1.935270082329535e-05,8.488459068023275e-05
2016-01-10,0.0,0.0002468085701745389,1.412778530685322e-05,0.00023268078486768566
2016-01-11,-0.0021520221148486436,0.0070233519121426485,1.474306155156563e-05,0.00485658673574244
2016-01-12,0.006955651616212439,0.0008116303406771479,1.5316365521453817e-05,0.007751965591368133
2016-01-13,-0.003521933744712662,-0.00013431175042870016,8.730573171567869e-06,-0.00366497606831293
2016-01-14,0.0025532055450345945,0.0020129350574844347,9.498846453740294e-06,0.004556641756065289
2016-01-15,-0.0027624065204083174,-0.0032982874804163755,1.172381201063334e-05,-0.006072417812835326
2016-01-17,0.0,0.0008163153768384671,7.945952139755752e-06,0.0008083694246987113
2016-01-18,-0.0001415009006432303,0.0018371923738357534,2.938118886702228e-05,0.001666310284325501
2016-01-19,-0.0008230784991909389,-0.00048698713521220285,1.382299161236404e-05,-0.0013238886260155058
2016-01-20,0.0029759344450836986,-0.0006385013044377118,6.535445895727789e-06,0.0023308976947502592
2016-01-21,-0.0009320943185466102,0.00018404548979651718,1.2966090741770224e-05,-0.0007610149194918631
2016-01-22,0.0013989548669909556,0.0009933802148558942,9.765621830133945e-06,0.002382569460016716
2016-01-24,0.0,-0.0003504910252500891,1.3275293994784278e-05,-0.0003637663192448734
2016-01-25,0.00033521588696424904,-0.002110434173691904,1.755772206708754e-05,-0.0017927760087947428
2016-01-26,0.002777179211057178,-0.0038215329377493047,1.2098663356788008e-05,-0.0010564523900489146
2016-01-27,-0.0020562464773282415,-0.0008378971548118921,9.412306105088292e-06,-0.002903555938245222
2016-01-28,-6.522675106146372e-05,-0.0022592833778396987,9.786157181287052e-06,-0.0023342962860824494
2016-01-29,0.010352778884112665,0.005770050349832993,7.815685323453342e-06,0.016115013548622208
2016-01-31,0.0,0.0,1.569879003907166e-05,-1.569879003907166e-05
2016-02-01,-0.0015465508555304185,0.0005337323306153193,2.4560220173883413e-05,-0.0010373787450889825
2016-02-02,0.0032197207076735293,-0.0032121093177724554,1.0320494027029063e-05,-2.709104125955146e-06
2016-02-03,-0.002429058371634445,-0.013663280951285769,1.4947807656763713e-05,-0.016107287130576978
2016-02-04,0.001967854414220295,-0.007641267631282056,2.5644187009538796e-05,-0.0056990574040713
2016-02-05,-0.006955236851876094,0.007457746529838342,1.9300593989418024e-05,0.0004832090839728299
2016-02-07,0.0,0.0014606122180252793,9.254541221263891e-06,0.0014513576768040153
2016-02-08,0.002211542791251638,-0.00030483924684489576,1.7395478597061276e-05,0.001889308065809681
2016-02-09,0.00041698001301011643,-0.0006431947099559765,1.0212971531303347e-05,-0.00023642766847716345
2016-02-10,0.0027762448266903496,0.00045950969566126127,2.2202212552186764e-05,0.003213552309799424
2016-02-11,0.0034357968742884113,-0.004200702269300577,1.307022413702779e-05,-0.0007779756191491937
2016-02-12,-0.0019630095475410693,0.0033750044876563177,1.663720653117609e-05,0.0013953577335840722
2016-02-14,0.0,-0.0003237392554504847,1.6388670303043437e-05,-0.0003401279257535281
2016-02-15,0.0012167584802661676,0.0041901932663569955,4.415075922220845e-05,0.0053628009874009544
2016-02-16,0.0019710448569532912,0.0022406113051457606,2.019098192185264e-05,0.0041914651801772
2016-02-17,0.002968393510150557,-0.003458685797632758,2.020612008720383e-05,-0.0005104984075694048
2016-02-18,0.0023900307073657346,-0.0011714572274716434,1.7076008804950716e-05,0.0012014974710891405
2016-02-19,-0.0009172002987918186,-0.0009531654455554794,1.8422389370460998e-05,-0.0018887881337177588
2016-02-21,0.0,0.00016003007227933548,1.6029972605962936e-05,0.00014400009967337256
2016-02-22,0.004318411901086174,0.0044259730609845045,2.2048335472438162e-05,0.00872233662659824
2016-02-23,-0.004965247357106959,0.005531478664842728,1.3581996310350306e-05,0.0005526493114254183
2016-02-24,0.001967503483678905,0.0002584480338359475,1.867729230124342e-05,0.002207274225213609
2016-02-25,0.004500087198043117,0.002756542399349883,1.4790579012197674e-05,0.007241839018380803
2016-02-26,-0.006261774427809347,0.008550312096413838,1.3054782720740613e-05,0.00227548288588375
2016-02-28,0.0,-0.00207937040800954,1.3794407135037806e-05,-0.0020931648151445775
2016-02-29,-0.001902112451005226,-0.0004570981820760175,2.4220940128602512e-05,-0.0023834315732098464
2016-03-01,-0.0010269410816640813,0.0003408836001160716,8.982425944880566e-06,-0.0006950399074928902
2016-03-02,0.0006145305940139931,-0.006622910116710991,2.142473863645037e-05,-0.0060298042613334485
2016-03-03,0.002089089766198056,-0.006892858406672931,3.4164992302711605e-05,-0.004837933632777587
2016-03-04,-0.00039004686908048684,-0.011984227412468164,1.534288461549274e-05,-0.012389617166164144
2016-03-06,0.0,-0.0008409258330403411,1.5462314637891616e-05,-0.0008563881476782327
2016-03-07,-0.0018457976831730196,-0.004733864614311191,1.9233045794380837e-05,-0.006598895343278592
2016-03-08,0.00365412094066581,0.0038849833190762267,1.152568745373154e-05,0.007527578572288305
2016-03-09,-0.0020785511121744565,-0.0012345672165569783,1.9774343106353906e-05,-0.0033328926718377886
2016-03-10,-0.0036079917360472644,-0.009282213244474539,1.4236352866619575e-05,-0.012904441333388424
2016-03-11,0.0031926682786894795,-0.0020040421241709896,1.4821271291828211e-05,0.0011738048832266618
2016-03-13,0.0,5.001718647265877e-05,2.288084520726048e-05,2.713634126539829e-05
2016-03-14,0.0017471414137718328,0.0038630260447236548,1.6033502201201357e-05,0.005594133956294286
2016-03-15,-0.001689266941912843,0.002957159465235808,1.0518270611004794e-05,0.0012573742527119604
2016-03-16,0.008232603852692215,-0.0124061299718017,1.5100367073358168e-05,-0.004188626486182843
2016-03-17,0.003448711728207505,-0.011667115502389705,3.894428995697254e-05,-0.008257348064139173
2016-03-18,0.001995658279555078,0.003572398693521871,3.403099361554041e-05,0.005534025979461408
2016-03-20,0.0,0.002114127244144776,2.2963574869549624e-05,0.0020911636692752264
2016-03-21,-0.0010130143033606378,0.003318525568517518,2.213876263210864e-05,0.0022833725025247715
2016-03-22,0.001530233808632524,0.0023188326103216915,1.4371637383309997e-05,0.0038346947815709053
2016-03-23,0.0006740793334350672,0.0077698448383827345,2.032676716714445e-05,0.008423597404650656
2016-03-24,0.0004013851997180909,0.004068078217853287,2.4003405497442306e-05,0.004445460012073936
2016-03-27,0.0,-0.0005297095450921192,2.0112304558898998e-05,-0.0005498218496510182
2016-03-28,0.0024006661471819186,-0.00020725535677361298,3.035763146879423e-05,0.002163053158939511
2016-03-29,0.011032434395975703,-0.010603242156403625,2.0294597677462995e-05,0.0004088976418946146
2016-03-30,-0.001344574612236513,-0.0010384085677572017,2.293511308932947e-05,-0.0024059182930830443
2016-03-31,0.0006934055643974269,0.0019514183372213601,1.411604873064051e-05,0.0026307078528881467
2016-04-01,0.005916037592923421,0.00043397248173394866,2.38046808813235e-05,0.006326205393776047
2016-04-03,0.0,0.0021918844649263147,2.1328505006594624e-05,0.0021705559599197203
2016-04-04,-0.000828029869107191,0.0008839416277007796,1.5269186522488026e-05,4.064257207110049e-05
2016-04-05,-0.002128930332001135,-0.001983007755002694,1.01164259085334e-05,-0.004122054512912363
2016-04-06,0.0022670890328967096,-0.0012310862660692824,1.4179313928924605e-05,0.0010218234528985026
2016-04-07,-0.0008802857338649363,0.0006205958629470508,1.5155338912167493e-05,-0.00027484520983005303
2016-04-08,0.0005661731509976843,-0.00329332202133335,1.184756007507032e-05,-0.002738996430410736
2016-04-10,0.0,-0.0004950918606869046,1.602761703280937e-05,-0.0005111194777197139
2016-04-11,-0.0007474029647683173,-0.001681267216339447,9.913842891314408e-06,-0.0024385840239990785
2016-04-12,0.0029798340762607007,-0.0010946449134752363,4.2633856716020676e-06,0.0018809257771138623
2016-04-13,0.009937793279159507,0.004276196622432626,7.99390103545933e-06,0.014205996000556673
2016-04-14,-0.003031339621228236,0.002574003368477199,1.0110565338195606e-05,-0.00046744681808923275
2016-04-15,0.0032353846303877537,-0.002410756038284134,2.166350149984751e-05,0.0008029650906037721
2016-04-17,0.0,0.0008660793186039604,6.958056136072279e-06,0.0008591212624678882
2016-04-18,0.0016163792324548252,-0.0033460792497441594,4.1135636141450055e-06,-0.0017338135809034792
2016-04-19,0.0033497027992553966,-0.008718281993586909,3.798230806344773e-06,-0.005372377425137857
2016-04-20,-0.0008678499159374576,0.0008382745356803028,9.626173190460314e-06,-3.920155344761507e-05
2016-04-21,-0.005678277053026582,-0.0002157050709009913,1.6968654880656896e-05,-0.0059109507788082305
2016-04-22,-0.006983487399526225,0.008856426408304295,1.1846843405115144e-05,0.0018610921653729557
2016-04-24,0.0,-0.0003910581728048498,1.644201385768266e-05,-0.0004075001866625325
2016-04-25,0.0019100848933532944,0.0008929539828579252,2.446930276276378e-05,0.002778569573448456
2016-04-26,0.0003599462703766367,-0.002758657453323515,1.080935820001011e-05,-0.002409520541146888
2016-04-27,-7.976186885559852e-05,-0.002145920848409159,1.2595290252871858e-05,-0.002238278007517629
2016-04-28,0.0008139820344079567,-0.009837272134199902,1.0700643453648901e-05,-0.009033990743245594
2016-04-29,-0.003129378473294206,-0.009799838566291342,1.468015009351046e-05,-0.012943897189679058
2016-05-01,0.0,-9.782995986370736e-05,2.081217452214436e-05,-0.00011864213438585172
2016-05-02,0.0026034739175570063,-0.0013668665257743314,1.848585473450013e-05,0.0012181215370481748
2016-05-03,-0.0035700227089373463,0.0018604966230068073,1.584048082411228e-05,-0.0017253665667546513
2016-05-04,-0.001020174144421561,0.004001406161936034,1.8981111208639682e-05,0.002962250906305833
2016-05-05,-0.0015122011960228279,0.004158862617934201,1.708159040233792e-05,0.0026295798315090356
2016-05-06,0.003956213601066879,0.00045768694002151224,1.3394260685921738e-05,0.00440050628040247
2016-05-08,0.0,0.00010032443040164256,1.6923262723005874e-05,8.340116767863669e-05
2016-05-09,-0.0016372788801021084,0.005347449078568917,1.0406466031788667e-05,0.0036997637324350198
2016-05-10,0.009604387053399391,-0.0004123472329404408,6.370734872878691e-06,0.009185669085586072
2016-05-11,-0.0024235094755432115,-0.004374716625201281,8.684380495340508e-06,-0.006806910481239833
2016-05-12,0.0006221101022729984,0.005154369291876791,1.4172556455224685e-05,0.005762306837694565
2016-05-13,-0.0008742952596127388,0.0008692809716926738,9.857331378037157e-06,-1.4871619298102241e-05
2016-05-15,0.0,0.00037093734132290527,6.929061949877127e-06,0.00036400827937302816
2016-05-16,0.0027298376266423436,0.0011434717178564304,7.840460133533346e-06,0.0038654688843652407
2016-05-17,-0.001299576927866932,0.0007144606395974332,7.047030487603153e-06,-0.0005921633187571019
2016-05-18,-0.0024799146749718975,0.010912744261276204,1.4195934831293756e-05,0.008418633651473013
2016-05-19,-0.0021955195472607558,-0.0005812909093233581,1.2028077660012133e-05,-0.0027888385342441256
2016-05-20,0.0029077504802607307,0.00044705770189375183,2.3155272267358986e-05,0.0033316529098871236
2016-05-22,0.0,0.00019221889871506612,7.913823889359472e-06,0.00018430507482570664
2016-05-23,-0.000941149408377074,-6.521669166132055e-05,9.372755082861569e-06,-0.0010157388551212561
2016-05-24,0.003844308836462297,0.00529210292929289,5.54091013880837e-06,0.009130870855616379
2016-05-25,0.005528566477043481,-0.0035797216539805135,7.056053979599724e-06,0.0019417887690833674
2016-05-26,0.001473110713112759,-0.005040258686694826,1.393480521629533e-05,-0.003581082778798362
2016-05-27,0.0024342974939017556,0.00666006027876125,7.6261308175304535e-06,0.009086731641845475
2016-05-29,0.0,0.0,2.2043358503460485e-05,-2.2043358503460485e-05
2016-05-30,-0.0001720142700823324,0.0015983487316197798,1.5348045538232283e-05,0.001410986415999215
2016-05-31,-0.0009520138498441175,-0.0026903800061168453,6.0040986233093504e-06,-0.003648397954584272
2016-06-01,0.003072129740953661,-0.0033252953663856907,5.265935219255131e-06,-0.0002584315606512847
2016-06-02,0.002803883343552655,-0.0013971893501673871,1.7678010526164368e-05,0.0013890159828591037
2016-06-03,0.0037512905453666056,-0.020117178249403067,1.0101321729810836e-05,-0.01637598902576627
2016-06-05,0.0,-0.0010882301869193237,8.599744826030005e-06,-0.0010968299317453537
2016-06-06,0.006546131371659556,-0.000488295370296965,5.3258194323918336e-05,0.0060045778070386725
2016-06-07,0.0024131050795051408,0.00047115939219442144,1.1243676086413317e-05,0.002873020795613149
2016-06-08,0.004277354751139852,-0.006972693830868998,1.2441591280936619e-05,-0.0027077806710100825
2016-06-09,-0.0005937328202233218,0.0010490272398921197,1.4707433164140367e-05,0.00044058698650465756
2016-06-10,-0.005819433116011454,0.0011517563033436467,1.4141610577863933e-05,-0.004681818423245671
2016-06-12,0.0,-0.00010518535324059067,1.3734956582240415e-05,-0.00011892030982283108
2016-06-13,-0.001543810914770646,-0.004115579244365856,1.756421625091659e-05,-0.005676954375387419
2016-06-14,0.0006212639038426586,0.004193798351625465,9.736908127883581e-06,0.004805325347340241
2016-06-15,-0.0023465804065498108,-0.004379911044206574,1.31328644503037e-05,-0.0067396243152066885
2016-06-16,-0.00047411008153116076,0.0015061821858166418,9.315113138611855e-06,0.001022756991146869
2016-06-17,0.000684290099164499,-0.006476803354252354,1.3541673607918493e-05,-0.005806054928695773
2016-06-19,0.0,0.0,9.999304795938929e-06,-9.999304795938929e-06
2016-06-20,-0.0029327651008311355,0.0007144601496328896,1.3311962493803557e-05,-0.0022316169136920496
2016-06-21,-0.006750516363600264,0.007859207689503465,6.1994020906448064e-06,0.0011024919238125557
2016-06-22,-0.0006833119572121177,-0.003949403227484192,1.0809431802056809e-05,-0.004643524616498366
2016-06-23,0.0019757886395854007,0.0037387965079951615,1.3541187240905558e-05,0.005701043960339656
2016-06-24,-0.011901441818397331,-0.00266292752699872,4.284361002680622e-06,-0.014568653706398732
2016-06-26,0.00033201237301460127,-2.641918845051047e-05,2.83689854071757e-05,0.0002772241991569151
2016-06-27,-0.002491129537431652,-0.004412825736487614,3.762974652106066e-05,-0.0069415850204403275
2016-06-28,0.004762963457165852,-0.0015298172166206764,1.6322880767173947e-05,0.003216823359778002
2016-06-29,0.0007598327441191876,0.0018995484307071978,1.9072680033847806e-05,0.0026403084947925373
2016-06-30,-0.0014476706791777124,-0.005988779572889924,1.380592358398757e-05,-0.007450256175651624
2016-07-01,-0.00025388653739731446,-0.0014587032411505349,1.0929813791408853e-05,-0.0017235195923392581
2016-07-03,0.0001522410264517669,0.0,1.0499666802244184e-05,0.0001417413596495227
2016-07-04,0.0005049200387631581,-0.0011829218044751683,7.894124169445834e-06,-0.000685895889881456
2016-07-05,-0.006390126425100905,0.003636837760367482,5.944246481433036e-06,-0.002759232911214856
2016-07-06,-0.0024780211281049147,-0.000515283929826962,1.1689862363526677e-05,-0.0030049949202954032
2016-07-07,-0.00088122560885892,0.003944858399675099,1.3861576031294917e-05,0.0030497712147848845
2016-07-08,0.007106739060020881,-0.0017874806107125618,1.0024420354118556e-05,0.005309234028954201
2016-07-10,0.0001160509012283799,0.0,1.0619277680087616e-05,0.00010543162354829229
2016-07-11,0.00025820256196729634,0.010357094585882621,1.1506752689325179e-05,0.010603790395160592
2016-07-12,0.0036139405650462684,0.008929294660447062,9.077755546972545e-06,0.012534157469946359
2016-07-13,0.0017458262641824906,-0.0030691865443713898,1.1438433726529655e-05,-0.0013347987139154288
2016-07-14,0.0005957650338082318,0.004892916610184007,8.137833778519988e-06,0.005480543810213719
2016-07-15,-0.001986699523336905,0.0038770874203148684,5.85089145926843e-06,0.0018845370055186952
2016-07-17,-0.0001286643276318311,0.0,4.6790941726524765e-06,-0.00013334342180448358
2016-07-18,0.0016453606476753385,0.0011018481608115107,3.686243529491939e-06,0.0027435225649573573
2016-07-19,-0.003256909865990477,-0.0012527082314900042,3.728711118765414e-06,-0.004513346808599246
2016-07-20,0.0001124603177135913,0.005513282477535481,4.122130857313477e-06,0.005621620664391759
2016-07-21,-0.000901107793095727,-0.005790706568944004,3.65903410701292e-06,-0.006695473396146744
2016-07-22,0.0003270614262410608,0.00345727819655617,3.2397028859846727e-06,0.003781099919911246
2016-07-24,-2.9270837685551397e-05,9.43331545309083e-06,4.377113119233112e-06,-2.421463535169368e-05
2016-07-25,-0.0005366455661880709,0.002114392611031895,4.915817782517749e-06,0.0015728312270613062
2016-07-26,3.0425443275278897e-05,-0.0025955116523869275,3.3967891793042805e-06,-0.0025684829982909525
2016-07-27,0.0021292082795522295,-0.004635415513567669,4.063681160200933e-06,-0.0025102709151756403
2016-07-28,-0.0004127506472843762,-0.0004076493089077727,5.030618441311059e-06,-0.0008254305746334599
2016-07-29,0.002091043195126519,-0.010853717708134158,4.4545288720517275e-06,-0.00876712904187969
2016-07-31,7.53695821157572e-05,0.0,3.6174698082806257e-06,7.175211230747658e-05
2016-08-01,-0.002459330306545011,0.00303672917080798,9.845911678641574e-06,0.0005675529525843271
2016-08-02,-0.0006979820710724873,-0.0019158780274802676,3.0628765936819988e-06,-0.002616922975146437
2016-08-03,0.0003809817682558719,0.0013041712432514834,4.119898750270248e-06,0.001681033112757085
2016-08-04,-0.0016815548219501382,-0.0032550174267779773,4.715906816873888e-06,-0.0049412881555449895
2016-08-05,0.0019118070668478102,0.010727573380524495,3.5599093783838613e-06,0.012635820537993921
2016-08-07,4.992415645096012e-06,0.0,5.058790445925864e-06,-6.637480082985255e-08
2016-08-08,0.0006953986024686974,0.0005823499341099999,2.2297966296114342e-05,0.0012554505702825828
2016-08-09,0.00026169088766037475,-0.003446019658926747,2.8155015103542404e-06,-0.003187144272776727
2016-08-10,-0.000537871284776367,-0.004327772620894716,2.912841442958753e-06,-0.004868556747114042
2016-08-11,0.0007039816882003884,0.0065284915332916955,3.4733215291262434e-06,0.007228999899962957
2016-08-12,-0.000256130066369629,-0.004625901195694195,4.35926102224733e-06,-0.004886390523086071
2016-08-14,-0.000211719109350768,0.0,1.5903739780727728e-05,-0.00022762284913149572
2016-08-15,0.0026282609649689362,0.0016960382218481587,7.4952151200299795e-06,0.004316803971697065
2016-08-16,0.0006514623588589789,-0.0013603413911287597,1.8935104127609706e-06,-0.0007107725426825418
2016-08-17,0.0008133610303408484,-0.002171444556154354,3.0070049857568417e-06,-0.0013610905307992625
2016-08-18,0.0026712429676642403,-0.0034543453270711516,4.81665237591965e-06,-0.0007879190117828309
2016-08-19,-0.0014402118572025783,0.005328556637791179,3.014592480622131e-06,0.0038853301881079786
2016-08-21,0.0,0.0,1.931120255443442e-06,-1.931120255443442e-06
2016-08-22,0.0005878761880122136,-0.00039689419275292426,3.5629790351811684e-06,0.00018741901622410821
2016-08-23,-0.0003716996162692888,5.447649387817232e-05,1.1472316860525296e-06,-0.000318370354077169
2016-08-24,-0.0021747258283003204,0.003037987776196156,3.4729166634914343e-06,0.0008597890312323443
2016-08-25,-0.0024549756337771114,0.0020759493816188647,1.5988828098708162e-06,-0.00038062513496811757
2016-08-26,-0.0029868098983497618,0.007539903314732482,5.740677220461913e-06,0.0045473527391622585
2016-08-28,-1.7018706439215196e-05,0.0,2.879974839535181e-06,-1.989868127875038e-05
2016-08-29,-0.0001696171847409362,-0.002914470476029837,8.77556937931892e-06,-0.0030928632301500916
2016-08-30,-0.0026872788297826475,0.0034784468870785812,1.825607978081046e-06,0.0007893424493178526
2016-08-31,-0.00037743040696815486,0.00160213585271957,7.044810496914585e-06,0.0012176606352545007
2016-09-01,0.0026973272737914173,-0.0017256576602796894,4.723887412215563e-06,0.0009669457260995123
2016-09-02,0.002603716034851704,0.0014301814994724295,1.8730526431469689e-06,0.004032024481680986
2016-09-04,-8.427917251999475e-05,0.0,4.294888416873485e-06,-8.857406093686823e-05
2016-09-05,-0.00038190043386777484,3.2535607126909496e-06,5.363426219947287e-06,-0.00038401029937503117
2016-09-06,0.00433422718560714,-0.0116018277689491,1.385645631629348e-06,-0.007268986228973588
2016-09-07,0.0003622580888652638,0.0005484352604203733,2.880822535318636e-06,0.0009078125267503184
2016-09-08,-0.00214114809573216,0.005744247708015175,2.3879736255698586e-05,0.003579219876027317
2016-09-09,-0.0055878697746329165,0.004462251199857345,3.1574259011167375e-06,-0.0011287760006766887
2016-09-11,-0.00011211246985750651,0.0,6.2370735008232745e-06,-0.00011834954335832978
2016-09-12,0.0011493460820639918,-0.003002360485983036,2.140229637592529e-05,-0.0018744167002949694
2016-09-13,-0.006803276885320275,0.005286166549017998,1.7883877775001201e-06,-0.0015188987240797773
2016-09-14,0.001403608943908687,-0.003971102725849521,6.12771385763463e-06,-0.0025736214957984686
2016-09-15,0.00424823768537636,-0.0008984483244651253,7.742662706041317e-06,0.0033420466982051933
2016-09-16,-0.0032694197639947225,0.0038231787552027046,8.472199130576743e-06,0.0005452867920774054
2016-09-18,-0.00011976153748930935,0.0,1.0404746057986708e-05,-0.00013016628354729605
2016-09-19,0.0006248477084446922,-0.0004781919980274446,1.4503987091184015e-05,0.00013215172332606363
2016-09-20,-1.5251738084023946e-05,-0.0010759371803194127,9.65550338456263e-07,-0.001092154468741893
2016-09-21,0.003055431269661433,-0.005229298737594873,2.4500532981251947e-06,-0.002176317521231565
2016-09-22,0.0025237534603254766,-0.0010814836790979864,1.5700047164609743e-06,0.0014406997765110292
2016-09-23,-0.002666171002440732,-0.0011849282819704154,9.824542109106868e-06,-0.003860923826520254
2016-09-25,6.583747286500725e-06,0.0,3.1733912275080855e-06,3.4103560589926397e-06
2016-09-26,-0.0025160823194699507,-0.004295015392036041,3.8158515770978155e-06,-0.006814913563083089
2016-09-27,0.0022266861498542517,0.0005234373071452952,2.8750166803737786e-06,0.002747248440319173
2016-09-28,0.0007885997000949535,0.0019193138416292376,4.317172863662096e-06,0.0027035963688605293
2016-09-29,-0.0019597834725604037,-0.000773701690968521,5.748667350995682e-06,-0.00273923383087992
2016-09-30,0.0019861846525141874,0.0033243008425708313,3.660527868847016e-06,0.005306824967216172
2016-10-02,-1.7276752878987383e-05,0.0,3.342723378023102e-06,-2.0619476257010487e-05
2016-10-03,-0.0010497336429597234,0.003765636302840554,6.549468209384694e-06,0.002709353191671446
2016-10-04,-0.0025092066811096894,0.010271368585543124,3.800067036406794e-06,0.007758361837397028
2016-10-05,0.000941845998558879,0.002564296870717103,5.708442224792227e-06,0.00350043442705119
2016-10-06,-0.002895606877408674,0.004929040179427517,1.5705467079103035e-05,0.0020177278349397397
2016-10-07,-0.002759419055554775,-0.003227560150891782,2.9734381093819427e-06,-0.00598995264455594
2016-10-09,0.000226408899445527,-2.1122445127686272e-05,5.44130736151693e-06,0.0001998451469563238
2016-10-10,0.0008124994799099066,0.004413873043053769,6.8748382233125095e-06,0.005219497684740363
2016-10-11,-0.006326444801232982,0.00029526251736758857,1.0980056307653908e-06,-0.00603228028949616
2016-10-12,-0.0007526308962441783,0.001025036725305938,5.645019041476376e-06,0.00026676081002028327
2016-10-13,0.0006570810564613459,-0.0035349703867091674,1.2181760722881275e-05,-0.002890071090970703
2016-10-14,-0.0007974541340756425,0.0026038682949324683,3.0416066599350735e-06,0.0018033725541968908
2016-10-16,4.8264047766937525e-05,-8.03617430416421e-09,3.3523966712653057e-06,4.490361492136806e-05
2016-10-17,5.390639814461353e-05,-0.003358339867213797,5.725771841124896e-06,-0.003310159240910308
2016-10-18,0.002320163673534997,-0.002015264452510538,1.0100592751806038e-06,0.0003038891617492785
2016-10-19,0.00040377810149883433,-0.001725314333970238,4.6731949642803725e-06,-0.001326209427435684
2016-10-20,-0.0002465360975984432,0.002759220467790602,3.7968706758046504e-06,0.002508887499516354
2016-10-21,-0.0008442899095094016,-0.0007795389442972755,2.1464931522181587e-06,-0.0016259753469588954
2016-10-23,-5.280005895690085e-06,1.3735775042417592e-05,3.5678398113742844e-06,4.8879293353532225e-06
2016-10-24,0.002513292529659493,0.0022003022299672114,1.6882016982120824e-06,0.004711906557928492
2016-10-25,-0.0009727944083231486,-0.0006719844738851985,8.839642394083706e-07,-0.0016456628464477554
2016-10-26,0.000211890373250271,0.0028350721376933247,4.8163974923979775e-06,0.003042146113451198
2016-10-27,-0.002175233451625262,0.0038277799058672873,2.2447227895078897e-06,0.0016503017314525175
2016-10-28,0.001111965308007627,-0.0030914875424182804,3.910336248159169e-06,-0.0019834325706588126
2016-10-30,-1.0913726612482832e-05,5.453063582470129e-05,5.971825217314689e-06,3.764508399490377e-05
2016-10-31,-0.00025727366947581276,-0.0009094975922438501,1.108727605789362e-05,-0.0011778585377775566
2016-11-01,-0.002684523086266423,-0.0031113370395967114,1.3213085824795396e-06,-0.005797181434445613
2016-11-02,-0.000933525430093119,-0.0043117465098042075,4.2099387177185345e-06,-0.005249481878615046
2016-11-03,0.0006136274027762964,-0.0010889777857105336,8.235606175586395e-06,-0.0004835859891098236
2016-11-04,0.00038777442269218325,-0.0027123461281156488,4.204447113561942e-06,-0.002328776152537027
2016-11-06,-1.881605344865839e-06,1.1186385314687638e-05,5.521732785562124e-06,3.783047184259676e-06
2016-11-07,0.00394306826264543,0.00731650555613312,4.424366894658806e-06,0.011255149451883892
2016-11-08,0.0010639772403845977,0.005116664412879544,2.2968698601331065e-06,0.006178344783404008
2016-11-09,3.273891427203285e-05,0.011344272841881473,2.2763072514417565e-05,0.011354248683639087
2016-11-10,0.001342967965668638,0.005610799658208725,1.977154631942785e-05,0.0069339960775579345
2016-11-11,0.00034747656523418123,0.004949906684411636,4.7940136909585575e-05,0.005249443112736231
2016-11-13,-1.0749045307033441e-05,6.0991528799199354e-05,1.2912182896917229e-05,3.733030059524868e-05
2016-11-14,-0.005421456135885409,0.008103510625110317,6.094552973781558e-06,0.002675959936251127
2016-11-15,0.0019879510039345176,0.0018685949659162137,3.61403730999049e-06,0.003852931932540741
2016-11-16,-0.0005278014853264265,-0.0005539791648467053,1.4865491776994436e-05,-0.0010966461419501263
2016-11-17,0.0008992565052990642,0.0049638413061365225,5.509779040452613e-06,0.005857588032395134
2016-11-18,-0.0016908310030390727,0.004846059531605591,3.297158305722655e-06,0.0031519313702607957
2016-11-20,0.0,-0.0002030121387037029,1.476825317636786e-05,-0.00021778039188007076
2016-11-21,0.005046122533309194,-0.0017975931878981173,1.537222501973693e-05,0.0032331571203913397
2016-11-22,-0.00041269669258042757,-0.0003346428231311212,2.0217165417909838e-05,-0.0007675566811294587
2016-11-23,-0.0003955780837891926,0.005279930248948839,2.6787742638407495e-05,0.004857564422521239
2016-11-24,0.0005037743742774328,0.0014808428030153432,1.584460207120305e-05,0.001968772575221573
2016-11-25,0.0008925196126690051,-0.002139141044550652,1.789329781488607e-05,-0.001264514729696533
2016-11-27,-4.143836065059154e-05,0.0006024531361489803,1.562694477795675e-05,0.000545387830720432
2016-11-28,0.0015473693758509457,-0.0055259072837893376,2.560602266842897e-05,-0.004004143930606821
2016-11-29,-0.00026230177305064476,0.004950048441639241,1.379057035223401e-05,0.0046739560982363626
2016-11-30,-0.004779609602466757,0.006901435709602536,1.4368430164538764e-05,0.00210745767697124
2016-12-01,-0.003166262088793822,0.002225245232965192,1.3990657421144362e-05,-0.0009550075132497744
2016-12-02,0.0029077498326455283,-0.004389481930703473,1.1869579075281352e-05,-0.0014936016771332262
2016-12-04,-6.360132698177776e-06,1.0951397665873996e-05,1.0497870894413618e-05,-5.906605926717399e-06
2016-12-05,0.0017086429220173412,-0.002392873183652171,2.7147936710141784e-05,-0.0007113781983449716
2016-12-06,0.0003040685370625332,0.0006805324658453181,6.2809579185009096e-06,0.0009783200449893505
2016-12-07,0.0026607633704732025,-0.003622303554361726,6.3003324837670415e-06,-0.0009678405163722907
2016-12-08,-0.0026164248865261593,0.0041047323537512035,7.75358827570141e-06,0.0014805538789493427
2016-12-09,-0.0022503551055389906,0.0029188914065078116,4.861105328392029e-06,0.000663675195640429
2016-12-11,4.777871730043577e-05,-0.0006734161717842748,6.7520424846762316e-06,-0.0006323894969685152
2016-12-12,0.001456073664397252,0.00036037330598881945,5.479412731968766e-06,0.001810967557654103
2016-12-13,0.00020730228381196734,0.0007924438435499048,2.2172118804943187e-06,0.0009975289154813777
2016-12-14,-0.005534077196517821,0.011614009795343903,4.996714735802502e-06,0.006074935884090279
2016-12-15,-0.0032053300925862288,0.004650541020942567,2.9207702860562646e-05,0.001416003225495776
2016-12-16,0.001209148637980082,0.0008830730228014526,9.992226288716306e-05,0.0019922993978943714
2016-12-18,0.0,-0.0003867727813321311,3.1743536527442683e-05,-0.0004185163178595738
2016-12-19,0.0035386944000507055,-0.0016840532197591358,2.8248093263598133e-05,0.0018263930870279716
2016-12-20,-0.004857926037128192,0.0025192683233404645,2.0368289190194404e-05,-0.0023590260029779223
2016-12-21,0.0006007289162781264,-0.00021097121992847388,2.389103207418358e-05,0.00036586666427546895
2016-12-22,-0.0027275704612915513,0.002781946981824309,2.1520413351768474e-05,3.2856107180989126e-05
2016-12-23,0.0005915327985967259,-0.001875881536639138,1.6513396915778005e-05,-0.00130086213495819
2016-12-26,0.0,0.0012574232411278637,1.578769562778475e-05,0.001241635545500079
2016-12-27,0.0017960099381313186,-0.005494489506694266,1.4818562194838222e-05,-0.003713298130757786
2016-12-28,0.0018512848864573484,0.0017339730583412465,1.2473696824624548e-05,0.00357278424797397
2016-12-29,0.003516857272819537,-0.002172479046821448,2.2255423803395307e-05,0.0013221228021946937
2016-12-30,0.00014929999666969695,0.0013052434166117338,1.357911784422234e-05,0.0014409642954372084
2017-01-02,0.0,-0.00013117830820064114,1.2422646195303281e-05,-0.00014360095439594443
2017-01-03,6.190790936352756e-06,0.0015694823344490365,1.0243907466907701e-05,0.0015654292179184816
2017-01-04,0.0043188250079861995,-0.005765760803321616,6.14432648923297e-06,-0.0014530801218246494
2017-01-05,0.009262055024222402,-0.011090845886414746,6.444642423834028e-06,-0.0018352355046161778
2017-01-06,-0.006080524041301778,0.00745523114581639,1.137533761824694e-05,0.0013633317668963645
2017-01-08,0.0,-0.0008353962579195863,1.3985444223268778e-05,-0.000849381702142855
2017-01-09,0.0033253323956005175,-0.0029376403096655463,8.725227352864076e-06,0.0003789668585821071
2017-01-10,0.0006899474833969852,-0.0019794324136303107,3.94642717091334e-06,-0.0012934313574042389
2017-01-11,0.0012891129666494708,-0.003087738314070079,4.6202858026686914e-06,-0.001803245633223277
2017-01-12,0.0006811096024328487,-0.004275085699201251,4.233700461225912e-06,-0.003598209797229629
2017-01-13,-0.0006518071496573323,-0.0007325684120098483,3.2583298893759294e-06,-0.0013876338915565565
2017-01-15,-4.168743450524191e-05,-0.001312125703606592,5.733914304143677e-06,-0.0013595470524159776
2017-01-16,0.0002594618559167792,0.0003424371328941964,4.090098583023812e-06,0.0005978088902279518
2017-01-17,0.007100132629490224,-0.0040350245138871445,2.413223802513418e-06,0.003062694891800566
2017-01-18,-0.006775101957802813,0.005911467720259961,5.388340747860839e-06,-0.0008690225782907128
2017-01-19,-0.0017375070598202467,0.001110112993676169,1.1317707669848938e-05,-0.0006387117738139267
2017-01-20,0.0016328258237802685,-0.001710632298961076,2.1885648398869516e-05,-9.969212357967712e-05
2017-01-22,5.767945698905646e-05,-0.0014452049159509295,4.354870365608403e-06,-0.0013918803293274814
2017-01-23,0.005390676012977244,-0.00611822550087392,1.1622585508853537e-05,-0.0007391720734055298
2017-01-24,-0.0025119904034939184,0.002042742984289485,9.143103909007643e-06,-0.00047839052311344084
2017-01-25,-0.0014830582640142052,-0.0051058302099642235,1.2670485167956602e-05,-0.006601558959146385
2017-01-26,-0.0008644249956554974,0.002331062506644246,1.1362598695291524e-05,0.0014552749122934572
2017-01-27,0.0007517190442832137,0.002416053636790617,1.1850446688467909e-05,0.0031559222343853625
2017-01-29,-0.00022085590390734912,0.00023621344363221545,7.881555963846518e-06,7.475983761019812e-06
2017-01-30,-0.0019814173632592765,0.001681488200210162,7.974056854800097e-06,-0.0003079032199039147
2017-01-31,0.004049803387471888,-0.004531875858634588,6.015947450086527e-06,-0.0004880884186127866
2017-02-01,-0.0006386395959994814,-0.0013233060822424659,1.205456182527621e-05,-0.0019740002400672235
2017-02-02,0.000498414418381851,-0.0013557703268234599,9.217400944095338e-06,-0.0008665733093857043
2017-02-03,0.0014236120050072723,0.002098355498598699,1.088237447213926e-05,0.003511085129133832
2017-02-05,0.0,0.0013227957241178515,1.188615763196669e-05,0.0013109095664858848
2017-02-06,0.0045723592207061944,-0.004240416736341971,8.421827983935384e-06,0.00032352065638028784
2017-02-07,0.0008442917809430084,0.0001537175197592253,9.522698557059065e-06,0.0009884866021451747
2017-02-08,0.004731113694971893,-0.0036249091373269093,1.5436146627536548e-05,0.001090768411017447
2017-02-09,-0.0039106825396461025,0.0017402360289053033,7.511291679468989e-06,-0.002177957802420268
2017-02-10,0.0002827834009002406,-0.0059799452980548225,9.684517864826675e-06,-0.005706846415019408
2017-02-12,0.0,-0.0005636195704575002,1.0381835963969707e-05,-0.0005740014064214698
2017-02-13,-0.000491933859858901,-0.0023625917936458346,8.920388481691697e-06,-0.0028634460419864273
2017-02-14,-0.0023573925053492033,0.003402845564432421,4.306946861514849e-06,0.001041146112221703
2017-02-15,0.00017308293028593744,-0.0010436607364319778,6.587840669023182e-06,-0.0008771656468150635
2017-02-16,0.0037327044932446516,-0.001790910278711962,1.17430595595397e-05,0.0019300511549731499
2017-02-17,0.0007088388322124294,0.0015401294572849494,3.393077775319534e-06,0.0022455752117220592
2017-02-19,0.0,4.7688456933842835e-05,1.6026311820150652e-05,3.1662145113692184e-05
2017-02-20,0.00058940244575317,-0.0014192726459490838,4.811263131188425e-06,-0.0008346814633271023
2017-02-21,0.0005800221564004398,-0.0011584070538770666,4.3302822867011326e-06,-0.000582715179763328
2017-02-22,0.0007823406399144334,-0.0005444482045173477,5.35709274313379e-06,0.00023253534265395187
2017-02-23,0.0029677788019787797,0.0013098779690041732,4.58059066035084e-06,0.004273076180322602
2017-02-24,0.0032723313625440138,-0.002412265568891347,2.669548914534575e-06,0.0008573962447381322
2017-02-26,0.0,-0.00023314141016265343,6.641112100018259e-06,-0.00023978252226267168
2017-02-27,-0.0024629083221187676,0.0030490196459198133,8.530924666295597e-06,0.0005775803991347502
2017-02-28,-0.0018973580913859453,0.0013417981600030876,2.5294782240425955e-06,-0.0005580894096069004
2017-03-01,-0.0026741511802990683,-0.002263393138206975,1.4956408116291095e-05,-0.004952500726622334
2017-03-02,-0.004426182301151262,0.004396439754633339,7.26371299971075e-06,-3.7006259517633814e-05
2017-03-03,0.001438670697371206,-0.0006865075744465806,2.1656640257653905e-05,0.0007305064826669716
2017-03-05,0.0,-0.00047859465737612233,1.260532918939377e-05,-0.0004911999865655161
2017-03-06,-0.0023557400652016256,0.0021485963120776138,4.0171750453793186e-06,-0.00021116092816939118
2017-03-07,-0.0032278180964665218,0.004271424040388678,1.9150749621313067e-06,0.0010416908689600249
2017-03-08,-0.003974325815647554,0.0044515058638368585,5.316903348741243e-06,0.0004718631448405635
2017-03-09,-0.0028192519319360557,0.006295085710916504,4.07331479722343e-06,0.0034717604641832252
2017-03-10,0.0019204806172025326,-0.0013440354386147243,9.016501863259703e-06,0.0005674286767245485
2017-03-12,0.0,-0.00010852474604466185,9.062981044257948e-06,-0.00011758772708891979
2017-03-13,-0.0016674263464240325,0.0005820824904963971,8.423034104733862e-06,-0.0010937668900323693
2017-03-14,-0.0009224866307838339,0.003528215113196735,5.972435769007999e-06,0.002599756046643893
2017-03-15,0.010703024874332999,-0.011751026573561207,6.4821093030673964e-06,-0.0010544838085312755
2017-03-16,-0.0008435218484838492,-0.0011346518331702832,1.3353195796412724e-05,-0.001991526877450545
2017-03-17,0.00213685528462766,-0.002270588968367325,4.355288740428232e-05,-0.00017728657114394748
2017-03-19,-5.3577014707714e-05,0.0006628603048432445,1.3603857820405195e-05,0.0005956794323151254
2017-03-20,0.0022764460162876554,0.0017968416301528765,7.233102508308738e-06,0.0040660545439322225
2017-03-21,0.0007386799055924152,0.002695100696807926,5.460926817048483e-06,0.003428319675583293
2017-03-22,0.0022255867941446423,-0.0019436615476610894,5.8890196231759885e-06,0.0002760362268603769
2017-03-23,-0.0014579393529208762,0.00118495651431222,2.889399691899839e-05,-0.0003018768355276546
2017-03-24,8.012801059599788e-05,0.0010314637872021878,5.310991915330676e-06,0.001106280805882855
2017-03-26,0.0004991376931877321,0.0006403280339441786,3.706678617950096e-06,0.0011357590485139607
2017-03-27,0.0018778871764615563,-0.0018355041439575355,3.974357029202213e-06,3.840867547481853e-05
2017-03-28,-0.0016856968969062801,0.0018885973646734161,9.422104032202409e-06,0.0001934783637349336
2017-03-29,0.003922966596807363,-0.004229846577751074,8.327312477836336e-06,-0.0003152072934215475
2017-03-30,-0.001930072442650492,0.0016345267765336257,9.497358407845766e-06,-0.000305043024524712
2017-03-31,0.00256242035115563,-0.0020314791515963497,1.5069245838436001e-05,0.0005158719537208442
2017-04-02,-0.00028754696608337146,0.0005112055411777011,1.139061367251686e-05,0.00021226796142181277
2017-04-03,0.0032006123416823597,-0.001135887001878251,1.765488779440707e-05,0.0020470704520097016
2017-04-04,-0.0017870385698864162,0.001749056279660204,9.058413544510077e-06,-4.704070377072227e-05
2017-04-05,0.0021689308975058274,-0.004277995415654084,1.7950390576281284e-05,-0.002127014908724538
2017-04-06,-0.0008826868246271756,0.002334236823819857,1.6574752229109393e-05,0.0014349752469635718
2017-04-07,-0.0011450965235707158,0.007834802979342585,1.6943163935622303e-05,0.006672763291836246
2017-04-09,8.038871436349683e-05,0.0,2.8222253545448676e-05,5.216646081804815e-05
2017-04-10,0.0014368176875615233,-0.0021786460136164728,2.834203101703043e-05,-0.0007701703570719799
2017-04-11,0.005982349431421456,-0.007130609547305365,2.485997202628632e-05,-0.0011731200879101947
2017-04-12,0.0015652889874993455,-0.0026868941586206166,2.1514527918531502e-05,-0.0011431196990398026
2017-04-13,-0.0010205883584694904,0.0019720300955808965,2.922237729768237e-05,0.0009222193598137238
2017-04-16,-0.0001903723810377659,-0.00028573357873595536,1.841431544910541e-05,-0.0004945202752228267
2017-04-17,0.0034183178012397245,-0.0002871113687922064,2.2487006392886857e-05,0.003108719426054631
2017-04-18,0.0038541858639988495,-0.003032602895719861,1.281976667559153e-05,0.0008087632016033971
2017-04-19,-0.004284641194351399,0.0016250398670174737,2.853002934743455e-05,-0.00268813135668136
2017-04-20,0.002397315261583247,0.0016135092755860821,3.0971019290756044e-05,0.003979853517878574
2017-04-21,-0.00021916658067851517,0.001638464909237249,1.8907331180479268e-05,0.0014003909973782547
2017-04-23,-0.001114802692355795,-0.0009512320101686196,1.8870332375936958e-05,-0.0020849050349003515
2017-04-24,0.0016269387452416918,-7.662500169633131e-05,1.824194655562261e-05,0.001532071796989738
2017-04-25,-0.0023650745720762414,-0.000580878615022094,1.6944541012730674e-05,-0.002962897728111066
2017-04-26,-0.00046019857950207023,0.0011398309385600052,3.347063762050004e-05,0.0006461617214374349
2017-04-27,0.0015962985346086645,-0.0006064006208813396,2.279700420085338e-05,0.0009671009095264715
2017-04-28,-0.00035615851369134253,-0.0008471051335860284,2.0967005842946943e-05,-0.001224230653120318
2017-04-30,-0.0006400971633727019,0.000544762686907864,2.2262866479302355e-05,-0.0001175973429441403
2017-05-01,0.0011275778682010669,-0.010626968418327668,2.1480265757670523e-05,-0.00952087081588427
2017-05-02,0.003039839108170406,0.001365145849712508,2.4738720542356045e-05,0.004380246237340559
2017-05-03,-0.006350922094805018,0.004905436416806088,3.0475929305976642e-05,-0.001475961607304907
2017-05-04,-0.0019337969767746401,0.006932879827634235,2.4983640296811456e-05,0.004974099210562783
2017-05-05,-0.007700134543458255,0.00024541872140099446,2.0971695682743105e-05,-0.007475687517740004
2017-05-07,0.005556708003218199,-0.0016623027842659164,2.2512889875047677e-05,0.003871892329077235
2017-05-08,-0.003068236035058132,0.007938531284216118,2.5499987505087113e-05,0.004844795261652899
2017-05-09,-0.001522060705177363,0.003651420948049172,1.745765345258532e-05,0.0021119025894192236
2017-05-10,-6.249002912644887e-05,-0.0013811084256740087,1.495799833604186e-05,-0.0014585564531364994
2017-05-11,0.0026085954983146647,0.0005760631461046298,1.4706885369992044e-05,0.003169951759049303
2017-05-12,0.005088286963182722,-0.003153378266343897,1.620770098908984e-05,0.001918700995849735
2017-05-14,-0.00045910815065548544,-0.0005486508135237241,1.4567901697155227e-05,-0.0010223268658763648
2017-05-15,0.000896838163740738,1.5439135653145644e-05,4.5405459149399114e-05,0.0008668718402444845
2017-05-16,0.0030688710094120084,-0.002537487800888561,2.4830272604421117e-05,0.0005065529359190264
2017-05-17,0.009719354212979339,-0.00995159144389324,2.6679425147073254e-05,-0.00025891665606097555
2017-05-18,-0.0021172742690195165,0.008196566394389483,2.5624749966928007e-05,0.006053667375403039
2017-05-19,0.002929769364459692,-0.01483577544785281,5.883491596512643e-05,-0.011964840999358243
2017-05-21,0.000337393355053788,0.0005360115226559272,2.559252166052803e-05,0.0008478123560491872
2017-05-22,0.0009648994264517453,-0.002610427763673029,2.1490794514606916e-05,-0.0016670191317358907
2017-05-23,-0.0037991360647660973,0.009422216003595756,1.5840910205461428e-05,0.005607239028624198
2017-05-24,0.005186587857441565,-0.0006219616003321621,2.0249613776048312e-05,0.004544376643333355
2017-05-25,0.0006949150493188329,0.0017187438232078643,1.5809749291785076e-05,0.002397849123234912
2017-05-26,-0.0019878220285257753,0.003154700756289483,3.0921555257464456e-05,0.0011359571725062434
2017-05-28,0.0002593935602373188,-0.00024240098466142917,2.4900034699113986e-05,-7.907459123224367e-06
2017-05-29,-7.953972291682947e-05,-0.0003065964801071851,3.494205962767314e-05,-0.0004210782626516877
2017-05-30,0.0008733669718585423,0.0034576383495102674,2.891795271502152e-05,0.0043020873686537885
2017-05-31,-8.349235893211472e-05,-0.003115102409760595,2.9079529486094307e-05,-0.003227674298178804
2017-06-01,0.0021955896040238396,0.001919756773383547,1.5370792718965662e-05,0.004099975584688421
2017-06-02,0.007822103654075091,-0.0028354960150937243,1.4638884571075213e-05,0.004971968754410291
2017-06-04,-9.397369969964172e-05,0.0,2.539300424060465e-05,-0.00011936670394024637
2017-06-05,-0.0016757243465061714,-0.0018336095800882868,2.8036344057479e-05,-0.0035373702706519372
2017-06-06,0.000886852775223366,-0.006433801091503329,1.6951918937556336e-05,-0.005563900235217519
2017-06-07,-0.0006076797076890631,-0.008515697210379418,1.7593334222871712e-05,-0.009140970252291353
2017-06-08,-0.004680825918800971,-0.002518762510481247,1.0041350348454455e-05,-0.007209629779630672
2017-06-09,-0.010601938126557716,0.011291353607051389,8.684096905787265e-06,0.0006807313835878859
2017-06-11,0.0015491413714084537,-0.001488650312694509,1.3276891452881868e-05,4.7214167261062835e-05
2017-06-12,-0.002081903237114443,0.010147840325503373,5.2168812065572006e-05,0.008013768276323358
2017-06-13,0.002244114492322611,-0.00311879215344752,6.329660514879403e-06,-0.0008810073216397884
2017-06-14,0.0017691569976684422,-0.0026965614772098386,2.1625411726164417e-05,-0.0009490298912675607
2017-06-15,-0.004076460072040838,0.006640380273682989,1.9396737246391196e-05,0.0025445234643957596
2017-06-16,0.00022798653850648383,-0.009919065267965993,3.955025970288305e-05,-0.009730628989162392
2017-06-18,-0.00036402693907610067,0.00044570594931201286,2.8915431506699187e-05,5.2763578729213e-05
2017-06-19,0.0026388729317919704,0.004739556468139833,2.2610222167968947e-05,0.0073558191777638345
2017-06-20,-0.003186158238818764,0.004820080698167159,1.7523937502810685e-05,0.0016163985218455841
2017-06-21,-0.0008302865736723173,0.00022260812227995646,1.6243302146694675e-05,-0.0006239217535390555
2017-06-22,0.0011635652101077646,0.0004287211740679406,1.6168266112552294e-05,0.0015761181180631528
2017-06-23,0.004185923196021291,-0.0037825590125416123,1.5922424215045e-05,0.0003874417592646333
2017-06-25,0.00010737949294126161,0.0005330871082729379,1.5881161965451104e-05,0.0006245854392487485
2017-06-26,-0.0010297806123348615,0.0015537858360749927,2.1625864837871453e-05,0.0005023793589022598
2017-06-27,-0.008862549442395156,-0.0053680659557808885,1.3112841587823008e-05,-0.014243728239763867
2017-06-28,0.006455048920428951,-0.005940402025432871,1.4003678008840906e-05,0.0005006432169872387
2017-06-29,-0.007580385308172574,-0.011221602221204168,3.38625121724741e-05,-0.018835850041549217
2017-06-30,-0.0006802641941387716,-0.00453068698104269,1.6465090145899784e-05,-0.005227416265327361
2017-07-02,0.0017834966451895015,0.0,1.944977858407017e-05,0.0017640468666054313
2017-07-03,-0.006088310139283334,-0.0019397522069688634,1.2547190563422186e-05,-0.00804060953681562
2017-07-04,0.0007451991633328207,0.0017987215379035811,1.2899356817838276e-05,0.0025310213444185636
2017-07-05,0.004615249436448247,-0.006257168355220787,2.850892847924529e-05,-0.0016704278472517852
2017-07-06,-0.00950189038931256,0.0005560055385558521,1.664586375692765e-05,-0.008962530714513636
2017-07-07,-0.0022551202410515158,0.003865039650415843,2.106178104401736e-05,0.0015888576283203098
2017-07-09,-5.1720016906800856e-05,0.001095578996460272,2.3158647630903794e-05,0.0010207003319225672
2017-07-10,-0.000558137671026984,-0.003043689897080217,1.979013796485682e-05,-0.003621617706072058
2017-07-11,0.0012886899839223507,-0.0026553676988102523,1.5387600554100465e-05,-0.0013820653154420022
2017-07-12,0.011057550601307933,-0.002279862159579567,1.3942443079878681e-05,0.008763745998648487
2017-07-13,-0.002016312895659601,0.008895647908381415,9.574714506013659e-06,0.0068697602982158
2017-07-14,0.006714168782830615,-0.006399547376926719,3.69019835784984e-05,0.00027771942232539737
2017-07-16,0.00033223465660761067,-0.0011372571112560526,1.5066526869344127e-05,-0.0008200889815177861
2017-07-17,0.0024165499315755286,0.0013549037865063559,1.731564849880795e-05,0.0037541380695830765
2017-07-18,0.004524038420931641,-0.0044886854103368505,6.515059483959475e-06,2.8837951110831317e-05
2017-07-19,0.0010927240397915494,0.0010199950611052251,9.88726843764257e-06,0.002102831832459132
2017-07-20,0.003337216312637642,-0.002670457628016114,1.4213885634571267e-05,0.0006525447989869566
2017-07-21,-0.0006631251494381124,-0.0035796825861728466,1.0247415481003865e-05,-0.004253055151091962
2017-07-23,0.0002343681661804422,0.00011690910821962479,1.4465189260344873e-05,0.0003368120851397221
2017-07-24,-0.0012027385804571245,0.0035435405980924744,1.181702704636869e-05,0.0023289849905889816
2017-07-25,0.000177800415401848,0.0023052242673521598,4.640876562882153e-06,0.002478383806191126
2017-07-26,0.004925954365063524,-0.011422612059679822,9.626200313544224e-06,-0.006506283894929842
2017-07-27,-0.0015318436299083128,0.002150820227547788,2.9465912258087386e-05,0.0005895106853813876
2017-07-28,0.002847645279751034,-0.004461868222423949,1.3558008906314064e-05,-0.001627780951579229
2017-07-30,0.0013073526582632986,-0.0008648189438952195,1.1420425115396274e-05,0.0004311132892526828
2017-07-31,-0.0013657799980367241,-0.0028132613717427885,9.363162684976445e-06,-0.004188404532464489
2017-08-01,0.001623468503549944,0.002253115167812169,4.7788951796740964e-06,0.0038718047761824386
2017-08-02,0.00010260413329806232,0.002472457103959113,1.4765966794981811e-05,0.0025602952704621936
2017-08-03,0.0015680122267395778,0.001329122078546158,1.588816056164348e-05,0.0028812461447240926
2017-08-04,-0.002707852953494315,0.004541302079915635,6.257564264287064e-06,0.0018271915621570333
2017-08-06,1.5454966913023204e-05,-9.162568017343794e-05,9.746032681786267e-06,-8.5916745942201e-05
2017-08-07,0.00203275884175633,-0.002409757255758035,1.768422668620079e-05,-0.00039468264068790604
2017-08-08,-0.0008750761397682051,-0.0017682721360809885,1.413675647139579e-05,-0.002657485032320589
2017-08-09,0.0043227183652194525,0.000276691249480636,1.994353358765557e-05,0.004579466081112433
2017-08-10,-0.007118635301559906,0.004981945671976371,1.8501309513972372e-05,-0.0021551909390975076
2017-08-11,0.003725412744112022,0.0003350410324549452,2.9442974576796455e-05,0.004031010801990171
2017-08-13,0.00011754582703076653,0.0001862855342840907,4.8523970397143726e-05,0.0002553073909177135
2017-08-14,0.0007978570159080636,0.0037030370435799185,2.015357879286843e-05,0.0044807404806951135
2017-08-15,-0.00575995090287548,0.010852739688998282,1.5519818104561314e-05,0.005077268968018241
2017-08-16,0.003540778933353772,-0.004878951956106153,1.687642780305732e-05,-0.0013550494505554383
2017-08-17,-0.003924690269125796,0.0013990292145077423,1.7106725354837916e-05,-0.002542767779972892
2017-08-18,0.002320085512415043,0.001290329754612667,1.4215061053272567e-05,0.003596200205974438
2017-08-20,-0.000268593483911383,0.0002841043525706607,2.3201057915779134e-05,-7.69018925650144e-06
2017-08-21,0.001174123137921458,-0.003983602292307944,9.829371126986112e-06,-0.0028193085255134717
2017-08-22,4.736702272167695e-06,0.0073352503544383205,7.194880940004464e-06,0.0073327921757704835
2017-08-23,0.000759543997564085,-0.0018748489744716424,7.699791165666242e-06,-0.0011230047680732237
2017-08-24,-0.0011248135731180423,-0.0008933947975347872,7.406686224410245e-06,-0.0020256150568772396
2017-08-25,0.0009225120924825253,-0.006649297833747811,7.5571819640764875e-06,-0.005734342923229362
2017-08-27,1.721169425104258e-05,0.00028473454475372664,7.466892702890348e-06,0.0002944793463018788
2017-08-28,0.0014794643744561458,-0.001978454870936268,1.3571322209052876e-05,-0.0005125618186891752
2017-08-29,0.0009880493116211095,-0.00018821723706367893,3.969881805789528e-06,0.0007958621927516411
2017-08-30,0.0013170261908665645,0.0028811627999931273,7.06288889803969e-06,0.004191126101961652
2017-08-31,0.00698780568899696,-0.00287876568780887,5.67639268754995e-06,0.00410336360850054
2017-09-01,-0.0019077916167565196,-0.00035037589558650534,9.481321962173437e-06,-0.0022676488343051984
2017-09-03,-4.820795755691189e-05,-0.0005675108481460438,1.0290966814465763e-05,-0.0006260097725174214
2017-09-04,0.0001609419971973714,-0.002137277920286771,2.2530706913188308e-05,-0.001998866630002588
2017-09-05,0.004444164813819857,-0.006986363801483151,1.9075270080832667e-05,-0.0025612742577441274
2017-09-06,0.0005248012616539115,-0.00017660687278946206,2.9092558920753703e-05,0.00031910182994369577
2017-09-07,0.002953467328206242,-0.005434872138108727,3.3009203307045754e-05,-0.0025144140132095307
2017-09-08,-0.005063979385062989,-0.0033201359574524464,3.885264483108825e-05,-0.008422967987346524
2017-09-10,-8.709676995393329e-05,0.0020066514331767774,3.769613381421761e-05,0.0018818585294086265
2017-09-11,0.0021422120861810945,0.009426030014770938,3.70885600977817e-05,0.01153115354085425
2017-09-12,0.0008442882106930263,-0.004832561070832107,3.299910082477449e-05,-0.004021271960963855
2017-09-13,-0.0015135870484528618,0.006564883694653428,3.804848693215933e-05,0.005013248159268407
2017-09-14,0.00236335039791238,-0.005392538615141639,3.49664254986815e-05,-0.0030641546427279402
2017-09-15,0.0006421604910674618,-0.0053317722812200935,2.5775202243837945e-05,-0.004715386992396469
2017-09-17,0.0003777657815068247,0.0,2.3114856810425428e-05,0.0003546509246963993
2017-09-18,-0.0009186954515610956,0.003828477617637688,2.1310070434098486e-05,0.002888472095642494
2017-09-19,-8.651057027411467e-05,-0.0006415627186130907,1.706326702937893e-05,-0.0007451365559165843
2017-09-20,-0.0007611960836864861,0.005216233848855979,1.5688042120500196e-05,0.004439349723048993
2017-09-21,-0.0015240751873692399,-0.00358717606304483,1.3511040935477904e-05,-0.0051247622913495475
2017-09-22,0.000832144798465239,0.00039436247016390953,1.7229972816950036e-05,0.0012092772958121984
2017-09-24,-3.7146606280846775e-05,-0.0003642338216698162,1.2667223307909998e-05,-0.00041404765125857296
2017-09-25,-0.00011985620735884651,-0.00018976797384425022,9.641862728437234e-06,-0.000319266043931534
2017-09-26,-0.0021056312925622944,0.0028727460915570074,9.009856215505722e-06,0.0007581049427792072
2017-09-27,0.003175182416458041,0.0050929731942483715,1.3954654154595481e-05,0.008254200956551817
2017-09-28,-0.0001294490834142888,-0.0029947739627643535,8.554108964667848e-06,-0.0031327771551433103
2017-09-29,0.0025612709475609603,0.004949800619882374,1.740553381231324e-05,0.00749366603363102
2017-10-01,0.0,-0.0003430180128422808,9.207392809961142e-06,-0.00035222540565224195
2017-10-02,-0.0014586099537334312,0.004145326431927534,1.0775737409860192e-05,0.0026759407407842425
2017-10-03,0.000734098496865111,-0.0005437822913060081,6.511715513746177e-06,0.0001838044900453567
2017-10-04,0.00011447156824677762,-0.00019643445912660338,1.0958451147524709e-05,-9.292134202735047e-05
2017-10-05,0.004353892590161489,0.005137860528712047,8.181457733720456e-06,0.009483571661139816
2017-10-06,0.0009987250448043753,-0.0021716259069431785,5.716234393647219e-06,-0.0011786170965324505
2017-10-08,-0.0016444770821794426,0.0008460193776709161,8.12687365270082e-06,-0.0008065845781612274
2017-10-09,-0.0007820930595453348,-0.0012879168238702351,2.6448024145886382e-05,-0.0020964579075614565
2017-10-10,0.0027875572568481694,-0.0015112833124609523,2.9462706757471242e-05,0.001246811237629746
2017-10-11,0.001079649104296418,-0.0017225738665164717,3.2005767001187914e-05,-0.0006749305292212415
2017-10-12,-0.0010393062046532735,0.0005672767931705797,4.1512120260025454e-05,-0.0005135415317427193
2017-10-13,0.006351340082016139,-0.007825894656265363,3.205764465620351e-05,-0.0015066122189054275
2017-10-15,0.0005402989018904531,-3.2099693416137964e-05,3.772599142874174e-05,0.0004704732170455734
2017-10-16,0.0007251846203159189,0.001555998494082264,3.4301630996879295e-05,0.0022468814834013034
2017-10-17,-0.001476618672873741,0.004369742021108588,1.8477350062766192e-05,0.002874645998172081
2017-10-18,0.00077723874703724,0.001293376960655924,1.6200153666037405e-05,0.0020544155540271267
2017-10-19,-0.0002273951026730545,-0.001875129969692308,1.4537260668320296e-05,-0.002117062333033683
2017-10-20,0.0016422340628573875,0.005564147900152573,1.7827175659003365e-05,0.007188554787350958
2017-10-22,0.00026746918291054966,0.0007720701389737131,1.3723916927137678e-05,0.001025815404957125
2017-10-23,-0.004204588718020494,-0.003080069239176356,1.3775672608722123e-05,-0.007298433629805572
2017-10-24,0.0018486937616510985,0.0006447283034276219,9.270876041970292e-06,0.00248415118903675
2017-10-25,-0.001278877526855173,-0.0007610951881542778,1.206843310360802e-05,-0.0020520411481130593
2017-10-26,-0.00039784916374694583,0.006361975255504411,1.1784616039743192e-05,0.005952341475717721
2017-10-27,0.008827040943272739,0.001669151105642358,1.504572061040336e-05,0.010481146328304694
2017-10-29,-9.57887080161322e-06,6.141530674658678e-05,1.292166731868565e-05,3.8914768626287916e-05
2017-10-30,-0.0005134252347210081,-0.003854975067416693,2.1428272998754535e-05,-0.004389828575136455
2017-10-31,0.0003776741206551599,0.0006799103285664459,6.450438386461736e-06,0.001051134010835144
2017-11-01,-0.0009152723951304776,0.00243413989306745,9.244901413827412e-06,0.001509622596523145
2017-11-02,0.002191081185451953,-0.0010002883285747828,6.94838239559635e-06,0.0011838444744815737
2017-11-03,0.0012279533337725848,0.0006839761064400063,7.065360672979163e-06,0.001904864079539612
2017-11-05,0.0002601483473158577,-0.0001306270780820343,1.5229591857572933e-05,0.00011429167737625046
2017-11-06,0.0030939499072406736,-0.002259107622287545,8.05436447136737e-06,0.0008267879204817612
2017-11-07,-0.00019374479047800066,0.0009600991901145832,6.313257754329904e-06,0.0007600411418822526
2017-11-08,0.001539332643787491,0.0037808883579483416,6.282347286941328e-06,0.005313938654448892
2017-11-09,-0.0016670501553057496,-0.0018680673197862176,6.567934942607993e-06,-0.0035416854100345754
2017-11-10,-0.002302898537193239,0.0025224223398714,6.316872261899635e-06,0.0002132069304162614
2017-11-12,0.00031608258997612446,0.0001247263889712759,9.014113242521899e-06,0.00043179486570487844
2017-11-13,-0.0009305307270326751,0.0009426880197287866,1.2740108632345127e-05,-5.828159362335854e-07
2017-11-14,-0.003089426741307423,-0.0010406081436059307,4.592146598639009e-06,-0.004134627031511993
2017-11-15,-0.0010570244660152465,0.0014259976719131486,1.239968805892792e-05,0.0003565735178389742
2017-11-16,0.003888985060265582,0.002354086794647211,1.152379452784583e-05,0.006231548060384947
2017-11-17,-0.00038536134958163927,-0.0017096716476327316,1.1935086621334715e-05,-0.0021069680838357056
2017-11-19,0.0005374512256763305,2.9851616047264765e-05,1.259202825978585e-05,0.0005547108134638094
2017-11-20,0.0015717780432830202,0.003163417978055679,8.419760801617056e-06,0.004726776260537082
2017-11-21,0.0031885726039205253,0.00018612275553225331,7.775131854212134e-06,0.0033669202275985665
2017-11-22,0.0011708230450796953,-0.006969647180141995,6.832145328874833e-06,-0.005805656280391174
2017-11-23,0.00020162251806621768,-5.952055441875507e-05,8.909552181483598e-06,0.000133192411465979
2017-11-24,0.0012441215230072334,0.0007964521579188783,3.544061087290894e-05,0.002005133070053203
2017-11-26,0.00015537762512678185,-1.5441533443278672e-05,5.845659973721439e-06,0.00013409043170978176
2017-11-27,0.0005161743114158683,0.0015248816435031792,5.731234038785537e-06,0.002035324720880262
2017-11-28,0.0015681631379477208,0.0017125235684580264,1.3191633135222909e-05,0.0032674950732705242
2017-11-29,-0.0006450033339438439,-9.585715230515438e-05,7.3443815779365515e-06,-0.0007482048678269348
2017-11-30,-0.0004712600169613964,0.003056687347186491,1.887376569142966e-05,0.002566553564533665
2017-12-01,0.0020518265534358923,-0.0010667187426459488,7.446610481661421e-06,0.000977661200308282
2017-12-03,0.0008819162341646796,0.001015614140066956,2.2491102876615127e-05,0.0018750392713550205
2017-12-04,-0.002068516533702451,0.0009252092474370094,6.95699547825618e-06,-0.0011502642817436978
2017-12-05,-0.0018594458345767876,0.004365924173685063,1.244250334382222e-05,0.0024940358357644537
2017-12-06,0.0015470934432727256,-9.633490135273507e-06,1.1897349267087418e-05,0.0015255626038703648
2017-12-07,-0.00058934478070498,0.0012263479318013084,1.294046302073636e-05,0.000624062688075592
2017-12-08,0.000967352254569172,0.0018082446150578366,1.0585809711125736e-05,0.0027650110599158825
2017-12-10,0.000221216729123088,-0.0009764891602026826,8.786964761916443e-06,-0.000764059395841511
2017-12-11,0.0016592719610841486,0.001713130634694024,7.523773513393588e-06,0.003364878822264779
2017-12-12,-0.0011106926380545635,0.0006766929105176078,5.076698132103388e-06,-0.00043907642566905913
2017-12-13,0.0001856426011623536,-0.001201499473355092,5.696554687520319e-06,-0.0010215534268802587
2017-12-14,-0.002222880872824333,-0.0010316040646793432,6.504673657814293e-06,-0.003260989611161491
2017-12-15,0.004609658641610545,0.002568352968723055,2.471918315196399e-05,0.007153292427181636
2017-12-17,0.0008161156294534619,0.00015038333833902777,3.134983106298496e-05,0.0009351491367295047
2017-12-18,8.200194074855295e-05,-0.0015459213290543844,2.060544628699752e-05,-0.001484524834592829
2017-12-19,-0.0010249905293975455,0.00114664695851322,5.766661814473659e-06,0.0001158897673012009
2017-12-20,-0.00018408054520598855,-6.574038111219389e-06,8.591216751748675e-06,-0.0001992458000689566
2017-12-21,-0.0007418492393154473,0.0005971806138425331,8.863003118122219e-06,-0.0001535316285910364
2017-12-22,0.0009932308827917445,0.0008746335309367442,7.645876803756435e-06,0.0018602185369247324
2017-12-25,0.00016064921064238533,0.00010304444737854041,7.42765955560851e-06,0.00025626599846531725
2017-12-26,0.0013307070772133485,-0.0014220574362937483,5.927313984423934e-06,-9.727767306482371e-05
2017-12-27,0.0002693566968455262,-0.004071527715735306,6.3632275409511035e-06,-0.003808534246430731
2017-12-28,0.00030719431483209735,-0.0003019731076483179,5.619603988829901e-06,-3.983968050504675e-07
2017-12-29,-0.000990015454626222,-0.0015287082404245385,1.2163843021936794e-05,-0.0025308875380726974
2018-01-01,-0.0007266617221981126,-0.0005990964780435849,4.765292182515557e-06,-0.001330523492424213
2018-01-02,0.0030834731315912203,-0.0021974666390640026,8.08553773107184e-06,0.0008779209547961459
2018-01-03,0.0036931423875147754,0.00284273185744927,3.933906914958167e-06,0.006531940338049087
2018-01-04,0.001463902353096493,0.0007592654423916854,1.3380745468179791e-05,0.002209787050019999
2018-01-05,0.00017914065220469045,0.0015077047118486663,1.6335756802042508e-05,0.001670509607251314
2018-01-07,0.0014663669970990051,7.735400318363066e-06,5.390590779142021e-06,0.0014687118066382262
2018-01-08,-0.00017350554611280012,0.001297664088333342,1.0604859977471852e-05,0.00111355368224307
2018-01-09,0.000705717739779296,0.0009988075341281662,1.204704209649812e-05,0.001692478231810964
2018-01-10,6.239968739730958e-05,-0.0007591481459593555,9.333233330372956e-06,-0.0007060816918924188
2018-01-11,0.0020076097776650904,-0.0002683695573182875,1.4255576982893775e-05,0.001724984643363909
2018-01-12,0.0015971623347646297,-0.000956472104812163,1.0879356060977291e-05,0.0006298108738914895
2018-01-14,0.0003861491049058591,0.0007239286649777982,1.083702717141039e-05,0.001099240742712247
2018-01-15,0.001142954235020555,-0.0010300641551699808,2.218249210627235e-05,9.070758774430175e-05
2018-01-16,-0.0009366819402529675,0.0002789889997368285,1.0963969347045264e-05,-0.0006686569098631843
2018-01-17,0.00020337436917901893,0.0008700827760743312,1.0455067563560199e-05,0.0010630020776897899
2018-01-18,0.0002488530483029949,-0.0009982819858980157,1.3188625288603942e-05,-0.0007626175628836247
2018-01-19,-0.0013333408885161946,0.0007066322289413108,1.8100781438699667e-05,-0.0006448094410135834
2018-01-21,0.00103937004406816,0.00012200224131992088,1.2076860328471096e-05,0.0011492954250596095
2018-01-22,0.0014529197559605177,-0.0013900264931012837,1.021012060811176e-05,5.268314225112225e-05
2018-01-23,0.0018676758324232179,-0.0021791738715797445,1.5814641258404065e-05,-0.00032731268041493074
2018-01-24,-0.00056980962657736,-0.0025133613192107364,1.3465702018155263e-05,-0.0030966366478062516
2018-01-25,0.0026537852601357433,-0.002401188139076354,2.6645554202791792e-05,0.00022595156685659753
2018-01-26,0.0011414640090683546,0.0013238802805921191,2.6098411540556567e-05,0.0024392458781199175
2018-01-28,0.0017375386463568195,-0.00111626323933295,1.9391339009222097e-05,0.0006018840680146473
2018-01-29,-0.0007449648211458435,0.0007950636326799203,1.4919163282783989e-05,3.5179648251292865e-05
2018-01-30,-0.004525431022428633,-0.00042064870945700684,1.860811239715239e-05,-0.004964687844282792
2018-01-31,-0.000415904536625036,0.003263405915176022,1.4111630822179895e-05,0.002833389747728806
2018-02-01,0.0004439875363405552,0.002432105673721475,2.276474885874716e-05,0.0028533284612032826
2018-02-02,-0.00552013611454041,0.006890544900415772,1.5998076108196566e-05,0.0013544107097671649
2018-02-04,-0.003883924794151991,7.533681072859083e-05,2.610081855437445e-05,-0.0038346888019777747
2018-02-05,-0.002053614503236289,0.001384016507171425,2.7555296506370325e-05,-0.0006971532925712344
2018-02-06,0.00044863361980641944,0.00025032490609335086,2.4736839092577645e-05,0.0006742216868071926
2018-02-07,-0.0014619899812812437,-0.00012884051785775656,8.030488710498488e-05,-0.0016711353862439852
2018-02-08,-0.007655465561934133,-0.0008647367031543753,2.9595172506421918e-05,-0.00854979743759493
2018-02-09,-0.006054614929345678,0.0014165338731648614,1.5227579657005653e-05,-0.0046533086358378235
2018-02-11,0.0002826679020927701,-0.0002287910873564971,1.6225585329226204e-05,3.765122940704683e-05
2018-02-12,0.0025929234539247346,-0.002632243971541902,1.045227238286083e-05,-4.977279000002808e-05
2018-02-13,0.0029947416145095244,-0.0021220079929218224,7.57180733622036e-06,0.0008651618142514816
2018-02-14,0.0029081250035751178,0.004938284829540335,1.1790763219466251e-05,0.007834619069895988
2018-02-15,0.006363121603657706,-0.003384228242302066,2.8284233085123673e-05,0.002950609128270516
2018-02-16,-1.6006463281195032e-05,3.402203717803358e-05,7.729593052350646e-05,-5.928035662666791e-05
2018-02-18,0.00023864494388348303,0.00027828186413665607,2.53219982381269e-05,0.0004916048097820121
2018-02-19,0.00030581366283001163,0.0019113162853227545,2.3467592708366122e-05,0.0021936623554444003
2018-02-20,-0.002129675316004128,0.0014910191452547406,2.764360309459386e-05,-0.0006662997738439812
2018-02-21,-0.0032306167102873866,0.00839636231613247,8.412156843913969e-06,0.00515733344900117
2018-02-22,0.0035906048118012944,-0.006307118038691255,1.9879277137723815e-05,-0.002736392504027684
2018-02-23,0.00536049278305045,-0.002494594138431062,1.7909066966569504e-05,0.0028479895776528184
2018-02-25,0.0011255934955182144,-6.505581725368219e-05,2.9030983821777197e-05,0.001031506694442755
2018-02-26,0.0025017514732514137,-0.004561394193601001,2.5814169141977155e-05,-0.002085456889491565
2018-02-27,-0.0015270350544369332,0.005424186766085662,1.049982595323919e-05,0.0038866518856954897
2018-02-28,-0.006456163355882728,-0.004354117455932395,2.25820721903996e-05,-0.010832862884005524
2018-03-01,-0.006785922526589149,-0.01275190102495341,3.1313265662374725e-05,-0.019569136817204933
2018-03-02,0.0005533809293052851,-0.0033420783906395334,5.358171782857157e-05,-0.0028422791791628196
2018-03-04,0.0009615605825208523,0.00017439865485756694,2.8357989386511215e-05,0.001107601247991908
2018-03-05,0.003926897539076243,0.00549697294354397,9.498605156703207e-06,0.00941437187746351
2018-03-06,0.0030121382793303585,-0.003008243978987103,7.498132509944887e-06,-3.6038321666894663e-06
2018-03-07,-0.0041066650754818,-0.00015545084921510152,2.1302546740511504e-05,-0.004283418471437413
2018-03-08,0.0027584310011704426,0.0013999271086838783,8.062019347818327e-06,0.004150296090506503
2018-03-09,0.004461647382321467,0.006934780978750261,5.8597247175288295e-06,0.011390568636354199
2018-03-11,0.001859242610698403,0.001170754642798264,9.306296554041528e-06,0.0030206909569426253
2018-03-12,-3.7122578264539234e-05,-0.002427400257229372,1.6929768318640145e-05,-0.0024814526038125515
2018-03-13,-0.0022243649975693296,-0.004475064867719131,1.0928379959637674e-05,-0.006710358245248098
2018-03-14,0.0008790791982532311,-0.0023375086893700574,5.34711059340251e-06,-0.0014637766017102287
2018-03-15,-0.0006302939754553915,0.0071104922271433574,1.704864269132491e-05,0.006463149608996641
2018-03-16,-0.0013514549072214074,-0.0004989922076070589,1.3100111002760228e-05,-0.0018635472258312265
2018-03-18,-0.0005328961305015041,0.001875327232746701,1.1186109172590162e-05,0.0013312449930726069
2018-03-19,-0.003225070245575889,0.007710608923086821,1.7325682080450515e-05,0.004468212995430481
2018-03-20,-0.0014357741177053315,0.006152203996183648,2.7852710897728397e-05,0.004688577167580588
2018-03-21,0.0007215807672825789,-0.0033100572530321065,1.6455072412881495e-05,-0.002604931558162409
2018-03-22,3.1918888542639776e-05,-0.005135048159782,1.4918323960071615e-05,-0.005118047595199432
2018-03-23,-0.007342376213466668,-0.00485715118248569,1.9628839351096797e-05,-0.012219156235303456
2018-03-25,0.0006900146392490372,3.0002149144742273e-05,1.7732670047036687e-05,0.0007022841183467428
2018-03-26,0.0017951299365711309,0.0019311123261134874,1.598103776064541e-05,0.003710261224923973
2018-03-27,-0.0028787576288948663,-5.1532655747455e-06,1.2581632700897542e-05,-0.0028964925271705096
2018-03-28,-0.0022400676434030783,0.005399135605305562,1.159786033504752e-05,0.003147470101567436
2018-03-29,0.004137678995261589,-0.00414892309931816,2.5456466957811538e-05,-3.670057101438272e-05
2018-04-01,0.004506582054800828,-5.391592757317345e-05,1.335986926020339e-05,0.004439306257967452
2018-04-02,-0.0027905352876846797,-0.003948375979679526,1.4721162773653473e-05,-0.006753632430137859
2018-04-03,-0.0012520609418660616,0.004066466199852833,1.48769158364323e-05,0.0027995283421503392
2018-04-04,-0.000854162647209018,0.0035939324027935535,1.3753528167080731e-05,0.0027260162274174546
2018-04-05,0.0016322213979755216,0.0036093396848296344,1.2602261535706065e-05,0.00522895882126945
2018-04-06,-0.0012803466901985974,-0.005822995248865494,2.5381647379859335e-05,-0.007128723586443951
2018-04-08,-0.0014357474353617185,-0.00099109907861706,1.029052783607668e-05,-0.002437137041814855
2018-04-09,0.0031253680383236853,-0.004725477386073462,1.1187437517883129e-05,-0.0016112967852676598
2018-04-10,0.006024665351111423,0.0005803966972305387,1.2636947192140147e-05,0.006592425101149822
2018-04-11,0.0018684634690100015,-0.0007051403119800214,1.5091274063443677e-05,0.0011482318829665365
2018-04-12,-0.0013196771773423687,0.005388871462055876,1.2121942559657482e-05,0.0040570723421538505
2018-04-13,0.0004971208166101983,0.00046481843821107515,1.3172990909811404e-05,0.000948766263911462
2018-04-15,0.0008525069846184748,0.0013335343490656969,1.5433191321371722e-05,0.0021706081423628
2018-04-16,0.00033625994179227285,0.0001916740201047915,9.095181019279107e-06,0.0005188387808777853
2018-04-17,0.0034071375485940124,0.0012545042068333261,9.175449625106711e-06,0.004652466305802232
2018-04-18,0.0022445764039848272,0.0033525787554478997,9.870788994982004e-06,0.005587284370437745
2018-04-19,0.0002737930951600028,0.0026940426454142275,7.2493385866756996e-06,0.0029605864019875546
2018-04-20,-0.004612726166246917,0.007601549097551723,1.3971241497949346e-05,0.002974851689806856
2018-04-22,0.0003359750857262962,-0.00032591671692455465,1.0869643556386159e-05,-8.11274754644608e-07
2018-04-23,-7.004015095998437e-05,0.007511041864942721,1.682899796904366e-05,0.007424172716013693
2018-04-24,-0.0032057409956460503,-0.0029613763123895616,1.8510388190007375e-05,-0.00618562769622562
2018-04-25,-0.0021732293227745537,-0.0005424563390050492,1.9702618252406097e-05,-0.002735388280032009
2018-04-26,0.005101752051199731,-0.0009004397003746768,1.8049135772576886e-05,0.004183263215052477
2018-04-27,-0.003700338286808449,0.0006137632972310417,2.491669707615035e-05,-0.003111491686653558
2018-04-29,0.00020006446390342215,-0.0017366034148835225,2.6539111847038017e-05,-0.0015630780628271383
2018-04-30,-0.0018484956714568284,-0.0030659238940869155,9.418182620900334e-06,-0.0049238377481646434
2018-05-01,0.0010238042992648782,0.006418669755569635,8.786867306389058e-06,0.007433687187528124
2018-05-02,-0.0024561977268253363,-0.0017303046798345513,8.099032018136421e-06,-0.0041946014386780245
2018-05-03,0.0013880723230970935,-0.002790483902505279,9.62590046779162e-06,-0.0014120374798759772
2018-05-04,0.0035002171138241245,-0.00019601197158824817,6.2470950416477625e-06,0.0032979580471942287
2018-05-06,0.002623849569269891,0.0011727483321047451,1.084089406469091e-05,0.003785757007309945
2018-05-07,-0.0001777623292734227,0.0024199411151903994,8.347427455621653e-06,0.0022338313584613547
2018-05-08,-0.00016612682142302254,0.0047783452862423794,8.868037879877255e-06,0.004603350426939479
2018-05-09,0.0013760820377857342,0.0010742023132057493,9.074135832642097e-06,0.0024412102151588418
2018-05-10,0.0032915540955156327,-0.0017717816338528648,1.6422021242045225e-05,0.0015033504404207225
2018-05-11,0.0016669775776625513,0.00224922815585047,1.659910526407907e-05,0.003899606628248942
2018-05-13,0.0008599213254717273,0.0022040739247990056,1.6264319055070858e-05,0.003047730931215662
2018-05-14,-0.0007975280639414029,0.002019410307525802,1.5327501460348463e-05,0.0012065547421240505
2018-05-15,-0.0036387998882462585,0.004665746353864423,2.3689344804154538e-05,0.00100325712081401
2018-05-16,-8.727268580591507e-05,0.003074601138078143,6.689959205844039e-06,0.002980638493066384
2018-05-17,-0.0012558940158458845,0.0008343837100851381,2.663254593254642e-05,-0.00044814285169329283
2018-05-18,0.000938057883100679,-0.005801673823992135,1.8654008130346763e-05,-0.004882269949021803
2018-05-20,-5.383437721222584e-05,-0.0030440117527904035,8.704731666174884e-06,-0.003106550861668804
2018-05-21,0.003028529318604388,-0.00028882269911727936,2.3671857763052844e-05,0.0027160347617240558
2018-05-22,0.0009010754731960419,0.001988612437593116,6.770392452140094e-06,0.002882917518337018
2018-05-23,0.001028425491675978,-0.006185734635215906,6.6400198857814345e-06,-0.00516394916342571
2018-05-24,-0.001145614370293054,-0.003612859463178728,4.390105632106266e-05,-0.004802374889792844
2018-05-25,0.00019280549343487634,0.0009317159259475012,6.22738568007084e-05,0.0010622475625816693
2018-05-27,-0.0042923316163858615,-0.0003811569709964826,3.3696995638939455e-05,-0.004707185583021283
2018-05-28,0.00017302506195553165,-0.001702528960477347,2.810616814755151e-05,-0.0015576100666693667
2018-05-29,-0.0012468858701979904,-0.0091600829100114,2.00746657148003e-05,-0.01042704344592419
2018-05-30,7.902245376554653e-05,0.009041568748156786,2.1653808521001016e-05,0.00909893739340133
2018-05-31,0.001748085784186722,0.0008865473278449956,5.086607712071107e-05,0.0025837670349110066
2018-06-01,6.374701923644085e-05,0.0024345620512580745,2.7671669364316775e-05,0.0024706374011301984
2018-06-03,0.0010542506670204429,0.003928727768538293,1.1840419279652457e-05,0.004971138016279083
2018-06-04,0.0017172069011382155,0.0036096865033438466,1.0454060321708393e-05,0.005316439344160353
2018-06-05,0.0042861736636480826,-0.0009121837459416407,1.4085987569768406e-05,0.003359903930136674
2018-06-06,0.002728913698629346,-0.0021749558486613826,1.072445911985366e-05,0.0005432333908481099
2018-06-07,0.0007004098687672889,0.0013574380304345163,1.4105826907991609e-05,0.0020437420722938136
2018-06-08,-0.0023760705369561238,0.0022387408863788474,1.045861479313777e-05,-0.0001477882653704141
2018-06-10,0.0015203378522931686,-0.00016452520856752344,5.3971172698271965e-06,0.001350415526455818
2018-06-11,-0.00011073773259042462,0.0013988614825389033,1.5962615996776188e-05,0.0012721611339517025
2018-06-12,0.002289051998377474,0.004843050405799264,6.370335687608373e-06,0.007125732068489129
2018-06-13,-0.0019295857489878645,-0.001503097614064091,6.343044927798895e-06,-0.003439026407979754
2018-06-14,0.0008456423678707284,0.0035980323265618393,7.351100169766453e-06,0.004436323594262801
2018-06-15,-0.007395913279425497,0.003142995183817008,1.2895777728355256e-05,-0.004265813873336845
2018-06-17,-0.0003950923867441406,0.0005956169046029622,1.6480564503810675e-05,0.0001840439533550109
2018-06-18,-0.0013935260133865904,2.7651770032987417e-05,1.9491185762876432e-05,-0.0013853654291164793
2018-06-19,-0.0021812040051822253,0.00286717102205467,5.616382637483891e-06,0.0006803506342349609
2018-06-20,0.0017249587621696342,0.0009076938736429285,7.621603614996315e-06,0.0026250310321975666
2018-06-21,-0.0020810163258767464,-0.0025253860270909806,8.801584949428733e-06,-0.004615203937917155
2018-06-22,0.002974920697485022,-0.0011891954276693419,7.632546406939694e-06,0.0017780927234087402
2018-06-24,-0.0016702950390813473,0.0007116062513736976,8.936001562711949e-06,-0.0009676247892703617
2018-06-25,-0.004424854706021509,-0.001434348446054097,1.0000258345310347e-05,-0.005869203410420916
2018-06-26,0.0010503352494948743,0.0017260394654701194,5.869122668649565e-06,0.0027705055922963443
2018-06-27,-0.0021650463617867433,-0.004027860174690445,9.774679019156987e-06,-0.0062026812154963445
2018-06-28,0.0003364030381221532,0.0006638791990315059,8.33167300721386e-06,0.0009919505641464452
2018-06-29,0.002866845292639978,0.0026048506718011136,5.774956849003652e-06,0.005465921007592088
2018-07-01,-0.001366999211264579,-0.0005418777840036763,1.1177486495787999e-05,-0.0019200544817640432
2018-07-02,-0.0003103923284379999,-0.00016025879765799118,1.0130096091331404e-05,-0.00048078122218732247
2018-07-03,-0.003770000685734994,0.0013584116924194453,6.362259835047729e-06,-0.0024179512531505966
2018-07-04,0.0005971378704897692,0.0005622786571668768,4.663680524694467e-06,0.0011547528471319516
2018-07-05,-0.0003951609940051888,-0.0010140107207244164,5.99352151000539e-06,-0.0014151652362396107
2018-07-06,0.0009021965411122922,-0.0020761024199170237,4.222940265365833e-06,-0.0011781288190700974
2018-07-08,0.002056547044978043,-0.0007401572711994902,6.641438935196548e-06,0.0013097483348433563
2018-07-09,0.0030089867820825254,0.0031999046983326278,3.998731814062353e-06,0.006204892748601091
2018-07-10,-0.0005914853678029891,0.0028579826294116263,1.0109693681887545e-05,0.00225638756792675
2018-07-11,-0.004534753607832409,-0.00023445830739965483,6.194489354373146e-06,-0.0047754064045864375
2018-07-12,0.0014880500658600825,0.0020230708350536903,6.043182058764933e-06,0.0035050777188550077
2018-07-13,0.0007578811317202072,-0.003274348980600426,1.00591128952075e-05,-0.002526526961775426
2018-07-15,0.00040452375935736356,0.0006798094703701692,6.379937862080482e-06,0.0010779532918654524
2018-07-16,-0.001543667676626892,0.0019281424848329465,5.86509357639258e-06,0.0003786097146296619
2018-07-17,-0.0005478612847906192,0.0010148411552885993,1.0222809691239371e-05,0.00045675706080674074
2018-07-18,-0.0006500354099853774,0.0012821505827268472,9.766578573459146e-06,0.0006223485941680106
2018-07-19,-0.0012115621776265708,-0.003985662619924937,6.0024316949905046e-06,-0.005203227229246498
2018-07-20,0.0010932962029896122,0.0010083987129549696,3.436593108602085e-06,0.0020982583228359797
2018-07-22,0.0008939470056809943,-2.2258817020925743e-05,3.996028071171484e-06,0.000867692160588897
2018-07-23,0.00017347155941777458,0.005517720690157445,1.3799307890245872e-05,0.005677392941684975
2018-07-24,0.001373569816375144,-0.0005384966065501726,7.783331230338872e-06,0.0008272898785946325
2018-07-25,0.0011198212683014826,0.0006192182618059991,1.0981522118667317e-05,0.0017280580079888145
2018-07-26,-0.00011676693991217524,0.0010147470204598002,3.1299376532523104e-06,0.0008948501428943726
2018-07-27,-0.0005417651829194841,-0.0015310949653973953,2.41574679659647e-06,-0.0020752758951134757
2018-07-29,-0.001539409008719902,0.00018900070313920413,1.937973486506958e-05,-0.0013697880404457674
2018-07-30,-0.0006825720897984882,-0.00016172759029108705,4.097469422195842e-06,-0.0008483971495117711
2018-07-31,0.0004651605654651334,-0.0010533239891825134,8.010436208716627e-06,-0.0005961738599260967
2018-08-01,-0.0009679487732051659,0.0027927252372180185,5.467507262805606e-06,0.001819308956750047
2018-08-02,-0.0019456457907974826,-0.0018800042119110712,3.4857074963674052e-06,-0.0038291357102049214
2018-08-03,0.0005799964270689369,-0.0038954818397153547,6.206459258247696e-06,-0.0033216918719046655
2018-08-05,0.0012125879219545077,0.00010817210611271805,2.9182574164324986e-06,0.0013178417706507933
2018-08-06,0.0003511468218773548,-0.0008691838619860659,7.826515704761073e-06,-0.0005258635558134722
2018-08-07,0.0016655700324816063,0.0023524903006033274,6.507624614825845e-06,0.004011552708470107
2018-08-08,0.00048068437360992923,-0.0006514838770815069,1.724589575070382e-06,-0.0001725240930466481
2018-08-09,-0.0019989239019405935,-0.0019702439049412612,6.199764948253008e-06,-0.003975367571830108
2018-08-10,-0.0029237215963472214,-0.0042182939344098235,4.225675946267511e-06,-0.007146241206703313
2018-08-12,-0.00011581463069446692,8.423455217789529e-05,9.883422922759327e-06,-4.1463501439330955e-05
2018-08-13,-0.0008590957031902849,0.001936293090404348,3.1126730645666e-05,0.0010460706565683972
2018-08-14,-0.0012397475083842223,0.0017727015709203629,6.07210968175036e-06,0.0005268819528543902
2018-08-15,-0.005667988507131376,-0.00400628684933517,5.388449404508939e-06,-0.009679663805871055
2018-08-16,0.0014728403229858384,0.001966203300340929,6.963246105687056e-06,0.00343208037722108
2018-08-17,0.001554042960461663,-0.0010531000644473838,1.037690724197551e-05,0.0004905659887723036
2018-08-19,0.0006769766938795124,-0.00020609024799373641,7.84305139072311e-06,0.00046304339449505284
2018-08-20,0.0008464439734133268,-0.004865632030956933,6.711794546245763e-06,-0.004025899852089852
2018-08-21,0.0013039097183579825,0.0014883797162454312,6.379174445263286e-06,0.0027859102601581506
2018-08-22,0.0025920929839757575,0.0003844208102293699,6.952798049549307e-06,0.002969560996155578
2018-08-23,-0.0021287063089090344,0.0017595397557710335,5.8322938289215355e-06,-0.0003749988469669224
2018-08-24,0.0035912147491076697,0.000903680580190152,6.081121443991061e-06,0.004488814207853831
2018-08-26,0.0013254930456173268,0.0001955268152594399,5.518982833418353e-06,0.0015155008780433485
2018-08-27,0.0013359116965074717,0.00205046987989039,1.2623598982506953e-05,0.0033737579774153546
2018-08-28,0.0004451998942226352,0.006121706055973336,7.12644277544143e-06,0.00655977950742053
2018-08-29,0.0007466991715785814,0.0009240202252003494,7.482411106226359e-06,0.0016632369856727043
2018-08-30,-0.0006878879741979944,-0.003105375410213614,1.2294690575707434e-05,-0.0038055580749873155
2018-08-31,-0.0003547067475997508,-0.0005172629514648729,4.295283501938412e-06,-0.000876264982566562
2018-09-02,8.75513555723549e-06,-0.0007630442380321734,5.659657690015618e-06,-0.0007599487601649535
2018-09-03,-6.116222594677685e-05,0.00040380367039718703,7.875942900716325e-06,0.0003347655015496938
2018-09-04,-0.0005935359303054383,0.002206139342444652,2.0514873800145462e-06,0.0016105519247591991
2018-09-05,-0.0026643561526445243,0.001289084536394048,2.5081041683123426e-06,-0.0013777797204187886
2018-09-06,-0.0006645475732005516,-0.00268686089869066,5.309665892010802e-06,-0.003356718137783223
2018-09-07,-0.0010422059253868165,0.003459925222972821,5.699626019703287e-06,0.0024120196715663018
2018-09-09,0.00040898236646248244,0.0051447527555620026,9.599435006966759e-06,0.005544135687017518
2018-09-10,0.0006131196346400934,-0.00043932815116419846,8.817634253572654e-05,8.561514094016838e-05
2018-09-11,0.0008153296868251266,0.0035925984666087653,3.585074458792706e-05,0.004372077408845964
2018-09-12,0.0010391882978926653,-1.0209334794824686e-05,7.063558849887013e-06,0.0010219154042479537
2018-09-13,0.00261621025052245,0.0013485358863397847,9.069593646626737e-06,0.003955676543215608
2018-09-14,-0.0006590173585017159,0.0006196035718270663,7.536836563427573e-06,-4.6950623238077116e-05
2018-09-16,-0.0036268268538034074,0.003590134244161597,1.4704032345055606e-05,-5.139664198686622e-05
2018-09-17,-0.00041834088931202225,-0.0013201888679794265,6.29888781352681e-06,-0.0017448286451049754
2018-09-18,0.0007807568133852735,0.005668800937976604,5.287607975616656e-06,0.006444270143386261
2018-09-19,0.004764044530629964,-5.256613635361187e-05,5.854588766431459e-06,0.00470562380550992
2018-09-20,0.0030261954384111505,-0.0014754538011593405,1.7697626374371062e-05,0.0015330440108774388
2018-09-21,0.0010228869542503432,0.0016809771956327114,1.3777436637539746e-05,0.0026900867132455147
2018-09-23,0.0009791990828245123,-0.00192890001556557,8.994484523326338e-06,-0.000958695417264384
2018-09-24,0.0009228785494606583,0.00190216913796214,8.380192133752341e-06,0.002816667495289046
2018-09-25,-0.00039277028028560426,0.0025244446008641738,1.4999395626510537e-05,0.0021166749249520588
2018-09-26,-0.0001798299894310413,-0.003717718438063659,5.90439074853433e-06,-0.003903452818243235
2018-09-27,-0.0009745902009816469,0.002027177679021235,4.319858655736096e-06,0.0010482676193838518
2018-09-28,-4.185987374931774e-05,0.0005084470923063507,1.725099950962079e-05,0.00044933621904741215
2018-09-30,0.0006202404710673917,0.001015010697877166,6.1670722794353365e-06,0.0016290840966651223
2018-10-01,-0.000557683911591739,0.0008897421799187992,4.857691767745994e-06,0.0003272005765593142
2018-10-02,0.001418328704127089,-0.002167249083939766,4.6588168053622566e-06,-0.0007535791966180393
2018-10-03,-3.455026432992351e-05,0.010657947261377667,6.585499101614071e-06,0.010616811497946129
2018-10-04,-0.0024862910340220997,0.0006300995688318853,1.043955394417045e-05,-0.0018666310191343847
2018-10-05,-0.0007115124876526427,0.0005578632512140353,5.705361075753325e-05,-0.00021070284719614072
2018-10-07,-0.002234516320720052,0.0015581439083831332,4.2880401380489456e-05,-0.0007192528137174081
2018-10-08,-0.001691040511495453,-0.0004517558484924133,6.475695696150026e-06,-0.0021492720556840162
2018-10-09,0.0010782399222079128,-0.001672301691644726,9.432770174437137e-06,-0.0006034945396112503
2018-10-10,-0.005360713878806727,-0.004893745895385582,5.983493257197165e-06,-0.010260443267449505
2018-10-11,-0.00474208481625188,-0.001575910329754855,6.7977080821297236e-06,-0.006324792854088865
2018-10-12,0.0018760221065066852,0.000926522511997555,3.090909960930092e-05,0.0027716355188949393
2018-10-14,0.0010483688610277283,0.0013890149535756321,4.311148940670432e-05,0.0023942723251966563
2018-10-15,-0.0011346977942909326,-0.0020113130862395986,6.0572641898608565e-06,-0.003152068144720392
2018-10-16,0.002772904842736935,0.001172957963240919,9.059151518356543e-06,0.003936803654459497
2018-10-17,0.00016765106507270699,0.005640589486838622,7.586560448078635e-06,0.00580065399146325
2018-10-18,-0.005862043678828716,-0.0022305035439699195,1.856330272545837e-05,-0.008111110525524094
2018-10-19,0.001353427776710429,0.0015388924855999969,2.6375205909722796e-05,0.002865945056400703
2018-10-21,-0.0010327793650872505,0.0002421753328797902,1.6502351523532334e-05,-0.0008071063837309927
2018-10-22,0.0023974934010932017,0.0032593795902379403,2.1980205655110162e-05,0.005634892785676032
2018-10-23,-0.0031341878573068072,-0.00473163323492326,1.0429275993100383e-05,-0.007876250368223169
2018-10-24,-0.0031532071349106273,-0.004981072996739676,2.144051145964742e-05,-0.00815572064310995
2018-10-25,-0.0041829638046186005,0.003360373278669277,3.543086607264967e-05,-0.0008580213920219731
2018-10-26,-0.002385463619930409,-0.00046345343597157634,3.5645751781830515e-05,-0.002884562807683816
2018-10-28,0.0016137191791687987,-0.0064869700331882585,4.091021160306197e-05,-0.004914161065622522
2018-10-29,-0.005077998052450253,0.0022601259067750452,2.6964382672356783e-05,-0.0028448365283475644
2018-10-30,0.00045631313296216994,0.01035348400213708,2.6182490056017285e-05,0.010783614645043233
2018-10-31,0.00033568357085053864,0.001670629893011114,1.553330759088812e-05,0.0019907801562707647
2018-11-01,0.00546824920368735,-0.014448593626180197,2.9736250958167724e-05,-0.009010080673451016
2018-11-02,0.002968846678305298,0.003995203494727774,2.3738955383008073e-05,0.006940311217650064
2018-11-04,-0.002416135629966906,0.002586695137451152,3.9591243704288806e-05,0.00013096826377995705
2018-11-05,-0.00047899628988660905,0.00013186253019761151,2.3259476882598483e-05,-0.00037039323657159603
2018-11-06,0.0011048239453688498,-0.00027648039585798415,1.7392602335624604e-05,0.0008109509471752411
2018-11-07,0.00588972876891511,0.002615246668631785,1.4890936860811946e-05,0.008490084500686083
2018-11-08,-0.002557856307516468,0.004339241399108785,1.2629032633325645e-05,0.0017687560589589914
2018-11-09,-0.001215607974683698,0.00033571738324848256,1.4191404222641501e-05,-0.0008940819956578569
2018-11-11,-0.0019821646135160815,0.0015122100537039369,1.6078565090207315e-05,-0.00048603312490235194
2018-11-12,-0.0009921857102285886,0.00047420352344906185,7.072448024911185e-06,-0.000525054634804438
2018-11-13,-0.002528868232313748,-0.00559682532365486,1.3818111443629888e-05,-0.008139511667412237
2018-11-14,-0.0036171065588554265,-0.0013826039453771473,1.0193818229395631e-05,-0.005009904322461969
2018-11-15,0.0025576944123857585,0.003416264724225979,2.1202529754240466e-05,0.005952756606857497
2018-11-16,0.002243689089325985,-0.0020026949012873245,1.3920784252468221e-05,0.0002270734037861924
2018-11-18,0.0017183850654300665,-0.007488854080020811,1.5250427780241109e-05,-0.005785719442370985
2018-11-19,-0.00348352426383655,0.0015867975498938768,3.728339743294147e-05,-0.0019340101113756146
2018-11-20,-0.012950476809441148,0.0034517427104279364,4.997451685775059e-05,-0.009548708615870963
2018-11-21,0.0032380049111120643,-0.0005281348017571522,2.6580819454067644e-05,0.0026832892899008444
2018-11-22,0.00046657460376465056,-0.0021215002187617675,3.30084537796381e-05,-0.001687934068776755
2018-11-23,-0.001940402739873049,0.0009322015898214147,2.2370995762878983e-05,-0.0010305721458145132
2018-11-25,-0.001719850216449538,-3.207852931562025e-05,1.873964780420324e-05,-0.0017706683935693615
2018-11-26,0.0016894473881532883,0.0014236641176980582,1.4478444933274602e-05,0.0030986330609180717
2018-11-27,-0.001639242160645296,0.0064650141587145864,1.304736367910718e-05,0.004812724634390183
2018-11-28,0.007861187350931331,-0.006553051428060815,1.0497466641937447e-05,0.0012976384562285788
2018-11-29,0.0006983813452945103,-0.0011025209695195899,1.8471275708928557e-05,-0.00042261089993400814
2018-11-30,0.00034050308281422046,0.0003799261931087466,1.3299711196648229e-05,0.0007071295647263188
2018-12-02,0.0052406370713970985,-0.00035674648207447785,7.643199689212151e-06,0.004876247389633408
2018-12-03,0.0025652501569344136,-0.004017138351806326,5.952266765921428e-06,-0.001457840461637834
2018-12-04,-0.0041070725835223336,-0.004065689776002966,1.5010807348949339e-05,-0.008187773166874248
2018-12-05,-0.0025109430873242276,0.0006425454292809607,2.7177017316728476e-05,-0.0018955746753599955
2018-12-06,-8.270469561252842e-05,-0.004204940418952075,1.0698057652135122e-05,-0.004298343172216739
2018-12-07,-0.0004659262554085576,-0.00487995904910926,2.054059092345349e-05,-0.005366425895441271
2018-12-09,-0.0020089451126218518,-0.0061607620820316525,1.978137657306672e-05,-0.00818948857122657
2018-12-10,0.0010289287142326861,0.006828996275432622,1.9772304811041262e-05,0.007838152684854268
2018-12-11,-0.001315588686039846,0.003911348330075778,3.2939045891313174e-05,0.0025628205981446184
2018-12-12,0.0017440402688240911,0.00030155856292189947,1.8551680662815715e-05,0.002027047151083175
2018-12-13,0.0003594534774147737,-0.00011261180606791986,1.3580634285111798e-05,0.00023326103706174204
2018-12-14,-0.004069892067738358,-0.0009693186130720658,9.828709330502475e-06,-0.005049039390140926
2018-12-16,-0.0012729633266594991,0.0014327816344616158,8.155548500591505e-06,0.00015166275930152514
2018-12-17,-0.002414507394357469,-0.005527584705989193,6.342929967235192e-06,-0.007948435030313897
2018-12-18,-0.001382480500937655,-0.0054905984293757825,6.83320635005291e-06,-0.006879912136663491
2018-12-19,-0.003347454322363967,0.0009998674312823573,1.1482129788977035e-05,-0.0023590690208705866
2018-12-20,-0.002342724312765351,-0.003776873392616522,2.0845720198589044e-05,-0.006140443425580462
2018-12-21,-0.006598527612580825,0.002326860408228142,1.3601061529402037e-05,-0.0042852682658820855
2018-12-23,-0.0017459619479433435,-0.0028576949925423856,1.439901335621675e-05,-0.004618055953841946
2018-12-24,0.0006217338183692523,-0.0007853074208121773,1.151885939829643e-05,-0.00017509246184122136
2018-12-25,-0.008237865232805482,-0.006747351854466951,1.1900132541345207e-05,-0.014997117219813777
2018-12-26,0.0013086228655936195,0.005030363371168215,1.2851434453188864e-05,0.006326134802308645
2018-12-27,0.009155354835284697,-0.0021519096524938836,1.121859695978361e-05,0.0069922265858310285
2018-12-28,-3.151276668000985e-05,-0.0018413910264917584,3.0044506750050714e-05,-0.001902948299921819
2018-12-30,0.00047674213521091115,-0.003835363775947123,1.853696294053221e-05,-0.0033771586036767443
2018-12-31,0.0018066454810886075,-0.0006625351413607344,7.4006838958904585e-06,0.0011367096558319825
2019-01-01,1.2656614417113645e-05,-0.003726895494898178,8.369927723056041e-06,-0.0037226088082041205
2019-01-02,-0.00070825378812077,-0.0012565398448282556,7.263083121836919e-06,-0.0019720567160708626
2019-01-03,0.002095771319447161,-0.008800776622605005,1.5007024965576687e-05,-0.006720012328123421
2019-01-04,0.00189100769803197,-0.0003387888169195196,4.394798401688915e-05,0.0015082708970955614
2019-01-06,0.0029602127442428256,0.008401504048920923,1.213239630847681e-05,0.011349584396855272
2019-01-07,0.0026724741908827794,0.00013434436449106114,1.5361231801788177e-05,0.0027914573235720526
2019-01-08,-3.414523390321447e-05,0.006389890329171855,2.9306084776276162e-05,0.0063264390104923645
2019-01-09,0.006012455934588897,-0.005696960156956078,3.555459474092299e-05,0.00027994118289189523
2019-01-10,-0.002664359201259879,0.004194707378472506,6.912960873717931e-05,0.0014612185684754475
2019-01-11,-0.0013520359208603905,-0.0019507413335211094,3.5756925517821644e-05,-0.0033385341798993218
2019-01-13,0.0009666009489872178,-0.0008598843521859987,4.1814431532745745e-05,6.490216526847334e-05
2019-01-14,-0.0027061228717418498,-0.0010156310340808119,3.645647699424664e-05,-0.003758210382816908
2019-01-15,0.0017910966145518422,0.004040991802317255,2.7284275851136863e-05,0.0058048041410179605
2019-01-16,-0.0008244785745760742,8.25504295748677e-05,2.3698869673397698e-05,-0.0007656270146746043
2019-01-17,-0.00022695594100647254,-0.001660593160239585,3.32078263435576e-05,-0.0019207569275896152
2019-01-18,0.0020390389815192274,0.00016321272521152303,2.0513192391300192e-05,0.0021817385143394503
2019-01-20,-0.0012945499548791344,0.007099962763912691,2.7835454667848567e-05,0.005777577354365708
2019-01-21,0.0008028014506913978,-0.00010219126958910187,2.3812737394802624e-05,0.0006767974437074933
2019-01-22,-0.0015594908870757204,-0.0060152541692383675,2.149505451291531e-05,-0.007596240110827004
2019-01-23,0.0006251386882278644,-0.002382325783380306,1.651578007840137e-05,-0.0017737028752308431
2019-01-24,-0.0012582258482349141,0.0009479111203132922,1.7069936369189812e-05,-0.00032738466429081177
2019-01-25,0.0027716768102809056,-2.246242500931789e-06,1.3785140514358905e-05,0.002755645427265615
2019-01-27,0.0007487746188129059,-0.005192926951708889,1.2956033806500374e-05,-0.004457108366702484
2019-01-28,-0.0011912250141486054,-0.0008782764784521582,9.482705555354182e-06,-0.0020789841981561177
2019-01-29,-0.0008103856934994617,-3.9113961104406255e-05,2.1688556983689977e-05,-0.000871188211587558
2019-01-30,0.006347626214928941,-0.007790640437644049,9.789268687865909e-06,-0.0014528034914029738
2019-01-31,0.0026361404086651242,-0.0025686221362033025,1.3319598756395717e-05,5.419867370542597e-05
2019-02-01,0.0018425322505143213,-0.0009831180211633712,2.323091268752373e-05,0.0008361833166634264
2019-02-03,-0.00162795705292248,0.006261428158530071,2.11027273367265e-05,0.004612368378270865
2019-02-04,-0.0008919281033124448,0.00502132789872827,2.264562062466804e-05,0.004106754174791157
2019-02-05,0.0005786784140795153,-0.002626615551350501,2.5801114015190815e-05,-0.0020737382512861766
2019-02-06,-0.0004852676633268643,0.0015568439269966483,1.1698400188688884e-05,0.001059877863481095
2019-02-07,-0.0005130773142786214,-0.00173080574308351,1.3732300988625615e-05,-0.002257615358350757
2019-02-08,-0.003545753217481142,-0.0006603311244658581,1.618237431416197e-05,-0.004222266716261162
2019-02-10,0.0010252894051955637,4.378127066048795e-06,1.7407969586499377e-05,0.0010122595626751133
2019-02-11,-0.0019206786679811672,0.004654702854681522,1.799244944371615e-05,0.0027160317372566384
2019-02-12,-0.000433323928823208,0.00171504181568313,9.003170513604467e-06,0.0012727147163463176
2019-02-13,0.0010902556041471614,0.0010382828774927423,1.4901899339382747e-05,0.0021136365823005206
2019-02-14,0.0030270359758804576,-0.0028958836392792343,1.2738309309220874e-05,0.0001184140272920024
2019-02-15,-0.0013397814120144828,0.007048347674278151,1.3735404539624506e-05,0.0056948308577240425
2019-02-17,0.004216406619890285,-0.0022069989225165037,9.91415359079751e-06,0.0019994935437829837
2019-02-18,0.0008347259335580604,-0.0017124307662363194,2.7005461109375956e-05,-0.0009047102937876349
2019-02-19,0.0012831984990180339,-0.006971730410602846,8.905893855288188e-06,-0.0056974378054401005
2019-02-20,1.1260537542188466e-05,0.004283582507591676,7.073277412452286e-06,0.004287769767721413
2019-02-21,-0.00043586900037678494,0.0075572221169205,8.960554459644714e-06,0.007112392562084071
2019-02-22,0.0009986631858271693,-0.0010952525525297144,1.024491118748973e-05,-0.00010683427789003481
2019-02-24,0.003095609609865077,-0.002796954124639978,1.711815059064526e-05,0.00028153733463445366
2019-02-25,0.0020483736979129068,-0.0008113836602902907,5.970993492335737e-06,0.0012310190441302802
2019-02-26,-0.0011829226359763413,0.004106695152454362,6.586587980872936e-06,0.0029171859284971477
2019-02-27,-0.0029665750429715607,0.006841229230306235,4.468206466316004e-05,0.003829972122671514
2019-02-28,-0.0005562012080980549,0.006546682214194674,3.465714194609037e-05,0.005955823864150528
2019-03-01,0.0005069796646949448,0.005314246001152507,2.3737558462712747e-05,0.005797488107384738
2019-03-03,-0.0019300859122243813,0.005869527849850977,1.8222379683401136e-05,0.003921219557943195
2019-03-04,-0.0007990913658982608,-0.0010737186625271423,1.918510186321723e-05,-0.0018919951302886202
2019-03-05,-0.0010763235836685151,0.0011949123065242667,2.259462918188854e-05,9.599409367386305e-05
2019-03-06,-0.0006095153258097335,-0.00015673005012413564,1.5878538065596994e-05,-0.0007821239139994661
2019-03-07,-0.004802671884429973,-0.0007105173224192516,1.5381340899503796e-05,-0.005528570547748729
2019-03-08,-0.001139864895056557,-0.0002752901421488233,1.6456145623575715e-05,-0.001431611182828956
2019-03-10,-0.0008941385319996538,-0.0007478508914802217,2.2189456386707337e-05,-0.001664178879866583
2019-03-11,0.004222986314986714,0.0023934132697342033,1.867179906710938e-05,0.006597727785653809
2019-03-12,0.0012641758820367763,-0.001269119264994103,1.568924924403064e-05,-2.0632632201357388e-05
2019-03-13,0.0059353567875400975,-0.006415907230902818,1.9744264592053887e-05,-0.0005002947079547743
2019-03-14,-0.0007549808281489806,0.0043154877923770735,1.6454120069589795e-05,0.0035440528441585033
2019-03-15,0.0014285566980431633,-0.0008719635648859589,1.5873536585286016e-05,0.0005407195965719184
2019-03-17,0.0015219736117262597,-0.004737387393864479,1.186281790780773e-05,-0.003227276600046027
2019-03-18,0.0006212920802707831,-0.00037165653821360557,6.6097494088245545e-06,0.00024302579264835303
2019-03-19,0.0002019564820852365,0.0015799854613193225,8.03512218427074e-06,0.0017739068212202882
2019-03-20,0.0037016040996554786,-0.007627364966311884,1.4520139675773812e-05,-0.003940281006332179
2019-03-21,0.002950118541266624,-0.0005617780721682388,1.3426587680198847e-05,0.0023749138814181865
2019-03-22,-0.0004802375786664853,-0.0001628913638816855,3.670191705078848e-05,-0.0006798308595989593
2019-03-24,-0.004261934025571096,-0.007981596605447481,2.8583888140003585e-05,-0.01227211451915858
2019-03-25,0.00035125841462082955,-0.0029001946011823084,5.20898724920085e-05,-0.002601026059053487
2019-03-26,0.0017904747826798417,0.0018615725376894725,3.0992388817000105e-05,0.0036210549315523143
2019-03-27,-0.0010453822047929277,0.0021415706398048577,1.0821943782513226e-05,0.0010853664912294169
2019-03-28,-0.0007445220832238126,0.006362305774274029,9.393162764113815e-06,0.005608390528286103
2019-03-29,0.0012140477358076546,0.0010679276163551475,2.2353281544707183e-05,0.0022596220706180945
2019-03-31,-0.002035438449836221,0.00573466175299618,2.117966611971371e-05,0.003678043637040245
2019-04-01,0.0005977402998202959,0.0057295213757860225,4.183501397386828e-05,0.0062854266616324496
2019-04-02,0.0015426468485135866,-0.003940871757159503,3.272937848251621e-05,-0.0024309542871284325
2019-04-03,0.0033691368018079677,0.002370369845193728,1.8529585752526996e-05,0.005720977061249168
2019-04-04,-0.00105614294695567,-7.706278254951534e-06,1.3372362404184134e-05,-0.0010772215876148057
2019-04-05,-0.0010680685044130419,0.0033138016620601497,1.5982429372063133e-05,0.002229750728275045
2019-04-07,0.0026063278764722675,-0.0004113644385661266,1.2369682429978395e-05,0.0021825937554761626
2019-04-08,0.0012214441865519177,-0.0016175948399309312,1.4555337363578593e-05,-0.0004107059907425921
2019-04-09,0.0010097778710938404,-0.004321467523674665,1.3703395994144413e-05,-0.0033253930485749694
2019-04-10,0.003358354336010291,-0.0024731271585829427,1.075642396654641e-05,0.0008744707534608017
2019-04-11,-0.0036163167829906234,0.008228797791863,1.294889517659528e-05,0.004599532113695781
2019-04-12,-0.00026178590088424475,-0.0003417259727197386,1.0400731064382634e-05,-0.000613912604668366
2019-04-14,0.0018910338558498613,0.003974713572107207,1.9721909539038828e-05,0.005846025518418029
2019-04-15,-0.00015793125101357016,0.0007654946369344907,1.8524605539995324e-05,0.0005890387803809253
2019-04-16,-0.0006667204883196774,0.007445058729602272,1.2078577060260479e-05,0.006766259664222334
2019-04-17,-0.002171572647603327,0.0010224347682314585,9.622251303570546e-06,-0.001158760130675439
2019-04-18,-0.0020553493403612216,-0.0008443505090529161,1.3689111145791847e-05,-0.002913388960559929
2019-04-21,0.00016473441336570477,0.0007793699458541746,1.1056843342403257e-05,0.0009330475158774762
2019-04-22,0.0017067392651232438,0.0019654268835909644,8.428890163261622e-06,0.0036637372585509465
2019-04-23,-0.0025491952170942117,-0.00043693455742420433,1.1316527415794572e-05,-0.0029974463019342107
2019-04-24,-0.0011489921603192676,0.0011811372890463989,8.248089127074842e-06,2.389703960005646e-05
2019-04-25,-0.0035127974379916033,-0.0033276619600929487,1.0678265969438109e-05,-0.00685113766405399
2019-04-26,-0.0003429509829844775,0.0002799907156983121,1.0361272717558783e-05,-7.332154000372419e-05
2019-04-28,0.0016925237360682435,-0.004463521674193668,1.68799913906382e-05,-0.0027878779295160624
2019-04-29,0.0001853001498511685,0.001963575208669272,1.0328862869847544e-05,0.002138546495650593
2019-04-30,0.0006000025711435856,-0.0014603524755636378,1.3155025992249055e-05,-0.0008735049304123012
2019-05-01,-0.0014771331329860053,-0.00010941301374815717,7.837063997081532e-06,-0.001594383210731244
2019-05-02,-0.004444912321191005,0.0047440764705511,1.0142088853239862e-05,0.00028902206050685495
2019-05-03,-0.0005404808626836335,-0.0016262779226205635,1.6294289135994705e-05,-0.0021830530744401918
2019-05-05,-0.003339819305064954,-0.007351464035959527,3.548685613046358e-05,-0.010726770197154945
2019-05-06,-0.003072202294082598,0.0015477781367116495,1.505819484134844e-05,-0.001539482352212297
2019-05-07,0.003780872392908599,-0.0055272102379054135,2.314770076978071e-05,-0.0017694855457665952
2019-05-08,-0.0015224282261310546,0.001283284168820897,1.320752199235387e-05,-0.0002523515793025115
2019-05-09,-0.005421664793571612,-0.001907276691754342,1.6170084178923404e-05,-0.007345111569504877
2019-05-10,-0.0016391753286524315,0.0002824831583785562,9.953024972531104e-06,-0.0013666451952464064
2019-05-12,-0.0013832769202719822,0.002096868111405699,8.128689807487873e-06,0.0007054625013262288
2019-05-13,-0.0034127872410838886,-0.003641855705669427,8.952750634937354e-06,-0.007063595697388253
2019-05-14,0.006530526835319933,0.0013799513027595526,6.793614984241825e-06,0.007903684523095244
2019-05-15,0.007489030623084833,-0.004258473270561431,2.8095169046797957e-05,0.0032024621834766034
2019-05-16,0.0015753036125370128,0.003781178394087207,3.0425560308421162e-05,0.005326056446315799
2019-05-17,0.001531459265299553,-0.003812825847414667,2.005950303902493e-05,-0.0023014260851541386
2019-05-19,-0.00043216003121650866,0.004838517552500629,1.1145236583205689e-05,0.004395212284700915
2019-05-20,-0.001996530613863472,0.0017707460243789005,9.33994853164812e-06,-0.00023512453801621965
2019-05-21,0.0005017713925458521,0.00304278435278237,9.278636994453405e-06,0.0035352771083337685
2019-05-22,-0.0026605466163721527,-0.0006602075276716868,8.560477049595267e-06,-0.0033293146210934352
2019-05-23,-0.0017460833612896825,-0.005322086165787176,1.392104309954701e-05,-0.007082090570176406
2019-05-24,-0.003914703746276287,0.0030232282575406427,1.1212694170010264e-05,-0.0009026881829056543
2019-05-26,0.0016379688123086187,-0.0031457465695502824,2.666957786141759e-05,-0.0015344473351030813
2019-05-27,0.0014506417947133493,-0.003044113209867757,4.63866121776265e-05,-0.0016398580273320343
2019-05-28,0.003885301104015839,-0.0020869643584023566,1.4807227040543235e-05,0.0017835295185729394
2019-05-29,0.0015041864111174773,0.0013722024002900553,1.6965898114279823e-05,0.002859422913293253
2019-05-30,0.0020827221415307476,0.0018101431589131601,1.8728537474062724e-05,0.003874136762969845
2019-05-31,-0.0037509857638929854,-0.00902479194104521,2.7686880407634876e-05,-0.01280346458534583
2019-06-02,-0.0021006222042315526,-0.008498451103793271,3.11650297940774e-05,-0.010630238337818902
2019-06-03,0.0052966103587092795,-0.006397841931184029,5.2289150248458776e-05,-0.001153520722723208
2019-06-04,0.003586416557221323,-0.0012641950288297724,4.4963226232174266e-05,0.0022772583021593764
2019-06-05,0.0032836885101356975,0.003690037926453123,4.778216783052442e-05,0.006925944268758296
2019-06-06,-0.0016986742760201872,0.003939162228454463,5.433419327347635e-05,0.0021861537591607995
2019-06-07,0.002749155553706592,0.00024334836847414784,4.773774005918576e-05,0.002944766182121554
2019-06-09,0.008636444018870005,0.00010199974062848635,3.8929521474465436e-05,0.008699514238024024
2019-06-10,-0.0020211779507228003,0.0028269478288384152,3.583293737265018e-05,0.0007699369407429648
2019-06-11,0.0016190207188251954,-0.0021588871585983796,2.7952653136622036e-05,-0.0005678190929098063
2019-06-12,-0.004833711845571145,-0.006072912604374611,2.6995313765251345e-05,-0.010933619763711008
2019-06-13,0.002130590036753848,-0.0063950772163767124,3.16377450392577e-05,-0.004296124924662122
2019-06-14,0.000284387856766801,-0.002319145776866716,2.6287688449950024e-05,-0.002061045608549865
2019-06-16,-0.0028359310559052655,0.0017727774028023179,1.3749766253733228e-05,-0.0010769034193566808
2019-06-17,0.0006041997051027565,0.0014136355563866554,1.8326150918180222e-05,0.0019995091105712314
2019-06-18,0.001173500186071705,0.0019842881759657553,2.2701322861293485e-05,0.0031350870391761666
2019-06-19,0.010887082816383429,-0.008707466745448481,1.376295127446277e-05,0.0021658531196604848
2019-06-20,0.009551129681972576,-0.00839799796401477,1.7468081174060935e-05,0.0011356636367837452
2019-06-21,0.004132042497696084,-0.006947662365504785,2.478918054575143e-05,-0.0028404090483544523
2019-06-23,0.0012264022876573534,0.002154566200684914,3.576719034810574e-05,0.003345201297994162
2019-06-24,0.004476314721589186,-0.0009113107593021414,1.3870373188535468e-05,0.0035511335890985093
2019-06-25,-0.004077247216135123,-0.0002010794765072183,2.1110497861849328e-05,-0.00429943719050419
2019-06-26,-6.145906023425767e-05,0.007519079930200412,9.27902542918651e-06,0.007448341844536968
2019-06-27,0.0029838009326127544,0.0005478484581537524,1.628003029615052e-05,0.003515369360470356
2019-06-28,9.948373572012375e-06,0.00037622128356127953,2.0803142090123552e-05,0.0003653665150431684
2019-06-30,0.0018318662945948283,0.014546686017038141,1.008287241483786e-05,0.016368469439218134
2019-07-01,0.0004510470339305283,-0.00042894960679228404,1.0261132553322623e-05,1.1836294584921642e-05
2019-07-02,-0.00011267357709042296,0.0021125809322986304,2.7005471605464384e-05,0.001972901883602743
2019-07-03,-0.003761966134589111,0.0014298984088150098,1.659844639174727e-05,-0.0023486661721658485
2019-07-04,0.002845519017435752,0.00017643092864189433,1.3187967828803581e-05,0.0030087619782488426
2019-07-05,-0.001052278434628151,-0.0013144920480746883,8.317746829852482e-06,-0.002375088229532692
2019-07-07,-0.00698119385505888,0.009017611462613047,7.92272725083567e-06,0.0020284948803033316
2019-07-08,-0.0014533673591334804,0.0012202343216839717,2.0336241597465012e-05,-0.0002534692790469737
2019-07-09,-0.0016047093734666952,0.005503942358050639,4.927086205612403e-05,0.0038499621225278197
2019-07-10,0.005680521838596103,-0.0044865053152550955,1.809951782438615e-05,0.0011759170055166215
2019-07-11,0.0008454268786203736,-0.0037145652860540264,1.602057962423298e-05,-0.0028851589870578856
2019-07-12,0.0014964626108299906,-0.005988589537717624,1.755379204774902e-05,-0.004509680718935383
2019-07-14,0.0007654671833515426,-0.010790122417246535,2.2246742021000345e-05,-0.010046901975915993
2019-07-15,0.002707047106339391,-0.0005854663626916525,1.0264190383625259e-05,0.002111316553264113
2019-07-16,-0.0053887734237650685,0.01947335084947255,1.0200094583577894e-05,0.014074377331123907
2019-07-17,-0.0019375095419217542,-0.0008466281934742616,9.889197861327531e-06,-0.002794026933257343
2019-07-18,0.0008359072534754337,-0.008722409726727543,2.083392488234471e-05,-0.007907336398134453
2019-07-19,0.0014635410863119674,-0.0006167433759091937,9.509799966004033e-06,0.0008372879104367696
2019-07-21,-0.005519320901816569,0.006389811571835975,1.4851771954826417e-05,0.0008556388980645797
2019-07-22,0.002981141904209857,0.002806947983772354,8.580941136314627e-06,0.005779508946845896
2019-07-23,-0.004508773855749668,0.005457494525480663,8.365270839922811e-06,0.0009403553988910719
2019-07-24,0.005027268377548964,-0.0031192448472691396,5.863393317999815e-06,0.0019021601369618247
2019-07-25,-0.005659294272957836,0.006488857616784274,8.62413517787552e-06,0.0008209392086485624
2019-07-26,0.002016360232207193,0.0011364349755266913,1.0394558988771175e-05,0.0031424006487451137
2019-07-28,-0.001022771782834255,0.0018338241899276881,9.376782696507873e-06,0.0008016756243969254
2019-07-29,2.2753226162440776e-05,0.006069488963044777,1.4218620084898715e-05,0.006078023569122319
2019-07-30,0.004118693370237623,0.0007015840624181373,9.91252345818873e-06,0.0048103649091975715
2019-07-31,-0.002854439343693215,0.007623709396091146,1.8844230471364928e-05,0.004750425821926567
2019-08-01,0.006106774811932851,-0.006132116204783465,8.241997929653671e-06,-3.3583390780267595e-05
2019-08-02,-0.008900714450886305,0.004374392880213168,3.78970049930242e-05,-0.004564218575666161
2019-08-04,-0.001141551291151801,-0.004733330688249002,8.056125956576674e-05,-0.00595544323896657
2019-08-05,0.0003901021430814692,-0.012101445215380157,3.024705521886668e-05,-0.011741590127517553
2019-08-06,0.002548891038338532,-0.001499204759934973,4.781977968232456e-05,0.0010018664987212346
2019-08-07,-0.002347360482520928,-0.0029707381243932072,6.83624718379356e-05,-0.005386461078752071
2019-08-08,0.003800363434398068,-0.0047526264643499225,3.8409677824161956e-05,-0.0009906727077760163
2019-08-09,-0.0011686432449077584,-0.002803787653780504,4.5244750924109904e-05,-0.004017675649612373
2019-08-11,0.002596338192712014,0.004554531519568575,4.2019256878183925e-05,0.007108850455402406
2019-08-12,0.00011985768679874636,-0.006084980613192313,3.5324415884911974e-05,-0.006000447342278479
2019-08-13,-0.00013611526077153907,0.019391931175039054,3.2473414472554665e-05,0.01922334249979496
2019-08-14,-0.00044665237002472285,-0.008007306581644221,3.695304353459277e-05,-0.008490911995203538
2019-08-15,-0.0021836399493254284,-0.0038726937150998166,4.0995347417128604e-05,-0.006097329011842373
2019-08-16,0.0006679596009138935,0.0011294446456598314,4.403190744258562e-05,0.0017533723391311392
2019-08-18,0.0019357618458339127,0.00444211693122741,2.700926969289671e-05,0.006350869507368425
2019-08-19,0.0026585970338726846,0.006616172273149601,2.291835791274556e-05,0.00925185094910954
2019-08-20,0.001606136309029419,-0.005878393954810314,2.0737290582214427e-05,-0.00429299493636311
2019-08-21,0.0005934106140038063,0.005210094244683367,1.8928167401351142e-05,0.005784576691285822
2019-08-22,-0.0031837337687693444,0.0028163598715269435,1.5486441871676558e-05,-0.0003828603391140774
2019-08-23,9.471601617330085e-05,0.0020649029909425107,1.3962979798230545e-05,0.002145656027317581
2019-08-25,-0.01718705406332468,-0.029871177895337487,1.6948887521678262e-05,-0.047075180846183846
2019-08-26,0.006116913865293694,0.007793573289896907,1.7833274566212655e-05,0.013892653880624389
2019-08-27,0.0017567285871960905,0.0034160246969410415,5.362589238714666e-05,0.005119127391749985
2019-08-28,0.0036396086812210027,-0.0005187961463114227,1.5421354553922927e-05,0.003105391180355657
2019-08-29,0.0021745776279575068,-0.0006673144458883739,1.1056825427264148e-05,0.0014962063566418687
2019-08-30,0.003160808102225468,0.005602421329812797,1.0419802833355436e-05,0.008752809629204909
2019-09-01,-0.006802704982811398,-0.004156508656978226,8.716931364537821e-06,-0.010967930571154161
2019-09-02,-1.9856426831334282e-05,0.003150933967126679,8.624081268248818e-06,0.003122453459027096
2019-09-03,-0.0023755494784658505,-0.0019327804085589198,9.232259502054333e-06,-0.004317562146526824
2019-09-04,0.0028302449310284496,-0.006204445392006295,8.0374519949766e-06,-0.0033822379129728217
2019-09-05,0.009904259435002215,0.009697725887550863,9.68544370272215e-06,0.019592299878850354
2019-09-06,0.002013436490789216,0.009350723247439864,1.1278280383355157e-05,0.011352881457845725
2019-09-08,0.000697327947657703,8.196845552989896e-05,1.7313548742749545e-05,0.0007619828544448525
2019-09-09,0.0004594660275984429,0.0020916217734206536,1.164018572335823e-05,0.002539447615295738
2019-09-10,0.0021924837895159932,0.00958938131997817,1.1526363220199546e-05,0.011770338746273963
2019-09-11,0.00031316820316330194,0.009063195896680025,1.3109347636599204e-05,0.009363254752206727
2019-09-12,0.00046383613723493665,0.0016840960632430995,1.2068025920446562e-05,0.0021358641745575896
2019-09-13,0.0004707380859379292,0.00348614299385764,1.1259897861258212e-05,0.003945621181934311
2019-09-15,0.007960684890535266,0.00563853340411292,1.1203247712789059e-05,0.013588015046935397
2019-09-16,-0.0018345846850538325,7.971310516592794e-05,9.01312363505976e-06,-0.0017638847035229643
2019-09-17,0.0015169674027576332,-0.002738990423259869,1.4097924763462286e-05,-0.0012361209452656982
2019-09-18,-0.002775745219512531,-0.001373819242821011,6.428202864997975e-06,-0.00415599266519854
2019-09-19,-0.0020535719129047524,-0.002179115284352415,8.467993715093137e-06,-0.004241155190972261
2019-09-20,0.0024316363450253954,-0.003010409455959974,1.235876870189247e-05,-0.0005911318796364711
2019-09-22,-0.0018920627435114537,-0.0027546018433456587,6.892434813390955e-06,-0.004653557021670503
2019-09-23,-0.0008421352392353374,-0.0017827462843199803,7.784230327844845e-06,-0.0026326657538831627
2019-09-24,0.0007525205740293273,-0.004174125297978037,5.597964350650493e-06,-0.0034272026882993605
2019-09-25,-0.005066495833747284,-0.002270841822642535,6.33146080959638e-06,-0.007343669117199415
2019-09-26,-5.261566826644077e-05,0.007045925548173952,5.764754384066963e-06,0.0069875451255234445
2019-09-27,-0.0017804230628656976,0.000407498273619776,1.1851083484853632e-05,-0.0013847758727307752
2019-09-29,-0.0011063355772416644,-0.0005853007502169786,6.150992996554079e-06,-0.001697787320455197
2019-09-30,0.0008822672087117581,0.0002780632468829279,3.194952027854313e-06,0.0011571355035668316
2019-10-01,0.0030320739003022908,0.007575471529738042,3.9557645516153035e-06,0.010603589665488718
2019-10-02,-0.0016953183571003889,-0.01004659505582479,8.745597337871226e-06,-0.01175065901026305
2019-10-03,-0.008304837726738715,-0.012432696779576572,1.8671661636507285e-05,-0.020756206167951794
2019-10-04,0.000774193402514721,-0.008625577344333966,1.2083084503182615e-05,-0.007863467026322428
2019-10-06,0.004531466133400048,-0.001142843226890127,1.0521223647324328e-05,0.003378101682862596
2019-10-07,0.0001511786653718226,0.00041550289962107836,8.043002160457184e-06,0.0005586385628324438
2019-10-08,0.003309092408982126,0.010904766069315997,8.221813882634362e-06,0.014205636664415489
2019-10-09,-0.004700207434069041,-0.007522444502540764,4.308205463319842e-06,-0.012226960142073124
2019-10-10,0.003102229173455473,0.004612074350491067,1.3749245443263563e-05,0.007700554278503276
2019-10-11,0.003798987332264379,0.010212083420757037,8.353824020212505e-06,0.014002716929001204
2019-10-13,0.008439390149191258,0.008253279871544835,1.2819091443336664e-05,0.016679850929292757
2019-10-14,-0.0022086347783006567,-0.002995134775712647,1.7136140062495127e-05,-0.005220905694075799
2019-10-15,-0.0004830694176230941,-0.0014394333486854934,1.3317662203000027e-05,-0.0019358204285115875
2019-10-16,5.4131673048691826e-05,0.0028776338043540947,1.008543559182938e-05,0.002921680041810957
2019-10-17,0.0006403477928147211,-0.0023518209047297205,1.4387879091231553e-05,-0.001725860991006231
2019-10-18,8.699103781651241e-05,-0.0009901343119566913,1.3797970364048085e-05,-0.000916941244504227
2019-10-20,0.001969109572080195,-0.0029126520366849194,9.271283366502663e-06,-0.000952813747971227
2019-10-21,-0.00019747701134439384,0.0013948541152100597,6.078575337741336e-06,0.0011912985285279245
2019-10-22,0.0025948517245603124,0.0045892645128977425,8.572416754255548e-06,0.0071755438207037996
2019-10-23,-0.004505997452272756,-0.0031762214938954713,7.391914835641428e-06,-0.007689610861003868
2019-10-24,0.005099941514636825,0.0009395935604703824,9.118740856062875e-06,0.006030416334251144
2019-10-25,-0.0003136507546336522,0.0002651354715486854,9.513029614280948e-06,-5.8028312699247715e-05
2019-10-27,0.00446970726182956,0.004775340261345931,1.235631579988116e-05,0.009232691207375611
2019-10-28,-0.00030041155885198107,0.0012817535121798635,1.603569649695637e-05,0.0009653062568309262
2019-10-29,0.0017396204649842814,0.0058744890443622475,1.3924576272483995e-05,0.007600184933074045
2019-10-30,-0.002084606337323264,-0.0026189890465705794,1.4102504795914553e-05,-0.004717697888689758
2019-10-31,0.0016070020662386627,-0.005955825762469011,1.3869833770378064e-05,-0.004362693530000726
2019-11-01,-0.00025474814262381836,-0.012590522816148218,1.1612669845498622e-05,-0.012856883628617534
2019-11-03,0.003266241350282879,0.003806877746363715,1.2957645987172886e-05,0.007060161450659422
2019-11-04,-0.00043581239683329414,0.0014937872689996753,2.5599283872486664e-05,0.0010323755882938946
2019-11-05,0.0031670049537971456,0.007861266768169053,1.1643282021466217e-05,0.011016628439944732
2019-11-06,-0.0016443325358251706,0.007290811463767194,1.2779767957523044e-05,0.0056336991599845
2019-11-07,-0.0017132784004564785,-0.0025659058569932874,1.2955960997059372e-05,-0.004292140218446825
2019-11-08,0.0016527734037949033,0.012972312271026725,1.3134213654928659e-05,0.0146119514611667
2019-11-10,0.0015587839161210959,0.002826024322040979,1.803118597801929e-05,0.004366777052184055
2019-11-11,-0.003236789040469347,-0.0021903077702400803,2.4489067541176308e-05,-0.005451585878250604
2019-11-12,0.0033119689735933593,0.0034747047058404936,1.0114457601103269e-05,0.00677655922183275
2019-11-13,-0.002426986485852912,-0.003821267514251014,1.151925998860393e-05,-0.00625977326009253
2019-11-14,-0.0008946142774964074,-0.0040074653419168325,9.309881661092404e-06,-0.004911389501074332
2019-11-15,0.0009171125922425266,-0.003109715584195913,1.3080239051657714e-05,-0.002205683231005044
2019-11-17,0.0009835376623928789,-0.002817717001456805,1.5985844341196796e-05,-0.001850165183405123
2019-11-18,0.0005955260927440724,0.00016568424763165326,9.961089420402101e-06,0.0007512492509553235
2019-11-19,0.00039128956669746414,-0.0016077811229676562,8.642950396598664e-06,-0.0012251345066667909
2019-11-20,-0.0007131786858461522,-0.0028331018672837723,5.768464596508473e-06,-0.003552049017726433
2019-11-21,-0.002487707229392177,-3.364932455844096e-05,7.725996622835767e-06,-0.002529082550573454
2019-11-22,-0.0006512297612689317,0.0038709698121975745,6.4838394292381275e-06,0.0032132562114994046
2019-11-24,0.0026479760704363076,0.004335394260148448,7.368055029184917e-06,0.006976002275555571
2019-11-25,0.002641536660130064,0.00023811745481393715,1.3243136617705743e-05,0.0028664109783262956
2019-11-26,0.002013556236177547,-0.0024344866455827457,1.2250820759586629e-05,-0.00043318123016478554
2019-11-27,0.0017279527714830645,0.0010514849744961232,7.911346347024874e-06,0.0027715263996321627
2019-11-28,0.000600243834108422,2.9313144462101565e-05,7.729541520017679e-06,0.0006218274370505058
2019-11-29,-0.000508277660898072,0.0010977770544965209,5.586114090667592e-06,0.0005839132795077813
2019-12-01,8.69652119923843e-06,0.002485406846393864,1.1816009170624905e-05,0.002482287358422478
2019-12-02,0.0012089406124091455,-4.948367595109275e-05,2.0792893949349607e-05,0.001138664042508703
2019-12-03,-0.006915102219640043,0.00014904907122222614,1.7766049326501084e-05,-0.006783819197744318
2019-12-04,-0.00229721554941085,-0.01323335046852615,1.5241413861500002e-05,-0.0155458074317985
2019-12-05,0.0018748805323369467,0.0009917922256201237,2.5441158585804112e-05,0.002841231599371266
2019-12-06,0.004015754366833077,0.0024974522246654553,3.5946752314938195e-05,0.006477259839183594
2019-12-08,0.0031109483191498165,0.004196081455602306,1.1552490092334248e-05,0.007295477284659788
2019-12-09,-0.0006163513477095981,-0.0018608063644128152,1.3066183175900507e-05,-0.002490223895298314
2019-12-10,0.0002674728348244286,-0.0009270010920765585,8.68290791825681e-06,-0.0006682111651703867
2019-12-11,-0.0004194264050016162,0.0030128657369328624,6.20560316168287e-06,0.0025872337287695633
2019-12-12,0.004603154051763694,-0.0056897698436199585,5.109644264641166e-06,-0.0010917254361209057
2019-12-13,0.006229534594999788,0.004636878351442955,5.818067183470682e-06,0.010860594879259272
2019-12-15,-0.00040903231126671903,-0.005544038377715403,7.135597739503917e-06,-0.005960206286721626
2019-12-16,0.0028919448505694816,-0.0013476790069425729,2.553549416335688e-05,0.0015187303494635519
2019-12-17,0.00477917631941068,0.004209915937001108,1.6936221894160708e-05,0.008972156034517627
2019-12-18,-0.001224431765908598,0.003951567562310905,4.410897717683274e-06,0.0027227248986846234
2019-12-19,0.0013502774345806748,0.003099388901192162,9.44551600080623e-06,0.00444022081977203
2019-12-20,0.001985996022357973,0.0014545954270224312,9.195642291139936e-06,0.003431395807089264
2019-12-22,0.0026592828536093384,0.0005044598775426595,4.342445471915065e-06,0.003159400285680083
2019-12-23,-0.0002927149839520443,-0.0013916665836861326,7.568841920281765e-06,-0.0016919504095584588
2019-12-24,0.0010516454923994605,0.001685132595291103,3.9927059801211765e-06,0.0027327853817104425
2019-12-25,0.0006406016312804349,-0.003199246090351844,2.9284309159736337e-06,-0.0025615728899873826
2019-12-26,0.0012746381793927264,-0.0004960740853928098,5.766245670719858e-06,0.0007727978483291968
2019-12-27,0.0032079132321320624,-0.0009889668957769556,7.3315015150094306e-06,0.0022116148348400974
2019-12-29,-0.0008297354696114765,-0.004614513273982069,8.146950045734351e-06,-0.005452395693639279
2019-12-30,0.000399371043360241,-0.00038836779931909066,8.646804506957434e-06,2.356439534192907e-06
2019-12-31,-0.003175685505196174,-0.00042910671889603857,1.4602709493670134e-05,-0.003619394933585883
2020-01-01,0.0013310233346782853,-0.000853522881763962,9.94410201538662e-06,0.0004675563508989367
2020-01-02,0.0015726009706876472,-0.00042022711108452224,1.070577476269672e-05,0.0011416680848404283
2020-01-03,0.0006645423655652149,-0.00614711469173368,1.1088333574326465e-05,-0.005493660659742792
2020-01-05,-0.002882257715261551,-0.005620410767709023,7.914089591098396e-06,-0.008510582572561673
2020-01-06,-0.0008894515091090932,0.0008151437836639954,1.8455441892062955e-05,-9.276316733716074e-05
2020-01-07,0.005297834990200763,0.0005992551379765443,1.3136478251484404e-05,0.005883953649925822
2020-01-08,-0.004416468353531945,0.0011437684221228582,2.617113073836807e-05,-0.003298871062147455
2020-01-09,0.007698130038416601,0.009835147243409809,2.2775495287813974e-05,0.017510501786538596
2020-01-10,0.005906459410118671,0.0001196461604673909,3.640104958581399e-05,0.005989704521000248
2020-01-12,-0.002628039098406155,-0.0007879669281491121,4.9809757434712346e-05,-0.0034658157839899794
2020-01-13,0.001853983519406861,0.0021285350537665992,2.5981651398827413e-05,0.003956536921774632
2020-01-14,0.0046482710098178,0.0039965603921634394,2.4504351073106087e-05,0.008620327050908132
2020-01-15,-0.0028217637506880878,-0.004571254350508991,2.3778917028006203e-05,-0.007416797018225085
2020-01-16,-0.001488372035352657,0.0018321580550877277,1.8665842524410954e-05,0.0003251201772106598
2020-01-17,0.00788006217794204,0.001307851650792936,2.1893847071077783e-05,0.009166019981663897
2020-01-19,0.0019274987976261493,0.0018808709108587764,2.5145797177427684e-05,0.0037832239113074983
2020-01-20,8.763942175596962e-05,8.920798172980582e-05,4.14782767714317e-05,0.00013536912671434375
2020-01-21,-0.0052348147693199835,0.0010631008609270883,3.696117590240667e-05,-0.004208675084295302
2020-01-22,0.004203242079479649,-0.0021943095205170533,4.00354636573521e-05,0.0019688970953052436
2020-01-23,-0.003424172674685147,-5.940298642714056e-05,3.827454887408445e-05,-0.0035218502099863716
2020-01-24,0.0011709338813634586,0.0015677383223162093,3.353285842181796e-05,0.00270513934525785
2020-01-26,-0.012455943514203255,0.001871823324712283,2.502169465603134e-05,-0.010609141884147003
2020-01-27,-0.0006205110166237965,0.002474164969662825,2.0784780650277585e-05,0.0018328691723887508
2020-01-28,0.0004120226356570171,-0.000858828769696845,3.800991484675435e-05,-0.0004848160488865822
2020-01-29,0.0013702257467864674,0.001872998045313043,1.5532916515602062e-05,0.0032276908755839084
2020-01-30,-0.006293244064481213,-0.00012310436616460793,1.0176929170248901e-05,-0.00642652535981607
2020-01-31,0.005135741361842429,-0.0030118883743471517,9.572440294062415e-06,0.0021142805472012154
2020-02-02,-0.006833295683888639,-0.005579910095163841,1.166941370080431e-05,-0.012424875192753284
2020-02-03,0.0005697567977781937,0.004896203289958845,1.998814225564625e-05,0.005445971945481393
2020-02-04,0.004292239725495288,0.0071597946645516365,2.5378903980824217e-05,0.011426655486066101
2020-02-05,0.003147936800922897,-0.0008002697142509663,1.4423381013935223e-05,0.0023332437056579956
2020-02-06,0.004631387662981902,0.004530743458222967,1.773056442503785e-05,0.009144400556779831
2020-02-07,0.000711251750132151,0.0030470648257916073,2.0958383887934277e-05,0.0037373581920358244
2020-02-09,-0.0035530016161064502,-0.0018767277126789054,1.7716855302663232e-05,-0.005447446184088019
2020-02-10,0.002006283223696797,0.003009236779625492,2.1332827578129725e-05,0.0049941871757441594
2020-02-11,0.003144928624228154,-0.001117783809151782,1.6090908649069805e-05,0.0020110539064273018
2020-02-12,0.0004481511667325741,0.001994546464267644,1.4020313024112406e-05,0.0024286773179761057
2020-02-13,0.00042268079612428866,-0.0007976083930670342,1.1900749572186392e-05,-0.00038682834651493196
2020-02-14,0.0008009921917900648,-0.0006519460306639474,8.415055960580462e-06,0.00014063110516553687
2020-02-16,0.0009654774279021282,-0.00019455651739482032,8.339687344901588e-06,0.0007625812231624062
2020-02-17,0.0008172646696723218,-2.2932413700844798e-05,1.0503528107872712e-05,0.0007838287278636043
2020-02-18,-0.0020132144680993407,-0.001804111200629815,8.376453564943176e-06,-0.0038257021222940987
2020-02-19,0.0025946732449276125,0.0008966135318175517,6.010249279956003e-06,0.0034852765274652085
2020-02-20,0.000561019685865939,0.003048757064694061,5.459907589789804e-06,0.00360431684297021
2020-02-21,-0.0033755827338322825,-0.0033601508376647177,7.954737860996026e-06,-0.006743688309357996
2020-02-23,-0.005262375363109863,-0.0064425292964839335,1.2351061493176532e-05,-0.011717255721086972
2020-02-24,-0.002087448915067765,0.0008952687932544252,9.618828372012618e-06,-0.0012017989501853525
2020-02-25,-0.004623254370861014,-0.002773137269137527,1.5005036900844228e-05,-0.007411396676899385
2020-02-26,-0.010822589433063915,-0.00709530052337057,1.1160064716041636e-05,-0.017929050021150528
2020-02-27,-0.005649697699799575,-0.007209040899549831,8.867043197048125e-06,-0.012867605642546453
2020-02-28,-0.012353436173665041,-0.005050250169229109,2.402767208916393e-05,-0.017427714014983317
2020-03-01,-0.000618980088291108,-0.010934839719194431,2.5951599038423374e-05,-0.011579771406523963
2020-03-02,0.009397921655331303,-0.005883786277583104,1.6268392495614834e-05,0.003497866985252584
2020-03-03,0.006079513687967791,0.004130418284405057,4.310337002063635e-05,0.01016682860235221
2020-03-04,0.0006614135180083051,-0.013971485355689615,2.5273020968506587e-05,-0.013335344858649817
2020-03-05,0.00014974375602461846,-0.0013545928100544722,7.348135623041121e-06,-0.0012121971896528949
2020-03-06,-0.00652131028566859,-0.017116050215823124,2.410985438356642e-05,-0.023661470355875278
2020-03-08,-0.00924779687056594,-0.0233969686016749,2.0988037816816332e-05,-0.03266575351005766
2020-03-09,-0.0056149397375789365,-0.0022901919640612232,1.8201571392401246e-05,-0.007923333273032561
2020-03-10,0.008892847911691593,0.01782463042885169,1.8820173235130782e-05,0.026698658167308154
2020-03-11,-0.006642862617725657,0.0003012491470165031,2.1277323041715502e-05,-0.00636289079375087
2020-03-12,-0.020168698397182223,0.003757008626534995,2.7182385728541503e-05,-0.016438872156375767
2020-03-13,-0.008559500466921808,0.013244652329708497,9.873842472370219e-06,0.004675278020314319
2020-03-15,-0.001800788379591196,-0.0036195775005344755,2.1497402863998964e-05,-0.005441863282989671
2020-03-16,-0.006536617761509879,0.0008278620947960943,2.539483508601582e-05,-0.005734150501799801
2020-03-17,-0.014358098517527344,0.015321874098125838,1.2449021447354545e-05,0.0009513265591511402
2020-03-18,-0.013318261399364085,0.0213862995660087,1.1473406706304255e-05,0.00805656475993831
2020-03-19,-0.001955582978998149,0.022328398431169492,2.434524585512059e-05,0.020348470206316225
2020-03-20,0.007319319306479869,-0.016331002989812146,2.3133101772456267e-05,-0.009034816785104734
2020-03-22,-0.022621927369080044,-0.01599508305209986,2.8292959980851267e-05,-0.038645303381160755
2020-03-23,0.004466100008567871,-0.0005963479655162115,1.5303867898403023e-05,0.003854448175153257
2020-03-24,0.01461061575678439,-0.0009721751314668329,1.5993813655102083e-05,0.013622446811662456
2020-03-25,0.013531552391587046,0.002941816058793746,1.5357835024638616e-05,0.01645801061535615
2020-03-26,-0.0027454340165012636,-0.004556003030754945,2.025012560851388e-05,-0.007321687172864722
2020-03-27,0.007005681626014696,-0.0024688195917642454,7.883549602506229e-06,0.0045289784846479445
2020-03-29,-0.004491221649492895,-0.006148646803642693,1.4672471362385387e-05,-0.010654540924497974
2020-03-30,0.00012256683094222524,0.002142971640890779,1.321663946188512e-05,0.002252321832371119
2020-03-31,0.0029009387314474933,0.0008610465217514861,1.0699315223952144e-05,0.003751285937975027
2020-04-01,-0.012520383791660358,-0.0015090471172533944,7.093516154891099e-06,-0.014036524425068643
2020-04-02,0.0014820513034100717,0.001258436047562734,4.0401254555393205e-06,0.0027364472255172662
2020-04-03,-0.0008743687255872937,0.000998730859275355,1.071734832122037e-05,0.00011364478536684094
2020-04-05,0.000963183954555217,0.0011537157240323014,4.476960999787382e-06,0.002112422717587731
2020-04-06,0.004287117635295113,0.0021383096343553813,1.951824632506477e-06,0.006423475445017988
2020-04-07,0.006326234369596203,0.0024429391701131153,2.6239160504087865e-06,0.008766549623658908
2020-04-08,-0.0006074781404554028,0.0005187772573333585,2.598262407912615e-06,-9.12991455299569e-05
2020-04-09,0.0025842820844059577,-0.0012815552833576936,4.121452367234228e-06,0.0012986053486810298
2020-04-12,0.0013681687615544268,-0.005152400352424899,1.9892899478366354e-06,-0.0037862208808183088
2020-04-13,0.000857416702686378,0.00042777213095360726,3.325355676913693e-06,0.0012818634779630715
2020-04-14,0.002524630424717365,0.0020930411412050697,2.4272828561010355e-06,0.0046152442830663335
2020-04-15,-0.0017132151677851366,-0.0024789044018369974,2.2347838218788495e-06,-0.004194354353444013
2020-04-16,-0.002387295058955963,-0.0029981424133407857,2.118545178639638e-06,-0.005387556017475388
2020-04-17,0.004678828124803554,0.004576578993509165,1.4031077239299654e-06,0.00925400401058879
2020-04-19,-0.0018770154509288061,-0.0020022808827467654,3.616531268983225e-06,-0.003882912864944555
2020-04-20,-0.0032596429489430596,-0.0004248782103073489,3.161823052782092e-06,-0.0036876829823031905
2020-04-21,-0.00787776495059893,-0.0004155170645220691,2.042003330097777e-06,-0.008295324018451096
2020-04-22,-0.0002766111424758476,-0.001373125353119504,3.3791974282550206e-06,-0.0016531156930236063
2020-04-23,0.00276665846942729,0.001362389737010221,3.530354007305893e-06,0.004125517852430205
2020-04-24,-0.0016708652213853546,-0.0004336828576331826,5.10232968540273e-06,-0.00210965040870394
2020-04-26,0.0016083819208547684,0.0006561815603257253,2.9269845729991004e-06,0.0022616364966074947
2020-04-27,-0.0009025973918897622,0.0017124582948045313,1.4646900354851045e-06,0.000808396212879284
2020-04-28,-0.0008071461094527222,0.0018150433802877823,3.1748296120577066e-06,0.0010047224412230024
2020-04-29,0.002819623515604351,-0.003570678021189399,3.5026502786156843e-06,-0.0007545571558636635
2020-04-30,0.004303264745965967,-0.002276821083314667,1.6569173285680687e-06,0.002024786745322732
2020-05-01,-0.0033150700512518966,0.002355475272171592,2.901757114881928e-06,-0.0009624965361951867
2020-05-03,-0.004117551594724419,-0.000986370599814975,3.7884362341133194e-06,-0.005107710630773507
2020-05-04,0.0009501198947958467,0.00035827553678165647,4.583754246591919e-06,0.0013038116773309114
2020-05-05,0.004272898196624785,0.002229372053220993,2.8761345773488868e-06,0.006499394115268429
2020-05-06,-0.0016475291523458228,0.0013543580219649313,2.52285664108038e-06,-0.00029569398702197183
2020-05-07,-6.208154051182715e-05,-0.0005183448438646569,3.4091414300147827e-06,-0.0005838355258064987
2020-05-08,0.0031456716074882195,-0.007143470342765412,1.533656649466179e-06,-0.003999332391926659
2020-05-10,0.0008166560197331134,0.0045600670814266615,1.8765371086687233e-06,0.005374846564051106
2020-05-11,-0.0007721010130009702,0.00013523568694959195,4.279686314142069e-06,-0.0006411450123655203
2020-05-12,-0.0019194241951739164,0.001001816371807932,4.115778341738692e-06,-0.000921723601707723
2020-05-13,-0.0029165018731794118,-0.0018633994748957113,1.2025421905850163e-06,-0.004781103890265708
2020-05-14,-0.002061069307180941,-0.0022703253497410756,1.872949895778127e-06,-0.004333267606817795
2020-05-15,0.0012152622946699984,-0.0011141777349807582,1.9457619106923243e-06,9.913879777854792e-05
2020-05-17,-0.00012887560687653533,-3.490475613092892e-05,1.4683627658796983e-06,-0.00016524872577334393
2020-05-18,0.0013902709372742377,-0.0011483775626245137,9.76015425948676e-07,0.0002409173592237753
2020-05-19,0.0033423635850677166,0.005231360730981838,2.7154305914511793e-06,0.008571008885458104
2020-05-20,0.0011109547548113718,-0.0019948033109265036,1.8181811363255164e-06,-0.0008856667372514574
2020-05-21,-0.00014710505116413849,-0.0009293713420368733,3.927747387013785e-06,-0.0010804041405880257
2020-05-22,-0.0019995830916526955,-4.131302791261986e-05,3.3894526134973806e-06,-0.002044285572178813
2020-05-24,0.0014629835039024937,0.001041013664522133,2.867224462554598e-06,0.002501129943962072
2020-05-25,0.00011948993013614047,0.00012700680123254045,2.5593339598092293e-06,0.00024393739740887169
2020-05-26,0.0021214522818605456,0.00022990092388873473,2.180677176114221e-06,0.0023491725285731658
2020-05-27,0.000542005556405089,0.0006216991287390171,1.8488924156057106e-06,0.0011618557927285005
2020-05-28,0.0005304403940513984,-0.00017309504025358585,2.3969321985786107e-06,0.0003549484215992339
2020-05-29,0.001675823293827857,-0.0036205473351623527,2.8025762408930534e-06,-0.0019475266175753888
2020-05-31,0.00023533503124023336,0.0,3.0854213284980134e-06,0.00023224960991173534
2020-06-01,0.0016595507326978474,-0.00027337412765000217,3.214683652398521e-06,0.0013829619213954467
2020-06-02,0.0013844988151798833,0.00210440873007257,8.025722553886935e-07,0.0034881049729970645
2020-06-03,0.001648313777305786,0.00575265828506648,3.327274241642675e-06,0.007397644788130623
2020-06-04,0.0008977200643146751,0.000301676016878855,2.056203941951405e-06,0.0011973398772515786
2020-06-05,0.0033785474492470835,0.006764631786160991,8.572370913287896e-06,0.010134606864494786
2020-06-07,0.0007547804547790671,0.0,4.556014032748635e-06,0.0007502244407463184
2020-06-08,0.0009235865942769545,-0.0015933250727385643,1.0392459093071764e-05,-0.0006801309375546816
2020-06-09,0.0002665190625840186,-0.004419798856504064,8.623477097111729e-07,-0.004154142141629756
2020-06-10,0.0012724378824587915,-0.005742745363041271,3.8590096695010234e-06,-0.00447416649025198
2020-06-11,-0.00835386081497835,-0.002381392735302166,3.6961821287163542e-06,-0.010738949732409232
2020-06-12,-0.0009488239109523408,0.0024374916721934038,7.718016226063898e-06,0.001480949745014999
2020-06-14,-0.00034420835003791655,0.0,1.5809549018056048e-05,-0.0003600178990559726
2020-06-15,0.001044910297736461,-0.0003971063923731373,3.751633142399531e-06,0.0006440522722209242
2020-06-16,0.0027759601836131525,0.0026882500925154793,1.0655342139717428e-06,0.00546314474191466
2020-06-17,-0.00033613377450721353,-0.0001594346468678122,2.6803838042061482e-06,-0.0004982488051792318
2020-06-18,-0.001052682282801756,-0.0012647760462484057,2.7651108442543953e-06,-0.002320223439894416
2020-06-19,-0.0003153632483623601,-0.0006401290266097233,1.0673814352923763e-06,-0.0009565596564073759
2020-06-21,-4.5514445563696275e-05,0.0,3.77056714255118e-06,-4.928501270624746e-05
2020-06-22,0.0020667425658693348,-0.00030484204429988764,1.5417002180245188e-06,0.0017603588213514227
2020-06-23,-0.00038060514182118967,-0.0008638239096941168,8.038616666300766e-07,-0.0012452329131819365
2020-06-24,-0.003367461209887749,-0.0003033412277507287,3.700305753123647e-06,-0.0036745027433916014
2020-06-25,-0.0008646309670354852,-0.00020786752902039965,2.286532508245453e-06,-0.0010747850285641302
2020-06-26,-0.002158844923148606,-0.0022367388036629047,3.109740704039759e-06,-0.004398693467515551
2020-06-28,-0.00010057976496796454,0.0,1.7658342773961243e-06,-0.00010234559924536067
2020-06-29,0.002030096400765952,-0.0012527956559121108,2.3453036500716434e-06,0.0007749554412037696
2020-06-30,0.004148241597466695,-0.0002125842061138166,5.040327612554572e-07,0.003935153358591622
2020-07-01,0.002869579069743204,0.0017454768247434152,3.5486517368904267e-06,0.004611507242749729
2020-07-02,0.00023023496325142234,-0.0008318726039275072,4.3192331549539334e-06,-0.0006059568738310387
2020-07-03,9.978647930044258e-06,0.0,1.924461185719039e-06,8.054186744325218e-06
2020-07-05,-1.5951782948651622e-06,0.0,1.9686586271255255e-06,-3.5638369219906877e-06
2020-07-06,0.0016380361866541906,3.3252770208541144e-05,4.754792869094104e-07,0.0016708134775758224
2020-07-07,-4.980534841218123e-05,-0.0014337403395560666,5.347372192140849e-07,-0.0014840804251874619
2020-07-08,0.0016437886930595982,-0.0010910433625531113,1.4463632338781845e-06,0.0005512989672726087
2020-07-09,0.00016987279596214638,-0.0014391285771371003,2.793655314124017e-06,-0.0012720494364890779
2020-07-10,-0.0007033654539158673,0.0015065976143675132,2.451336249177074e-06,0.0008007808242024688
2020-07-12,0.0009243323127171289,0.0,4.492469429294567e-06,0.0009198398432878344
2020-07-13,-0.001800317378284095,-0.0006055923355303304,6.808326321484992e-06,-0.0024127180401359105
2020-07-14,-0.0002229537200641998,-0.00015911630803010378,1.521054982954174e-06,-0.0003835910830772577
2020-07-15,0.0008296197984842241,-0.0006757426839479741,3.2099437869569767e-06,0.00015066717074929304
2020-07-16,-0.000935904404876903,-0.00011277069330005066,1.5308310575738378e-06,-0.0010502059292345277
2020-07-17,0.0006992530873154015,-0.0004168191320243905,1.5344568341843825e-06,0.0002808994984568266
2020-07-19,0.0001861932866137586,0.0,8.093109798174469e-06,0.00017810017681558414
2020-07-20,0.0011623365199296023,0.0002694302533352197,9.243461713175817e-07,0.0014308424270935045
2020-07-21,0.0008791705304426169,-0.001446095737485168,2.8561058662340017e-06,-0.0005697813129087853
2020-07-22,0.0003134328957868095,-8.468384027425673e-05,2.245395322242002e-06,0.00022650366019031078
2020-07-23,-0.0008594429065541542,-0.0007415254122011454,2.5714824242190847e-06,-0.0016035398011795187
2020-07-24,-0.00036451051659071933,-0.0005974553585003835,6.374186104505603e-06,-0.0009683400611956084
2020-07-26,3.4624685406974354e-05,0.0,2.3692310397903475e-06,3.225545436718401e-05
2020-07-27,0.001460205428862464,0.0008052546078179798,1.7146742123844351e-06,0.002263745362468059
2020-07-28,-0.00021373229120281583,-0.0019378877521165072,1.3274980918534955e-06,-0.0021529475414111764
2020-07-29,0.0008496035392773454,-0.0014277923154222309,2.9239275259681314e-06,-0.0005811127036708535
2020-07-30,0.0010071661791513826,-0.0014191151226449613,4.447087646877261e-06,-0.00041639603114045597
2020-07-31,2.6552382528552785e-05,-0.0014670260603359135,1.6836492514706794e-06,-0.0014421573270588313
2020-08-02,-0.00024643484899716735,0.0,1.8537864914999334e-06,-0.00024828863548866727
2020-08-03,0.0005063842390792606,0.0011561849057663831,7.914886935806297e-06,0.0016546542579098376
2020-08-04,0.00032450722090462134,-0.0020236750863359978,8.702457191216821e-06,-0.0017078703226225931
2020-08-05,0.0009416445764244593,0.0018939681140596645,1.5970028389119626e-05,0.002819642662095004
2020-08-06,0.0007219490507229919,-0.0007191174583219809,1.1886266042347633e-05,-9.05467364133656e-06
2020-08-07,-0.0015674807780892714,0.0024895247247799512,1.193696753338563e-05,0.0009101069791572942
2020-08-09,-0.0004569200947539627,0.0,1.5355673680157366e-05,-0.0004722757684341201
2020-08-10,0.0004371704161545856,0.0007814266436277128,1.6848227006837748e-05,0.0012017488327754607
2020-08-11,-0.0007478425991046978,0.006123611681544221,2.825632562156896e-05,0.005347512756817955
2020-08-12,0.0010283274029384878,0.002211692645438239,2.6933434161613153e-05,0.0032130866142151136
2020-08-13,0.0013513483454982702,-0.00025127858834998214,2.3943508474610318e-05,0.0010761262486736777
2020-08-14,-8.129876812573776e-05,-0.002218941790048083,2.4252008223444103e-05,-0.002324492566397265
2020-08-16,7.276976376123013e-05,0.0,1.1627485833229631e-05,6.11422779280005e-05
2020-08-17,0.0013874803829280254,-0.0018643080905115894,9.56231117167798e-06,-0.00048639001875524194
2020-08-18,0.0014994569161708325,-0.0012172584435731328,3.07382020055829e-05,0.0002514602705921168
2020-08-19,-0.00012925144149402188,0.0016344672222170994,4.8403900651150716e-05,0.001456811880071927
2020-08-20,0.00030137653646432306,-0.003554395968754711,7.723427931568228e-05,-0.0033302537116060705
2020-08-21,-0.00033093139068433896,-0.0007931733250224869,4.270665750141543e-05,-0.0011668113732082412
2020-08-23,-0.0006693267584238822,0.0,2.7754185866423986e-05,-0.0006970809442903062
2020-08-24,0.0011021010044727007,0.002548376901340343,4.896609230200154e-05,0.003601511813511042
2020-08-25,0.0029133759090602144,-0.00029313584092179685,4.245302041178126e-05,0.0025777870477266362
2020-08-26,0.001977826159758928,-0.00040375365135176687,1.823442284163368e-05,0.0015558380855655275
2020-08-27,-0.00023134181228004065,0.002243213039374778,1.5798545500192557e-05,0.0019960726815945453
2020-08-28,0.002062300771592181,-0.004918812904682733,2.376493396293037e-05,-0.0028802770670534822
2020-08-30,0.00040603524601561967,0.0,4.263230157025828e-05,0.0003634029444453614
2020-08-31,0.00023613154666186963,-0.0006403214298299752,3.4292525841713735e-05,-0.0004384824090098193
2020-09-01,0.0018009808931798749,-0.0032780215664732246,1.866217994383584e-05,-0.0014957028532371856
2020-09-02,-0.0022376255822861017,-0.0006328516651769932,1.788311537376906e-05,-0.002888360362836864
2020-09-03,-0.005223482598401651,0.0001639025374914627,1.9471299526926998e-05,-0.005079051360437115
2020-09-04,-0.0030181998271442204,0.004898857476035329,1.4059494272920533e-05,0.0018665981546181877
2020-09-06,-2.876939265648737e-05,0.0,1.5642417474983677e-05,-4.441181013147105e-05
2020-09-07,-0.00032133656256856256,0.0,2.9423010781143027e-05,-0.00035075957334970557
2020-09-08,-0.005423536871205464,-0.0022066064024312557,6.103071889241058e-06,-0.007636246345525961
2020-09-09,0.00035869845710610114,0.0006768912823872372,8.4096446427939e-06,0.0010271800948505445
2020-09-10,-0.0011360309937197967,-0.0014850849835143873,1.5178457512296834e-05,-0.002636294434746481
2020-09-11,-0.0002601216420090027,-0.0014549033312506428,8.97038803208207e-06,-0.0017239953612917275
2020-09-13,0.00014283557105946942,0.0,6.334112949095478e-06,0.00013650145811037394
2020-09-14,0.001216325433039093,1.4912192839195467e-05,5.347354989801943e-06,0.0012258902708884864
2020-09-15,0.001047379173346158,0.0009147676735793074,3.4198291309656915e-06,0.0019587270177944993
2020-09-16,0.0006592151983247157,-0.001253875690054946,3.8018336613614016e-06,-0.0005984623253915916
2020-09-17,-0.0012455427452173974,-0.001898916877980539,4.261570244722334e-06,-0.0031487211934426588
2020-09-18,0.00033938157860661253,-0.0013090436279433208,4.182986914044956e-06,-0.0009738450362507533
2020-09-20,-0.0002563355867592159,0.0,3.341821247268793e-06,-0.0002596774080064847
2020-09-21,-0.0019829242474510038,0.002102179948210493,2.9159034423550825e-06,0.00011633979731713395
2020-09-22,-0.0008385014347628485,0.0003473275824448846,1.5323285734018287e-06,-0.0004927061808913658
2020-09-23,-0.0013406290611029145,0.0014703345546963377,8.406728442890328e-06,0.00012129876515053289
2020-09-24,-0.0007106608255377337,0.00022305148817905967,1.8992828532438927e-06,-0.0004895086202119179
2020-09-25,0.0007999105831637581,-0.00019246013575030416,2.771277147728961e-06,0.000604679170265725
2020-09-27,0.0002644726911112331,0.0,3.676615055981889e-06,0.0002607960760552512
2020-09-28,0.0016478845925462706,-0.000685063622036859,3.3621881614868452e-06,0.0009594587823479248
2020-09-29,1.5151251552510678e-05,-0.00016971245660884143,7.446958678594986e-07,-0.00015530590092419024
2020-09-30,0.0011465919896790897,-0.0023797404822534472,2.1111532521085994e-06,-0.0012352596458264661
2020-10-01,0.0004232502129408472,0.00040375224171127226,3.5235561398882414e-06,0.0008234788985122312
2020-10-02,-0.002147565212629252,0.0006436589252431315,7.454284906303079e-06,-0.0015113605722924235
2020-10-04,0.000829475764418373,0.0,1.1186633820462063e-05,0.0008182891305979109
2020-10-05,0.0014522319359306132,0.0027249375945346283,9.062629676803631e-06,0.004168106900788438
2020-10-06,-0.0016197937748629533,-0.0017609702010782143,7.525450484897008e-06,-0.0033882894264260647
2020-10-07,0.00117724310639852,0.0010136034818089418,2.613294557843547e-05,0.0021647136426290263
2020-10-08,0.0015310571197142196,0.0011592265029627972,1.1200389180996198e-05,0.0026790832334960203
2020-10-09,0.0024831782888525555,-0.0030156878886577454,9.925167263793047e-06,-0.0005424347670689829
2020-10-11,0.00021176107301892975,0.0,7.488818039179999e-06,0.00020427225497974974
2020-10-12,0.0006825094554822703,7.986498078443866e-05,6.560673851685538e-06,0.0007558137624150233
2020-10-13,-0.0013649896746461044,-0.0010615410617848039,2.5958496109681455e-06,-0.0024291265860418763
2020-10-14,0.000830120353007779,-0.0011425148247760383,8.075123699336283e-06,-0.0003204695954675956
2020-10-15,-0.001326147717003917,-0.00012155050723850058,6.8206938108638965e-06,-0.0014545189180532813
2020-10-16,-7.066062901795084e-05,0.00048480280101710686,6.287701042957815e-06,0.0004078544709561982
2020-10-18,-9.326284164935534e-05,0.0,5.104981138375825e-06,-9.836782278773116e-05
2020-10-19,6.844274034335004e-05,2.0558401495410163e-05,2.6423758264341193e-06,8.635876601232608e-05
2020-10-20,-0.0002295215940968451,-0.0013985473637863257,2.0766039106458784e-06,-0.0016301455617938167
2020-10-21,0.001629082670353129,-0.00047172377782240876,2.8297215003996266e-06,0.0011545291710303206
2020-10-22,-0.001016505159553481,0.002261868816960979,3.1036347805545548e-06,0.0012422600226269437
2020-10-23,-0.0006806024295506273,-0.0007398107939274415,9.760464553114843e-06,-0.0014301736880311835
2020-10-25,-7.793372292901668e-06,0.0,7.246687408638165e-06,-1.5040059701539832e-05
2020-10-26,-0.0011355140192207715,1.979269283982493e-05,4.345346995110466e-06,-0.001120066673376057
2020-10-27,0.00034561870741696703,-0.0005401227228664358,4.945254307034225e-06,-0.00019944926975650303
2020-10-28,-0.0031310532607871904,0.002026356107434581,5.578238928850913e-06,-0.0011102753922814601
2020-10-29,-0.0013670372854248563,0.001563935065999054,1.452751714272454e-05,0.0001823702634314731
2020-10-30,-0.00063581115923292,0.0005561247421707756,1.2699028174281584e-05,-9.238544523642599e-05
2020-11-01,9.40701356063498e-05,0.0,1.3625046668968036e-05,8.044508893738176e-05
2020-11-02,0.0006639345876798546,-0.0002995548451624988,6.979413787810169e-06,0.0003574003287295456
2020-11-03,0.0018498483831141939,0.0006108245427539071,4.65070843732747e-06,0.0024560222174307735
2020-11-04,0.001065530298868468,-0.003956520359712459,4.352337206356563e-06,-0.002895342398050348
2020-11-05,0.0019893791184719106,-0.0011031728923918162,9.806956459235523e-06,0.0008763992696208589
2020-11-06,-9.846468449646512e-05,0.0009529580317618165,1.543631303819535e-05,0.0008390570342271561
2020-11-08,0.0004284830773047119,0.0,1.2085744411561475e-05,0.00041639733289315043
2020-11-09,-0.000909265696677824,0.003357989774321355,5.6678159057304725e-06,0.0024430562617378
2020-11-10,0.0008508688456513017,-0.0004622396577720306,5.222954877979797e-06,0.00038340623300129126
2020-11-11,9.435716513630045e-05,0.00040418911670742747,1.0910171501181775e-05,0.00048763611034254614
2020-11-12,-0.0007731335902555537,-0.0013321774076319392,4.10673155703972e-06,-0.0021094177294445327
2020-11-13,0.0005450421468332297,-0.0003327788003398912,3.2020080186191985e-06,0.00020906133847471936
2020-11-15,0.000522379424043215,0.0,6.717452455124533e-06,0.0005156619715880905
2020-11-16,0.0007634381837107946,-0.0006253424294567575,2.174805432943042e-06,0.00013592094882109408
2020-11-17,-9.181627333074506e-05,-0.0012512894231224815,1.6718769059475753e-06,-0.001344777573359174
2020-11-18,-7.029064493570923e-05,0.0002719916882516012,1.5560706231984514e-06,0.0002001449726926935
2020-11-19,-0.0002217673493867588,-0.0010692474818619186,4.72458564837253e-06,-0.0012957394168970498
2020-11-20,0.0002521590116524543,-0.0003145949368254053,1.3618755366099023e-06,-6.379780070956091e-05
2020-11-22,0.0001318996136268756,0.0,4.379420622681774e-06,0.00012752019300419382
2020-11-23,-0.00012841329577882162,0.00015021844218485495,2.1348681489261363e-06,1.9670278257107195e-05
2020-11-24,0.0007705099537282144,-0.000687511379866672,9.222949750038812e-07,8.207627888653853e-05
2020-11-25,0.000393189457697411,0.0007127812838602476,1.4758646561824418e-06,0.001104494876901476
2020-11-26,6.338289309062553e-05,0.0,1.7838183167698874e-06,6.159907477385564e-05
2020-11-27,-5.097025078373352e-05,-0.0020517174522699097,3.1610982287467244e-06,-0.00210584880128239
2020-11-29,7.23501877320387e-05,0.0,1.8682449879909445e-06,7.048194274404776e-05
2020-11-30,-0.0005006432123165077,0.0012290348728018962,2.387575780561194e-06,0.0007260040847048273
2020-12-01,0.0007870652772632338,0.003484174238188883,8.829739058288877e-07,0.004270356541546288
2020-12-02,0.00023536573142241612,-0.0003599084273568239,4.3903383948118034e-06,-0.00012893303432921958
2020-12-03,0.0005947324011415895,-0.0014533820787011936,1.926818536812779e-05,-0.0008779178629277319
2020-12-04,0.0008058112798317027,0.0008794429709782006,1.5934744281249827e-06,0.0016836607763817783
2020-12-06,0.00022519479486550063,0.0,2.2928387921347727e-06,0.00022290195607336586
2020-12-07,0.00019556208373702527,-0.001810615745113694,8.076572435864852e-06,-0.0016231302338125335
2020-12-08,-0.00035966421239884937,0.0009317554431422616,1.147431347962375e-06,0.0005709437993954499
2020-12-09,-0.0005467190940585135,-0.00013896882952254308,3.915795749946067e-06,-0.0006896037193310025
2020-12-10,-0.00023356550460593538,-0.0020836762140118556,3.91922932965978e-06,-0.0023211609479474506
2020-12-11,-0.000582871632532991,-0.002412635352147763,5.4847574599740425e-06,-0.003000991742140728
2020-12-14,0.0005627523967224621,3.113003670232874e-05,5.426626465789268e-06,0.0005884558069590016
2020-12-15,0.002374334048896068,6.48987844370116e-05,1.521541341787309e-05,0.0024240174199152064
2020-12-16,0.0009287727406928688,0.00011401086445819486,2.5783723184554495e-06,0.0010402052328326082
2020-12-17,0.0015439505978572087,-0.0008425060545923926,2.7355396251204934e-06,0.0006987090036396956
2020-12-18,-0.0002127704365240548,-0.0004621529152177657,1.0680975155001454e-06,-0.0006759914492573206
2020-12-21,-0.001326712156210397,-0.0009024079221493478,1.895907654064766e-06,-0.0022310159860138095
2020-12-22,-0.00152795911460078,-0.0001383198192963942,1.3475803903777005e-06,-0.001667626514287552
2020-12-23,0.0012628957713148156,-0.00013944194068430565,1.9452814618466702e-06,0.0011215085491686635
2020-12-24,0.00044508063904495594,-0.0003626080408330331,2.5901127340833377e-06,7.988248547783952e-05
2020-12-28,-5.99058047904014e-05,-0.0002707583283088342,1.7606030789290656e-06,-0.00033242473617816465
2020-12-29,0.0004721469541167961,-0.001160712253468104,8.8725721107746e-07,-0.0006894525565623855
2020-12-30,0.0007666510862225059,-0.0006948308843493089,2.3472088949392634e-06,6.947299297825782e-05
2020-12-31,0.0002557867204055359,-0.0009492715913428111,2.3692944798542458e-06,-0.0006958541654171295
2021-01-04,-0.00047143517279481765,-0.000469934115065492,1.956484327323916e-06,-0.0009433257721876336
2021-01-05,0.0015838380437861654,-0.0002743703724792067,6.285316221389936e-06,0.0013031823550855688
2021-01-06,-0.0005691548158906989,0.0022370465366441964,5.637283004557057e-06,0.0016622544377489406
2021-01-07,0.0005245962894526526,0.001311438511974512,2.8552030925809418e-06,0.0018331795983345838
2021-01-08,0.0003134607439801039,0.0007038099593250515,1.438913465684774e-05,0.0010028815686483076
2021-01-11,-0.0016150352580488606,0.001662215035758632,8.449129530280517e-06,3.8730648179490906e-05
2021-01-12,0.0016381781811921846,-0.0043056981074849066,9.279943204217028e-06,-0.002676799869496939
2021-01-13,-8.860861836163898e-05,0.0007370653891519256,1.672494416546357e-05,0.000631731826624823
2021-01-14,0.0003315946147402375,-0.0010179146300382607,1.7697385004325692e-05,-0.0007040174003023489
2021-01-15,-0.0018043816066753366,-0.0013339107072367678,1.0865139517619537e-05,-0.003149157453429724
2021-01-19,0.0012006732839712,-0.00020657571698183124,6.471203091401883e-06,0.000987626363897967
2021-01-20,0.0016124188313117577,0.0011880887211267897,4.567460109566015e-06,0.0027959400923289815
2021-01-21,0.0005632622128175737,-0.00012428941420415755,4.103218999587228e-06,0.00043486957961382894
2021-01-22,-0.0012647231515022764,0.002819433268768791,9.627845322496296e-06,0.0015450822719440184
2021-01-25,0.0008314819477232007,-0.00219675771165316,1.2600310271288205e-05,-0.0013778760742012477
2021-01-26,0.00013764624749010925,-0.0009230648716793362,1.1912445518943488e-05,-0.0007973310697081704
2021-01-27,-0.0028090640117341067,0.0003173994565825671,1.1469047577651076e-05,-0.0025031336027291906
2021-01-28,8.341001864671628e-05,0.001268934119987515,6.228783596536164e-06,0.001346115355037695
2021-01-29,-0.0012489044895040487,-0.0013015111209248587,7.171682325405464e-06,-0.002557587292754313
2021-02-01,0.0017410016560282413,0.0010170145319687107,1.0463466789431376e-05,0.0027475527212075207
2021-02-02,0.0009276016867957519,0.0009879594561439,6.92465884802814e-06,0.0019086364840916238
2021-02-03,0.0004598576509403397,0.0009197647355310682,7.766404752800728e-06,0.0013718559817186072
2021-02-04,-0.0004821230723126516,0.0005641025617423363,7.870823882557032e-06,7.410866554712761e-05
2021-02-05,0.001175777484242749,-0.001418280498051843,1.2730441231007357e-05,-0.00025523345504010147
2021-02-08,0.0014466854856364053,-0.00018888329080428602,9.711953262416454e-06,0.001248090241569703
2021-02-09,0.0012622301866922715,-0.0003869481122545027,1.3636237668170154e-05,0.0008616458367695987
2021-02-10,-0.0003654489126708581,5.0352357518899395e-05,1.1610294514711657e-05,-0.00032670684966667037
2021-02-11,-0.0004154666525265299,7.545008394512868e-05,1.1903095586419626e-05,-0.00035191966416782085
2021-02-12,0.0005706106299417359,0.0012921601927630877,1.653018432041558e-05,0.0018462406383844081
2021-02-16,-0.0007610734444268585,0.0021754018432292915,1.1608046281771599e-05,0.0014027203525206614
2021-02-17,3.4648498343621036e-07,-2.023149718718113e-05,9.373129286691868e-06,-2.925814149043679e-05
2021-02-18,-0.00017691058410787718,-0.0014447114031461718,2.308593662628619e-05,-0.0016447079238803353
2021-02-19,0.0008054437938415979,0.0010844725978378968,1.650929127472093e-05,0.0018734071004047736
2021-02-22,0.0023212581442911507,-0.0014343539314916442,1.1264160261784064e-05,0.0008756400525377224
2021-02-23,3.2867550689482115e-05,-0.0001148045752701671,9.901315450276681e-06,-9.183834003096166e-05
2021-02-24,0.001292435728154039,-0.0008230774620556912,1.0194948671091432e-05,0.00045916331742725636
2021-02-25,-0.0032096620008995724,0.007200150673051095,7.819334658705523e-06,0.003982669337492817
2021-02-26,-0.003088524884960017,0.003074330566103455,7.121479036899941e-05,-8.540910922556159e-05
2021-03-01,-0.0003398447555089841,0.0009684042662493322,0.000208216158425623,0.00042034335231472513
2021-03-02,0.0019604715650538953,-0.005498030611880462,9.601365152066843e-05,-0.0036335726983472354
2021-03-03,-0.004577068300999849,0.003947100664605574,7.698579487223416e-05,-0.0007069534312665094
2021-03-04,-0.003510821871849864,0.00406044214176719,4.669059829357804e-05,0.0005029296716237481
2021-03-05,0.001603236319513823,0.00010642741764270795,3.084732598688869e-05,0.0016788164111696425
2021-03-08,-0.0035535349304125384,0.0039117368921128826,2.8388832510351746e-05,0.00032981312918999245
2021-03-09,0.00396489400413661,-0.004628427418585398,2.0851579194111144e-05,-0.000684384993642899
2021-03-10,0.0002890048609150494,-0.00035583707073907016,1.6570830932999347e-05,-8.340304075702009e-05
2021-03-11,0.0012482193461073455,-0.00278489617612438,1.673922549268534e-05,-0.0015534160555097198
2021-03-12,-0.0021738687620228266,0.005185179003105904,1.1199593840229019e-05,0.0030001106472428486
2021-03-15,0.00036311350620634695,0.0004685842460488627,1.1107179800217138e-05,0.0008205905724549925
2021-03-16,0.00023888718805211649,0.0008237645318260131,1.0531012751218143e-05,0.0010521207071269114
2021-03-17,0.0015922214672363145,-0.0010106837985840928,6.54804980898587e-06,0.0005749896188432358
2021-03-18,-0.005142636429772836,0.006886684885255511,5.576848493431174e-06,0.0017384716069892437
2021-03-19,0.0007898085086593777,0.0002743042643427193,7.2679666742854795e-06,0.0010568448063278115
2021-03-22,0.0007339292473192722,-0.0015730288294034931,2.4389923035824057e-05,-0.000863489505120045
2021-03-23,0.0013457079395737777,0.0019906519070100616,2.040979342878002e-05,0.003315950053155059
2021-03-24,0.0007023963979600801,0.002260621623122426,2.1736350849123717e-05,0.0029412816702333823
2021-03-25,-0.001422577646751226,0.003804113792721841,2.3461698951592633e-05,0.0023580744470190224
2021-03-26,-0.001098918720620179,-0.0019417680407641399,2.4364516420178328e-05,-0.003065051277804497
2021-03-29,-0.002732942590794465,0.003476846480863072,2.611328082351456e-05,0.0007177906092450926
2021-03-30,-0.004032821737337626,0.006606383864196601,2.6395355694878113e-05,0.002547166771164097
2021-03-31,0.004751719981175396,-0.011297151614185298,2.9487335243047536e-05,-0.00657491896825295
2021-04-01,0.0043558599465992245,-0.004789144880953363,3.513777465296903e-05,-0.0004684227090071073
2021-04-05,-0.00011031506040468556,-0.0046385188701915155,4.001710378749601e-05,-0.004788851034383697
2021-04-06,0.004222445156342055,7.816217449613201e-05,1.635630346996393e-05,0.0042842510273682225
2021-04-07,-2.4275961731291888e-05,0.0007421913959245154,2.5485707603901716e-05,0.0006924297265893219
2021-04-08,0.004258502127908393,-0.008301510480912239,1.1919595837886462e-05,-0.0040549279488417325
2021-04-09,-0.002896851242664923,3.298580707069933e-05,1.0310661834543503e-05,-0.0028741760974287673
2021-04-12,-0.001817731081713765,0.0012065741281631574,1.1841869590522959e-05,-0.0006229988231411306
2021-04-13,0.00457660681474286,-0.005418369135981938,9.234822826867656e-06,-0.0008509971440659449
2021-04-14,-0.0014788491679896209,-0.005938762739183487,9.413811877724916e-06,-0.007427025719050833
2021-04-15,0.005286320591506122,-0.002858580007170487,7.746694316201831e-06,0.0024199938900194328
2021-04-16,0.0002315861942096123,-0.0008837559731498241,1.8163441340290653e-05,-0.0006703332202805025
2021-04-19,-0.0001399825815384432,-0.004274824571508782,1.782117229431908e-05,-0.004432628325341545
2021-04-20,0.0020281907647580677,-0.003678658295993088,1.3401950903261718e-05,-0.001663869482138282
2021-04-21,0.0010404566324656401,-0.003688411533682557,1.455405176182084e-05,-0.0026625089529787377
2021-04-22,-0.0005250778322339919,-0.007928144626956684,1.364685780866026e-05,-0.008466869316999337
2021-04-23,-0.0012622424650894637,-0.003343633922531517,1.1406322708032674e-05,-0.004617282710329013
2021-04-26,-0.00045057248463443837,-0.006782587525757338,2.698299353203123e-05,-0.007260143003923808
2021-04-27,-0.002616338353772742,0.0035778007622451692,2.6765721605927825e-05,0.0009346966868664993
2021-04-28,0.002658035879892598,0.004917878165315378,2.29781566322012e-05,0.007552935888575775
2021-04-29,-0.001167742052902193,-0.00013854234360169431,1.1555936610188597e-05,-0.001317840333114076
2021-04-30,-0.0005439505177246913,-0.0006894659684934644,1.351489139445956e-05,-0.0012469313776126154
2021-05-03,0.0036781389293610908,-0.0016877947745626456,4.9360909221842735e-05,0.0019409832455766023
2021-05-04,-0.0005822380323541007,-0.003380602164857376,3.475990007576619e-05,-0.003997600097287243
2021-05-05,0.001975211471519627,-0.004933887509369352,3.5118055919903844e-05,-0.002993794093769629
2021-05-06,0.0009522610030373166,-0.006100580578056377,2.7279693807783433e-05,-0.005175599268826844
2021-05-07,0.003136463652695022,-0.004632491935870715,2.2144597505144723e-05,-0.0015181728806808376
2021-05-10,-0.001038251857334159,0.0060783129496895785,1.855337327893045e-05,0.005021507719076489
2021-05-11,-0.0008064132661245693,-0.002134350808275578,1.2618928388252812e-05,-0.0029533830027884
2021-05-12,-0.0047049318621230005,0.00449544722191867,1.3642100149832779e-05,-0.00022312674035416353
2021-05-13,0.0022009802945420205,0.0050449178410158675,5.331503274837923e-06,0.007240566632283051
2021-05-14,0.002259982692627394,-0.0008305002863820481,1.7372951083979573e-05,0.0014121094551613662
2021-05-17,-0.0002007440188517134,0.0005267939868699505,6.724316986039828e-06,0.00031932565103219725
2021-05-18,0.0009609330704834426,-0.0016547738526541953,4.415240453364808e-06,-0.0006982560226241175
2021-05-19,-0.002570090287243914,0.0035088189136280373,4.095050469377271e-06,0.0009346335759147459
2021-05-20,0.0030871914285336244,-0.001480860784484186,3.4583764358144154e-06,0.001602872267613624
2021-05-21,-0.0003644462171595132,0.0014680013389807094,7.631527969419249e-06,0.0010959235938517772
2021-05-24,0.001756614875860409,-0.00025382630159843326,5.151135332802435e-06,0.0014976374389291734
2021-05-25,0.00227401560715851,0.0009887262169268251,4.132730081752204e-06,0.003258609094003583
2021-05-26,-0.0010441009352927326,0.0011950372632471686,3.1024621110661904e-06,0.00014783386584336973
2021-05-27,-0.0009823392049061518,-0.004137442150536866,3.85490788297193e-06,-0.0051236362633259895
2021-05-28,0.0006255330419787468,0.0008724343827582377,2.4349502536784622e-06,0.001495532474483306
2021-06-01,0.000420319406905541,-0.0027037901307850917,6.303555326864088e-06,-0.0022897742792064146
2021-06-02,0.0009001741983924718,-0.00032048155687621524,1.6742025549371206e-06,0.0005780184389613195
2021-06-03,-0.004028387694609318,0.003535005041059253,3.1297956955480987e-06,-0.0004965124492456126
2021-06-04,0.00455580572788649,-0.003594944752986884,2.4734984984266475e-06,0.0009583874764011797
2021-06-07,-0.0006653559100082775,-0.0007265414515617635,4.85058757367293e-06,-0.0013967479491437138
2021-06-08,0.0009917656434134678,-0.000994575298529579,1.4997584272622443e-05,-1.7807239388733643e-05
2021-06-09,0.0008643191681362598,0.00039766352944072003,7.023797427369586e-06,0.00125495890014961
2021-06-10,0.002537814970430352,-0.0011479210357320897,2.3305157084932686e-06,0.0013875634189897692
2021-06-11,-0.0018922714202504092,0.0018524470758967916,4.439492853649012e-06,-4.426383720726661e-05
2021-06-14,-0.0025150976920603877,0.0030468657600973897,5.351200290584363e-06,0.0005264168677464176
2021-06-15,-0.0002698407449022367,0.0028162520213035145,4.451329135908395e-06,0.0025419599472653693
2021-06-16,-0.0071248866002331,0.0031263740645294524,8.529655966537428e-06,-0.004007042191670185
2021-06-17,-0.0021092959934766336,0.006212064798589406,1.0077379468409733e-05,0.004092691425644363
2021-06-18,-0.002476655090484502,-0.004160339319657584,6.608485092665975e-05,-0.006703079261068746
2021-06-21,0.0006795441446952701,-0.0009639369853471779,2.213861952488927e-05,-0.00030653146017679703
2021-06-22,0.0023308469179798173,0.0005786931251161617,2.5549657021798806e-05,0.0028839903860741803
2021-06-23,-0.002212143059050866,-0.000523941778558951,1.228691209531347e-05,-0.0027483717497051308
2021-06-24,-0.0005148475176190752,0.0013427499928006618,1.4591402143633616e-05,0.000813311073037953
2021-06-25,-0.00012648606376016407,0.0031501062530051287,4.817086314808018e-06,0.0030188031029301566
2021-06-28,0.0016498234763513192,-0.0032261755641094523,6.048096367901575e-06,-0.0015824001841260346
2021-06-29,-0.00016372859964720751,0.0010913726423135003,4.852505404784276e-06,0.0009227915372615086
2021-06-30,0.0004904676366841816,-0.0037876933949115045,3.264686629065344e-06,-0.0033004904448563884
2021-07-01,-8.657625537366306e-05,0.0018505495175465936,4.3759737871113425e-06,0.0017595972883858192
2021-07-02,0.0033254402941082497,-0.0005364740628355374,5.517230110468156e-06,0.0027834490011622443
2021-07-06,0.003691987957897324,0.004056212627177037,4.260438786556819e-06,0.007743940146287804
2021-07-07,0.001357567303868992,-0.0001735990257372392,6.106713236893751e-06,0.0011778615648948593
2021-07-08,0.0024371088992962532,-0.0004765281191948805,1.07124199557246e-05,0.0019498683601456481
2021-07-09,-0.001920678632885918,-0.0004098716003431604,3.2325715896842937e-06,-0.0023337828048187624
2021-07-12,-0.0008056938278944013,-0.0016281083284973418,8.694692933389804e-06,-0.002442496849325133
2021-07-13,-0.003277523763506168,0.0030405379278723305,6.912661841991757e-06,-0.00024389849747582937
2021-07-14,0.004166604283597574,-0.004812151335651497,5.5603506695012434e-06,-0.0006511074027234238
2021-07-15,0.0007430154752217396,-0.0011659728320053422,9.983193410346193e-06,-0.0004329405501939487
2021-07-16,-0.0006697839806002272,-0.0006052429572360979,8.566504676750921e-06,-0.0012835934425130759
2021-07-19,0.002851674808368414,-0.0006497999712709503,3.2719185617106004e-06,0.002198602918535753
2021-07-20,0.0014965685964324718,0.0007292112237992097,5.371490014473122e-06,0.0022204083302172083
2021-07-21,-0.0022866761207636275,-0.0009442683122549052,1.3716913410943218e-05,-0.003244661346429476
2021-07-22,0.0010547949041284676,0.0005702103600411068,6.642442886085251e-06,0.001618362821283489
2021-07-23,0.00019005327057761102,0.001569266225894126,9.757805317581035e-06,0.001749561691154156
2021-07-26,-0.0004911873923184863,-0.0018311190083087668,3.2763711064495302e-06,-0.0023255827717337026
2021-07-27,0.0012145828086206922,-0.0015824009529692494,2.9816092269861867e-06,-0.0003707997535755434
2021-07-28,0.000899377955725234,-0.0016162983515995212,3.6705498274408576e-06,-0.000720590945701728
2021-07-29,0.0002406471758925817,-0.0021688567795900946,4.590926419274095e-06,-0.001932800530116787
2021-07-30,0.0015743599334275406,0.0009907085666344966,2.812729357310312e-06,0.002562255770704727
2021-08-02,0.0016423017904065697,-0.003155313738395107,5.968281178734374e-06,-0.0015189802291672718
2021-08-03,-4.759274520469251e-05,0.000282974244664874,6.662291467336377e-06,0.00022871920799284512
2021-08-04,-0.0018985679788211594,0.0017131508258252026,2.462681692220648e-06,-0.00018787983468817747
2021-08-05,-0.002446298182240891,0.0001422468069670557,1.4744541296715472e-06,-0.002305525829403507
2021-08-06,-0.005139930226235761,0.0027056227610498243,5.402129634195023e-06,-0.002439709594820132
2021-08-09,-0.0036968486894697157,0.0020645504618968936,7.211771630378631e-06,-0.0016395099992032006
2021-08-10,-0.0016821030620839715,-0.0002841423890339179,1.1066237309216967e-05,-0.0019773116884271064
2021-08-11,0.0025587859397043717,-0.0008475771477291889,2.994572454090423e-06,0.0017082142195210923
2021-08-12,-0.0006234219485963737,-0.0016238793172884576,4.441519466044245e-06,-0.0022517427853508756
2021-08-13,0.0041561996284381515,-0.00466162937207595,6.936004451257159e-06,-0.0005123657480890561
2021-08-16,0.0009053604184741455,0.0003965756357681465,2.7593426676093045e-06,0.0012991767115746828
2021-08-17,-0.0008206002333389825,0.005424984236930681,1.024151937385121e-05,0.004594142484217847
2021-08-18,-0.0003958069109434771,0.0007180553980486911,2.0637391339343085e-06,0.00032018474797127974
2021-08-19,-0.0006716516210389068,0.002550435545018576,7.093354591051892e-06,0.0018716905693886173
2021-08-20,-0.0008724967750591496,0.0006004954758987483,2.3202476947114613e-06,-0.0002743215468551128
2021-08-23,0.002406307880219506,-0.0027205997503929507,3.799177195524339e-06,-0.0003180910473689689
2021-08-24,-0.0007645674379617056,0.00011913195335324464,3.2220536957482578e-06,-0.0006486575383042092
2021-08-25,-0.0013735015210754767,0.00035278579095114886,5.207175419592649e-06,-0.0010259229055439205
2021-08-26,-0.0009523211097501121,0.0005041057041793278,1.1637451469161515e-05,-0.0004598528570399458
2021-08-27,0.004229473069443947,-0.0021659748223010035,8.988659738047898e-06,0.002054509587404896
2021-08-30,0.0013405820591054851,0.00032482707470893167,6.925180242737231e-06,0.0016584839535716796
2021-08-31,-0.0005638013880962956,0.0009394936444977995,1.7278795245189354e-05,0.00035841346115631455
2021-09-01,6.626892405801526e-06,0.0006800356582861332,6.433222487744381e-06,0.0006802293282041904
2021-09-02,0.0004729788071527716,-0.0019187627654626462,5.0139906673376704e-06,-0.0014507979489772123
2021-09-03,0.0009264885988938102,-0.000508882477027374,5.260510283503561e-06,0.00041234561158293273
2021-09-07,-0.004083158988525137,0.003811645283409121,4.92536762150563e-06,-0.00027643907273752126
2021-09-08,0.0003024186492105574,0.000626679106933167,5.979264131565601e-06,0.0009231184920121587
2021-09-09,0.0010247205708837908,-0.0011234783705286113,4.947627618350928e-06,-0.00010370542726317144
2021-09-10,-0.0010634258019790316,0.0009374319748069224,4.145328961518921e-06,-0.00013013915613362806
2021-09-13,0.0006606277084774286,-0.00023164536738037522,6.66279255690208e-06,0.00042231954854015134
2021-09-14,0.0012934215293264894,-0.0014659185299369755,5.614236667640103e-06,-0.00017811123727812613
2021-09-15,-0.00032078315438349833,-0.0019495697103182742,2.099819248378461e-06,-0.002272452683950151
2021-09-16,-0.003429444847286461,0.0024622151694436564,3.793529592800014e-06,-0.0009710232074356045
2021-09-17,-0.001424582834629872,0.0026792562509692338,3.693520370720544e-06,0.0012509798959686412
2021-09-20,0.0010466999280674683,0.00028367361842373916,6.595055739574598e-06,0.001323778490751633
2021-09-21,0.0005765419168628227,0.0007369929489809194,3.851161981186098e-06,0.001309683703862556
2021-09-22,-0.0018734422709928331,-0.0008427150700187056,6.767830992084072e-06,-0.002722925172003623
2021-09-23,-0.004267035386659726,0.000467822067417737,1.8549948955351989e-06,-0.003801068314137524
2021-09-24,-0.0005741840077376717,0.001562017092980921,2.6806977060498142e-05,0.0009610261081827514
2021-09-27,-0.0018372720192552873,-0.0001338564746866997,2.0575112630070816e-05,-0.001991703606572058
2021-09-28,-0.002532752250280981,0.005661963622492273,3.509605904936814e-06,0.003125701766306355
2021-09-29,0.00045044241928158846,0.002072295847843993,2.95250752120366e-06,0.0025197857596043777
2021-09-30,0.0026123458404974363,-0.0018331248148121346,1.2648127386837357e-05,0.0007665728982984642
2021-10-01,0.0019076257106936988,-0.0037074272244795687,6.629165369776345e-06,-0.0018064306791556464
2021-10-04,-0.0012579038084750969,-0.0014406695175768727,6.049060515427722e-06,-0.0027046223865673973
2021-10-05,-0.0011427216222464032,0.0019755237729698455,5.315044267863525e-06,0.0008274871064555787
2021-10-06,-0.000279425011281624,0.0008667333310229021,3.7190506011597385e-06,0.0005835892691401183
2021-10-07,-0.0016937044861325373,0.00016748696303955826,4.701636864762989e-06,-0.0015309191599577419
2021-10-08,-0.001857072516557499,0.001417687906639703,2.4635209209215548e-06,-0.00044184813083871763
2021-10-11,-0.003838427011159182,0.001196470244079022,3.7757760298304316e-06,-0.00264573254310999
2021-10-12,0.0002883940465402511,0.0002837608392352312,3.1433680316309443e-06,0.0005690115177438514
2021-10-13,0.0011239099975783712,-0.0017260608183909017,2.6801132515760887e-05,-0.0006289519533282913
2021-10-14,0.0012771142615725086,-0.0013429207970411332,5.679202668766732e-06,-7.148573813739132e-05
2021-10-15,-0.004791583962896782,-0.0018305408913779082,7.625765164776552e-06,-0.006629750619439467
2021-10-18,-0.0028442125483850297,-0.00020097691142165403,4.900194280102445e-06,-0.0030500896540867862
2021-10-19,0.0021605379164100825,-0.0003833874234682281,1.5569210819151276e-05,0.0017615812821227031
2021-10-20,0.0013689139340203485,-0.0021019337179161547,1.427891915062264e-05,-0.0007472987030464289
2021-10-21,-0.0052129715906884,0.0030095884542678253,1.7757145850089384e-05,-0.0022211402822706647
2021-10-22,0.0022882068355804326,-0.0030198966562464532,6.729019377667087e-06,-0.0007384188400436877
2021-10-25,0.0035646281901186043,-0.00025336363857744905,3.404470846513852e-05,0.0032772198430760166
2021-10-26,-0.0015034834732993569,0.0005026749168106533,9.748132111819894e-06,-0.0010105566886005235
2021-10-27,-0.00016279678638536513,-0.00423134385327864,7.466991233448251e-06,-0.004401607630897453
2021-10-28,0.0005860694127470152,-0.003749270025639094,6.978193711786207e-06,-0.003170178806603865
2021-10-29,-0.0012765845959899899,0.004488727355313521,5.635231511982746e-06,0.0032065075278115487
2021-11-01,0.0009700643112127902,-0.0031496402302461915,9.133462438805733e-06,-0.0021887093814722067
2021-11-02,0.0029648168175820952,0.0015128086120955783,1.5677594271673703e-05,0.0044619478354059995
2021-11-03,-0.0028749520789402207,0.0008659992215412313,7.170212543547658e-06,-0.0020161230699425373
2021-11-04,0.006016340736389499,0.003025332122672462,3.177984794636508e-05,0.009009893011115596
2021-11-05,0.004079841705743197,-0.002023901090264285,1.584367873596614e-05,0.002040096936742946
2021-11-08,-0.0028173490580923784,-0.0010663575030907448,2.780986743362016e-05,-0.003911516428616743
2021-11-09,0.003180105827101344,-0.00465412876315787,1.5166157951983687e-05,-0.0014891890940085097
2021-11-10,-0.00744663766679057,0.004874145853659549,1.577790155303101e-05,-0.0025882697146840513
2021-11-11,-0.0011919364021031015,-6.251419745576859e-05,1.9399469158989404e-05,-0.0012738500687178595
2021-11-12,0.0037078334135080076,-0.002204516374641703,2.4904609718195526e-05,0.0014784124291481089
2021-11-15,-0.0014569764489505116,0.003507153017622522,9.118241604053883e-06,0.0020410583270679566
2021-11-16,-0.0019978392269669387,0.0049573977789583125,6.362892184334495e-06,0.0029531956598070393
2021-11-17,0.004163227515256025,-0.004459887464333656,1.0104203542211403e-05,-0.00030676415261984244
2021-11-18,0.00015422154581927247,-0.002681429013986209,9.682348839948262e-06,-0.0025368898170068845
2021-11-19,-0.0016933164838880488,-0.00019360273741916606,7.690744171349332e-06,-0.0018946099654785643
2021-11-22,-0.009566454693671528,-9.072121151377386e-05,6.849289267923405e-06,-0.009664025194453226
2021-11-23,-0.0012191313237906202,-0.0003120782667156842,8.307386717307374e-06,-0.0015395169772236118
2021-11-24,-0.0021469888044191765,0.003161866456517305,1.3567934671205058e-05,0.0010013097174269233
2021-11-26,0.009624175453372696,-0.005660076728677471,3.7884091914602455e-06,0.0039603103155037645
2021-11-29,0.0008480848149285095,0.006442063307298386,5.8101231416971284e-05,0.007232046890809924
2021-11-30,-0.004005445277791966,0.005559561521573157,0.0001096320425701934,0.0014444842012109975
2021-12-01,-0.0022631002630063243,-0.0003216968185602385,6.906756718287155e-05,-0.002653864648749434
2021-12-02,-0.0012570419739712825,-0.002052139443100073,6.99624553961605e-05,-0.003379143872467516
2021-12-03,0.003046051625780904,-0.00408150981681464,6.231226490326482e-05,-0.001097770455937001
2021-12-06,0.0009349493352531615,0.0062051324115842575,5.801777522315139e-05,0.007082063971614267
2021-12-07,0.0056603728857438475,0.002357961044480431,4.7559770725079904e-05,0.007970774159499198
2021-12-08,0.0019069886892954533,0.004076528075750731,4.462589677552797e-05,0.0059388908682706555
2021-12-09,-0.0037795556617338417,0.0028869969790661283,3.558232143375685e-05,-0.0009281410041014703
2021-12-10,0.003887538030305359,-0.0035857223061870813,3.83777412623101e-05,0.00026343798285596783
2021-12-13,-0.0026491709145733573,-0.0010635115726673238,3.104404297985156e-05,-0.0037437265302205326
2021-12-14,-0.0033403348700246725,0.0027911017010912678,2.0793486294191858e-05,-0.0005700266552275965
2021-12-15,0.003481689287239689,0.005385929130857889,2.4295379949362815e-05,0.008843323038148216
2021-12-16,0.003172515476531054,-0.00820233798163944,2.1794750986536143e-05,-0.005051617256094923
2021-12-17,-0.003456110464706413,0.0024139733855775515,2.2008760005460864e-05,-0.0010641458391343226
2021-12-20,-0.0022528661187219434,0.0004566877767232814,1.6332639340919428e-05,-0.0018125109813395812
2021-12-21,0.003422914478059905,0.0009520485148517247,1.4907855871838795e-05,0.004360055137039791
2021-12-22,0.004890629318715429,-0.003249510041749485,1.250550885794669e-05,0.0016286137681079968
2021-12-23,0.0026105117786048068,0.0023552568712077743,1.1115216345770652e-05,0.00495465343346681
2021-12-27,0.00399888928055364,0.001234978076510495,1.1997306389808517e-05,0.005221870050674327
2021-12-28,-0.0010964123993396939,0.002706107817336524,8.986125932038679e-06,0.0016007092920647915
2021-12-29,0.0012553666336420604,0.0017029260049088734,8.567407108344683e-06,0.0029497252314425893
2021-12-30,-0.0003837649428948331,-2.983656316033552e-06,1.2386423558249712e-05,-0.00039913502276911635
2021-12-31,0.0010341709985970007,0.000784378777527428,1.3592873473698605e-05,0.0018049569026507301
2022-01-03,-0.0010287634169072826,0.007100655391805948,1.0070253257478301e-05,0.006061821721641187
2022-01-04,0.0033327362481939166,0.0013901544121137487,8.94011416147922e-06,0.004713950546146185
2022-01-05,-0.003066223390743254,0.005644441283117103,1.7518818341367188e-05,0.0025606990740324816
2022-01-06,-0.0005791776718169877,0.0026742912004997614,9.807684624947675e-06,0.002085305844057826
2022-01-07,0.0009214739230420651,-0.0010755406400541618,1.967575292818588e-05,-0.0001737424699402826
2022-01-10,-0.0016685815436481392,-5.777894268427466e-06,5.1143388470584464e-06,-0.0016794737767636251
2022-01-11,0.0049412216375010875,-0.0024741043424440622,5.010873096550896e-06,0.0024621064219604743
2022-01-12,0.002702191778584145,-0.0014855974986962297,6.200523702403081e-06,0.0012103937561855124
2022-01-13,-0.0025106021074616032,-0.0021328026794404397,5.1561505400370005e-06,-0.00464856093744208
2022-01-14,-0.00038340209868426863,0.006554406471958367,1.0681826529529604e-05,0.006160322546744568
2022-01-17,-0.0003859999752952803,0.0013938038745004216,6.03718451145734e-06,0.001001766714693684
2022-01-18,-0.0024264394199552232,0.005499155874423225,1.3529664674203848e-05,0.0030591867897937983
2022-01-19,0.0016997384374280102,-0.003765588349255894,3.3821077967271127e-06,-0.002069232019624611
2022-01-20,-0.0009624852493142911,-0.0041438478719245525,1.4049093683621327e-05,-0.005120382214922465
2022-01-21,-0.002508652170477676,-0.004427388491971204,8.433962790398534e-06,-0.006944474625239278
2022-01-24,-0.00040910711743835876,-0.0008565025529625221,7.793933283199888e-06,-0.0012734036036840808
2022-01-25,-0.0020874558035998015,-0.0008985682185574045,4.270154747437496e-06,-0.0029902941769046434
2022-01-26,-0.0005689212356685667,0.013710280708528798,8.372487048900689e-06,0.013132986985811331
2022-01-27,-0.0033285754212463983,0.004597202802465241,3.0305267833899477e-05,0.0012383221133849432
2022-01-28,0.0027880897634813403,-0.004075573317272396,6.83715888441054e-05,-0.0013558551426351608
2022-01-31,0.005808659057830303,0.0016356879139147594,1.8762744373097115e-05,0.007425584227371965
2022-02-01,0.004520625681150081,-0.004998041157900745,3.340996940742936e-05,-0.0005108254461580937
2022-02-02,0.0009564228721069952,-0.0017718794902855778,3.031364502200449e-05,-0.0008457702632005871
2022-02-03,0.001671130946409615,0.007828822519226234,3.046008952384665e-05,0.009469493376112003
2022-02-04,-0.00041654195954227206,0.006257309452479666,3.6915243463002886e-05,0.005803852249474391
2022-02-07,0.004094253177969041,-0.00326833857442849,3.576908492896943e-05,0.000790145518611582
2022-02-08,-0.0013006642279450652,0.006443699372875186,3.8958130433351174e-05,0.0051040770144967695
2022-02-09,0.005966939518049823,-0.005764989570267837,3.0307464885200363e-05,0.00017164248289678523
2022-02-10,-0.005645523727987801,0.014111093722036084,2.63133222093348e-05,0.008439256671838948
2022-02-11,0.006204912435240068,-0.011033905713230222,4.7441390781412636e-05,-0.004876434668771567
2022-02-14,0.0011085135628735997,0.003925143530033357,3.3552258977696804e-05,0.00500010483392926
2022-02-15,-0.005728314716580135,0.006028637034787554,3.464969076345001e-05,0.0002656726274439692
2022-02-16,0.003082057231339608,-0.0036996684390983143,2.5113664968528092e-05,-0.0006427248727272342
2022-02-17,0.0042485748364243375,-0.010579228108567047,2.6611754187901726e-05,-0.006357265026330611
2022-02-18,0.0008000506695878489,-0.0026513684913689536,1.6577761533141415e-05,-0.0018678955833142464
2022-02-21,7.22313976043171e-05,-0.0015167395241618671,2.383908510209629e-05,-0.0014683472116596462
2022-02-22,-1.960774040154974e-05,-0.0031478113146328757,1.3691641183202019e-05,-0.0031811106962176274
2022-02-23,-0.000780308346269915,-0.0003816465335542439,1.697364075620554e-05,-0.0011789285205803645
2022-02-24,-0.004023243555913332,0.0035179183504513963,1.5179987188909087e-05,-0.0005205051926508448
2022-02-25,-0.0021409202780844523,0.009136537526693462,1.656682881683556e-05,0.006979050419792174
2022-02-28,0.009031771528582325,-0.020163539286086572,3.380317074895085e-05,-0.011165570928253198
2022-03-01,0.008002502668557602,-0.010653245255379046,2.725779491023092e-05,-0.002678000381731676
2022-03-02,0.0029560444471507545,0.016169931115578996,3.5083879577194976e-05,0.019090891683152558
2022-03-03,-0.0006783274141256957,-0.005333798145037346,1.8918352963175015e-05,-0.006031043912126216
2022-03-04,0.011822226999147738,-0.010903683021484622,2.415152950963252e-05,0.0008943924481534837
2022-03-07,-0.0011527003902754435,0.00365839557321738,1.2276059775132136e-05,0.002493419123166804
2022-03-08,0.003626367894949333,0.00857309986126618,1.812771229160112e-05,0.012181340043923914
2022-03-09,-0.0140215122519427,0.009804809222837219,1.3299764807730125e-05,-0.00423000279391321
2022-03-10,-0.002691772311557687,0.0035904361293345867,1.2993808875324122e-05,0.0008856700089015755
2022-03-11,-0.0010991295740260566,0.008816635846276394,2.1886064815422323e-05,0.007695620207434915
2022-03-14,-0.009347579059913671,0.01738317893475685,1.1157169941322108e-05,0.008024442704901857
2022-03-15,-0.0033043346150204113,-0.0006177643987860057,2.917286654868264e-05,-0.0039512718803551
2022-03-16,0.0010338342591301793,0.009477369524260704,1.5311491696564577e-05,0.01049589229169432
2022-03-17,0.0066064795651398465,-0.006079596464381673,1.2887599377882955e-05,0.0005139955013802902
2022-03-18,0.0003126328622026287,0.003178519126507717,1.1087696431997087e-05,0.003480064292278349
2022-03-21,0.00046158188653037415,0.011025970557945188,9.069029996612334e-06,0.01147848341447895
2022-03-22,-9.692119748015509e-05,0.01143756001101397,1.2269633170819903e-05,0.011328369180362995
2022-03-23,0.00414736759822798,-0.0018573129411582233,3.113256911244268e-05,0.002258922087957314
2022-03-24,-0.0029348426455024024,0.01125065631469711,2.2223502060170673e-05,0.008293590167134537
2022-03-25,-0.003013356283323592,0.004710779247963805,1.3042904884750218e-05,0.0016843800597554626
2022-03-28,-0.011874405395901634,0.009577956838520328,1.549916214674109e-05,-0.0023119477195280465
2022-03-29,0.001089167734978357,-0.01095230341933867,1.1095993438557242e-05,-0.009874231677798872
2022-03-30,0.006615518329092498,-0.009988189784179244,2.3076175032647197e-05,-0.003395747630119393
2022-03-31,-0.006038596220593897,0.0020838313674559276,1.54996247790493e-05,-0.003970264477917019
2022-04-01,-0.005134137682193442,0.006529314468520028,1.605561266587433e-05,0.0013791211736607118
2022-04-04,0.006223476250402379,0.0016641137773390348,1.2919349544551899e-05,0.007874670678196862
2022-04-05,-0.004485013310044849,0.01255243909884371,1.2378938059104155e-05,0.008055046850739756
2022-04-06,-0.0015998368952296173,0.0048647572830704585,1.0583794280406105e-05,0.003254336593560435
2022-04-07,0.0030658020664870974,0.00376484978691184,1.2014387339922954e-05,0.006818637466059015
2022-04-08,0.001522383346622324,0.0028801409410174335,1.0455891222687843e-05,0.004392068396417069
2022-04-11,-0.0011233391483136822,0.008671541681920981,9.634721842813309e-06,0.007538567811764486
2022-04-12,0.007608555394259971,-0.0006527130713053313,9.42777857004367e-06,0.006946414544384596
2022-04-13,0.0072608381457004035,-0.005153582689806639,7.021020999423658e-06,0.0021002344348943405
2022-04-14,-0.002901586042530013,0.011343333012706857,1.6838808433355958e-05,0.008424908161743487
2022-04-18,0.00024984300557627824,0.006361992486620906,1.2899463718125838e-05,0.006598936028479059
2022-04-19,-0.010048861969562369,0.011830878885958313,8.082001362751347e-06,0.0017739349150331931
2022-04-20,0.0035859918674734344,-0.01231567725365278,9.941302122610036e-06,-0.008739626688301956
2022-04-21,-0.0027466360945872835,0.010885048114672028,2.0860016660217185e-05,0.008117552003424526
2022-04-22,-0.010394810049771365,0.007113190534798433,1.3410533947580095e-05,-0.0032950300489205117
2022-04-25,-0.0071476284843999816,-0.0026059654071194207,9.157532809842037e-06,-0.009762751424329244
2022-04-26,0.0028004253233171726,-0.00012453043447699873,1.413159398897535e-05,0.0026617632948511987
2022-04-27,-0.001399174361752879,0.009788660330522506,7.929080214280183e-06,0.008381556888555347
2022-04-28,-0.001110294333666756,0.010782543753888391,2.2287468834576022e-05,0.00964996195138706
2022-04-29,-0.0015584756961185696,0.0028423230068573813,1.5995069877453845e-05,0.0012678522408613579
2022-05-02,-0.007342824515318635,0.005094608077625082,2.2885808473356735e-05,-0.00227110224616691
2022-05-03,-0.0011801875027645783,-0.001072052786176565,1.7101610963617142e-05,-0.0022693418999047608
2022-05-04,0.010879341755016354,-0.012051500364352496,1.7640085485114806e-05,-0.0011897986948212567
2022-05-05,-0.006321683738158942,0.014325044827018912,1.3858430685139789e-05,0.00798950265817483
2022-05-06,-0.00037293899896983444,0.00736882594565918,3.068940775001004e-05,0.006965197538939335
2022-05-09,-0.0101831191436207,-0.002305404542943451,1.725698710322562e-05,-0.012505780673667376
2022-05-10,-0.004108852171987403,-0.0025608064692596334,1.9015951671123433e-05,-0.00668867459291816
2022-05-11,0.005610845079374766,-0.004235709980673805,2.517170967415531e-05,0.0013499633890268058
2022-05-12,-0.0027357217395697062,-0.0018627841916575099,1.5013425560010621e-05,-0.0046135193567872265
2022-05-13,0.0044131429519491784,0.002309542305528731,1.373036965715179e-05,0.0067089548878207575
2022-05-16,0.005084013292285291,-0.004391648519137755,1.9173973824782136e-05,0.0006731907993227534
2022-05-17,0.0022267605245274344,-0.0022202869178875634,9.04156794529077e-06,-2.5679613054197247e-06
2022-05-18,-0.00956410207414457,0.002249807424893667,8.410238395900984e-06,-0.007322704887646804
2022-05-19,0.008467787933937983,-0.007745203542902361,1.815723863059548e-05,0.0007044271524050268
2022-05-20,0.0028092368808430405,-0.0013452708737378108,9.6569119909166e-06,0.0014543090951143131
2022-05-23,0.0034564444872935618,-0.0028099771923886397,1.3728977844532097e-05,0.00063273831706039
2022-05-24,0.00123006625731383,-0.007676447456002407,7.793883305466901e-06,-0.006454175081994044
2022-05-25,-0.0005882802963775016,0.0037372108391169616,1.4769989967264432e-05,0.0031341605527721956
2022-05-26,0.007272572450902532,-0.0032943267533207263,2.836482679983383e-05,0.003949880870781972
2022-05-27,0.0022634642991642435,-0.002492644004426735,2.0200636222932512e-05,-0.0002493803414854241
2022-05-30,0.00028335095885637096,-0.0011417788552780233,1.9353842321793006e-05,-0.0008777817387434453
2022-05-31,-0.0066106633379235565,0.013587773309438063,1.6887950529435553e-05,0.006960222020985071
2022-06-01,-0.0012177163922544646,0.014674711209373437,1.2330306064885782e-05,0.013444664511054086
2022-06-02,0.009523685925326729,-0.00863229265690816,1.3925970350925921e-05,0.0008774672980676434
2022-06-03,-0.0036580320816599985,0.005093056683855698,1.2188671395123273e-05,0.0014228359308005763
2022-06-06,0.0002961841140421092,0.007147535832564927,8.742091188630501e-06,0.007434977855418405
2022-06-07,0.004129957568126783,-0.004702462898628521,9.569948585628948e-06,-0.000582075279087367
2022-06-08,0.0026215694862263576,0.0046339488149918446,9.800773080375321e-06,0.0072457175281378265
2022-06-09,-0.0028564502514209166,0.007912845842243653,1.0524505004895396e-05,0.005045871085817841
2022-06-10,-0.006667407633431266,0.017390287204536774,9.89742320473275e-06,0.010712982147900774
2022-06-13,-0.01547789526201575,0.021805767921026405,2.333537315259026e-05,0.0063045372858580645
2022-06-14,-0.007560667949113327,0.00874435868438454,3.985875241748315e-05,0.001143831982853729
2022-06-15,0.005376064075098754,-0.01294638424797051,3.420908050399269e-05,-0.007604529253375749
2022-06-16,0.007224922970167386,-0.010146198640920983,1.5631236629147256e-05,-0.002936906907382745
2022-06-17,-0.012780518260017065,0.011455937161801065,2.343394076751205e-05,-0.0013480150389835117
2022-06-20,0.000321566264266032,-0.0005389616178987484,1.4604148501474058e-05,-0.00023199950213419044
2022-06-21,9.433110876108208e-05,0.00579597792663645,1.5073226450041386e-05,0.005875235808947491
2022-06-22,-0.007596523571209028,-0.0036685719135251356,8.757706978212534e-06,-0.011273853191712375
2022-06-23,-0.00831706238232911,0.008172560850606138,1.0830803314446853e-05,-0.00015533233503741805
2022-06-24,0.0047949849893572935,-0.0002531237775214652,8.847966024844441e-06,0.004533013245810984
2022-06-27,0.002023199993350193,0.0029071698177420805,1.1377022255308661e-05,0.004918992788836965
2022-06-28,0.0023030948265650867,0.002281059335880348,1.041039912317052e-05,0.004573743763322264
2022-06-29,-0.0015912336606838,-0.0005926010350006125,7.499302345526742e-06,-0.0021913339980299397
2022-06-30,-0.006253913266114842,-0.0011014062105687674,7.949487400038352e-06,-0.007363268964083647
2022-07-01,-0.004697587513950925,-2.1659136148911634e-05,6.11526681883239e-06,-0.0047253619169186694
2022-07-04,-0.00019358586728799026,0.0005560488475584751,6.8978770420437425e-06,0.00035556510322844106
2022-07-05,-0.02215565811316798,0.012009402950973937,8.463776397363582e-06,-0.010154718938591406
2022-07-06,-0.004750796660577591,0.011626530135590316,8.77662162251146e-06,0.006866956853390214
2022-07-07,0.008048422067413522,-0.00025404687964588485,2.0394734284365545e-05,0.0077739804534832715
2022-07-08,0.006354290972247432,0.001917180618344694,8.335517452343365e-06,0.008263136073139783
2022-07-11,-0.003316583757197668,0.007993438153985042,9.437977743251239e-06,0.004667416419044123
2022-07-12,-0.012660447491340217,0.003935351145317736,5.820922724390932e-06,-0.00873091726874687
2022-07-13,0.0017679905554400198,-0.003122968960458457,1.0604374503711519e-05,-0.0013655827795221486
2022-07-14,-0.0041530190968899075,0.0067956050079082545,1.006167300685819e-05,0.002632524238011489
2022-07-15,0.0025659802358225705,-0.005841667121353887,8.566028865293228e-06,-0.0032842529143966097
2022-07-18,0.0059288651094538515,-0.0004624947412897512,1.0294654364097633e-05,0.005456075713800003
2022-07-19,0.00012226509298941238,-0.001643388756522824,8.451653798263843e-06,-0.0015295753173316753
2022-07-20,-0.0034718820692841972,0.0013984342268336968,6.299235250725535e-06,-0.002079747077701226
2022-07-21,-0.0023967409416071825,-0.013714256705090598,9.76742471878919e-06,-0.01612076507141657
2022-07-22,0.0008663532156310805,-0.007814661844244323,1.2430374097740361e-05,-0.006960739002710982
2022-07-25,0.004475331268954601,0.0022392128424950303,1.4570902809683977e-05,0.006699973208639947
2022-07-26,0.003057662316310733,0.003904784304819953,8.678216269408934e-06,0.006953768404861276
2022-07-27,0.009034935142021427,-0.00753036365325338,8.743024290157897e-06,0.0014958284644778887
2022-07-28,0.0069077773037676555,-0.012017299908690906,1.103328774221142e-05,-0.005120555892665462
2022-07-29,0.003912165793370043,-0.004015134416572773,1.149209361447496e-05,-0.00011446071681720498
2022-08-01,-0.00601322267663564,-0.005892590421340722,9.60480357582246e-06,-0.011915417901552185
2022-08-02,-0.006383284618215107,0.021290924419302984,1.0234980592774529e-05,0.014897404820495102
2022-08-03,-0.0017997662737286617,-0.0026489226784371708,7.621373783323356e-06,-0.0044563103259491555
2022-08-04,0.0027146455051742435,-0.00636162258312155,2.374936664071176e-05,-0.0036707264445880183
2022-08-05,-0.0027903770213245135,0.014845333333695896,7.072420022589179e-06,0.012047883892348793
2022-08-08,0.0030074437941348883,-0.0052475034835446615,7.624093256678509e-06,-0.0022476837826664515
2022-08-09,0.002338045949404994,0.0017980557949761693,1.2061210134047067e-05,0.004124040534247116
2022-08-10,0.0044811763343877275,-0.00806521862873963,7.536562256427869e-06,-0.003591578856608331
2022-08-11,0.004690223622601715,0.005283511289132013,8.456354631474016e-06,0.009965278557102254
2022-08-12,0.0013881417019002119,0.0002900644642961459,7.184991623381357e-06,0.0016710211745729763
2022-08-15,-0.011318838628673769,0.0021843182778124807,9.368196637166813e-06,-0.009143888547498456
2022-08-16,-0.004902632862819281,0.003998580317529666,7.238167646750782e-06,-0.0009112907129363661
2022-08-17,-0.0010810741246943196,0.008465525255001334,1.059887578734481e-05,0.007373852254519669
2022-08-18,0.00336329249262902,0.005652744284111387,6.918298121021366e-06,0.009009118478619385
2022-08-19,-0.002370508907618507,0.008782573282995355,9.068049798549868e-06,0.006402996325578298
2022-08-22,0.0007994843701667534,0.00798594917774064,9.038230102523206e-06,0.00877639531780487
2022-08-23,0.009602945064874916,-0.0022517439937345973,6.17398567331743e-06,0.007345027085467002
2022-08-24,0.0018163382465342548,0.004470345272667776,7.17606103484749e-06,0.006279507458167183
2022-08-25,-0.003204395843696378,-0.00483710241816313,6.646478750955227e-06,-0.008048144740610462
2022-08-26,-0.001969339597176152,0.0038442088574575884,7.918248572326782e-06,0.0018669510117091098
2022-08-29,0.00299095728941807,0.004814916251912735,5.661807309873402e-06,0.007800211734020932
2022-08-30,-0.007892548078701456,0.00012375898477260647,8.609630543350152e-06,-0.0077773987244722
2022-08-31,-0.007657792373990124,0.002759731607698463,6.670502763908758e-06,-0.00490473126905557
2022-09-01,-0.008790291602801523,0.017605914117617097,1.278935462646316e-05,0.008802833160189111
2022-09-02,0.004473330260126726,-0.008660077346106868,8.345156690684198e-06,-0.004195092242670826
2022-09-05,0.0,-7.441362387570664e-05,1.3208882657994539e-05,-8.762250653370117e-05
2022-09-06,-0.0009965983657329613,0.02100115355637295,1.253204093270077e-05,0.019992023149707286
2022-09-07,-0.00459653941328408,-0.0070052411672349366,9.428883357612964e-06,-0.01161120946387663
2022-09-08,0.0008819791092813626,0.0035723906321715308,1.8161210110180988e-05,0.0044362085313427125
2022-09-09,0.010072136112494533,-0.006558605601406487,9.966234442840882e-06,0.003503564276645206
2022-09-12,0.010013456207697096,-0.0013786370623283552,1.0791997323740271e-05,0.008624027148045001
2022-09-13,-0.009005429429912077,0.01689523961331752,1.260918134267416e-05,0.00787720100206277
2022-09-14,-0.0012937259140635045,-0.002132178199087052,1.4639646177291755e-05,-0.0034405437593278483
2022-09-15,-0.00981737593612323,0.007314948438147088,2.0355911203474034e-05,-0.0025227834091796166
2022-09-16,0.0006806419728572524,-0.003396569495985589,1.604661043343545e-05,-0.002731974133561772
2022-09-19,0.0021664426560775605,0.0057028498364938415,1.4365745928064502e-05,0.007854926746643337
2022-09-20,0.0001344350817825888,0.006041101386377395,1.1695447592119342e-05,0.006163841020567864
2022-09-21,-0.004826473311535802,0.0014046954354003016,1.106827923362155e-05,-0.0034328461553691215
2022-09-22,-0.0004908484774395541,0.017843353391961046,1.2114619470555835e-05,0.017340390295050936
2022-09-23,-0.01596236558178272,0.010211405374967106,1.1381914022975215e-05,-0.0057623421208385876
2022-09-26,-0.011207070872122716,0.02699317882068878,2.4403831768569056e-05,0.015761704116797497
2022-09-27,0.0027145224225348275,0.00020264471817136093,2.5404156242013416e-05,0.002891762984464175
2022-09-28,0.010072330848445579,-0.025070854304815426,2.5725833014076767e-05,-0.015024249289383925
2022-09-29,-0.00043491843384857833,0.006199320511859024,9.009031083977399e-06,0.005755393046926469
2022-09-30,-0.003361379396631191,0.004468137611275302,4.010841259328117e-05,0.0010666498020508296
2022-10-03,0.00865207001641971,-0.015331360813047685,9.534812336277701e-06,-0.006688825608964252
2022-10-04,0.010046887018965726,-0.005475111383059129,1.4551871312808545e-05,0.0045572237645937885
2022-10-05,-0.00019853548517872435,0.010097273515567596,2.221875258284822e-05,0.009876519277806023
2022-10-06,-0.0036861332686494827,0.010861297220784355,1.4406433078841732e-05,0.007160757519056031
2022-10-07,0.00027461393975375685,0.006031748220310938,9.386087341572066e-06,0.006296976072723122
2022-10-10,-0.0005023219838458586,0.002315883364047983,8.153947752055994e-06,0.0018054074324500686
2022-10-11,-0.004062681146025496,0.0015146238324741084,1.096450461978135e-05,-0.0025590218181711687
2022-10-12,-0.0004418246272569107,-0.0012786619533943504,1.0021969084716207e-05,-0.0017305085497359772
2022-10-13,0.008018431741173188,0.00535439750614067,7.551298954212218e-06,0.013365277948359646
2022-10-14,-0.009518213183743076,0.010909150772254586,6.586554559215683e-06,0.0013843510339522948
2022-10-17,0.003381479662354696,-0.005151664833983941,1.17373766392644e-05,-0.0017819225482685096
2022-10-18,-0.00024557956047845163,0.00017928031257421063,7.59206382649775e-06,-7.389131173073874e-05
2022-10-19,-0.0018314430964795833,0.014778021705371394,6.882187405202677e-06,0.012939696421486608
2022-10-20,0.00180062979515847,0.0064480289932389735,8.590054079829452e-06,0.008240068734317613
2022-10-21,0.0033152706613209237,-0.011544327216131368,6.259292377389589e-06,-0.008235315847187834
2022-10-24,-0.0018645960660957912,0.004777285702347384,1.0556172177359134e-05,0.002902133464074234
2022-10-25,0.0060555695326889964,-0.0126176476138813,2.1469676369244958e-05,-0.006583547757561548
2022-10-26,0.003889808377277047,-0.01276841355659142,8.24030860882785e-06,-0.008886845487923201
2022-10-27,-0.003473320706161993,-0.005773042951624705,1.146028343396539e-05,-0.009257823941220662
2022-10-28,0.003394774050325814,0.012727072387401344,7.411752624986897e-06,0.016114434685102173
2022-10-31,0.0009206219257160539,0.003440783063691907,1.2048764546310139e-05,0.0043493562248616505
2022-11-01,0.006051606571838092,0.0003132956098474164,1.2246691304645846e-05,0.006352655490380862
2022-11-02,-0.0015075847065057907,0.005032186692828525,8.154601832362475e-06,0.0035164473844903716
2022-11-03,-0.009675103930204747,0.010378115400432009,8.02991635271431e-06,0.0006949815538745473
2022-11-04,0.010826039695576183,-0.009278072120147208,9.098257768517636e-06,0.0015388693176604568
2022-11-07,-0.0004036168510089265,0.003521104205352959,1.577785173902345e-05,0.0031017095026050095
2022-11-08,-0.0050094731492780105,-0.010519721770351705,1.282739150075502e-05,-0.015542022311130471
2022-11-09,-0.008240082179259606,7.369764207907899e-05,1.0610057992130316e-05,-0.008176994595172658
2022-11-10,0.0019277355305180736,-0.03592654921044422,1.5167654086901628e-05,-0.034013981334013045
2022-11-11,0.010364089302014368,-0.009343141025357615,1.0784840539968886e-05,0.001010163436116785
2022-11-14,-0.004370070952954896,0.003995717846575882,4.9545769030420495e-05,-0.00042389887540943464
2022-11-15,0.0077046530454311195,-0.006803888385319722,7.054049735243963e-06,0.0008937106103761531
2022-11-16,-0.005443806063182547,-0.0026496653481525574,5.953979027365939e-06,-0.00809942539036247
2022-11-17,-0.00521214650613201,0.008123616481887768,5.409719242441116e-06,0.002906060256513316
2022-11-18,-0.0002240924664226149,0.005624994274104537,6.847917869048856e-06,0.005394053889812874
2022-11-21,-3.0777336982279165e-05,0.006131415420175113,5.2430173948247185e-06,0.006095395065798009
2022-11-22,0.0007402028463002308,-0.006300879371775351,5.294965527961372e-06,-0.005565971491003081
2022-11-23,0.000720736901113344,-0.008895189374908704,4.756882634704365e-06,-0.008179209356430066
2022-11-24,0.0,0.0,5.991997050891094e-06,-5.991997050891094e-06
2022-11-25,-2.9817104521013226e-05,-0.0008511345465371154,4.415443669165554e-06,-0.0008853670947272942
2022-11-28,-0.0004217827217299279,0.0017540063886176153,7.2093080893429354e-06,0.0013250143587983446
2022-11-29,0.0032733545730558116,0.0018873796937428247,9.024265830076625e-06,0.00515171000096856
2022-11-30,0.004708402603753883,-0.016836400704008825,9.287862258669441e-06,-0.01213728596251361
2022-12-01,-0.005185302832386586,-0.015000503347450029,1.0152877343916315e-05,-0.02019595905718053
2022-12-02,-0.0003964298838071126,-0.0029831687734784298,1.752667652672271e-05,-0.0033971253338122647
2022-12-05,-0.0072894422479670195,0.014988992124087329,1.043258955897797e-05,0.007689117286561331
2022-12-06,-0.005359654527705846,-0.0018402626894337777,1.2960878296644196e-05,-0.007212878095436268
2022-12-07,0.001790949471245163,-0.010350102288984541,1.9497565932895066e-05,-0.008578650383672273
2022-12-08,-0.0014510519227306545,0.0038120334887342617,1.626052726893086e-05,0.002344721038734676
2022-12-09,-0.0008807999753934553,0.0038806194442416357,1.306806443461995e-05,0.0029867514044135605
2022-12-12,0.002129737877074404,0.00591056964595492,1.301472035184085e-05,0.008027292802677484
2022-12-13,0.00445470373658197,-0.017578298572721994,1.2697944236284445e-05,-0.013136292780376308
2022-12-14,0.0023776600564051915,-0.0021054747955408476,1.0955646088337806e-05,0.00026122961477600607
2022-12-15,-0.005404553005854766,0.009866347729697257,9.903194065776444e-06,0.004451891529776714
2022-12-16,-0.003404512970687217,-0.0021285222254846066,1.115608216087545e-05,-0.005544191278332699
2022-12-19,-0.002007889969766746,0.007184147143896365,1.3003514787302427e-05,0.0051632536593423164
2022-12-20,0.0028744835657830738,-0.009417960019071612,9.47458030431855e-06,-0.006552951033592856
2022-12-21,0.006108836893461717,-0.00017912743059891976,7.63237534803995e-06,0.005922077087514758
2022-12-22,-0.004474176190798297,0.005764321368114304,1.3515922476978876e-05,0.001276629254839028
2022-12-23,0.006688887879724206,0.0020575395001114884,9.86504953537109e-06,0.008736562330300323
2022-12-27,0.0035405141627874526,0.0058019938085319515,9.331316015457418e-06,0.009333176655303945
2022-12-28,0.004768211544719677,0.0054495875535329665,8.750762664918045e-06,0.010209048335587726
2022-12-29,0.0008684918346251335,-0.006422289515938971,6.757478383711437e-06,-0.005560555159697549
2022-12-30,0.003545437489120948,-0.0007997893826925137,1.0515843431999733e-05,0.002735132262996435
2023-01-03,-0.013105919897038604,-0.004374049480815373,1.0882007898484504e-05,-0.01749085138575246
2023-01-04,-0.013245191403232659,-0.001840788856034774,1.0273249798730923e-05,-0.015096253509066163
2023-01-05,-0.005164489935176697,0.007801211822396181,1.5125859329260888e-05,0.0026215960278902235
2023-01-06,0.006228449440556867,-0.02309362757813283,1.4015591201025395e-05,-0.016879193728776987
2023-01-09,0.002678369563740633,-0.006700334247839121,8.763157978264541e-06,-0.0040307278420767525
2023-01-10,-0.002527248599018315,0.0033860556423957805,3.5453770213748866e-05,0.0008233532731637164
2023-01-11,0.0043155704906341266,-0.00615562598426047,1.1058967125390516e-05,-0.0018511144607517337
2023-01-12,0.006388632542510948,-0.014978437029384738,9.821359011205716e-06,-0.008599625845884997
2023-01-13,0.002503699376910546,3.6065120551633184e-06,1.0626767094095853e-05,0.0024966791218716134
2023-01-16,0.0,0.0,1.1000538549803589e-05,-1.1000538549803589e-05
2023-01-17,0.00336792771268619,0.00200940937081516,8.269770705253972e-06,0.005369067312796096
2023-01-18,-0.006963467024865366,-0.00980266478946143,5.632647067021533e-06,-0.016771764461393817
2023-01-19,-0.0004986373221459489,5.996529044305764e-05,1.0841757942992806e-05,-0.00044951378964588407
2023-01-20,0.00031935300910327703,0.005738022184602657,1.7570083297190386e-05,0.006039805110408743
2023-01-23,-0.006278915954362188,0.006085119294182626,7.839897392610265e-06,-0.00020163655757217188
2023-01-24,-3.114914772633202e-05,-0.004809364394610245,6.706321582173741e-06,-0.004847219863918751
2023-01-25,0.0016509329423700335,-0.0033468646166593123,7.223714239664984e-06,-0.0017031553885289439
2023-01-26,0.0043508433732639545,0.006118285795180756,8.712025806349869e-06,0.01046041714263836
2023-01-27,-0.004430311353534907,0.002531919250574121,9.680416754568039e-06,-0.0019080725197153543
2023-01-30,-0.0007656088242532235,0.006893449619327791,9.069736794990261e-06,0.006118771058279578
2023-01-31,0.0028966765966531227,-0.005370668566834009,9.975783714868391e-06,-0.0024839677538957545
2023-02-01,-0.0003050852191605639,-0.01199332340763186,8.172946200879974e-06,-0.012306581572993304
2023-02-02,-0.0021022425033858424,0.004219341596639378,8.443775933241166e-06,0.0021086553173202947
2023-02-03,-0.010282127770955276,0.024316993188760995,1.1501145244059757e-05,0.014023364272561659
2023-02-06,0.0002245337030293,0.01681629800747445,1.6053321004707957e-05,0.01702477838949904
2023-02-07,0.00512264757833269,-0.0028720739583279354,3.928078310908457e-05,0.00221129283689567
2023-02-08,0.0029794251555316145,-0.0016664470006185535,1.942602787181779e-05,0.001293552127041243
2023-02-09,-0.004104472745793802,0.0047670293371147865,8.847204137108088e-06,0.0006537093871838761
2023-02-10,0.007715543737977542,0.0064547096544503475,9.781855709045587e-06,0.014160471536718844
2023-02-13,0.004421652940244568,-0.000988894137856101,7.527387655623501e-06,0.003425231414732843
2023-02-14,0.00035184092486336175,0.005650906349871785,1.0025956162081465e-05,0.005992721318573066
2023-02-15,-0.0068386914245054595,0.009966756803202666,8.56650236604372e-06,0.003119498876331163
2023-02-16,-0.0018615103604010838,-0.0004556673165625914,1.0175108476907395e-05,-0.0023273527854405828
2023-02-17,-0.0015674338421003394,-0.002972859415981251,9.165708406511082e-06,-0.0045494589664881015
2023-02-20,-1.6333940190715687e-06,7.644529303370939e-06,1.1702793298950147e-05,-5.691658014650777e-06
2023-02-21,0.0002329359583403554,0.010785561059967202,1.0349205421612099e-05,0.011008147812885945
2023-02-22,-0.007876614356615002,0.0013544974379431523,6.256129637912089e-06,-0.006528373048309762
2023-02-23,-0.0008040069557663099,0.0024380182337898474,1.1444083928370205e-05,0.0016225671940951676
2023-02-24,-0.0102759921740356,0.01830877053959255,1.3221811065678267e-05,0.008019556554491271
2023-02-27,0.0002016898313195023,-0.006160204157913886,1.3874757538578992e-05,-0.005972389084132963
2023-02-28,-0.006233925917358989,-0.0005904879996440687,1.4537424391594053e-05,-0.0068389513413946515
2023-03-01,0.003906401058529718,0.0024159071940500227,1.0887861774661002e-05,0.006311420390805079
2023-03-02,0.0011437074012957578,0.010273839223500683,1.770295099058472e-05,0.011399843673805856
2023-03-03,0.008070290052075444,-0.009752799663374362,1.0415897223558471e-05,-0.0016929255085224766
2023-03-06,-0.00013615192654256705,0.0008885518484028081,1.1375595967297043e-05,0.000741024325892944
2023-03-07,-0.012566517428719694,0.012287512756527116,9.554710542668569e-06,-0.00028855938273524733
2023-03-08,-0.005143749795305133,0.0016390348397980219,1.4007816223008615e-05,-0.0035187227717301196
2023-03-09,-0.007031626018978131,-0.0160269730972623,1.804297108521074e-05,-0.02307664208732564
2023-03-10,0.0061203151953081215,-0.025985077691806628,1.0911868588507757e-05,-0.019875674365087016
2023-03-13,-0.0028617082813112075,-0.028616667399525793,3.322110291617328e-05,-0.031511596783753176
2023-03-14,-0.003092648252945459,0.01397037584493974,3.7070714773402334e-05,0.010840656877220878
2023-03-15,-0.01100560729411464,-0.013267067452786907,4.137239182638132e-05,-0.02431404713872793
2023-03-16,0.002240318739437084,0.010044989840992932,1.1235792055609681e-05,0.012274072788374406
2023-03-17,-0.00113377421283672,-0.016492804557386637,1.964832179634911e-05,-0.01764622709201971
2023-03-20,0.001185891381491134,0.0009710046220592001,1.0974269093863215e-05,0.0021459217344564708
2023-03-21,-0.004305537688340999,0.00799139509788865,1.1323455328847416e-05,0.0036745339542188045
2023-03-22,-0.006462617353721818,-0.01301879812503933,8.78260013219605e-06,-0.019490198078893343
2023-03-23,-0.005415194678366342,-0.006562884042562633,8.510262036374222e-06,-0.011986588982965351
2023-03-24,0.007654056356690838,-0.0010066709637331442,1.3335514055493495e-05,0.0066340498789022005
2023-03-27,0.014841728131765375,0.010484828357605206,1.0015319049406936e-05,0.025316541170321172
2023-03-28,0.00630603843135342,0.001893762247968722,1.4521418525119653e-05,0.008185279260797023
2023-03-29,-0.0011841040753172165,0.004907598158671287,1.092863216768682e-05,0.0037125654511863835
2023-03-30,0.002144466752005008,-0.0017203301187353926,7.0897287020694866e-06,0.00041704690456754594
2023-03-31,0.004084010242281682,-0.0038765332046492088,1.106154494270515e-05,0.0001964154926897677
2023-04-03,0.008988843058873097,-0.0038082973546508902,8.315133197173625e-06,0.005172230571025033
2023-04-04,-0.002935861042472179,-0.006047299828796267,6.961190201094478e-06,-0.008990122061469541
2023-04-05,-0.0031358356747641114,-0.0025493351822592145,7.543362329190592e-06,-0.005692714219352516
2023-04-06,-0.003239387559139219,0.0017456294405347953,7.271300733740365e-06,-0.001501029419338164
2023-04-10,0.0005966035274129844,0.013807885111877794,1.01027320577892e-05,0.01439438590723299
2023-04-11,0.0011977679303128454,-0.0003861493992806192,8.483546821347698e-06,0.0008031349842108784
2023-04-12,1.2887400963234132e-05,-0.0047939848514513906,1.0787701164820724e-05,-0.004791885151652977
2023-04-13,0.0009286380401166177,-0.0029107788270781925,8.800594266621268e-06,-0.001990941381228196
2023-04-14,-0.0007140475492738382,0.010062247730382355,8.173296918782077e-06,0.009340026884189735
2023-04-17,0.0038128093813167693,0.008382594736207945,8.172844816522446e-06,0.012187231272708193
2023-04-18,0.004720358341515778,-0.0024379410056390768,7.989014759478336e-06,0.0022744283211172233
2023-04-19,-0.009309164604178624,0.004299915390384844,6.429114792180925e-06,-0.0050156783285859605
2023-04-20,-0.007912430243847555,-0.0036137525340643557,7.739550844098249e-06,-0.011533922328756009
2023-04-21,-0.0063393177598563165,0.003532599605344736,9.503573242897195e-06,-0.0028162217277544776
2023-04-24,-0.0008527753352538274,-0.0046085515182909455,6.7554468594051464e-06,-0.005468082300404178
2023-04-25,-0.008090362090088453,-0.0033628922070416366,9.83688077515268e-06,-0.011463091177905243
2023-04-26,-0.004444925498014021,0.0035786906912810383,7.514623092699579e-06,-0.0008737494298256825
2023-04-27,-0.006247596094633918,0.0029195356341212672,7.209662133021502e-06,-0.0033352701226456723
2023-04-28,0.0050415000672093865,0.0009926436911071044,8.832657464449578e-06,0.006025311100852041
2023-05-01,-0.0021795543323948462,0.011876291960783252,8.887373460262084e-06,0.009687850254928144
2023-05-02,-0.011218597298976587,-0.009668056056037568,1.3829159076699815e-05,-0.020900482514090855
2023-05-03,0.005424686942325877,-0.011690248528882261,8.987404857573736e-06,-0.006274548991413958
2023-05-04,-0.0012649887436607938,-0.00016208962193167893,1.1513124525482068e-05,-0.0014385914901179548
2023-05-05,0.010727849746847349,0.003887509321273794,1.6512088045823833e-05,0.014598846980075318
2023-05-08,-0.0024019588885172954,0.004317161689312329,1.5021675890307515e-05,0.0019001811249047265
2023-05-09,-0.00857951983304589,0.002179966911748446,9.799655018141398e-06,-0.006409352576315586
2023-05-10,8.781955158592846e-05,-0.008595210317961531,1.0130908117407027e-05,-0.008517521674493008
2023-05-11,-0.007910276690068798,0.000814127466884762,2.3635569587640745e-05,-0.007119784792771677
2023-05-12,-0.011446416884558702,0.009881879575799918,1.6533328753207355e-05,-0.001581070637511991
2023-05-15,0.008179143008642953,0.0018519967345518983,1.854203787658028e-05,0.01001259770531827
2023-05-16,-0.011598544351513765,0.006119855547917868,1.4145337716202975e-05,-0.0054928341413121
2023-05-17,-0.00262204953685863,0.007076328789628933,1.3367694181107297e-05,0.004440911558589196
2023-05-18,-0.002311183894483692,0.00986257499003195,1.2758506671792218e-05,0.007538632588876466
2023-05-19,-0.0019519065363502478,0.0006136204628707147,1.110282312292481e-05,-0.001349388896602458
2023-05-22,0.006998793827304887,0.005391569692447682,7.566613985351424e-06,0.012382796905767218
2023-05-23,0.00043178691252834057,-0.0003787310593163712,1.1831485044377986e-05,4.1224368167591395e-05
2023-05-24,-0.0014341164928754326,0.01012007620543405,1.7223581098691783e-05,0.008668736131459926
2023-05-25,-0.006512417353793978,0.012161863431014545,9.496314604116235e-06,0.005639949762616451
2023-05-26,0.012574652835620205,0.0006135746616017844,5.0819206254737745e-06,0.013183145576596516
2023-05-29,-9.601917948422173e-05,-0.0005827067830595911,1.027499097717545e-05,-0.0006890009535209883
2023-05-30,-0.010198297809763994,-0.011725578934126239,1.3942119666812602e-05,-0.021937818863557047
2023-05-31,-0.0043738461598203295,-0.005676310166671849,5.7519212091844254e-06,-0.010055908247701362
2023-06-01,0.012339875162798632,-0.008070994966304885,1.2933431362847722e-05,0.0042559467651309
2023-06-02,0.003582025415758991,0.01686952574115283,7.788576793514752e-06,0.02044376258011831
2023-06-05,-0.00090871312423965,-0.0036163217001400896,9.4923140313812e-06,-0.004534527138411121
2023-06-06,0.0004463557363247674,-0.0003110754035902567,1.1959505183359104e-05,0.00012332082755115158
2023-06-07,-0.0020522324501675605,0.014102258835888993,8.826797593043947e-06,0.012041199588128389
2023-06-08,0.006218789549907811,-0.010851170974125784,8.767268738355778e-06,-0.004641148692956329
2023-06-09,0.0010485391271500787,0.0061794294211213515,1.246953737843237e-05,0.007215499010892998
2023-06-12,-0.0009524194680772691,-0.001163620343758428,1.3845903227526501e-05,-0.0021298857150632232
2023-06-13,0.011566972102839301,0.010657724451889759,4.564607401771286e-06,0.02222013194732729
2023-06-14,0.0019899540839142483,0.00014094072777223312,8.20340547113981e-06,0.0021226914062153416
2023-06-15,0.016311777651406803,-0.007271624020892625,8.084179741719971e-06,0.009032069450772458
2023-06-16,0.008596597028503586,0.008841031558903353,8.176825689350488e-06,0.01742945176171759
2023-06-19,-0.0009243728397131625,0.00043529308014905504,1.7200711412278562e-05,-0.000506280470976386
2023-06-20,-0.0020157192898362392,-0.0038589871278414626,1.7565800831099106e-05,-0.005892272218508801
2023-06-21,0.007010298721751502,-0.00015889503614054242,8.678112223770479e-06,0.0068427255733871884
2023-06-22,-0.005869833843067531,0.011608593893419148,8.215263416578377e-06,0.005730544786935039
2023-06-23,-0.008530244595695975,-0.0002575484267382665,8.84580245700288e-06,-0.008796638824891243
2023-06-26,-0.0006080475455922463,-0.0015459717995769582,1.1428106186630076e-05,-0.0021654474513558347
2023-06-27,-0.0015860788833891156,0.009714859473144499,1.0235177096230072e-05,0.008118545412659151
2023-06-28,-0.00677900601923109,-0.0006352681527924313,6.674499647288232e-06,-0.007420948671670809
2023-06-29,-0.0022167053361012348,0.014868579685234789,6.79082719968572e-06,0.012645083521933869
2023-06-30,0.006968591552255358,-2.9631829986167103e-05,1.055614237713136e-05,0.00692840357989206
2023-07-03,0.00128408997635183,0.0026641713317711894,1.5014662207391487e-05,0.003933246645915629
2023-07-04,0.0008860589549951532,-0.0003439328057859948,1.4467122417377408e-05,0.0005276590267917809
2023-07-05,-0.0012908118305120753,0.005252373466140473,6.56588804059617e-06,0.003954995747587802
2023-07-06,0.0009556776321829462,0.0067661700973280095,6.637458397477515e-06,0.007715210271113478
2023-07-07,0.005378040460792655,-0.002884343220455073,6.831619438000777e-06,0.002486865620899581
2023-07-10,0.0015055389593178771,-0.010168424234519132,8.680660740006116e-06,-0.008671565935941261
2023-07-11,0.004215922089834543,-0.0025520678402297815,1.712829188703529e-05,0.0016467259577177262
2023-07-12,0.005498018722319082,-0.014454340131381641,1.4871083313310542e-05,-0.00897119249237587
2023-07-13,0.012345249929585215,-0.012312268490178727,8.791796464686214e-06,2.4189642941802047e-05
2023-07-14,-0.0026637665262126404,0.00973632615889192,1.5163180791031241e-05,0.007057396451888249
2023-07-17,-0.004088953134176267,-0.002021098226293821,9.471481748282126e-06,-0.00611952284221837
2023-07-18,0.0040983058782653094,-0.002276517369939538,1.1091782029058958e-05,0.0018106967262967128
2023-07-19,-0.0014054146112236637,-0.0020481692072509133,5.881481843045273e-06,-0.003459465300317622
2023-07-20,-0.004776402220502016,0.00984742122556171,9.109831970923742e-06,0.005061909173088771
2023-07-21,-0.0009391643466952332,0.003207581693286104,1.1263736350963508e-05,0.0022571536102399072
2023-07-24,0.0053722577430252005,0.002041452742951202,1.2042648171096717e-05,0.007401667837805305
2023-07-25,0.004775449781657691,-0.0002428725522968275,9.184134382888767e-06,0.004523393094977974
2023-07-26,-0.001000749154365608,-0.002070006640581994,6.1353945171513284e-06,-0.003076891189464753
2023-07-27,-0.006115736205058066,0.011594998437566801,7.2108778953511365e-06,0.005472051354613384
2023-07-28,0.005166185292801825,-0.002291982676971329,4.611757350792059e-06,0.0028695908584797035
2023-07-31,0.0010982118105200282,0.0054934593147970105,1.652227175794466e-05,0.0065751488535590935
2023-08-01,-0.00455823557062632,0.005874865551060064,7.855308336893017e-06,0.0013087746720968504
2023-08-02,-0.010103237177049598,0.002988294596758638,9.347607710137084e-06,-0.0071242901880010975
2023-08-03,0.0035636326457921777,0.0025570471792580028,8.43148118159148e-06,0.006112248343868589
2023-08-04,0.0016622522514023528,-0.01176362089665983,1.0449392788518876e-05,-0.010111818038045997
2023-08-07,0.0016527852174298735,0.0036605440957852907,5.717277202518921e-06,0.005307612036012645
2023-08-08,-0.0035047709771318116,-0.0012155519384999727,1.357199125743313e-05,-0.004733894906889218
2023-08-09,-0.00022186677275026626,0.004069193431390309,4.447735761440531e-06,0.0038428789228786026
2023-08-10,-0.0034513454717413268,0.005688669502428869,4.579539905441817e-06,0.0022327444907821003
2023-08-11,-0.001626475144264484,0.006113657190902403,4.38018976044058e-06,0.004482801856877478
2023-08-14,-0.0009468727500999923,0.005463037618796809,6.691073537384736e-06,0.004509473795159432
2023-08-15,-0.005066871848307539,0.0027269719414607712,3.980299514830861e-06,-0.002343880206361599
2023-08-16,-0.0034004660481251232,0.002066832649569375,5.847127703123012e-06,-0.0013394805262588712
2023-08-17,0.0006165084759282746,-0.0012619175756880022,4.437352011620768e-06,-0.0006498464517713483
2023-08-18,0.0021894120050339402,-0.003120336899047881,4.751894606705496e-06,-0.0009356767886206461
2023-08-21,0.0008112512015531212,0.006577572310555715,5.7870595185537875e-06,0.007383036452590283
2023-08-22,-0.002091530244870395,0.0021047820815560947,4.143359323271007e-06,9.108477362428596e-06
2023-08-23,0.0023594141347789924,-0.011531253748402675,3.5131786942962562e-06,-0.009175352792317978
2023-08-24,-0.00797803132027888,0.004916792011339769,2.91974910286894e-06,-0.0030641590580419795
2023-08-25,0.0015543718173066932,0.0037556386733204284,1.3904465088720435e-05,0.005296106025538401
2023-08-28,0.0020549630604645664,-0.0028977578450379545,1.4749231350278497e-05,-0.0008575440159236665
2023-08-29,0.006192372626128279,-0.00888550934724854,4.747056869365295e-06,-0.0026978837779896266
2023-08-30,0.0036203733205669316,-0.0007754469909840525,3.929389771321095e-06,0.0028409969398115577
2023-08-31,-9.695553224903464e-05,-7.43998384240452e-05,1.3939697792741764e-05,-0.0001852950684658216
2023-09-01,0.0003704968347876086,0.004201451728170826,9.244707673439134e-06,0.004562703855284995
2023-09-04,0.0011367922537487535,0.0002533063236198493,1.024531055251365e-05,0.001379853266816089
2023-09-05,-0.0018252762248653534,0.00810032539802992,8.327032545539004e-06,0.0062667221406190275
2023-09-06,-0.0019236782894076268,0.004270535784830838,6.738730800969677e-06,0.0023401187646222414
2023-09-07,-0.003700062385007254,-0.003245622233619434,1.4854470144136611e-05,-0.006960539088770824
2023-09-08,-0.00018411134146631783,0.003258397447181757,6.507939490002645e-06,0.003067778166225437
2023-09-11,0.005443669540033188,-0.0009698860547858392,1.887845204801311e-05,0.004454905033199337
2023-09-12,2.4043590810379474e-05,0.0037861167729057272,1.1636676801426258e-05,0.0037985236869146803
2023-09-13,0.00037951877030007933,-0.003644414356329939,1.9887809226925643e-05,-0.003284783395256785
2023-09-14,0.0013847966118874834,0.0027677432255986934,1.7895209954849497e-05,0.004134644627531327
2023-09-15,-0.003025141039856218,0.004068252569447506,1.856498557646129e-05,0.0010245465440148268
2023-09-18,0.0004885356297022145,0.002160177907323501,2.4442642069505627e-05,0.00262427089495621
2023-09-19,-0.001418664368048361,0.00517384948439111,1.9707873413654016e-05,0.003735477242929095
2023-09-20,-0.005557816102717881,0.005861265074082046,1.3829571534537568e-05,0.0002896193998296273
2023-09-21,-0.00401819056638525,0.00457183908634274,7.73812167759042e-06,0.0005459103982798993
2023-09-22,-0.0003796420892856451,-0.003471209386618433,1.2970274808856504e-05,-0.0038638217507129344
2023-09-25,-0.0024532402342573537,0.002116183710937242,9.693724130949145e-06,-0.00034675024745106083
2023-09-26,-0.003334922633275549,0.0003201106606738447,1.2284198754805889e-05,-0.00302709617135651
2023-09-27,-0.0009935769345148942,0.007104048203322628,7.274319718675454e-06,0.006103196949089058
2023-09-28,0.0030905265360740685,-0.0056920951481964355,7.908843602147623e-06,-0.002609477455724515
2023-09-29,-0.002015646664774603,0.002818203854456385,1.0956737082809642e-05,0.0007916004525989726
2023-10-02,-0.006015856302852228,0.005327809839701114,1.7226949713461066e-05,-0.0007052734128645743
2023-10-03,-0.0034220429047063386,0.006608828930262397,7.524650470513508e-06,0.003179261375085545
2023-10-04,-0.007238824881952035,-0.005212173169083623,1.5684662474218394e-05,-0.012466682713509876
2023-10-05,-0.0016295188145895147,-0.006341375517025433,1.3383690200471807e-05,-0.007984278021815418
2023-10-06,0.00375262182730207,0.006701777141415814,2.1595392683089705e-05,0.010432803576034794
2023-10-09,0.007860126754898642,-0.01363708517892267,8.536648448863816e-06,-0.005785495072472892
2023-10-10,0.0017370838213918828,0.0035271484147334107,1.0105687971918806e-05,0.005254126548153375
2023-10-11,0.002773052277089715,0.0008571619350915957,3.8986493124178206e-05,0.0035912277190571326
2023-10-12,-0.005835363180749568,0.006187245216664835,9.043620676676103e-06,0.00034283841523859073
2023-10-13,0.004654136502855436,-0.0012494541659288528,9.67666941020609e-06,0.003395005667516377
2023-10-16,0.0025536352235362375,0.0030314503172900816,2.09927120938809e-05,0.005564092828732438
2023-10-17,-0.0006729496130993025,0.008978666561115565,1.4997363060037441e-05,0.008290719584956224
2023-10-18,-0.002733492708885061,0.0027764049101875856,1.116164521476264e-05,3.175055608776191e-05
2023-10-19,-6.0332649940128156e-05,-0.002495399517854248,2.1500103902936243e-05,-0.0025772322716973127
2023-10-20,-0.004171547759855235,-0.003988560644454532,6.457625108445234e-06,-0.008166566029418213
2023-10-23,0.002728790496321582,-0.0029737342420586644,1.1378164148376717e-05,-0.00025632190988545913
2023-10-24,-0.003239144850390589,0.003357044376575089,1.7668668657860364e-05,0.00010023085752663955
2023-10-25,-0.004777380884235537,0.007389643706334133,9.937081042393784e-06,0.0026023257410562025
2023-10-26,-0.0037863941495682356,-0.005540764525156642,1.4874744010023566e-05,-0.009342033418734902
2023-10-27,0.0027597555042834596,-0.006563823428048,1.1456990500018992e-05,-0.003815524914264559
2023-10-30,0.00040029228251204426,0.0030345852427805372,1.4681127117552958e-05,0.0034201963981750285
2023-10-31,-0.000912885151532668,0.010226380223203723,1.2063001142691047e-05,0.009301432070528363
2023-11-01,0.0032021541078235006,-0.012995646548520168,1.2295760311559154e-05,-0.009805788201008227
2023-11-02,0.007829128652790958,-0.0033736890330462632,2.923679175955909e-05,0.004426202827985136
2023-11-03,0.005643730740754237,-0.014337893376050483,2.8591664723366026e-05,-0.008722754300019613
2023-11-06,0.0010859953544102444,0.006062648013822453,1.5706242471808506e-05,0.007132937125760889
2023-11-07,-0.008027473640944648,0.0010790275606134866,2.1729812197492246e-05,-0.006970175892528654
2023-11-08,-0.003065980659283443,-0.0007359839994404124,1.2500407279208965e-05,-0.0038144650660030645
2023-11-09,-0.0035339441508773755,0.009310195590743139,1.538155912548611e-05,0.005760869880740277
2023-11-10,0.004483628806044177,0.0061562918447265365,1.098795121611757e-05,0.010628932699554595
2023-11-13,0.005872253829070833,-0.005395029629733333,1.1963044344052641e-05,0.000465261154993447
2023-11-14,0.008722502185653186,-0.015984930208561482,9.467686860973916e-06,-0.007271895709769271
2023-11-15,-0.003761928709346876,0.007818448940842836,2.2081715647536742e-05,0.0040344385158484234
2023-11-16,-0.004759211267580189,-0.0025881425796327262,3.160958444930595e-05,-0.007378963431662221
2023-11-17,0.0065252801444965185,0.0015126447065116815,1.3848867177774738e-05,0.008024075983830425
2023-11-20,0.007184061766880151,-0.00250467423359284,1.1768988274913487e-05,0.0046676185450123964
2023-11-21,0.00030633871274641307,-0.006505884954693645,1.0001754608936811e-05,-0.006209547996556169
2023-11-22,-0.002836685452370265,0.004866677462862111,8.81701165171381e-06,0.0020211749988401323
2023-11-23,0.0004384791436444874,-0.0002856418370616125,7.612990748517861e-06,0.00014522431583435702
2023-11-24,-0.0013115501639713889,0.005735186288810546,9.073704937743947e-06,0.004414562419901414
2023-11-27,-0.0013246959090721885,-0.0016294762623863422,8.964985896766651e-06,-0.0029631371573552974
2023-11-28,0.0047154954096848434,-0.016496323744982395,1.2310613374064855e-05,-0.011793138948671617
2023-11-29,0.001969819719871105,-0.006476853575824429,1.2094430018958602e-05,-0.004519128285972283
2023-11-30,-0.004415459293170664,0.003523308814129841,1.1678978002563368e-05,-0.0009038294570433864
2023-12-01,0.004199800767922253,-0.012550405891075785,1.0018588015585846e-05,-0.00836062371116912
2023-12-04,-0.006065856048131115,0.00981293076338846,1.1050512043754606e-05,0.0037360242032135897
2023-12-05,-0.0028731496759285234,-0.003284151824829894,1.2578435465400837e-05,-0.006169879936223819
2023-12-06,-0.008416330143806775,0.0032540897516240555,1.3129354135421499e-05,-0.005175369746318141
2023-12-07,0.008077855768612564,-0.006707704923812346,8.591862194632763e-06,0.0013615589826055853
2023-12-08,0.003719773241354936,0.011431320365190116,8.965417863542184e-06,0.01514212818868151
2023-12-11,0.0008944209655198641,0.004836326355935661,2.0871659266921098e-05,0.005709875662188604
2023-12-12,-0.0010502683304527605,-0.0031563526577615495,1.382023855346936e-05,-0.004220441226767779
2023-12-13,0.009217904873302454,-0.01946061565055102,1.5182742763667176e-05,-0.010257893520012233
2023-12-14,0.006354299885523999,-0.008083039257189895,2.3729534725221393e-05,-0.0017524689063911174
2023-12-15,0.001139119282154219,0.003066836938152376,4.543296283246822e-05,0.004160523257474126
2023-12-18,0.0009758697118935724,0.0013619968134128023,2.097554018287834e-05,0.0023168909851234965
2023-12-19,0.005405570921758827,0.0008939080501644127,1.5002430642664232e-05,0.0062844765412805766
2023-12-20,-0.008850089996008845,-0.0027976219510365023,1.2442783835956818e-05,-0.011660154730881304
2023-12-21,0.005805397506630752,4.725657882804037e-05,1.3244454072422167e-05,0.00583940963138637
2023-12-22,-0.002158456888940892,-0.0025175654995165594,1.376087700130587e-05,-0.004689783265458757
2023-12-26,0.007969642410490856,-0.003567544861715941,1.0397292961874488e-05,0.00439170025581304
2023-12-27,0.0003627564073480652,-0.004765438581096293,2.1850876311920756e-05,-0.004424533050060148
2023-12-28,-0.006060859461056318,0.004028213431161731,1.8353942413122423e-05,-0.002050999972307709
2023-12-29,-0.004934152185942762,0.0017596509106176262,1.4980371453891065e-05,-0.0031894816467790267
2024-01-02,-0.0080786055789741,0.010747495410628092,1.0410174103483052e-05,0.002658479657550508
2024-01-03,-8.531896646698291e-05,0.002613606943007157,1.0716287901616208e-05,0.0025175716886385578
2024-01-04,-0.004576235207137535,0.005379457370480083,1.2773685134293786e-05,0.0007904484782082542
2024-01-05,9.013188175116137e-05,0.0021922527385558983,1.2204234030935961e-05,0.0022701803862761236
2024-01-08,0.0017845967745364355,0.00425075958228157,8.272966817380342e-06,0.006027083390000625
2024-01-09,-0.0001318517257021865,-0.003865694336501989,7.866200906970455e-06,-0.004005412263111146
2024-01-10,0.002382935823957567,0.0016553128124990042,1.381858504705337e-05,0.004024430051409518
2024-01-11,0.0020926402807789676,-0.0065788547989873505,7.530610275181246e-06,-0.0044937451284835644
2024-01-12,-0.0025427220590119037,-0.003933633298324012,6.1812627040464545e-06,-0.006482536620039962
2024-01-15,-0.0001433540851841302,0.00041535526389145823,1.1150382872558212e-05,0.0002608507958347698
2024-01-16,-0.002457708399474526,0.012865021834313043,1.0135353274237738e-05,0.01039717808156428
2024-01-17,-0.004031611425460857,0.012963069884824725,5.876096698000585e-06,0.008925582362665867
2024-01-18,0.006259649128157234,-0.0013711176808772587,8.364016478103133e-06,0.004880167430801872
2024-01-19,0.006108010750371205,0.0002298968046549883,2.1857693003318357e-05,0.006316049862022876
2024-01-22,0.001933127648661289,-0.000888148248807276,1.8386858029484824e-05,0.001026592541824528
2024-01-23,0.004005783047706102,-0.0015774244098952705,1.5647793829905576e-05,0.0024127108439809257
2024-01-24,0.004329615803338478,0.0031500319003034813,1.0981990567460101e-05,0.0074686657130745
2024-01-25,0.0006482680330144215,-0.005259566363643019,1.0010632223257e-05,-0.004621308962851854
2024-01-26,-0.001509453065181251,0.005963075586039742,8.404479875460559e-06,0.00444521804098303
2024-01-29,0.0016726457565647565,-0.003947285051248019,1.1761046133644656e-05,-0.002286400340816907
2024-01-30,0.0015918936513930407,-0.0031564808511313678,8.216604293671147e-06,-0.0015728038040319983
2024-01-31,-0.0073277107689524,-0.009651179109377935,5.824261875960085e-06,-0.016984714140206296
2024-02-01,0.0017107651437281292,-0.0021397182968375824,1.1396527468074824e-05,-0.000440349680577528
2024-02-02,-0.003981061706355843,0.017847213177162466,1.459083115069071e-05,0.013851560639655933
2024-02-05,-0.0007853429522832389,0.012604763314049115,1.1925149982905671e-05,0.011807495211782969
2024-02-06,0.0012226072554870383,-0.007265322539362526,2.4159446374639942e-05,-0.006066874730250128
2024-02-07,0.0021767654130822357,0.0022731304421647097,1.192499545609915e-05,0.004437970859790846
2024-02-08,0.0011908869942636592,0.004500259620327832,6.661178091083785e-06,0.005684485436500408
2024-02-09,0.001583360303750422,0.003806872858733566,4.6323290496120714e-06,0.005385600833434375
2024-02-12,0.0004341251115995682,0.0007933806219434399,7.1158043040079715e-06,0.001220389929239
2024-02-13,-0.0051703297955932315,0.018477907157660664,5.953144899954153e-06,0.013301624217167478
2024-02-14,-0.00026145969253135655,-0.003236707018021407,5.743715538826335e-06,-0.00350391042609159
2024-02-15,0.002908821410601409,-0.0009574098628281939,2.281934186004585e-05,0.0019285922059131694
2024-02-16,-0.00043641416683994365,0.0031345820193806645,9.898319322062005e-06,0.0026882695332186585
2024-02-19,-1.0484419455384563e-05,1.6218062226195208e-05,7.605810846750092e-06,-1.8721680759394476e-06
2024-02-20,-0.001209986095920477,-0.005698114468626442,7.445678392260479e-06,-0.00691554624293918
2024-02-21,0.0017682026837639966,0.004738011169180737,5.822127987722411e-06,0.006500391724957011
2024-02-22,0.005834022621099815,0.0031052324785702844,6.551057097588702e-06,0.00893270404257251
2024-02-23,-0.004153923179100945,-0.002985975574380274,5.143179164423723e-06,-0.0071450419326456426
2024-02-26,0.0006127404675227244,0.002398133566950511,7.789903240709467e-06,0.0030030841312325258
2024-02-27,0.0030574607732441906,-0.0001496611535335364,7.235148044912002e-06,0.0029005644716657425
2024-02-28,-0.002940969711549327,-0.0037178948425532453,7.785337730266026e-06,-0.006666649891832839
2024-02-29,0.0024682771775566565,-0.002153483023887776,5.659167712479424e-06,0.0003091349859564009
2024-03-01,0.004364612830957694,-0.011093024369802413,5.38259675656916e-06,-0.006733794135601288
2024-03-04,0.0001507164999220633,-0.00226833594041011,7.06537217736304e-06,-0.0021246848126654097
2024-03-05,-0.006326984878872238,-0.004655002429871673,1.4919146499629279e-05,-0.01099690645524354
2024-03-06,0.00376654638288737,-0.0036087938911874033,8.114541166310288e-06,0.00014963795053365663
2024-03-07,0.006993751635169932,-0.00801000471403135,9.125889030216455e-06,-0.0010253789678916355
2024-03-08,-0.00460524412335093,-0.008232893515058858,7.721910400986655e-06,-0.012845859548810774
2024-03-11,0.0030209463192390974,0.002776660750786734,1.0313650458784558e-05,0.005787293419567047
2024-03-12,0.002779012910269051,0.006479220879219544,1.1679136713809945e-05,0.009246554652774786
2024-03-13,0.005220114896322603,0.0019177478549541778,8.957494288408512e-06,0.007128905256988372
2024-03-14,-0.0007545302813005211,0.009151581708943063,9.720428247274468e-06,0.008387330999395268
2024-03-15,-7.59931092762391e-05,0.003430581516942339,1.0385039530920414e-05,0.0033442033681351795
2024-03-18,0.0052083992064547524,0.0008567047556907225,8.871963735831456e-06,0.006056231998409644
2024-03-19,0.001044020771448911,-0.0025913354984954153,5.681452938119893e-06,-0.0015529961799846243
2024-03-20,0.0033288016047901725,-0.010469562671861433,4.598425441001837e-06,-0.007145359492512262
2024-03-21,-0.000482142934203922,0.004036164563664047,7.416484379421272e-06,0.0035466051450807035
2024-03-22,-0.0023826457955353946,0.0007467063510078555,1.2840048670165485e-05,-0.0016487794931977046
2024-03-25,0.0021462601536849655,-0.0003275222556582887,1.1660800160346495e-05,0.0018070770978663303
2024-03-26,-0.0033746188509343293,0.0017088241025302068,9.83855229506104e-06,-0.0016756333006991836
2024-03-27,0.0023200866634782435,-0.0021096408693477937,5.466825650520565e-06,0.00020497896847992928
2024-03-28,0.0029857247032165045,-0.0022369716173791937,4.882362777630718e-06,0.00074387072305968
